3951 1382 665 6802 3223 958857880
1394 784 3811 784 154827342 386060081
450 135 1124 1117 646010099 825500754
3126 570 276 1124 554972388 682777687
2317 408 2603 1118 9172834 782838968
3411 826 1374 480 267048872 728698948
1679 685 2201 1173 344710771 432124588
411 1092 3052 617 239170980 315424977
1638 1299 1833 174 19939058 220388979
3644 883 469 26 695523933 872908528
1706 564 3468 388 361208029 456696022
2824 1356 3128 549 163634015 399956770
1129 586 1896 748 374951853 699165036
1731 1050 2856 803 138672039 900010056
1710 39 3564 1045 354086755 566080214
1352 769 2211 952 184856187 430001881
3722 1209 845 667 234107882 439491595
3298 282 2527 306 292927720 548921449
334 529 3135 358 41652464 392371440
1669 858 2896 963 285620188 665007146
685 344 370 822 618674685 794481391
3168 331 2257 1049 178846223 702190645
2875 263 3525 1353 765703514 840848273
3886 781 3582 845 527097878 604567157
825 438 913 1031 294848919 346340685
2937 539 2676 579 404607926 887139028
1974 249 430 644 656152359 779240247
3606 210 2494 1366 597519515 745457290
3231 0 2997 108 281951789 715544278
1600 1185 2988 967 714145312 924558202
1919 206 1945 863 124915242 451501050
361 1180 257 1169 877692857 951067244
9 626 2208 815 361627220 658935749
2297 767 1085 13 2241341 666504601
2685 526 1493 1068 461639058 673606502
693 120 3033 750 117559763 849574657
958 63 1146 1333 40457543 167579492
3488 381 553 762 1712599 713986577
1436 725 3767 1224 36007781 430217817
1252 526 1520 1053 58363434 228439680
1142 607 3218 1356 382048589 739989002
2143 774 2297 760 74890083 600264929
102 15 3683 1117 12324895 363087820
218 1122 12 1269 270456116 311931290
3943 525 3833 464 253350743 556794856
188 1074 2708 1262 402196925 495932408
2069 1321 1737 177 84099253 730164254
2457 148 2940 778 131806405 707299053
1858 649 2412 193 723188799 829559491
165 400 2377 742 443511222 509071349
3722 450 2941 1034 638193859 874319946
1041 1166 2558 103 411046149 757552423
2944 275 2321 900 354348068 615168064
3359 402 3905 567 135570236 297694162
1862 186 2774 748 407349825 621651221
3468 1279 3051 404 53015109 647587552
3051 724 247 233 194000451 408218788
685 321 871 1245 175852858 853382270
2877 1086 2575 290 228985805 332473947
3273 379 29 1308 71515092 391991083
3101 555 3120 422 10722076 87920148
2428 856 178 1055 68171106 896846159
2222 933 2225 1338 64931889 903699573
1938 942 767 1302 214250539 518434063
1431 279 3483 281 304536414 605800327
2680 144 3011 1374 855572673 913423889
3012 419 2550 727 366067157 397921715
436 515 1117 1078 566061988 642851595
648 31 63 198 743149293 927620453
217 363 2001 423 109441089 510660070
3036 1247 1550 671 370577246 501025737
221 1330 2070 66 131049519 952671995
112 896 2388 36 108515793 655717772
1512 101 897 1348 554000333 770139808
1951 482 315 448 149366180 799936331
716 1321 1980 1187 777288660 823569366
1259 54 1629 391 283405221 786094895
254 682 858 942 378641029 544360726
1855 1139 2797 1077 671306218 797166577
2651 297 713 175 874601043 924212560
417 812 1434 1194 818154771 854706301
124 422 3578 665 493717895 951344057
2604 648 2689 1369 134210966 770210687
3443 624 3927 78 104197061 104417788
1480 304 2137 1298 299558222 327715145
2614 282 3594 1015 159804958 729153645
1012 884 2266 174 65469742 947700469
1596 1330 753 44 163258063 935074789
1245 179 2577 106 266474105 464558821
3789 1172 3616 466 611573390 905507567
2000 609 974 1168 499417720 591300072
193 856 437 1047 314492896 369100779
2114 588 441 925 137727500 894063863
138 859 3659 352 639869598 729419098
1088 1361 3732 1273 55283971 842313135
1248 339 705 829 489041204 914426677
2752 674 3122 1177 288904399 558940669
3304 1044 429 777 581268920 732372209
2683 857 1343 889 698357516 805532056
3379 1202 245 342 467174925 733623664
2180 908 2246 578 172973166 662613762
1030 1062 2731 77 265430015 735328344
795 393 780 1249 630685469 905489083
2061 1339 1652 1259 280870062 647638143
1493 460 581 1309 731547319 823449513
692 891 1318 446 675330439 706910936
1825 452 1337 7 103391973 590850612
1152 1026 2925 1353 75428413 650707887
2325 1369 649 204 385925334 442504470
1600 378 1127 1337 773895122 883428116
3936 1040 2561 1194 291513888 441469606
3672 136 889 30 742129372 901610936
1804 450 392 751 20538513 120798191
3832 1119 2325 910 46737474 426943142
2587 501 3077 1273 93193541 264155704
142 695 1742 654 50669456 442009712
952 763 177 380 26305336 535613733
1221 581 2346 1335 573538691 589447560
677 140 160 707 473182808 538707857
3706 358 354 807 827200693 947281226
953 189 1481 271 461480420 684953201
3480 302 1352 1307 234654739 554938243
3287 14 3506 442 250326447 886640141
1705 770 1699 1161 794324282 838690845
813 43 1859 1182 348587211 508319029
3787 1226 546 488 475640761 768745109
2843 245 2934 6 477176221 631290589
2660 1299 1057 595 554757625 917751250
1160 822 1217 1288 401500835 836863544
1546 224 29 268 146072532 435129042
2627 107 2104 92 606017540 676798294
3810 122 1425 510 117281003 351423408
72 597 660 1263 24727694 610864736
1639 623 447 706 549340847 756982739
3846 284 369 1141 86088017 365174853
1067 947 3675 967 542883233 881393368
623 1146 1228 46 837763893 915050265
2207 229 1800 323 530961725 814663837
2759 784 2716 123 166560662 320703181
3911 1311 3554 197 459742755 828632649
353 109 1444 838 211377764 744976571
329 64 2860 778 123346181 313010359
617 1184 2160 872 303224280 399140805
1015 517 3365 940 389448503 421124853
2469 943 608 698 133472094 191223253
1442 423 1621 822 439512495 814618568
1605 257 3292 387 18977566 253804495
2606 616 2515 1122 365023812 686724743
3809 614 2591 1224 87611866 424160830
2777 493 566 1268 186108614 194308981
3126 550 179 1238 110240354 222672202
2537 392 2374 74 47196955 908379163
956 1031 3584 78 92277700 450976863
30 281 2100 345 476896719 819055395
1269 1147 2795 1077 526110287 891555895
1678 105 2258 1263 31212204 595380940
662 588 3464 464 537734334 922149601
385 570 1803 401 443774307 627572871
3335 893 1475 920 151938547 350372325
2843 201 1147 956 210227793 422126190
3049 504 1091 1348 282281692 927235716
3857 1303 914 389 708730962 847483066
1287 638 3370 623 430193650 792484748
1709 1368 3243 593 306797472 883025745
201 296 1942 1032 880905291 944758143
3627 215 3411 784 642336571 927689947
1027 848 3785 1015 496855496 817597172
3376 427 1132 755 594243306 832258752
2407 1215 3106 819 61441751 589366420
3846 837 1440 663 87866750 378165448
2053 933 1977 572 213170700 764432622
1870 510 3815 1218 55506876 676186518
2094 585 3599 687 454576984 781578938
1328 520 3589 1176 107652073 137114239
3914 1199 2595 1005 403548568 868359262
2049 675 3074 488 86910031 752155225
30 89 656 749 177683395 749765597
1787 906 3576 544 297335722 450120665
930 1146 1304 1072 766398652 851778881
1337 410 1840 408 382189474 828029189
624 707 3444 1071 183245773 920796986
2072 780 1645 1084 14963836 166903598
149 453 3408 1141 717435696 919137457
603 786 3803 140 364450210 688248502
49 968 2774 225 247841434 767393725
743 483 2999 386 184555965 589302842
2482 599 2012 452 433301631 523669370
280 463 2286 503 595247935 802369773
2716 623 2633 472 731824222 789420598
793 1000 3694 1175 103081030 823049213
701 894 1524 99 215879451 339581470
1590 554 3510 463 182502650 958684344
400 1350 1017 1291 66693379 459749613
3300 566 243 498 35682768 509442443
621 1227 3334 765 598706719 862055633
3531 313 2052 1329 537028820 583222007
3173 1320 2838 684 16041900 487123567
845 905 3296 1212 155925623 466325552
3447 1027 2482 1085 424959227 856382036
2105 788 1334 292 69403542 306395831
1375 7 922 381 202826176 220943005
2966 1218 145 150 820225337 851939731
2706 333 2666 267 442243404 575497849
2734 726 1203 1344 591966357 761390390
2975 415 2998 115 755525355 859941540
737 705 147 1332 133816332 682881613
2719 1178 2445 521 66628988 505469150
2648 1342 3650 1348 455682132 464362528
1375 973 157 863 235025273 416485860
328 227 2368 1025 261708601 712448599
1678 993 618 377 177868884 246891047
641 1002 3723 360 256007499 633928950
2625 359 2744 1235 491382162 782605304
1680 336 532 224 67831931 86457704
3186 957 3296 772 298000106 768370769
1682 1173 1794 456 236445446 447706474
1838 1119 989 132 51205027 398057614
3314 760 2408 1000 580725982 849411262
1379 964 1471 1035 542500239 898191393
1173 1143 817 1029 106302534 633809551
1077 224 1300 805 137863433 859140435
1215 323 2208 1310 136393960 187676394
3220 575 3168 855 714678813 894558148
2612 106 441 866 521861969 538844516
1733 451 1593 831 817879027 885369290
229 318 2587 218 394130995 478192847
1241 49 1620 152 514344534 810341690
3095 357 579 855 411020525 784005469
1456 1194 2518 464 786140617 793151806
1615 920 1966 811 791069369 862231096
3169 912 3944 767 148978937 759847103
2014 1314 3931 943 669562771 918023660
201 357 3862 601 60122710 209636715
1931 117 3 28 366376330 723129854
3245 1185 2769 985 357681834 839692457
1327 936 3338 1301 52275188 386397413
2974 1186 3135 1077 261630853 448228190
274 921 259 476 382649125 663550586
946 435 2778 902 233353005 570964088
1558 676 1270 1365 282771098 679138965
2912 728 613 338 2006967 936095486
374 862 2657 1057 266885538 290451493
2332 977 553 79 102164517 764345644
650 858 1498 643 690547219 899578631
3558 366 2800 864 295376675 821907401
1496 1371 1899 1109 9697332 357642548
2066 289 1099 293 12374305 727197949
1299 592 2718 520 5362449 536904227
453 1356 1877 939 80314357 798397583
1476 333 3657 1213 540341634 869747447
3334 658 1649 730 151183672 655498472
1137 949 779 966 221507439 462159015
3596 46 3443 81 775280138 811216607
1268 1356 1322 1173 246618326 532545266
425 760 3616 150 142147776 746851797
3019 799 3584 38 272826144 349343011
2079 1256 2836 292 507295400 523605146
3640 272 2219 53 175862837 314014368
3015 1331 1177 194 46469624 133747231
410 1162 2646 714 646125711 845114257
793 242 88 1147 342503787 600400842
2275 745 2170 241 52603016 930459041
1124 1355 799 1246 869814610 873167338
906 176 3440 1096 198561207 649751791
3415 572 3078 514 553153623 911201185
3213 212 2253 163 478320423 819258107
638 754 35 770 860891494 876035435
3540 731 3512 335 260170167 465474676
612 159 1699 1283 86093453 728462368
520 872 3793 290 347216220 911224530
1808 433 931 1024 548189581 695252466
3002 189 2048 336 444994825 446438311
3615 1326 3548 292 118153598 869343974
3461 245 1822 275 276584292 426444658
1021 819 3751 893 623503178 741081091
36 585 3253 1381 202789194 280661841
2333 260 3903 881 446026300 641758478
891 645 740 1181 169690052 955635631
2846 1071 475 122 134185751 474481723
889 1090 1820 123 322448676 812912054
1470 43 464 112 303563756 942785850
2390 780 3853 112 188571814 721892393
1538 1356 1734 451 609986399 695755337
819 665 581 1285 535533213 692116928
852 535 349 64 738034206 898753680
1476 280 2610 547 266514717 825236018
142 977 855 129 607364573 664553652
1608 303 3728 1254 208835918 846851126
1632 798 155 1211 809840486 817291941
780 170 735 775 423028990 503632820
1982 1119 3598 1348 135208644 583484854
2743 588 483 996 694512411 933525218
1416 591 625 114 451686698 852712763
1273 420 235 1363 52065098 154355928
2386 645 914 169 183535388 725919463
2384 388 3785 1296 22613955 783094439
2647 783 3100 942 684040235 808365819
370 849 3080 523 188662407 270800524
1717 465 1589 821 812331251 833398889
1616 0 2387 1042 6506688 10710278
2999 1293 3329 926 77032687 165846994
1984 1055 3728 854 144035983 801658433
2143 254 2945 443 13126367 15404306
3455 1349 2465 110 197049818 623520229
3883 748 3573 1046 589078034 693258011
1620 1373 2164 873 681203686 747168387
471 816 589 653 86202235 772988267
565 88 486 87 402079516 496080607
2134 967 3765 128 630555553 632963480
570 958 1900 1144 188226346 862483459
1632 754 2637 422 152728381 170239642
581 453 3221 283 96895546 729945305
359 920 640 305 743848024 937984474
879 246 1611 748 136256912 841709765
2624 928 3010 780 405248911 799519599
3685 885 1424 1067 195446385 941039717
2923 325 3211 699 156293035 296631766
687 1363 3507 585 673167797 858838268
3647 1010 3709 1163 22393045 862120308
2447 762 291 253 307636405 533175751
3740 930 3332 1058 736902628 857628305
1613 1159 1785 849 490069458 891437203
3234 339 450 877 197231819 638960720
3728 1166 2941 956 144705636 258172083
1830 468 1358 714 509313032 799634603
873 801 2648 590 43956039 434687744
3640 1263 988 998 478546186 820316033
667 74 1992 607 149316863 621654984
187 1170 2997 175 517403970 865122693
3946 876 2139 1374 298897552 873407770
2414 1103 2342 277 236778144 341144637
79 992 77 71 248733625 322590581
756 1005 1219 1081 110612307 904797912
1783 415 2554 887 106915630 596735576
3517 532 3558 178 228997947 838445569
1749 1120 2264 860 259307608 486002891
2183 101 2826 676 114553732 621073226
3775 556 3929 1113 160883703 838353861
3095 849 1889 455 311919693 612750256
114 847 3012 516 390370584 842224673
459 1365 2605 707 353791929 593723666
3382 73 1332 784 170889147 824242907
3775 615 448 767 178460629 313787124
398 531 2647 309 245226107 647129814
2268 835 2373 248 1859846 785364763
2065 1116 2505 1244 505464385 688416789
2631 767 1573 904 419336386 643207415
1937 934 2186 1215 80039138 727253249
1489 69 2747 253 514588417 848207553
3858 1305 3351 1203 128555241 486691281
2604 1290 2158 742 619007515 811131288
2500 147 1562 321 430520537 826314027
2996 1095 2258 159 19059416 766035157
2646 500 686 1306 170014501 768285334
2687 1355 3634 1179 39630537 950949527
2823 1286 1116 537 575492668 952367400
3785 859 833 628 464236882 928620617
582 436 3748 1086 160469154 280386800
3333 889 864 491 806394347 830172011
730 1152 1564 975 298401077 542986679
318 1262 3120 982 143981080 936708752
2958 802 306 888 219358663 402354584
3745 606 1844 178 230624848 271713875
3457 415 2123 1024 337897582 617751489
2045 723 1100 308 216774836 950045406
1760 1021 363 507 379792257 537725495
1521 660 1975 968 111330439 653493559
1975 6 2612 193 481088721 696720608
1799 313 303 1279 323079496 411552591
2563 1214 3946 1003 69053199 223042947
922 217 1475 955 417073336 712094972
972 307 1730 18 69932954 230395802
2728 431 1955 1304 10627578 873378043
2473 945 3031 83 103090957 446841266
2679 1025 1851 518 745718624 869118680
616 1348 930 1324 437273777 939231835
3682 44 145 963 442885719 871122176
2247 1260 164 18 604884335 878421383
960 185 2326 214 131740352 947897339
2086 391 1054 589 114334640 748100640
1130 444 2804 675 49662565 197723956
1785 759 2219 953 37409112 66888782
2054 47 622 1316 229139601 495095355
3840 594 3161 357 186348679 676261725
127 95 2933 128 593844799 908824934
3360 873 1918 294 478180440 538435606
3686 764 2288 452 756640290 839938389
415 708 1841 1380 356597818 697287757
2804 46 436 459 98821972 651208398
1794 830 2630 897 544250093 850495744
679 606 3666 490 450684536 459246948
245 769 3434 689 332929649 458093043
2074 352 544 78 705764986 891120328
1121 178 74 1143 712888947 821476191
2261 1157 3547 106 480880467 772883548
2562 319 3161 20 569543351 774811264
1892 1282 2116 42 363526516 652752276
585 275 3405 1223 574579394 882090305
2120 436 1479 1353 68505547 112086433
152 682 3139 29 23489405 553249414
108 715 2003 368 537482079 552248224
1649 393 2638 795 113363561 850543884
3663 241 1039 7 303467815 310675780
2170 1077 2062 1129 499281446 581263782
3173 83 1405 537 455567426 706512373
409 642 509 788 147413534 737242859
3723 568 3901 1242 196541553 666479556
2114 726 2112 1317 250073242 385414845
3169 621 726 460 496784016 625921382
1824 201 930 1010 224157643 687747028
1628 1018 1690 145 120153477 605134272
2359 1354 1594 344 17531931 383080647
1430 1308 2423 1299 111552526 806218274
1490 1000 1654 1125 884264712 928796239
992 327 2752 163 448694816 598174088
1387 649 1339 1122 574407084 623856518
1974 1036 1354 896 384752415 515902055
851 528 387 847 719535216 848060123
2581 694 1450 976 696952951 892854109
2533 132 3412 42 391257999 807361441
1904 388 3695 44 182380083 696651500
660 1030 890 520 253385183 500971068
96 1036 357 373 539163622 781354378
355 121 725 272 270640998 477647064
2598 974 507 1178 56458292 352704574
700 705 1329 928 371078292 588759206
2402 874 3845 485 703166747 707460871
3466 1240 1913 1325 473707020 781970397
198 344 2441 748 368358431 472050978
1335 483 1455 50 215781207 712204975
49 1090 1497 990 106092742 410287392
57 1378 1461 25 62080017 639791695
1647 869 3598 308 732597821 893457686
1697 984 115 217 459552985 845480094
758 475 786 848 307101037 575501530
3037 1193 2393 638 327807907 365365902
1729 1067 3034 172 63527145 428797607
123 281 2573 1059 851025911 928915618
343 819 2824 869 71784074 841331984
2686 969 1860 1127 404903457 954205729
3257 539 413 280 371398496 500118548
1248 1323 3756 1262 681907054 730666021
3512 1036 2854 783 163219602 787015248
601 788 3309 800 792023148 866526705
3176 806 804 145 799784201 927854963
973 1357 1817 1370 43794939 608901845
1162 1009 3498 633 287039241 449686255
2033 930 77 1063 162029038 852989722
3601 1244 802 353 488077821 783400344
2389 907 1006 1372 52163939 767002538
968 372 3947 617 23954583 352778430
47 1071 90 454 456789872 654300332
862 483 3358 417 683462253 699328559
24 8 1322 1111 9902206 413271878
2848 1148 840 1133 104081742 366044860
2313 1189 1118 1075 27845191 275637376
3180 235 3010 1140 235910273 614291321
2989 14 3600 536 35524363 509453086
905 756 3376 887 275010012 843817901
3298 1057 2022 275 279215142 467608159
3433 166 27 880 382905059 427847352
901 1051 54 720 160767581 674451757
3166 57 831 863 663393717 811400498
94 1207 3624 4 345950103 407942964
1342 454 308 55 313731778 924482680
2995 994 3622 1017 119430201 895460945
2906 981 727 1214 212036482 214448722
91 853 2351 684 45936727 355539522
197 653 3907 536 901665870 945274587
1021 144 882 705 405560332 527935625
3439 1020 2108 481 578848946 890791663
497 721 201 581 367582474 368051237
634 396 612 606 764437200 776105390
1537 1319 2960 1182 473923737 562227782
1033 1319 3178 280 650847932 752649300
976 549 868 797 527462678 605583567
1900 989 3810 81 756153198 957648067
3141 84 2603 949 354693407 483439215
2697 1136 2253 456 582523575 651734546
353 1020 466 1019 302908166 601860460
2151 1378 89 830 112026974 219929811
2107 1079 1313 1160 544400968 704700873
585 134 1589 1264 786741143 940575670
2625 1166 2331 284 112824527 403756074
2866 155 1117 1208 636153096 956568682
13 891 2621 609 19764081 779504763
118 1368 589 493 207964550 744276920
2285 327 1927 398 448493511 687013312
90 309 1704 900 107057989 644314076
561 17 1232 1209 318435106 891199624
2500 1142 1474 14 100539594 910281795
2862 1109 3639 835 359840887 497375152
3085 1344 1659 932 246853730 647525421
1420 537 3622 1344 674600964 917909896
1001 575 3682 816 250271537 600117729
3044 445 2239 1074 256284394 546586413
2164 528 1554 401 776240442 918831670
2887 236 953 1303 737985832 840434831
706 332 3878 788 568683262 790265761
3445 304 2345 503 208936195 693392355
892 228 1942 53 107394973 168305884
1489 981 1085 925 317806311 865726732
548 901 1633 1035 595852620 644298590
3794 1235 559 895 859616368 876476015
1291 1115 1621 741 277280495 583483737
3785 636 1342 1156 623178331 818394537
2582 1377 1013 312 26814809 841342785
2809 713 840 1229 274424486 756891402
2106 507 2510 652 56285857 310381129
992 67 151 1118 250733800 531780615
257 474 3066 1083 283125651 343166581
468 1080 1242 449 312268455 624427293
1654 424 3921 1105 799454557 868613384
685 959 2477 214 274947770 840486147
821 1089 1715 67 130197626 490807861
3570 710 1620 1313 531550400 777048484
1537 983 785 511 493157620 644269217
3904 848 1690 298 405637430 425894583
977 948 3799 630 655339416 702088742
714 460 219 507 317978825 451407038
3883 225 3297 537 74637149 565236703
493 1222 3218 1232 657522131 870603575
1438 662 2478 964 314347255 384466325
2572 975 274 625 444464944 806411283
658 709 2580 626 534268572 773008081
283 226 1604 665 585531886 602360909
1947 1246 3668 872 209285541 562082522
3233 0 1990 404 6807952 155221420
1460 1010 167 76 118759961 327695315
2365 211 2026 144 187815710 587061458
1320 678 3738 683 29533856 848189116
1993 750 2770 1192 87618022 866060423
3115 666 243 999 199515441 386348957
45 747 2206 149 35481866 745280636
3775 344 2515 925 317863894 661527433
3931 952 555 939 362991520 642620972
2303 1071 3288 628 557349036 588679481
3531 360 2398 332 141108139 348711407
2790 643 34 290 428635421 683218037
3105 848 518 1232 860632187 873098491
3089 975 1945 1177 182603826 939082758
759 1244 1981 548 562920394 656169346
2108 422 3230 1094 253394351 629284791
2977 785 1020 592 408601807 949954570
2724 814 1128 997 185096813 536780399
2580 14 1499 1059 487724735 804935677
2671 192 3433 996 72519876 472727846
2585 1057 218 1271 277776481 305529421
1424 121 982 1381 221969440 670274992
3275 149 2510 968 2279132 371761678
457 482 3502 458 165481620 881794949
2597 1356 44 31 654813071 942389681
1250 213 9 691 210602871 566835030
1735 974 2193 99 381986175 469067567
181 1109 2911 593 43710766 710579861
483 414 2380 1125 600130898 744299516
3897 1347 1587 800 316757967 535139850
2573 1222 326 562 172770708 637609154
661 1240 5 520 233415261 916097076
896 1128 2605 462 460333401 727693731
975 347 2135 73 378997170 953380447
436 207 3271 388 466318901 654692002
2100 1113 1416 1210 595321193 802219880
3730 606 584 1071 571133520 814459177
622 1097 770 620 276148294 539403753
2503 113 2620 320 109029801 788050476
1560 1247 1910 824 281147814 589757107
398 1033 3428 829 591678362 681674087
3351 1028 2882 666 410265675 897061182
938 655 853 998 36049384 94108783
933 870 2290 1097 278436557 542180020
3744 21 3293 1096 41295473 175565153
13 155 2000 518 436789001 699133364
116 705 1131 582 873062797 950376338
1901 595 1093 348 56144813 116010924
2977 824 2983 575 295644296 890114275
3589 600 837 1142 603487845 926709721
1158 245 1683 796 250731560 450463516
2786 1277 843 1142 427087419 786980984
922 26 1723 1236 491979864 613450100
2274 1032 1255 409 210605338 333282500
3300 578 2944 56 561307877 914581054
350 447 969 1178 501393267 755173507
1254 84 3633 535 10246876 488947374
1227 705 2518 604 35315197 187891280
3938 197 3228 571 450218022 911052686
3862 1098 221 63 80708226 386166607
2895 1043 1244 986 201204409 347334654
1431 660 1622 21 60824207 508644627
977 906 1023 1000 294232340 598852474
2256 436 1927 374 328957268 883091165
2367 732 107 148 178258419 569951822
3938 75 3710 153 360866690 876825500
52 860 274 775 213026034 242052584
2397 1241 18 730 167778638 426497322
1320 1379 1353 834 196043593 898045454
2573 137 28 329 163144093 344388554
1904 9 3172 692 78157952 118561693
1997 175 1289 911 66611505 597408523
3460 342 342 102 25546795 55061626
1298 2 1471 516 280217154 670937932
1445 391 1252 787 544045999 789596575
3212 411 2905 548 477003258 608271991
3098 686 693 1097 280885364 882054252
922 780 711 1030 451398783 736928974
2275 259 3291 69 394148195 883596590
650 587 3432 96 544636024 780482403
2233 1365 650 575 521408276 565474301
855 1278 3786 1341 334668095 895361717
2655 529 1102 625 123152768 518584344
2653 931 138 357 572134553 865193323
692 126 2979 770 607768 128540794
100 1150 2530 136 209626280 343809906
3216 1074 829 827 831157469 858492068
3169 404 415 1008 308254989 615751278
2675 1349 3659 930 16752288 20265909
3908 332 3076 808 589711855 711518326
786 173 123 72 42333791 737554135
2997 556 2286 1147 459023463 465794189
2214 369 1999 919 668494344 884597956
229 745 2699 703 728703657 826961723
2657 30 165 891 70390383 568180544
1091 542 3043 645 117743134 649057730
2799 984 239 967 111878250 128962520
3105 656 3490 1172 368631018 742814235
2740 1231 693 946 308431237 544708786
880 705 3876 489 310710395 696426947
2658 1024 3171 154 463040124 727618076
793 631 1752 271 348324738 702961148
3275 653 2304 132 127646168 511889910
1239 522 333 1291 117862739 732474353
1068 244 384 1132 188349884 291061438
812 960 254 902 4463425 744396746
2095 91 2002 364 582325725 849674523
3091 418 2325 354 170515193 483337283
815 1039 471 1304 749689968 809759369
1705 994 3648 398 630856323 867975262
1468 395 3285 215 619395393 669807803
2079 188 3576 1230 570823295 653118163
663 950 2172 511 533299265 746412470
1033 555 468 141 599594079 774066981
3778 854 2075 543 197233543 407330354
2598 1160 1047 1208 4718210 331543775
3783 271 1625 1083 192416050 411824563
3920 4 3706 612 820948601 953540721
2459 804 2104 708 561283063 936925490
1652 315 1902 1262 14276630 252554039
2716 491 1941 1196 402686722 725790629
2495 277 1474 751 430021911 624343429
1937 288 1682 788 69918087 663521914
2420 619 3202 403 70290630 889346100
548 0 3095 926 40759214 907235301
1752 1149 3061 1106 150001914 276631151
125 536 1634 933 263641763 691392583
1951 326 1329 115 653715760 925277238
304 161 3802 261 176223887 191641408
73 278 602 1029 505507682 640798915
2192 1305 2084 901 96279387 746849347
493 1084 3435 152 318806922 932105756
548 415 1778 324 30514147 862405083
347 254 318 853 249853175 874081410
194 864 2617 104 127972049 138374019
3511 1229 2181 564 67631660 93855654
634 346 3765 1012 422164356 601752951
411 334 170 331 338704625 934773126
3200 547 3938 226 53870497 834973880
2352 1006 2445 315 362759905 508547292
1727 304 421 1363 130149983 916773927
853 1252 1914 1020 203636450 953647390
766 620 1631 338 137795197 211909303
3152 1064 1110 458 498106889 930680902
2537 147 2396 163 117688446 153165692
236 1027 1399 232 250228880 603676153
3492 896 901 1122 275126051 601547162
3171 105 3404 984 224772617 550040962
1431 498 1377 721 344893983 752795176
174 272 3291 532 725384249 767465064
3917 1244 2510 1274 478176447 649724918
1893 923 1773 758 594871170 773000256
2569 79 3084 1127 842667242 914395243
2628 59 3461 1077 465440608 655405345
956 873 3842 1154 313770128 750017296
2339 158 2875 1217 23650369 942055042
2987 570 661 991 110425257 438973030
2576 188 2345 1151 471658875 770615940
2636 64 1307 262 463964362 675003705
2907 748 458 804 362760464 783743255
2096 854 1180 121 897590461 908007450
171 223 3897 117 104635618 647393109
85 768 627 865 153458318 310120058
2434 119 3118 1189 218201168 251016648
1340 1105 3246 204 594398117 937375328
2039 1237 1123 577 171746800 491848407
1894 905 545 16 441847560 854218239
2250 896 20 1175 424649787 600784962
1118 1135 935 1240 188702308 771696487
350 47 516 170 55956439 72319503
164 470 1148 228 194125827 512679393
3223 519 681 1326 283759189 754855867
3323 523 3803 439 355466460 468063077
2898 525 3841 1102 167664420 903826390
545 909 1687 1307 76272527 110408664
692 129 622 1334 341642508 507633474
3670 1068 677 918 73482315 138198324
3027 4 3648 829 203805794 939417552
1472 758 2519 75 186347581 289304570
1245 601 2232 1150 199486720 791379344
3379 1275 2942 1136 427997104 549588650
2770 750 3232 283 565857149 673846266
1800 1248 1403 417 462250456 884461593
2625 765 3841 582 205819706 929480258
2969 695 1278 107 281477270 780987145
641 1252 1714 129 48198573 679750003
2122 16 3095 824 155123210 204149824
3531 1007 386 127 434523133 692456270
200 1277 1971 211 404589257 665987697
420 456 1239 1287 214523795 251649122
594 1152 2909 1115 332854581 537995778
996 326 2132 761 920926871 922823428
174 561 2866 203 28415318 428466252
3771 192 74 1133 86856573 813908491
1454 767 1967 643 441201032 755739073
441 602 1704 47 179085657 766089342
2479 461 155 169 414845181 808612603
2104 698 3780 598 477387956 870953159
3330 141 3250 866 592873444 608021217
1017 553 840 626 432554461 774558594
675 601 1376 1088 203591588 661077900
2480 906 278 775 274517520 887314926
2549 88 2218 773 425286130 579983245
3605 1178 2607 687 457032164 755650975
504 333 558 695 584245944 829682778
975 496 2289 93 310018495 564574252
3522 1108 2743 737 727439659 844788781
494 620 3241 1212 26235967 718666958
2678 741 546 783 36684559 751552238
3551 854 3048 618 551152054 800644490
3199 524 2578 875 568803320 762587142
1106 595 280 639 937233586 947730742
1892 25 2693 292 31734656 578805476
838 271 1202 1316 386352013 675603147
2874 138 970 694 105738609 920990492
668 1197 1422 1136 97307045 335099415
1430 1343 3690 1113 231223389 285336397
2195 1006 3769 172 662293909 769990285
334 383 1073 1306 445536039 698449850
1121 1260 1632 971 372048253 505468288
2042 73 3919 461 545031108 888949969
1915 1105 1422 247 680973994 951728366
178 408 823 1071 340944228 957494102
163 449 2543 1124 698747974 754663304
2300 495 1537 896 85263156 212132798
2882 1030 2075 94 372253516 596732568
145 972 3643 601 674947138 751021628
3662 1095 3506 442 680394609 727663457
3263 534 2743 760 356661303 578327066
59 750 3053 1014 31397390 642910379
3437 1156 2563 1370 107547496 628898800
3851 1117 3139 347 237463564 510016263
3576 248 2909 1130 372836433 889346249
442 660 182 105 108625948 370691148
301 911 1834 388 287372423 855726613
3259 478 1476 699 827581046 848775787
2205 1269 1636 315 372134054 800508176
2602 1180 2426 1062 117253494 597907733
624 289 1 895 212785428 382813749
186 1125 2579 227 335768253 547584330
2531 598 437 186 149946604 445928846
743 986 1672 822 438018465 672669136
2660 128 145 596 147101027 872338954
2800 393 2764 821 17360791 899070436
3769 349 2775 1185 446833718 928204714
2292 1026 3723 559 550651523 585104847
2543 724 3494 1226 579550805 731480395
3556 790 2478 777 110318917 424163642
288 1186 2909 971 322338136 680493421
153 902 3839 1341 65148739 144006488
3691 868 1932 924 68501763 887171164
3765 25 1 590 251605674 780138372
1154 727 3740 101 38186425 398316045
3466 647 3263 217 233646173 416019020
3233 228 2227 875 246020869 726813695
862 917 753 1351 479501228 489908017
1189 1256 2487 982 138624771 647119013
1969 949 2678 1071 214979633 598320846
1129 1260 3777 249 408305904 453385686
1137 1326 3527 383 337125624 925872821
197 508 2470 246 451525492 464544585
89 961 552 1029 473223208 728085525
1149 673 67 1303 172276267 661416017
614 645 3114 696 767223542 891474970
3774 527 2158 513 172803919 659175312
1464 1026 541 761 276760346 366282697
2632 642 673 319 27222812 744408413
3007 269 3008 333 406951923 596412009
2350 408 346 936 70677678 84993178
882 983 591 1052 467162479 668076040
334 257 857 273 779710142 891256219
156 1223 1252 975 217568632 919348118
944 1130 2913 1112 538681433 548145974
644 920 41 603 114349435 898088700
235 210 1630 734 157342348 810032845
120 142 660 1107 469227244 554217611
2447 732 2549 718 519555522 727771354
3898 1090 2319 1239 411664221 483241803
1808 972 191 1372 223445280 899576568
2677 532 1316 84 312231732 668812018
1296 1291 315 1229 184531644 231989032
3302 514 1334 471 375570233 621785704
3485 789 3937 1001 130252981 661221349
2726 1374 2884 1230 441162373 910964010
2102 676 169 487 158132151 319055186
469 60 2265 220 109154822 850535533
1396 747 3420 1312 197523966 458274338
3683 1025 3185 1151 296593759 316624100
61 875 3856 1258 536504652 641365170
2794 13 2833 360 493157567 958617657
809 195 1864 418 794082937 835149509
1949 566 3526 1368 519039043 624696539
1362 1289 24 344 457520542 893705833
1588 95 3031 76 143130064 717869100
947 918 2233 1344 688330713 788953556
331 896 1601 792 285271437 495112242
2739 327 257 395 492516834 889478944
3206 805 2530 532 375889179 675139604
2548 708 3941 86 96300372 536924729
2722 42 3321 937 831534689 907362328
1681 1259 2952 1363 130077300 902955253
894 538 303 126 590115961 862876136
568 119 3740 929 595457251 725810833
3014 706 1731 378 368922739 658576012
701 328 1093 462 350379670 510188092
3563 166 3882 346 62710300 142924816
106 682 1758 686 9308254 427846826
805 700 1081 291 471840355 650495944
1113 385 1680 440 155286404 573834719
620 242 1360 240 747224642 880313983
2206 1138 1012 1357 519948280 646987485
2254 1294 3771 387 306736653 449445364
2308 343 1480 687 451841925 569402244
217 182 1477 357 200106910 445444478
1664 1285 1185 183 31087364 649199383
459 788 3645 708 462508208 811717174
3726 384 2333 622 253835087 322557658
358 310 3834 694 455145032 628157285
1039 282 1379 807 43597154 474151459
2728 514 3639 822 128696623 133370055
1390 970 3585 354 414066861 663792304
1090 968 3252 1333 42461373 389508974
2638 919 843 927 282683099 464846771
1754 1264 713 869 408823156 604331437
1479 1223 1072 408 656092716 870194914
2345 1160 2944 525 54914636 152510004
2595 763 88 111 220468649 802710098
2924 11 150 800 643846049 795028603
3265 904 599 1254 505481680 840676401
1676 1176 1720 517 264882602 655217490
1823 143 2918 766 498738985 630102144
1252 542 2506 164 309215288 436091238
3008 54 1238 944 329869185 839397195
763 655 3172 635 313148324 497360145
1333 349 3099 1325 32096213 767500202
1830 729 1034 79 74225498 889755952
1286 690 278 837 102683503 656039841
1947 509 3531 919 826676774 938974682
1746 645 1994 1082 1301426 25253274
3475 611 1737 95 801389716 924775122
1131 447 3646 193 447513278 819635257
2898 655 540 615 132794071 829766381
2086 461 3270 60 584800395 912640190
118 913 1750 926 652652257 864909004
2430 930 796 277 191719463 607116567
1688 1148 2016 517 382816955 651751357
1785 733 141 139 138132277 793345970
2964 254 2521 367 176570263 817217644
2952 597 1174 140 624141860 715850180
2344 1070 1965 368 390847821 634250701
2197 697 225 201 121327199 683429163
92 488 676 1193 99759758 481301360
84 935 3849 1095 292968175 436399878
2725 704 2290 934 37926087 825226138
3635 794 2336 1148 33956013 80807568
1263 742 984 319 327309056 657995623
1769 576 3721 463 632577182 921257965
1962 1008 689 1143 637750431 801245006
3739 164 2586 872 610305323 718974735
636 1239 2500 238 26816367 867497376
547 565 1407 753 28937609 920126063
529 137 318 720 167349316 218742956
2835 487 3381 708 112534757 378515673
2503 292 1255 706 40065701 135840142
780 1102 358 587 11135437 516359284
3428 751 959 1361 674347725 910573278
1513 485 3363 779 465274785 607728013
1055 641 1950 1122 274338364 456909174
2887 1244 2602 1247 181326000 660288585
703 697 1452 6 306403062 948812170
1528 905 1139 374 53388387 736212005
642 832 3725 338 655772028 748832609
1597 285 860 997 922319560 943476418
2289 366 2771 1082 678288810 817692519
950 78 1994 224 302894513 908013265
3535 309 2847 434 260136504 566790472
3325 1223 2915 1139 96217430 844077887
1581 1208 2962 217 106726669 435551579
2960 455 2063 103 114033093 815165858
2849 1378 1445 711 636352235 879255486
3131 683 2963 1120 602228081 765177237
1669 1061 3690 804 68793882 935821675
322 1288 149 1106 489911275 906876311
802 331 2296 94 127724808 288112972
1403 465 383 356 631898323 901641140
2672 559 2727 686 698869109 823684039
3567 690 2822 1374 331497313 784414446
2844 1379 2411 508 155152228 786939106
909 758 2105 926 520510492 542694696
1434 643 1861 623 194028254 303073766
2128 465 865 1350 362281271 452183348
3449 76 3407 1215 38855930 530322246
879 1037 2894 884 201304284 622145227
3888 545 3702 1081 466648153 912535741
1988 1296 926 196 101538152 507279959
3415 1032 2300 1308 547789730 708855762
3230 648 2813 1140 416527721 760759408
3055 646 773 974 147168303 837321644
1340 14 2292 1281 485071330 681299267
2751 431 3677 1254 377549068 380213125
741 180 2460 234 408821000 427672609
315 1368 2384 695 340339895 773100973
3721 1144 136 811 480035350 859319147
2065 22 3483 403 67015443 913573470
3545 742 1657 99 663063014 803427913
2546 202 1854 702 466936760 791380371
2246 905 2974 473 338743092 888074277
1957 831 3498 355 68932208 184869528
3875 517 306 1352 194515619 428257173
2607 123 3671 1114 438117633 748287016
772 1084 262 1260 240702761 812009679
2390 32 2706 1079 177887219 559125640
3940 1296 2423 426 778444572 953359233
3875 725 2641 201 455367041 831397544
1747 259 1021 473 271351842 795006214
2187 672 2644 346 298709259 914563505
2473 490 2067 59 363494892 758849645
1428 922 2558 792 306779898 520431716
3740 330 1467 453 408979002 506347139
884 1121 2099 396 266360916 894247599
1954 1334 151 744 510094119 810107542
1102 586 3624 1159 103945020 435570286
2048 655 120 792 137662125 527581902
617 1207 2135 183 25982084 884252470
1869 12 478 1193 250388216 397815309
169 742 213 1110 250432193 825723760
3530 300 3640 27 357209093 676112781
862 346 1593 442 486914610 810590047
2683 1262 3578 247 133126355 645293246
1642 1085 3736 1249 285314267 615505733
2468 199 1 872 568396337 572630115
951 1260 1610 900 337797088 551099825
1695 588 3439 1180 152821161 397460184
2896 97 2347 1078 301707316 408053981
291 518 3670 772 30301979 560860414
1420 1110 1114 654 142795516 640011327
1923 1088 549 833 528147538 895796607
3797 361 1875 159 180212217 472589745
147 1103 2133 539 552770688 819979547
697 89 456 370 718745344 864920585
546 600 560 669 63790122 306329055
3041 1284 161 57 362866012 916719809
3051 756 2891 156 156453553 891949998
2627 85 1102 585 511407081 563590350
3206 532 814 470 490871709 575639943
384 1120 1445 383 289485194 751785400
3521 108 2382 552 416540769 863201661
1645 1013 1771 102 560226630 638333684
3649 606 2795 976 20197973 824606119
433 94 1501 1154 41070298 720227465
3597 1216 2271 943 168429299 290055134
3462 1221 191 386 356837212 769672383
584 48 1555 766 249343035 450696898
1464 1350 1237 403 149594735 796123324
1064 905 3139 430 461868738 857381982
1704 1341 3379 1120 316826304 623552679
1923 136 3920 376 45624835 628765094
2181 129 2722 149 200428550 842332504
2693 1188 175 533 220352118 727867397
493 883 1269 1254 203271173 408619811
3095 1291 3597 1088 223536525 931274020
1564 630 80 1196 524757808 891663095
3224 960 2593 135 59503044 158689839
3399 1266 3509 893 225211295 770205661
920 867 2391 566 7452759 788940587
1365 764 2267 928 291827615 668754637
2290 801 811 328 352387338 593351413
3949 232 1176 1265 396871105 563452291
3384 479 839 1143 86019123 399073939
3084 690 3640 1 610435921 823458912
2713 324 3109 699 753613923 781641910
1377 234 234 182 220064809 487952582
3506 1228 368 1018 38224438 467451511
2088 349 1522 828 77986334 101886595
3878 937 3801 386 591732310 958472318
185 1003 2581 794 146916504 881366857
603 1133 565 183 436375783 707341548
1772 972 1449 1368 144644814 640793741
2363 1059 1670 187 532723557 598872573
868 1378 2310 586 119111381 212582471
272 573 1089 1169 315132929 630832689
515 29 1799 1145 109688971 574338449
766 735 31 59 589147861 907109818
2445 881 1178 456 100427184 270673766
3487 1055 3000 1181 161798344 210287776
3315 576 2118 881 287863438 716113758
2203 850 551 1299 627752347 796277405
2322 523 569 665 4990008 367782663
3311 1322 830 634 273837351 285072929
3535 124 3803 701 246786171 592385511
947 236 2058 529 545661079 581980684
2233 1347 658 301 656642500 716131957
2549 370 3451 1228 579571125 831623240
1998 1324 3837 605 594932933 956176514
184 108 3725 409 304293540 397071347
2889 121 1149 78 395016233 892625512
516 247 2515 1116 403999164 619304826
2921 887 3446 144 491136781 947153460
2337 472 1022 347 452784694 912135131
1612 988 3583 85 307983313 487273980
1556 176 3720 1358 470964583 624362363
1395 602 2185 493 574132993 690336317
1914 97 752 1086 257861469 686945605
1723 977 343 1208 76850332 626278224
3198 767 1566 1054 835188425 873893626
1019 258 1852 520 253749776 910825547
1117 187 2753 352 542144385 913139959
1888 373 2204 619 327342789 552634370
1355 405 3497 118 696413892 931770238
1205 338 3382 414 685136825 908807076
2534 360 719 670 240116449 666667099
3262 1042 1278 483 564578892 930824598
264 884 672 861 328547963 555304378
3258 397 1698 25 128552695 502751540
864 304 501 1109 56519311 531391245
1199 692 3509 129 68029222 235458971
2996 36 3307 1379 485235467 741219922
775 566 2395 642 440134449 928301006
1972 428 2832 1175 572578875 849349660
3116 1273 3616 703 284395539 735679686
1102 47 2746 1155 171838952 181901632
2228 681 380 1363 30956717 672082937
71 765 1212 364 448240268 723480684
475 1017 629 1374 53118595 175397074
2918 794 2849 282 605806055 658948755
929 2 3618 37 445656039 793634927
2193 248 1305 1148 462210293 649730551
1410 482 2923 255 479450284 684800240
1026 956 653 785 27840837 235852729
943 888 542 730 220221572 462269688
3832 621 1849 110 374098791 900796303
2428 677 283 1201 545182546 690489153
2079 1253 1139 35 518148036 610799840
251 537 2480 1058 553439432 669585124
1234 651 3077 426 158666420 686108792
1017 928 2177 419 822456103 910743375
3830 1044 3575 1307 565874460 761113088
2802 832 1305 1330 550732096 737277222
3717 1051 693 1271 463382075 826532516
3022 411 1520 1025 100402604 576704103
490 91 2589 533 107803127 923925490
3573 772 3687 761 685466641 729313910
310 357 232 1051 42910631 955267056
9 4 1604 277 378773136 814561603
144 60 2446 401 226148848 825236004
3790 1238 3521 466 303634380 875126597
1076 1242 3120 805 410038801 896300818
592 219 125 49 766738471 932382103
1126 739 3723 595 341079525 712199594
2063 1075 2629 331 436315236 537042325
98 1222 3935 64 364818999 936505003
273 769 2774 945 426414589 528592104
2772 1013 473 545 422120873 722692060
1422 503 3889 499 542787853 738028974
3451 1187 722 533 408720217 488814138
433 528 3295 546 364227816 785902443
3067 1284 929 605 150562505 769654772
2691 1084 2797 503 195754794 511467766
2076 1147 475 113 255066254 300278207
1868 730 1886 401 408167783 941542398
924 887 2458 140 100922190 484534664
3583 1216 3872 1193 87821310 642544900
1381 364 3617 773 359758347 527244244
3362 527 2295 883 119795992 764108333
3728 273 133 97 781687229 839307537
3122 728 385 648 847230899 955610412
2509 869 2366 1330 278677049 511318990
2159 573 1302 1064 805512543 944978409
3843 201 1456 1230 677871905 716044613
3112 1049 449 678 648028976 894669620
3079 1161 1298 951 365481565 554145263
973 381 3728 366 60773089 724592304
1350 840 3900 415 200246373 699876310
3139 1307 1074 1274 23931538 898645653
1109 387 3327 116 77947895 249644851
2375 952 2009 632 567795787 860473131
1007 1273 2219 1314 64192885 103253492
586 241 1053 1146 26294527 483807736
1011 894 1014 1167 353009236 655588701
3767 69 2352 1228 828481469 945286368
2820 651 2313 1221 625691347 905833668
3609 1278 797 716 13465344 731422162
1298 1003 1753 1376 175590842 410437942
3420 1185 1318 1300 171746957 862084962
2049 774 1276 672 83758076 755111011
65 594 1346 1305 139663205 729451782
3265 88 1019 609 476899952 695592589
2442 1274 3771 273 686341246 957518894
3514 633 2216 1031 486108298 625843568
3514 1047 3 313 56520059 638440013
2534 421 2027 206 662446854 767374241
118 1335 2013 503 92200513 488221669
1 1196 1136 67 138187678 835945348
3866 1016 1534 1337 14492766 706594706
1349 241 3879 20 736803051 958452298
619 189 3248 179 346191395 552205220
3354 1359 3036 619 203110638 779468448
2713 734 3100 709 57971032 442703959
1835 1281 3135 54 774579659 791199183
69 48 1707 396 482586741 789607506
3661 452 2316 193 214097834 242871463
3566 1123 101 1361 373489115 817220078
3429 120 1472 342 257221616 681483178
3453 1240 2484 233 137409170 610247791
1343 517 2727 319 740894942 751333975
3944 431 1205 916 713007925 909322364
3083 830 2552 698 7778485 484457747
766 41 3139 1196 248888825 771751537
1421 1247 720 704 371210402 791132558
1653 711 3 746 278504184 536938340
2552 750 1013 1047 684718376 795303857
232 1164 116 34 634186971 783797695
836 618 821 1083 386898101 669039467
591 1088 510 703 315042000 562381862
491 391 976 519 93249579 127905444
2742 883 1760 1220 214580350 824587197
3461 503 3150 693 275718161 831537531
415 547 1480 90 460630680 872339780
3930 1344 2293 1190 119217230 534165378
2871 480 3438 179 295499864 879130662
3024 827 3947 1355 87275250 556314351
1222 1276 786 1379 467975287 575616409
2870 778 1123 882 318327573 855710482
366 780 455 440 612112456 655822255
2033 1270 2894 119 491925103 870722049
3904 177 1112 313 294642840 845914483
289 129 492 871 201148446 862561743
1174 938 2113 236 103184336 156104397
1046 891 2716 281 360853277 799320177
2293 91 989 1262 59897318 227529688
2120 1168 751 513 476929587 888636423
2816 1170 103 64 863105335 877870710
3452 615 2405 473 733675268 948477225
1935 675 3684 559 674086829 721738485
255 531 1559 380 283752709 943659532
2574 492 72 453 786582509 790256898
631 1068 493 989 860059841 869566831
2734 276 468 1273 21424483 308197363
912 1201 2300 492 81335953 443854928
1978 991 1733 383 269805407 643655531
1736 338 2635 1148 340025705 595808904
2809 260 3511 388 744204097 952966686
2135 46 1017 59 111455802 228562597
2036 1181 3399 1217 128439174 634063722
3319 1381 532 680 49607951 169720695
1690 1380 886 563 21833996 68743522
3535 624 3566 827 61941674 881817003
3769 128 2247 118 9464094 902682875
796 1351 3002 1075 70035849 415053564
2618 452 1822 652 506271089 525532440
3931 1060 1278 535 279465400 877585254
914 81 188 868 428138729 430561107
3196 641 373 718 107889871 110661513
3003 3 1818 60 480442446 570197692
2925 548 2624 535 210555493 801002259
1557 286 43 866 36404746 838342369
2942 890 1821 175 508811063 801275875
2508 158 2917 15 612803903 866748424
1757 735 498 1032 526803291 745199693
2695 37 919 1327 411483279 773727979
2670 741 1924 814 837905757 932544845
1337 891 181 576 93483868 131736204
1120 611 2817 1166 29944346 917605157
1722 253 3727 297 667560586 817163571
3328 733 1356 583 76001462 849997851
2720 512 1245 540 616339343 738717305
2865 51 1882 381 8368875 303011944
2209 346 1745 357 610687352 924267119
1012 337 1717 779 65605310 899749112
2326 1055 2144 20 437488238 612356946
1534 926 1265 752 292364061 871495587
968 1279 2499 443 56956138 243329494
1654 919 1699 1335 796562920 820784536
2810 745 275 814 407918762 487683465
1794 653 487 1348 324627918 518258831
1732 38 3311 27 27136044 860874132
1929 768 2332 362 22744589 630296930
2065 1291 2091 152 307153243 733798588
3585 1151 3209 832 91743260 337086477
1822 121 2482 663 487126364 762437192
3403 59 26 1066 98258906 364167445
2019 1199 2236 1041 291198818 685521404
1243 662 3262 1245 99082512 954130796
3724 529 3243 811 228128354 665281503
1434 1286 3714 895 123731569 180083260
1951 552 3725 1101 326306584 524851791
984 40 3139 32 225099121 408400624
355 642 398 1289 368523935 713010814
103 1132 166 179 245405203 788812128
2450 558 3540 514 589387322 881900413
3006 800 3628 1168 296026595 328387421
2794 142 1179 566 367316658 461704156
2745 378 3154 353 498620353 572285331
1244 1042 3126 748 622637208 834829225
3248 1208 1988 773 480226037 544183503
1897 1237 1709 1179 81706900 839940959
1691 275 1569 780 453924543 549140830
1978 129 997 970 538329770 809379651
1604 687 1883 1092 528950331 922450830
2152 784 3732 556 191608385 313013595
155 255 1479 888 346060506 814702132
209 1035 2453 1201 507592126 822622184
726 850 244 1023 121833181 503068178
3861 661 3872 1102 796104430 910608610
603 437 3128 120 504038029 761121394
3360 1355 3946 438 921873617 924292032
1380 707 3619 1284 271722260 905951595
2828 482 583 169 334244323 416314293
3039 1379 3592 1360 14968294 264157582
3516 89 944 300 58422515 621153302
3943 1148 3815 1271 590880886 852237061
3897 101 3543 1117 346689299 955848689
3926 981 3701 1018 594815987 865627951
3919 701 103 486 225202857 891889566
3582 1275 3707 190 508664708 926240100
2438 398 3350 710 299824623 786205776
201 1206 1825 1186 205998559 421626493
2823 102 2886 1264 175236331 357569049
230 1223 2297 459 170757129 715256111
194 329 3524 294 420072728 539946261
3223 528 1048 949 61450824 124614131
3457 737 1773 227 417965730 597493130
1746 602 456 257 241319858 270397173
3127 1202 2110 225 368527468 597936048
1235 1000 3413 168 247064927 322058981
748 288 1533 1017 736315692 833769535
1909 897 550 1182 316381941 419029611
2267 1060 3935 883 64330353 340490762
1188 921 2667 5 817582838 932461355
2376 1186 1296 197 211409814 446920548
2584 503 1142 961 456524288 595852733
3315 1078 1655 748 323067254 463571058
1828 186 1092 67 305524209 676705971
2483 1257 2174 940 261907126 884236311
2942 534 1139 582 61522319 378081320
2666 299 26 1196 17942124 389210998
2107 344 622 355 395697623 893902095
1764 194 3263 867 232853754 284241064
2123 1256 630 668 523087267 659362710
2993 113 461 989 143461500 875358815
215 1132 2093 965 755711680 849830417
3579 645 1294 696 106701016 820374936
3522 1319 3201 1176 579032983 794327435
1662 731 669 914 291934880 294435128
1547 1017 3881 89 439220483 762584961
3017 1282 603 1038 51637103 926613801
2454 971 3112 1115 272942695 499860924
3932 1118 3459 265 82748124 789078647
2401 1050 2188 516 757607785 826764601
1428 533 1774 258 101251006 810343632
3152 548 3491 743 208192091 658874697
3729 739 98 427 638912980 776472042
3614 695 3885 809 269408268 492925647
46 473 1582 118 80148032 754204561
3800 989 2819 1269 669370527 673467187
2332 536 3713 766 468985179 513923829
1156 1292 2429 563 167794287 679137072
2445 1040 1098 738 629277778 872342369
1129 1368 3496 303 313897835 757694266
3022 252 681 842 85357978 352315905
3893 5 266 264 707741950 915802203
3744 879 1716 763 610855454 863120548
3721 741 3246 1373 299078086 356449410
3242 1316 598 832 293036581 909710276
3427 384 1567 632 532621514 789882620
497 1218 563 1284 61801236 798380449
338 1043 2824 168 488469270 890530733
2792 1041 2833 803 478310206 616558662
3327 1175 1709 557 246437500 809882247
2044 1341 1410 1213 31585239 782015996
194 1152 948 33 524573662 577202515
157 488 2552 233 67047213 715627865
2490 1327 3295 395 407975102 419955030
69 831 1257 396 18232565 388853541
507 342 2322 782 287958709 729518547
259 432 1073 1062 224934738 410477193
2095 472 3603 1197 194304194 832933247
2746 1228 1058 9 217046330 904795818
2245 891 1131 1249 68452029 145583603
2102 1292 329 1231 187765980 304509303
3455 243 2993 876 364243571 952536998
712 766 1864 333 450595202 653696277
1834 1120 2620 1087 20543066 89574822
628 851 662 1100 91014887 239165456
1637 742 3392 1076 1699351 215685021
2609 1105 2779 240 770644754 918485644
2398 1172 2610 403 181098738 444503887
2372 40 1874 396 442066926 564508538
1644 847 2025 45 586498157 811863351
3629 684 2306 259 667838718 823576724
3774 674 1576 0 395330354 674516104
637 1375 2790 100 215361313 636258900
1709 1266 3818 1015 646787423 862756856
1921 911 3213 801 408919405 477874992
3237 477 2185 953 443536007 540418521
1094 704 1079 755 520434857 574569419
3824 297 3510 320 763394713 937569312
2456 1226 3803 33 51197686 234510210
3679 1367 1118 810 382333508 867009332
2043 908 635 43 512834874 638627882
1713 1331 483 549 85202302 319483901
3124 704 240 384 249907303 658670976
1883 422 1517 138 474150125 508511559
3370 1212 2075 517 167329188 789390583
751 591 1122 1147 31258315 145061188
786 1343 93 492 175919157 660586936
2473 1374 3229 1048 569196528 868674211
273 909 527 701 641659835 669009892
3558 1100 1654 348 554395773 913279099
555 1320 2319 950 91099121 422025173
2928 1166 2706 1170 437066495 630072770
2362 381 2216 343 259989104 418039181
1767 21 1427 560 258840952 831341112
3043 535 1050 32 3477570 358044034
664 738 1898 287 41646830 584654793
1200 1179 28 1286 320229619 778891152
432 932 884 790 500929986 578194732
2300 608 803 1039 760965859 869358668
1025 1310 2303 1038 220030329 368776148
146 871 2100 196 77336730 425253014
3012 771 3593 292 569757510 711300034
962 1270 1130 1193 580860594 823592154
3051 456 388 967 291762117 511273944
1042 601 2857 717 85798972 918343239
820 816 2239 802 558974753 658349425
3824 132 1632 215 501092922 544722570
1680 94 18 763 116631193 347183274
2626 470 3925 77 94964212 120416979
299 239 1160 795 794914337 837435933
1483 873 2808 166 603273473 676594370
439 880 521 617 788068305 823427137
2049 316 3051 267 302783667 433987561
1550 614 1895 646 795922155 909224710
3018 1191 471 1011 357762433 726068138
2907 1063 1765 217 588822805 854252054
3673 1121 3023 1056 444026835 709600066
563 500 604 154 383668907 626647215
366 1072 100 1270 379941354 879782766
1593 719 3117 933 245229408 500493665
2528 555 2245 251 171288128 516480890
1005 1058 1801 747 100912499 808214378
1512 395 2975 442 309235866 587970383
3897 747 660 1230 102036259 112615308
2258 795 289 104 222697797 862527432
2694 43 2208 491 843496309 881927702
932 1278 1703 15 333899271 587010987
3108 1252 1299 407 731056045 843510084
87 923 3639 1286 229506371 890755615
3126 1108 3537 658 55619001 835541087
1277 708 1766 772 392424220 892538540
1003 711 1163 27 59880245 813474663
1735 526 2587 1043 348052267 427173361
2418 1358 814 439 235461562 706391232
1142 1270 10 455 581094283 627045237
1348 897 922 1367 335362063 541230134
3826 518 2285 599 11669840 710555459
670 203 1226 150 93059095 903169293
3883 714 2415 595 57691442 239266982
506 386 1834 887 331235131 535616322
2568 1124 2864 517 298484039 801654559
2250 1249 1643 441 67710665 484965026
2696 463 372 1373 193707818 948380475
577 1290 2262 47 113131703 489418969
2080 645 897 503 57265687 735392612
701 982 2867 80 141983988 203062671
2786 136 2662 1348 283952076 422363818
599 915 3593 126 59615789 725780200
391 174 109 45 70926169 509308350
3197 774 2482 348 782529525 808969796
2658 935 3930 882 171021500 803077828
62 156 1204 1004 110755169 615818365
973 1058 649 379 785874665 794968827
2690 1144 644 339 390131388 731983334
2059 164 3867 341 410334244 947266298
161 487 1800 1114 223174633 585100899
2832 1191 2053 743 345722110 792834041
691 1320 2776 132 41849325 114025738
1199 48 2998 874 185806125 593404667
3765 1297 1812 143 17823991 951016997
1701 166 2430 306 409724072 546899949
1368 713 2947 363 16240281 419397449
122 1293 1952 1226 200940797 934110026
3652 1006 2375 745 232657469 474482447
3661 119 1700 941 270948483 803460371
788 1354 2361 797 508415729 779989034
241 1323 1953 531 444863010 675746428
798 1363 3633 1302 270637358 842761606
3634 1180 1149 182 227757636 778395921
1726 1257 2528 909 742415559 948540924
1289 1337 806 1222 337025231 812499813
3226 480 720 1163 29563033 438920559
996 176 986 516 366949786 826868626
1334 1122 2866 1248 54005001 697563509
1753 49 3326 1227 237977067 865853898
2270 603 2511 262 23442676 435961206
856 1145 536 1098 881813756 917384249
353 297 2084 1000 93800658 429596705
1640 779 2083 128 30024784 946690365
736 328 463 1093 291413968 881917481
708 160 48 246 34487003 277556264
3510 439 2914 750 59988596 75893624
184 512 506 386 433356595 954674060
3656 1335 3894 1346 205392851 301668824
3023 588 150 1209 341924398 426121993
2756 354 2998 529 525741784 616228819
3176 314 179 1089 94834381 296697873
2692 923 3578 99 499115286 879654394
3379 695 411 1344 524928381 675352724
362 1128 370 199 4550063 542302091
1322 168 2762 422 318824629 928884357
210 477 544 421 497074064 654094257
3901 969 291 932 163359773 440754076
3762 833 2367 478 468757856 541330487
3010 55 557 1062 282479392 452394730
1810 996 841 747 379426858 825646447
322 531 778 421 391702936 489818435
3668 743 814 1246 113058072 167427049
364 733 1343 1092 287603387 790384808
1455 1265 658 1113 387005646 751456761
3006 816 2020 969 97251003 239200367
1535 540 2300 172 344645262 805541134
1368 166 1229 1198 494810503 686038398
2877 511 620 296 343204615 701620317
856 672 2929 378 763742073 784383260
2306 215 1150 1128 277106910 621777203
1750 153 1584 49 817592622 903199653
455 766 2391 822 564239483 593302995
2320 1104 3685 1329 19442968 305271840
3191 889 2595 880 458216136 562722999
1983 416 2654 907 453774528 645789777
2726 585 1911 1205 27165663 756380947
2385 692 1712 197 194779774 523035039
1519 1322 25 505 224242498 443053332
2455 1269 2921 195 79792457 451345922
3035 499 1018 1108 354955407 378986079
2395 808 2035 1055 297592675 593250406
1846 635 1186 1273 130055314 574900063
3709 987 3455 85 56594097 590935732
963 586 1374 1045 684018539 729943225
965 412 257 1034 569460769 929126543
821 1094 3567 717 338435100 447698442
3089 25 1450 1194 90971111 685130519
1581 365 3472 680 199647189 581603574
2904 1088 1498 1113 101630810 125143955
2335 206 2686 91 510510771 558436417
362 130 2159 882 322030536 635045343
1943 356 2933 282 123509256 319658811
1881 368 1834 1346 450346378 828335195
3641 1047 377 862 651745194 892462439
824 257 1510 962 6083065 633594132
1698 185 1092 118 182286887 427112763
2610 663 166 602 191461892 611243551
1711 387 1122 94 60176417 948416766
1326 1079 2069 514 238578928 247395460
2577 1140 671 779 296270193 886257861
482 1101 2250 418 163806530 440354742
481 937 2505 1025 66001523 649790085
1674 280 3247 1212 148121414 490294637
3194 527 1867 667 279055895 861070951
1214 914 2865 332 269589737 348273631
3829 259 1646 439 175474389 217629104
286 711 3129 396 389227025 681037825
3206 618 2014 1269 307045031 728704467
585 1341 818 998 301154427 910340819
2696 1203 3404 1082 877484897 913376237
2778 527 611 142 642988704 728958825
1489 905 2067 61 163599101 531262474
1758 764 709 64 419020102 890722356
2235 197 2982 1209 175704485 529172805
3847 488 2546 1280 160875508 925606034
2637 836 461 406 234766654 496334969
2583 1010 1332 368 660585528 758599114
416 341 1657 1089 153065892 230049485
2763 1328 2120 847 48666026 154328292
1215 672 3598 1331 327889128 804280032
292 371 3233 1044 383377953 809440114
2451 879 1571 918 727222429 850598588
1015 1204 800 965 723672731 824586548
1116 1233 3586 1375 221097073 284140991
1614 1146 71 31 333456406 470163430
120 641 1144 1301 732388822 749342042
1911 686 809 1369 169761194 646583022
1368 568 2909 131 606761570 680741303
2157 849 2745 961 8274578 832660789
2800 1254 3733 798 281542857 360360159
1130 916 1083 796 96266402 944256820
1134 727 2884 139 645590218 922060737
3693 489 992 934 200347073 936968192
1711 43 3378 330 138331385 692719658
3735 700 1307 393 58833587 633412126
2718 336 2267 840 217435960 726127865
622 1204 3810 633 331346628 670976057
3933 713 1114 80 107411188 401945183
3307 163 1244 244 69019722 565316851
134 433 3862 341 679010251 948765629
1217 669 609 1314 315068108 466405175
1602 28 2196 1296 513071025 568029955
2108 252 500 1106 643849125 811983801
2731 1238 543 1049 661449 79080063
2566 1233 3123 1160 24278794 688363860
2720 336 3807 907 802198239 845732264
3452 410 2825 147 752452296 787366280
2748 1162 3149 525 256514317 896232151
2266 86 1644 333 13082485 17641490
1743 112 2005 547 481768465 830291042
1179 12 3307 545 64680453 653370305
1217 816 790 1229 793331391 808768362
1829 1329 3381 785 688291031 703598261
1119 467 984 50 40264478 597806136
820 1375 3129 423 217859257 563941629
1892 180 3233 1110 333368148 506954751
3299 94 3346 608 90574173 727390158
3169 64 3262 1001 497680141 626051850
109 1288 1883 976 369425385 408686737
3245 150 1289 287 56230617 778156405
1465 1301 6 1198 427080504 727121461
2875 533 2620 822 276391128 357619492
2250 339 540 1274 104885127 140339910
2369 971 457 974 415789087 857007945
2911 168 2840 792 297661445 308345152
1511 512 3907 1026 88836638 239141110
2984 649 30 650 37373551 847639011
873 673 1138 1310 199117532 861587144
735 378 1056 207 735708939 754629907
3364 160 2129 370 462174266 923153359
1202 1091 1102 938 88144991 512116794
2783 1288 1175 992 361285012 918748030
1417 892 46 92 179567894 881358618
1443 1317 2111 904 637729527 819449179
1885 733 1024 1229 593169888 841252989
722 1120 1200 58 452820729 703565169
3845 437 1140 1024 637770795 788891256
1883 1295 1855 1006 59032767 253527176
1477 1227 1712 101 78897189 748731079
589 102 58 251 124839567 920237918
3940 687 1847 1188 283914564 506405032
2511 76 2630 559 162325910 210728555
1156 1299 550 175 436803708 595718229
3255 834 3099 689 475410384 667965916
2788 366 596 323 438352941 486590351
3859 40 1128 1239 376052752 560670099
804 1358 2941 488 692873115 717593619
1274 332 1058 180 336646602 635087766
643 450 2716 1294 53148914 743812298
3237 93 435 283 179876701 848237663
672 531 1174 327 770998947 896228070
2572 445 1678 157 436193201 712626947
2981 194 2178 50 263495847 913059856
1251 1167 1342 1248 450599919 836332989
23 990 976 1313 754216005 803760151
3568 944 2635 651 221384760 740050605
1099 752 222 1363 670675432 857813396
1099 580 3459 980 236094315 368542037
2218 1218 3427 1077 624824165 901579062
20 499 1041 1169 305856950 349456246
37 865 3709 89 199337014 322019740
2915 189 3709 1314 116258114 956721038
2703 163 629 497 25009773 502821507
3131 726 1012 257 93377709 373500514
2001 278 1775 777 115115236 956035241
346 605 1075 1143 206122650 206581278
3627 231 2246 755 160845602 225793023
2202 1107 2636 1152 638700716 828385201
1702 1278 435 1130 270166259 943313955
2166 515 1835 469 3921537 613765696
1652 190 1984 684 51659182 543395367
601 144 3464 1105 581150022 763596841
380 403 2614 198 469768483 910355995
3855 801 2313 294 17203964 757227793
542 1008 2573 280 59183196 149015436
2474 1014 533 1225 449610478 660969539
1584 696 3597 1249 555968105 697470119
3594 652 1253 867 435087028 605310259
3491 967 2868 578 199631259 900206701
759 480 3767 637 262160732 356924881
3329 240 470 559 328021123 344279075
1246 161 1246 1246 441384652 952195534
1716 534 40 603 298366846 557573718
486 1164 2162 1257 327987336 633182014
2320 700 593 873 148742941 257113506
2630 1156 2307 312 293536048 710421494
3468 994 1672 890 261013129 337956911
322 858 2301 422 390492780 463234912
130 1057 1558 511 305705211 315496846
2212 316 1931 1008 40102129 910691758
2037 65 2957 1241 177149515 660004898
2597 772 3751 449 33662009 746585022
679 318 2958 1265 343258494 758842150
2030 976 2907 1271 578241071 757392733
1341 1181 3422 79 328358863 579475525
479 657 3397 853 62337671 155763097
2792 425 808 935 95335960 877002069
2620 883 2476 746 488471189 805976551
3165 399 2328 1177 61202788 176819843
3681 1091 3680 1183 210844233 217514795
3204 907 1063 701 516712443 633116813
516 906 1747 105 93795323 429268803
1967 191 3228 749 466973779 800433175
2803 324 898 1243 388310739 632892200
1893 449 890 1078 856149695 954243691
31 771 1363 140 126994581 911671277
1658 193 2107 85 317716405 609825402
663 707 3269 487 311289239 788612272
1998 630 1645 1060 39310788 268766368
2892 687 1414 1033 192406912 551367379
3517 963 1326 1148 156828585 324988653
3394 947 734 1371 6092287 832199877
3549 202 2330 762 894175178 928242577
3695 585 3919 796 68755646 843821342
3719 207 1834 1174 489270328 673366300
1731 395 1646 1128 690286454 818496873
2828 1087 3668 1214 2545771 757059939
3595 138 2293 804 221064863 413634956
3490 1061 3177 902 276402399 955312878
2434 146 1535 949 153188358 322373462
2875 181 957 1319 142745639 924558086
927 615 1471 1349 127092186 188944765
1616 155 2812 1337 383232582 628883318
449 16 1953 1325 682292008 799316110
2005 1210 3671 1291 504770104 784448289
195 1302 1210 1340 64812800 250737303
2864 715 3113 505 604305926 806392621
2813 1017 2301 900 223896626 297733166
1321 947 232 64 408019337 650404401
3709 690 3201 392 731324389 859122945
511 845 2857 301 58154583 401288476
2334 1230 762 1345 761874504 788784740
3598 529 2255 1112 762148291 824775585
2801 1132 315 1118 158471443 191566610
967 579 2630 516 2142286 612640290
2609 106 2435 19 207441479 515713803
63 1332 600 1089 337685671 692636710
2782 13 3556 1285 54916603 136877301
2088 1360 941 1231 36838438 819921386
1727 86 2441 1120 408715921 424059798
96 1094 1508 577 511458443 858012849
1110 224 2917 914 227554851 532095656
90 1349 31 269 325453039 438706591
3152 265 1021 826 772901142 950833638
24 1177 2049 1344 22165816 362524856
3220 553 3498 330 582063732 712401020
2558 672 308 804 411273480 672082618
2301 353 68 338 275714259 335615010
15 969 2048 801 366360309 528090487
836 502 2739 311 226661016 720794318
1484 201 1626 5 574065962 780122133
3660 902 2257 84 354385340 508002426
2150 1040 1671 346 216263831 939031693
275 263 1300 215 443165151 619778741
2085 1193 2974 666 624355625 778179099
1659 677 3214 190 242874127 362476574
2755 56 3409 1124 862689325 952193324
2567 976 7 176 401984567 573518045
3500 1116 3006 19 209769122 910040818
2531 543 2815 765 30242825 85061371
3353 1113 1201 869 36574200 92496545
2225 639 2847 19 870012336 920078242
677 870 3210 546 576000891 579071914
1579 652 3446 419 430304727 478086824
3267 824 231 649 10368211 903709314
1106 624 1627 1315 350578228 626629751
2155 907 3925 194 107956927 877977154
2284 358 1226 491 96365676 120327383
1772 547 3068 99 706671882 862047012
3394 69 535 379 164825967 477241526
2284 801 11 878 151089687 509920911
3810 1137 433 1224 43142724 516813039
1071 997 1424 28 346354957 651444533
3762 389 152 70 53070450 283356039
3030 1275 1293 1109 276677255 685653903
126 472 185 1212 292056906 332609192
2787 260 3865 1340 374954902 886793980
1476 1368 485 847 400376639 671596470
2988 311 382 771 83143487 772252179
2871 288 2229 1128 833425272 908621643
3549 194 1171 1364 207918669 486396971
3950 390 107 946 465217946 927165186
1580 747 2024 873 475018074 643485684
1123 234 219 895 460596195 488082708
2221 831 2650 1303 284678803 648943437
1509 458 3875 362 363633330 907845167
2331 948 3128 340 345813348 795357068
2102 439 2509 367 229837020 358896452
2542 851 3528 1179 469756391 784883962
54 1265 1334 634 135661375 476583118
914 447 3453 14 527164845 742574257
3235 1239 3161 28 140514706 701024146
3579 568 1681 119 6222632 302156641
1146 160 1994 805 446102594 599679621
1499 171 3250 181 547705316 670354425
3434 14 3856 775 770691320 842968989
1418 824 2567 401 142816436 798197990
2908 913 3161 356 430554986 918237106
1544 1117 3175 659 646496478 760871831
2275 446 3674 435 604619656 850099613
1618 86 813 408 5484261 212802642
2682 1277 2876 890 328853823 347870582
1218 919 993 1072 542464051 803926461
3561 257 2473 21 245224016 424161552
668 1376 2398 760 63831895 184831610
2438 953 3614 501 439378767 728649917
169 214 603 969 101603042 294236613
2637 847 849 321 67925037 94649948
799 605 1725 746 69482467 715121024
2385 317 3053 441 195130308 409183227
3382 726 30 240 349935023 507437144
1824 1106 3115 1036 683982318 848688485
1331 1190 2175 781 631504544 931773448
1691 680 328 440 295086845 669080303
958 1029 3684 1243 349013513 649194796
1554 1313 1608 1307 681421677 941167414
3586 143 335 1294 48019785 450325427
1494 333 3903 1101 18029614 499526403
699 1166 3268 1364 31408306 922114733
1363 1008 3477 101 24547919 89921795
2909 1073 1543 1179 383178735 786829675
3481 184 3144 563 699378709 889526635
2270 76 1769 781 69375277 845397653
247 903 3454 266 536421209 901945462
145 310 3344 184 680499875 838123271
2760 728 3274 612 363971128 950527170
1487 86 3305 1341 414921620 444564817
2034 583 469 67 516872830 723920318
1334 654 346 810 155435209 221771911
709 1059 3216 831 585671801 586287808
2255 259 1772 402 234266581 369803133
1121 651 270 549 53312536 374506194
3205 948 3904 433 651978349 889516735
202 282 1090 578 142587123 327114371
3476 661 1228 1052 127154394 723446300
1460 253 2809 741 808860668 939986942
43 350 1151 100 481074860 581677029
688 554 3118 889 420736892 646020968
2121 162 3551 49 514763725 684705102
2353 389 6 472 202840424 713475036
2130 680 2153 1358 27070395 946770010
3421 421 2372 620 102322171 531388447
3158 896 1387 1136 97328997 858741586
59 631 1307 880 495221310 920235454
1871 539 3407 173 359606947 565771362
3676 759 2438 204 690306262 869712125
1621 915 1232 439 371970233 387692233
3195 484 2101 851 435362644 834660340
2959 301 403 1275 665573038 947910796
1691 358 952 824 207379024 423303853
283 525 580 1040 247699953 538254115
1072 414 1551 98 50452599 388148781
2460 1314 358 861 299028239 708264657
3236 408 2609 1319 169540959 202585236
2448 228 3932 627 481855023 490855757
1642 910 236 605 611290794 612241094
3451 1081 3698 1375 391971756 858846051
3557 1188 1177 1358 317174911 833853572
1787 1301 2161 977 70422891 185327287
3118 1198 1569 938 626489145 890007482
2555 130 3343 103 192190285 719135499
1105 1271 3559 760 270891378 652946789
411 859 3100 246 262358869 804054861
3417 699 202 304 274759683 958304322
130 817 2298 1044 726171934 946512694
2614 193 183 886 405204062 736639899
941 611 1587 1241 308907293 780222736
415 596 1829 991 273990981 860210806
3073 268 820 893 104891660 859019024
625 272 2441 865 212101677 537300655
3009 195 561 950 429140807 924605398
2019 475 633 972 114300092 405013638
557 1051 1099 1060 23326969 849853753
2686 773 2403 195 276161103 831612745
2213 1275 2823 49 431759237 488577671
16 587 647 1352 87086704 569313482
2433 1344 97 218 13924334 47507037
3605 1074 791 244 70562899 724425775
664 689 1950 15 99911142 907000186
2484 1176 1976 1215 115420415 813363213
2560 392 3115 15 68113330 227626064
2484 1132 496 590 351128632 359556018
669 248 679 484 270045688 338779954
2042 850 1386 903 287023546 900281740
690 271 2397 354 647909148 654355702
1458 758 3331 1124 291120361 765761452
2280 1300 2817 390 346395245 496635815
3647 1019 2870 211 387977764 548972589
2221 671 1053 11 205711567 409421862
1531 1067 1577 1221 229370331 555853080
3710 821 1585 1059 23312841 162731618
2501 56 998 1110 438680566 569377191
3643 600 832 280 595924283 948667215
2087 1064 2493 537 179830176 483360988
3196 1110 1465 286 290440242 800498393
469 73 1254 876 106408499 809876386
3934 853 2713 868 81960109 170080365
1539 1052 1660 337 341177043 712698981
1787 284 1734 428 838724766 952045195
2837 385 976 60 377148039 722016223
377 705 2942 233 723326836 880628707
337 56 915 539 88374007 248246369
2949 701 1333 800 246604916 489563223
2880 129 374 951 337666691 757949575
282 1038 3461 1261 84960459 904538097
3216 1099 786 216 90661829 352999905
2554 1349 3716 714 135270779 239666040
2952 1046 470 621 184662464 818764387
3530 183 1693 771 575263887 622731532
1438 281 2460 1341 95930313 112652428
1672 977 2698 1005 530268230 913207372
1259 73 3257 1131 659486385 825770940
515 709 859 342 158450254 258563652
1950 1316 3615 989 225493094 665650038
2295 485 2506 826 129351518 680374363
3620 470 3182 91 116778138 779812777
2172 1095 422 3 476965721 726531698
518 483 258 1304 375495856 685866208
3930 879 3476 1124 24359637 377997197
2100 112 2388 320 411927715 867001059
3867 569 781 36 850731123 918529004
94 454 2 995 658134772 779536058
2097 1066 3791 597 741632994 858070712
3092 251 3179 739 135479672 690037067
3520 332 3165 1238 493649014 861926049
1703 1044 1190 369 339036868 775101705
2944 1364 859 429 335434799 478254706
239 539 281 305 1059887 211936492
544 941 1436 30 142464431 784424308
1448 1245 1454 1311 139472537 783184318
3053 1371 1552 922 293402154 551720972
3803 99 2346 960 499663413 789147537
1807 394 1235 419 138562094 503106188
2279 466 218 208 248962846 644440019
3050 271 1031 368 385127325 487627877
335 1065 3949 1261 195768759 259319800
1870 554 2 516 500419480 561139650
1498 898 24 532 624975020 890189268
692 120 565 980 669875937 777687610
3649 294 3464 252 374936718 864865049
2141 941 1045 1112 34712923 920030083
367 624 3035 271 117467379 802902418
675 776 62 534 494176143 707304956
886 705 1318 648 658455536 939952717
1966 1047 1982 877 551494971 747126057
1262 167 540 377 16758168 516684814
2901 207 2265 670 696318651 944514574
733 248 2665 273 181183561 374671570
193 116 1412 385 34601658 266944435
1403 928 3830 43 170533318 663261560
1373 1129 2238 1370 324989082 759476054
2752 13 1638 580 442528512 487494874
2595 1291 2286 481 479110156 794901598
3386 574 17 1356 654180814 862549508
2513 703 3730 367 498617262 607898562
3592 846 3536 827 646473268 802173115
3361 222 1727 776 79631870 788482691
1280 164 1654 1237 591882389 876758924
1428 1355 3679 1007 117324978 606391528
3709 114 3439 1083 205631887 329251105
2709 159 2473 372 157318100 396743984
1258 996 346 607 174626851 232296872
394 930 3755 35 166703951 302868357
2248 788 1434 867 106885728 654971488
3353 73 548 855 637372968 640984234
364 1328 1376 47 149820744 898089628
3517 481 2887 387 511444660 755964370
3863 729 737 1232 354090001 487834163
1241 994 2587 233 350092848 803046981
794 124 2181 435 613406336 752183538
1264 1298 3162 1173 228492317 348678015
1132 1298 971 346 373821643 806787348
3623 368 2386 540 742102302 831298747
510 535 208 632 174657416 896119438
2519 1059 1232 1086 366383687 925131456
1522 650 1656 165 678453927 708358219
252 319 3521 602 431071665 818442871
507 840 700 998 117023475 524173790
3597 809 3485 1350 314895714 419811481
808 302 2710 19 47778918 116122060
3363 1109 2649 66 58529991 359204221
1570 213 2590 1119 628354306 884978003
160 79 491 690 652239063 889196538
3949 233 1414 803 141097029 563981642
55 302 154 125 294238080 334030544
2814 29 1079 12 518034695 728274333
2503 163 2282 249 215113903 573850019
1939 117 3586 1313 48004449 673042724
2113 337 3097 997 54554920 867464954
536 1069 2002 387 66438834 690863333
2291 1238 3027 598 458540972 670733855
1563 1103 2416 921 613572689 711854428
3497 594 1517 738 181967061 501169939
3888 822 3814 316 216115190 509689755
1299 789 92 596 36757369 569852053
95 78 175 1074 38528574 619192341
2735 12 1840 121 481618091 656589168
2235 404 1027 1182 611332581 681365880
1142 390 2741 387 592548033 748170748
2646 421 3915 561 641453764 692863861
3021 1015 840 587 104817550 699216121
1090 1377 1673 1309 100180538 863947977
602 407 2338 547 61393238 675269396
3135 29 754 964 28647094 223408284
2404 169 2709 1273 367363667 433564355
1140 1024 1278 664 273446776 557941251
2802 1285 1566 1271 351923832 402188510
2750 1193 3409 372 304630698 697445770
3618 580 319 1355 229646818 655255987
3009 70 1817 1121 160757574 496014395
3516 277 2892 46 24719057 53952633
3111 535 637 946 44542388 431868238
204 1137 489 244 116106794 649755947
379 546 399 93 360879345 668181373
572 31 2038 36 3342414 743293001
1024 257 1784 1139 58006745 936155358
2383 1119 3681 406 424719849 879832345
1790 419 267 757 199538158 356109182
3927 1147 967 169 139138662 352491043
2121 266 416 247 416153621 816506138
3678 644 486 499 28913730 326870992
1571 911 3305 435 202064476 348255003
523 716 2433 558 333847419 832534695
55 99 291 401 93631476 130029495
2217 1184 504 818 235742431 291401645
1333 926 1942 1327 97609716 587936146
1154 188 2516 224 335156042 894217388
706 1200 3937 1024 419166526 902854940
3712 728 2944 413 820450496 841464041
297 507 3575 827 75261370 756515438
2811 674 3225 181 40779820 57194058
1316 298 1399 236 202250999 383690711
235 441 1969 594 734504913 815971008
361 69 2818 955 403043828 460436014
2026 956 1700 525 18171711 28009441
3317 854 2750 826 640005153 874824702
526 1260 528 692 232198941 480892683
3382 73 1076 1309 203331584 322264206
2028 441 2141 1089 582724957 831608407
2813 316 3492 227 668984854 751935933
3831 1216 1459 604 480416994 693368591
3153 350 2338 1164 275324780 289957874
1163 976 1631 722 592296329 847483581
2552 60 79 1003 433564680 527566656
842 399 1576 459 159054861 360518857
3570 168 2312 1224 400921928 486495262
2306 208 3440 933 234765394 333245812
129 335 3387 1224 470107475 552578400
2034 1201 3343 746 383450811 424142599
3331 895 2145 1127 102183968 925788424
3489 794 2518 1271 269983746 657132732
3337 469 2045 81 262683743 512664391
2081 690 2412 1086 256329290 418212795
3411 92 2252 363 125451908 602585574
3294 385 133 889 463898019 824349616
1785 1326 2550 940 5517839 425609341
936 1005 2731 319 709693299 727021502
1403 367 1583 493 98573727 639485872
3774 1057 2033 1126 435321823 911874269
3877 413 266 1051 337463055 806383743
1290 473 3456 1144 608779988 775043001
3595 703 3545 810 74883858 89730781
1343 728 1652 1051 408232406 718914994
986 693 868 1222 221882671 532381053
3439 300 2222 852 534696209 746418196
3850 870 3684 950 411618989 844882613
964 1240 151 1285 91260326 419539814
2295 1254 604 957 336531690 692773725
2044 992 1386 370 75725786 904100874
2554 1153 1564 1156 853844948 950944455
2338 364 1404 687 32106847 652699754
3538 1260 1653 1246 715685854 852804670
1493 362 755 610 15586760 348287562
2798 1184 1877 1168 371254276 852026418
2642 501 2804 399 192218802 559427508
2989 460 2089 532 39328407 594751401
3097 212 1017 613 835970756 874033528
711 634 502 648 62617907 416384391
2420 8 3236 714 272689682 900015610
1216 357 87 1276 300760261 749956476
2034 324 2396 451 175893945 933678101
3713 785 101 399 202737214 929768403
416 393 2322 1081 36757236 162784016
3310 580 1826 616 197710326 735685732
1144 723 1865 467 348172282 645093240
644 550 134 776 85729679 510820357
2463 1161 2927 1338 435287392 580135318
3860 318 3886 1308 353392072 451766143
830 386 3557 996 569469595 915541315
676 473 435 206 576879904 579144451
3659 573 906 1243 331622341 840563601
423 360 1076 430 279645614 594628613
1160 76 1147 479 808008597 916412782
3633 369 3795 1315 496893791 635823167
3261 74 2317 60 446687326 903831856
2120 610 1044 35 223773090 444190862
3743 1360 3401 362 153046944 585313628
1890 1252 3636 194 255223945 412385180
340 1345 3838 1294 687131326 714891147
3750 1085 909 451 590220928 738544667
1327 1027 2545 30 15594190 175199084
3402 933 1132 845 373607446 610014145
1981 188 508 367 245734866 820517554
1323 1066 1 997 180302644 459732990
1292 128 2389 661 443460265 584724529
2462 1273 1546 301 31448709 105112223
3283 1081 2728 778 481668221 501207609
2298 700 3062 570 69218356 627933514
3172 719 2770 336 454226772 576747271
3720 869 267 1254 137200558 948662825
3244 742 3723 1183 160864753 921961472
1305 901 3379 364 155278899 576785770
3591 493 84 1287 878405387 909738500
2181 526 3106 450 585009462 875431796
190 900 2927 762 142581258 922613734
1068 61 3936 999 228513833 588800415
3220 1175 3521 1282 481355293 510610824
1627 470 1351 1119 168048380 213827433
3433 233 448 7 27239833 335992533
3216 129 3512 38 541579471 587303649
432 725 2298 475 17014640 97089420
469 403 357 1110 480430991 905907325
1025 664 49 452 15396337 435809605
2878 119 2354 52 690562 585900790
170 236 2130 1349 7497382 48446383
1284 152 451 1313 619180851 774679184
2858 1258 1850 325 253425141 389795614
1617 1029 3515 765 354760170 793598471
3168 61 1148 881 353165147 515638067
1255 715 2726 911 117535191 736486946
3929 526 3735 987 13889733 872600316
414 216 3023 515 593979473 707663119
24 669 1310 503 31757254 428923551
975 1059 994 254 522890665 779417098
3787 887 746 412 335716412 728273266
149 0 3549 459 448776828 449160032
298 1095 1453 405 477090817 700038492
1321 601 3354 1116 151711594 927913978
1591 319 2849 885 3609355 500596745
3062 1305 2341 257 695890656 915246689
2057 967 3588 997 261340072 926575879
593 1044 895 1267 253126592 408248509
701 67 869 1115 676788630 812493459
3761 654 275 476 143080219 681243315
1445 513 1635 60 431540151 910524214
163 1143 1034 731 98223039 849838883
3363 705 2572 1367 388786372 735951019
303 1130 200 639 240723471 954322113
885 730 3248 199 522632252 842817598
1213 59 2455 345 72862561 844452067
238 1103 762 1121 370722913 399637572
2630 1126 2723 83 23043226 625451491
3129 330 3265 935 30689078 781464553
2889 1363 1091 1079 165439490 445264778
3070 1263 1354 635 112015767 208921531
8 1076 653 453 410923576 924569127
704 296 1564 823 46768500 229992289
85 748 541 805 386932087 409815676
152 341 1800 715 678385381 908298348
2870 1245 20 550 371879247 949390899
2032 298 3467 958 593503147 720136500
2567 109 284 1182 598989066 793947978
1766 1306 290 892 236753372 691482001
2264 366 3838 948 315216990 422933957
3662 147 332 1336 336670182 674594713
3870 490 1270 335 32436641 634394333
3736 52 2301 270 577660882 835930150
137 1208 3518 1171 664249915 776330962
2730 1289 279 793 23542735 159188286
989 560 1584 538 44454414 824288131
3032 363 753 536 417656478 658373075
3317 547 165 549 271968616 438303591
3463 228 3859 55 526716581 813787668
3345 1330 370 692 349305674 497007939
2374 287 2991 120 315533138 317345907
83 368 1727 1078 79510935 774806674
3189 64 2753 1375 222435773 917078054
820 75 1454 1115 313533509 707495462
1913 1135 756 653 229999215 491379967
2056 377 1292 608 467245595 798128895
391 1303 647 587 316196877 679037561
2848 996 2573 398 272376914 881365501
2115 523 3264 984 111127601 209415907
3695 763 2039 621 194921949 644458046
2629 1104 1449 265 26651217 729586382
3648 859 2175 1189 62136608 556409861
3482 273 1075 52 25848176 774449467
1918 1171 390 91 803226903 908158067
3204 190 1646 1099 161106333 201877778
606 468 1385 175 89906312 794911962
306 728 1137 742 24277655 275512737
1623 124 1406 926 412886268 562985117
420 409 2624 277 285926034 638892417
1430 999 3639 501 4021229 885825988
2335 1114 3946 797 143866915 701284032
3290 1293 3506 590 607822738 686691444
3930 684 2838 19 420282045 534724796
971 1295 942 303 578657746 752055263
2448 180 2554 1137 635056378 921125965
2129 832 280 820 229349513 753522468
2899 110 3306 1302 97375309 197384020
1940 358 1043 346 416627518 545073425
2911 645 3140 1169 208976780 491843910
2978 1177 3755 162 77667422 173818164
2501 259 299 468 747852788 832479475
326 422 818 1124 14690668 735488805
1573 60 1292 641 203465509 271941623
320 790 1048 1310 178521187 859118489
905 1248 1216 362 505503501 651313588
1657 61 1799 1046 213305899 844770291
2564 173 763 548 255578190 810040370
3544 1301 1227 557 367678672 527898491
2721 374 3297 1294 333234158 930426596
3024 277 791 1229 529711919 957190293
3650 1019 1539 130 393612997 744714094
663 1241 356 436 748832662 916144476
3089 91 1748 309 386844923 638777365
936 225 836 1044 126099017 394892677
1250 1209 1208 1137 939949563 952441129
654 1265 3520 434 259982790 636723728
3776 484 1096 1212 35621757 511558071
3850 1104 3454 161 229462446 340946998
1627 402 1650 568 492629588 693971524
972 1234 283 950 160235493 386563144
2618 592 1476 506 518106292 624722521
3149 691 2290 1241 20671103 209031460
2244 329 1158 519 24554345 935662055
1444 876 2934 858 929369690 956459057
1251 661 2855 1150 652282094 944458542
3383 191 102 735 27680901 61115010
1618 709 290 858 324122269 513204901
2163 450 221 327 464461417 682901375
3342 43 1450 688 31089626 630087319
3686 709 499 1220 360783286 823569492
2088 771 291 1047 321226099 439777675
2555 195 2080 389 208897390 675292003
557 867 3307 434 52817112 702869196
3437 1216 958 317 371151050 766716918
2844 90 3541 1160 470352796 519977342
2120 1144 243 1377 536791889 692355904
3888 209 3608 1093 194578061 296733814
3380 1011 175 949 652910381 935265277
515 197 138 588 260871969 321227547
3086 620 70 892 348846402 662580087
814 1210 2132 709 812997789 948833723
413 975 3721 1129 236823818 356690938
2845 1355 3592 659 32577546 456198007
3030 517 1227 1113 928666990 938100573
1806 941 460 1152 12101912 347629151
3565 96 3915 1087 73918912 927164843
2772 1334 303 342 355584846 747163478
3500 67 1712 153 77074740 474520488
1301 658 3740 1053 361959686 684743674
2293 987 389 971 359061983 735186862
3136 23 1726 554 387845024 555298473
441 550 1890 247 437276295 873349164
1177 705 1510 209 504236398 760418984
3672 1159 332 355 426835331 853691176
1256 1094 3314 629 455893438 625807107
2524 1141 363 632 305118441 958327979
76 892 1000 122 496279066 889990024
2001 546 840 1303 647611518 880221046
351 804 1838 8 229632362 879081340
3832 211 1271 768 294147783 466951261
919 600 3088 202 893907641 928291271
3087 528 2144 474 199590178 645027051
3757 789 3257 668 76484850 319493213
819 689 778 1002 874488631 948741034
2635 948 789 831 57953972 438714221
810 194 3360 1260 266524914 495844824
2628 332 3207 1246 77949536 391366933
2900 512 1067 760 172044864 932093491
2953 545 690 69 56937426 310213674
2867 807 2257 1316 279008896 309927096
3861 451 2619 953 5627983 398834528
564 547 1562 595 596885222 642600923
394 1045 1075 332 377369032 606689926
2628 416 368 683 743649531 813981843
3592 605 884 784 341535092 675473175
1627 976 665 41 262753093 936653247
1773 233 2621 0 117443497 188584944
785 886 1031 232 153130120 714382693
1020 176 841 804 315411271 924417885
855 331 294 335 284881241 713571445
1889 707 3354 1352 223057295 664497334
173 536 3684 1174 88247875 308575422
2369 102 2885 858 98948669 353693140
2700 878 3157 359 520390130 800526151
291 1094 2803 196 172025995 207687531
3880 1016 613 1053 410501383 594366378
3574 401 1569 1280 343702331 637333854
3947 964 590 452 62883763 167268935
453 28 236 1148 242877030 436629605
1570 319 2550 872 391025299 403369346
124 1037 2562 323 30852275 398467260
2288 687 2337 256 293038586 815888361
1181 641 1224 1080 14011229 630671423
1230 499 2626 158 872215303 891176827
362 718 345 846 327521189 868906457
1330 283 2271 4 350949744 667827681
514 1221 1072 819 159666338 809514801
2426 1291 2567 1189 390109748 573067577
3276 638 1373 1361 654213847 709817935
2742 1271 1195 751 77370549 598091731
2013 354 2785 101 599369656 651438067
77 1334 3100 918 29668446 755994104
415 1121 3669 1325 67469438 293312671
1118 868 1690 1249 382526704 468578248
314 18 3557 562 507714199 708267958
2184 1197 2968 1324 120877049 840088647
2924 1289 213 1191 136874969 291841865
1547 132 348 1176 45128714 466306135
1472 1174 992 926 404125887 569936693
3274 653 1852 654 832849446 885632575
3163 543 1484 358 192465735 802118759
3127 1223 1592 19 443088848 682404109
494 582 1184 348 1038876 171476840
1821 325 1077 382 44528315 566467717
3259 874 2189 1020 617081661 661865901
1403 3 2735 183 287569522 638056102
3813 931 3320 1293 249688814 451706678
158 1361 3847 999 196791610 585670462
3646 618 3516 430 37106578 246302399
1346 275 761 1067 1418002 311477835
3470 471 1540 1307 753699733 930282918
957 1063 83 405 186275495 269653383
172 976 746 1195 340625088 649656704
2089 215 276 969 81191940 252858626
3261 619 423 601 714981657 780041606
3350 839 2438 94 140169686 460338497
433 230 1348 270 100907946 218019976
914 632 1435 132 403770610 419316890
1846 382 3718 567 252886336 356248438
767 1287 3598 895 98685562 912474256
2982 65 449 271 200537318 827835620
2850 1004 1240 353 198161913 934235472
3802 811 1679 199 406804911 523654028
682 540 2315 737 270496778 749596122
3360 1258 798 989 463170038 580050692
12 690 1255 1303 20798936 436581072
3393 890 2882 814 654684044 926320763
3003 144 3612 699 323387236 824517214
2259 876 3188 1063 716894635 926522566
1804 401 3832 1144 396051394 786658484
1046 1217 2304 152 434365855 573091174
522 762 3427 305 537217899 573206848
3719 8 622 106 307471816 411301293
580 258 2755 122 329452465 525959116
876 839 2572 456 416163929 867726495
483 1376 1304 334 486476156 687459714
840 900 2185 95 599752415 685982060
169 423 3551 802 395682298 617934263
200 938 3904 320 66121346 436485946
3440 406 3427 657 258761174 339693390
3573 739 188 1271 632758364 810657931
3751 613 664 1304 392426046 919317751
3244 525 582 675 163608493 300470552
327 448 1400 148 878060818 937240762
3498 75 3651 331 368838209 713143550
540 66 2130 410 150964300 475456476
2640 934 538 5 57319306 852084262
3229 743 3688 716 492157088 750697548
417 1028 582 85 432403391 585780589
1467 284 272 722 167931144 631384827
1154 364 1038 1079 778967680 872373340
2384 522 1799 248 500192001 596337478
255 588 636 787 520493244 747204814
3104 489 3575 1055 263058265 807371355
2744 119 2888 265 54131959 392877470
3706 1082 74 1215 104982811 350639714
2554 759 3641 1339 211014680 379288963
2619 681 3371 332 23995980 628377195
3529 577 2297 1073 88365344 728410802
3566 457 1637 901 241264295 648031076
2761 514 3797 533 185045821 306912146
105 471 2658 858 65298786 433200393
3344 580 3732 1246 698381746 794609734
1051 545 3849 25 267667077 327791794
230 484 1997 138 628347566 881639520
2958 1073 3752 672 628133288 754558435
99 1024 3459 992 420790389 597207105
2281 1093 3611 1354 170502641 400087936
1937 432 3218 1062 728998811 774132178
3644 949 1115 733 741653465 775497528
3499 1009 3765 1021 5790742 805965601
2823 585 3295 342 40481740 790470607
1429 490 2584 901 347115964 570054298
3234 258 2679 455 291943859 580189780
2567 812 1859 844 497816277 748073245
2478 811 594 303 66204423 893373312
847 1096 2396 693 551871860 924872693
1021 855 513 865 540458495 709063971
3133 554 3614 1369 866860324 929475937
2372 927 96 278 219614340 316981838
1658 1091 2577 847 142183239 231601781
792 476 2115 1295 213497990 530173499
1076 1086 1088 79 226652841 256887391
1211 1351 312 741 424000647 593660907
3854 717 3695 1084 481155282 762448920
56 346 3501 335 356656539 401606784
2053 544 1849 225 228011141 410680593
2796 320 3094 307 529663 347248050
171 1362 2935 426 141313586 525528180
1495 814 3634 1370 99378636 442255143
3704 774 1725 1319 261149602 318172685
193 364 2206 824 317787088 742532654
3828 288 981 463 67128399 455142979
2024 801 289 974 111461004 626318577
2355 1219 1142 359 146826863 308516137
1093 1193 99 396 582209760 694183282
668 227 721 943 302749317 364254514
1760 551 1517 6 394561602 690477820
850 886 429 624 140694540 671990525
3263 1269 1784 1279 187401109 632073733
1426 1016 1782 1162 573791353 611374180
3142 332 126 1267 362319779 367410524
2723 344 3690 843 550956405 941112501
1007 999 135 716 473863560 559116490
3701 608 2528 586 89729711 265013185
2796 593 1355 1225 621278016 692775575
218 597 3348 1187 276274700 337543631
2740 116 1402 1360 781178741 896371295
3719 1180 1494 959 240861396 475651269
760 518 1298 120 62162340 400116508
1908 1128 3258 686 265685975 336623828
118 840 2635 356 529497202 643403240
1851 154 1250 356 137603211 254182882
1655 459 3714 325 223652822 699152218
136 655 690 579 31864340 892362320
2821 209 1324 103 275646038 791983972
3381 422 3276 956 37528669 522564288
1225 316 3423 355 321955289 957715096
3848 503 2794 740 216343162 322273050
3685 1335 2803 174 162758634 861293704
904 488 2909 1038 293984938 732882108
3176 86 1825 1053 133199780 952047430
1177 1054 50 1134 201128917 665498392
3573 649 241 881 409728332 593568560
3803 1156 778 706 70135990 263592126
2418 819 984 1284 228191416 417209772
1115 1172 1019 796 173232356 366245956
2136 648 2439 853 162453667 572659335
767 670 1571 982 52016178 318543795
2095 1135 2667 750 379414188 878211886
379 1060 1159 389 207058819 337543053
140 32 3503 1309 238994126 696447585
1443 945 876 1090 200329705 733604799
1612 78 2894 426 87024080 92920214
3560 1087 3755 415 322463580 563580333
3674 850 2471 1122 362287897 686575909
3907 380 532 861 55468886 105557770
2948 889 1377 866 215781395 883986231
2396 978 488 449 201711699 898140187
793 640 756 392 151538834 322331078
2997 1044 3635 1002 315286065 693587544
3159 821 1690 1212 326467620 485260845
1451 1326 2507 947 191862772 645035268
142 157 1104 620 344588571 558751646
506 83 2712 571 573924067 905625586
873 92 285 1144 169969718 336099471
2890 1307 2241 258 185728935 309332876
1990 443 1775 874 203198754 222759872
91 973 474 121 153138880 814597245
1873 71 1276 87 385923059 841332584
1084 613 3580 774 707762414 875973234
1515 1048 534 217 169232563 872437838
1220 1190 3180 701 124374746 143365126
3844 257 2156 370 169733086 513323858
2609 181 1589 1337 585389048 751755902
140 53 2324 178 390498501 505298025
3200 948 3592 391 55766341 871995640
164 1208 2425 969 501208016 644734940
784 839 887 65 151318720 262197659
618 60 1597 110 748592418 904947224
1124 496 3235 951 649909530 665813784
1474 473 1466 1226 156451732 720594218
1155 919 285 98 256781427 363837751
3732 469 1305 30 708678396 740560011
852 556 2313 234 259161136 764253285
1233 1355 3024 442 655908990 781484285
705 1275 1897 228 394811532 732592637
1986 245 2221 201 716227244 793077886
3705 900 122 671 264027305 469621908
3467 516 1467 532 302591024 753811509
2067 1207 1163 756 236204477 527151456
3503 1380 3258 604 117009790 313300889
2633 358 2903 960 383808180 944315690
2286 852 804 874 92613915 162278810
1437 690 1933 1261 280264008 628488105
2442 255 3785 422 463378400 576010313
678 460 3205 386 348047541 752046664
1484 356 2034 631 60908005 888970766
3545 284 43 1323 63982549 877800156
2716 1367 1173 987 589051115 610098757
2683 11 3516 1020 68440227 518462203
3522 1178 731 909 370079475 782082534
3078 1321 667 345 167539035 520857926
1395 556 2395 353 175800272 834341950
1557 1192 2472 124 433579700 925972430
582 1317 1907 1004 340408673 952253448
127 1204 3657 1151 11235466 765900772
1005 396 3358 1232 178222586 204046375
1577 397 1516 1228 141244648 570141085
1409 840 948 1273 8832129 452816798
2418 948 2916 262 588257983 590389028
1701 348 393 74 81402660 663804666
2947 1230 2066 659 374290095 540302256
294 540 798 558 139324580 834543183
68 656 1401 1156 411117951 463556048
57 409 3039 399 691432733 768769596
540 216 554 20 183684010 952089531
2211 6 2607 51 728400866 768410585
520 484 361 990 425194922 471496394
515 373 1053 789 707863083 743111085
336 450 801 889 13275978 899121193
3255 894 44 1023 82696262 672385006
3780 981 2833 1233 191269619 736549319
3171 613 1328 76 766349903 817044731
145 634 3602 252 651193116 954161538
3588 103 2694 1272 341948668 465575255
1847 454 2416 1369 478849152 728717370
3739 931 3533 519 611619511 890954988
3315 1178 563 588 60264846 622529492
3191 1292 384 911 314355296 559000594
1874 1049 3079 870 813764770 949611615
2905 196 2717 273 133991900 490000213
3394 411 3545 3 248298993 820897423
1310 722 793 324 296674282 361627791
2413 368 3025 454 333995715 719996920
2688 1161 3680 76 543822160 940652616
2071 485 781 1357 88626346 142718075
296 1080 2601 997 426544829 845004927
2443 1179 1229 853 135712794 602431178
509 926 1980 1207 109811363 801489430
701 277 1086 549 16225084 187380962
176 954 3035 696 714408871 848749976
1664 1291 1167 180 712605976 779812283
3755 178 3081 1035 65661814 258847733
2636 246 1276 1265 606187777 956309328
441 1117 3672 1255 107811609 714659257
3126 271 2126 1269 510293273 642377725
3407 297 299 407 874690496 881413342
880 1223 1879 781 239922915 534091877
1234 164 83 1326 554001899 860354672
2984 658 571 323 50531155 777604419
2149 768 1051 8 122848718 909481476
3647 947 2654 711 70102459 209728831
1944 951 3538 139 56690452 562211106
3630 455 1638 1346 3807422 880514935
1021 467 253 832 156642933 348819768
3738 928 3905 1115 275711029 895771222
36 1150 2749 907 315466894 794915116
723 1362 2385 176 22254555 365220008
826 919 0 1169 375694031 390144674
1253 1057 3825 365 88949994 181450365
2472 261 2620 586 42343256 936076703
3591 732 679 1192 519133737 703694578
148 29 3829 874 62252512 842164351
1903 796 1216 1309 714555159 724605912
3801 25 3053 1273 10253584 506956571
2411 585 2251 730 826985041 955886548
3626 971 1827 54 617563310 914650666
1736 1261 3222 741 783359920 941598460
160 1256 3004 224 327066392 821094901
2714 566 1471 287 349423265 732116473
933 1156 1752 1196 53202871 462100773
1153 644 3196 280 320783441 934985981
3042 448 899 440 369707503 383268220
3634 1350 1910 359 455635381 831766932
1034 76 609 491 36203166 460417858
498 1063 1364 1375 728081566 839155512
1790 326 635 294 352484934 380047276
2429 955 2289 143 150163519 433916751
3022 175 3245 149 37014695 431620309
1056 655 1428 154 437819930 854383684
3625 527 3264 755 270458982 276816979
2991 833 720 1122 74242588 885411294
1983 137 2600 1335 372063794 808904965
359 261 3121 404 45804595 328682393
2072 454 1204 1331 142450053 705686094
2859 655 1338 1329 233807810 635903055
2091 1049 2499 217 209765141 379050408
3903 116 18 828 57915820 932849830
78 1180 2283 1219 14728787 826863859
507 908 1747 881 14247586 267212678
2869 1155 2306 692 239936946 435405296
1439 70 3693 221 265399711 806429016
2985 93 2190 311 845881672 906165937
1529 806 2744 1316 406379297 659563847
231 177 1961 315 117117352 760405422
285 497 3611 143 259136315 662114693
665 856 3122 896 421532188 630497813
2678 1125 2003 882 116999635 801413616
1114 414 3895 783 505398680 926971948
1112 1380 2553 375 450961297 474311675
3152 1008 1731 395 220108478 872875278
2790 474 817 240 442279511 751321289
2586 406 289 818 130084061 175450318
3611 1235 662 714 177985677 829459959
3437 7 3868 231 371041446 545928661
3027 1302 1153 186 80479489 648640018
2324 78 1569 715 112186361 447793950
429 600 2576 255 382858606 625660678
2537 256 3936 1326 42201733 926548434
3025 483 3504 224 243974398 373300890
1482 961 3796 859 358237239 662705992
268 1365 609 221 534478809 822154843
2599 165 2409 992 369398297 952840286
634 70 216 514 795849494 863742726
402 679 187 1284 735774667 837864951
3047 580 2523 880 544091806 874248150
2572 298 1762 1076 22753836 866985171
652 381 3782 60 372564012 830436073
2987 1362 221 274 335261380 375434773
2338 455 3873 665 272106924 710637599
3517 1133 421 1344 481142838 525739696
1260 479 172 61 302298574 487934960
2727 296 2056 1372 612787648 862624483
899 156 3834 548 662220761 836335099
2476 1014 249 769 361567627 458027487
1088 827 2049 28 262753671 893985531
1732 351 2155 273 820541190 888654275
2903 1092 2341 1251 224273262 592662885
2737 1009 1667 184 84437714 527757360
2360 149 2392 368 383564483 714935354
2057 789 304 971 215861444 841873498
16 633 544 225 110442142 718164239
2568 279 3321 491 707496535 807414029
2842 78 2432 1125 454314915 481213750
3462 1099 3471 239 232247393 454658494
1868 1221 3005 987 494867080 646872913
209 224 3782 931 655862335 840913750
3679 591 1925 1050 364137863 752295176
1384 1085 3167 491 103081364 338416385
3786 694 948 1003 638275107 732338060
208 891 2914 1220 150297513 778557054
3459 1160 2696 578 358094479 436639468
3522 513 3866 850 13064697 93971131
3726 1359 309 343 40742109 918505219
2859 86 3480 1139 122644538 818534708
229 73 0 582 598668165 700107920
2370 993 1650 1277 475540533 540834699
2055 236 3090 556 193224130 526012609
645 1320 2993 318 60493166 574754194
2183 335 576 1249 98627639 460011354
620 1302 2811 1253 455706560 760949367
2409 1340 529 594 240973654 882536969
1871 1200 406 600 361722641 416610890
2690 93 2079 1303 425198266 944313254
1451 1057 744 991 98452882 447803754
2845 270 2980 365 263457196 469694943
1693 852 1519 194 368979315 470589062
1004 961 3192 85 119786960 836808281
3492 1261 503 661 769387728 807590582
3301 1163 1550 669 66714355 716978155
1116 990 884 50 292436976 467334288
242 173 1143 115 445876335 795464318
3450 832 325 1159 460836759 810873888
3889 1197 1494 237 778322739 873646097
3796 4 2446 428 568629904 833396090
963 717 113 385 81004310 906345317
3507 1028 3910 973 11406402 850071239
859 341 3300 546 158357212 623978302
2211 248 3598 293 284585124 461544569
3548 449 3655 371 437895789 563636302
3580 788 3149 804 263494886 621835208
3338 562 2821 34 577220370 828201192
1404 1115 3854 1282 174260325 515655665
2963 1 3341 1135 457542152 930237974
3447 978 2003 215 109010497 545805306
3723 290 3115 1096 137126889 735732979
2874 373 3301 1322 38095111 414408414
2186 240 1794 320 515036677 563575936
516 255 1382 1055 718469369 839241191
814 179 1738 1317 562147014 936496818
3565 770 1552 1184 666353651 890581167
2424 483 3804 9 375510312 592559880
1005 279 67 806 257647008 276459215
1611 921 2444 766 221094616 930402352
348 732 1357 257 444718709 477037388
328 264 677 456 176159398 513418766
725 296 641 522 77696573 496233012
1042 719 1297 927 765842696 918306132
3028 1043 2004 122 577513921 699281441
3099 721 519 419 599333224 857085437
939 611 1918 660 521562443 559898138
319 559 2820 153 833786535 847650069
3669 1085 2274 1241 70878588 165129067
1382 915 2058 12 177454240 872768306
996 1074 2159 290 300869404 722832221
395 109 1052 581 53536437 655962411
1991 1176 886 532 566275551 818203252
3204 1183 2456 290 459769984 746892984
3219 1125 2659 1033 573569770 689317839
1156 730 2974 462 146410079 403272160
3670 401 2050 233 46386650 831334363
2791 8 1989 593 217273846 235950593
1963 1050 1487 236 508237959 905496975
2245 171 952 359 69256165 84713263
2368 381 925 174 201686946 658135030
129 189 726 1071 194264060 810828961
2724 624 1149 156 63534666 952030011
1006 1026 1339 80 257684184 313083916
383 1163 1490 825 265439401 464163373
3263 400 751 1072 519672920 531240618
983 254 784 948 61359888 622622577
479 242 777 1221 306582496 315639476
2201 435 3796 861 463556396 778137057
1094 173 917 509 330832056 547211860
2551 409 3483 604 264076080 487941211
1033 559 217 232 613567791 926211198
2636 1216 2094 1162 773685625 822321136
3070 214 1378 255 141377816 852477185
2113 774 3113 1331 247577827 314030707
1941 815 3206 595 122271728 349509264
1775 67 2663 286 533512702 642056274
2384 470 3687 929 124779310 932691835
2292 753 3303 339 97251856 115365790
1988 1135 755 821 592265650 912527044
2475 1115 2325 1063 611482102 857026495
2991 330 2658 0 483549439 835501293
1546 115 1189 507 358601645 468271908
3170 419 1783 407 616778039 920796676
66 564 754 292 849149867 927599395
3425 1141 1201 136 23900045 767776967
473 771 1521 873 128754247 625189342
3453 353 892 344 407580583 900581217
1405 424 2485 470 589119923 920189504
3523 1030 1082 469 414175592 438598184
311 133 3844 1210 644584308 655962995
379 981 1375 1200 718951179 903028010
2704 643 2716 128 2126528 21410221
2776 107 1945 322 322310189 950503609
2127 699 2294 1216 267050857 330609430
2632 118 1360 1328 217837758 321060117
967 463 266 1257 30798469 873909723
3047 1001 3261 737 378002618 632710600
1857 766 16 1040 32188528 573171795
194 544 2026 588 286660786 660217037
2741 149 2724 383 225801789 730958236
1852 578 3117 1122 871424705 912955075
1011 762 2236 572 18793154 852150875
2963 481 2628 1177 506863166 877180061
2243 881 3439 494 603258828 618276615
3903 976 1527 1040 115386500 841147039
1871 501 2297 843 217617171 302143714
999 566 2999 1164 687586964 815630000
1895 537 1411 310 330387173 353783943
2123 663 3017 826 445508584 551041640
384 198 191 1251 370620215 516965872
3159 323 2917 478 146457891 247392249
931 353 2042 443 617730759 903872964
3834 470 3167 1322 79408589 792871546
3532 944 2843 517 600905043 638354404
1872 1147 2584 871 426702472 796475788
3936 1345 35 557 457363990 470506004
3645 244 1221 12 408402310 697412836
1487 1008 1519 531 465888020 641361510
245 230 3338 1294 645538623 918132347
1663 317 241 776 264158861 643477118
1886 700 3285 364 30606599 503407093
2547 100 3027 389 80602253 681898531
2675 428 3593 887 482028965 614487342
380 215 1431 1343 168956268 484740927
158 769 3077 102 8360797 491465579
3030 263 1869 1150 5847981 689634438
1258 630 696 868 588418341 746605961
2729 650 249 462 320910197 517429103
2988 1250 3709 86 56836242 145506789
2876 215 3939 1159 374467339 636505003
532 952 942 784 195938931 261166874
3168 490 1384 638 169757172 426763732
1899 418 3579 663 689386570 807488781
2653 1216 148 283 400600216 910284198
2296 169 1134 1217 176190118 311815075
1008 194 1178 1171 298972885 538296744
3177 1122 2786 1065 325186712 927661053
2307 259 329 474 381145221 521745451
3123 446 2170 1256 209826350 628122236
3138 916 2153 1132 126734641 614617553
886 898 2589 880 269483805 534939818
454 1026 3271 1342 244611736 819073914
1266 88 1895 921 681255103 720207160
3292 963 3936 292 354640326 572171307
2125 1299 2284 4 85049019 474731421
1853 774 2808 559 78338733 428680705
15 44 3590 983 58970878 272942953
3098 236 3202 50 448743192 538395007
226 90 1969 822 302726857 517731572
3804 1303 2939 88 90384676 280571229
3096 1229 3923 298 440174362 585704808
1293 43 277 643 22857835 447249748
695 658 847 559 261086439 347294103
2301 771 325 798 58594047 510948431
1509 1379 690 335 247856608 882553255
2199 311 2733 940 380440670 389645872
2708 1074 3828 1103 230392209 856796307
1885 1378 1447 1328 242057827 638924761
299 1271 1050 1057 345467141 475765755
1946 1072 2399 281 86289105 531309631
432 807 2100 1119 270666369 389825043
3587 1175 2504 273 168229235 342704078
2416 124 962 742 174939327 746439213
2241 182 493 269 457703617 821568995
592 1327 3437 23 327786258 391609653
3431 493 1255 582 203819386 350851826
3003 953 1773 39 7706792 709440984
2354 561 927 871 599008514 795377569
735 764 284 1150 10215146 347254484
2752 1165 3003 181 162710934 174386889
2070 1086 1281 285 819151059 831353199
2281 225 444 630 89360950 752233223
1470 562 3243 623 46917213 213181342
1515 66 1627 1207 218040211 903505737
1077 294 1671 814 418124067 546482844
959 400 3555 981 680600735 695529149
1615 698 2217 728 32497251 812476824
895 1140 22 48 174208077 306440165
974 144 2840 1022 47368101 810144233
729 179 1818 171 363733899 405172355
1172 749 198 344 76919352 387511153
3782 1307 3835 949 55678562 389667519
2472 805 1807 335 70074458 818083562
2703 1042 69 888 506114962 883398588
3186 1019 1458 805 446594994 534519261
555 337 2447 1181 165118013 597997648
909 536 1040 560 244948560 315276559
704 1154 1419 1253 139602581 439777402
2216 894 3317 838 198100364 552438822
1011 547 3020 686 228287744 624706453
939 341 1695 58 237086216 820981478
1694 1128 1028 1283 385684301 624824956
3917 516 328 470 170773225 604331625
150 527 1650 414 120996257 132519086
3391 718 2761 1058 626195474 919278225
2890 128 1956 384 415549436 745980471
59 1310 2331 691 389897773 646596834
3669 1025 2987 140 370725254 792941458
3766 954 240 534 168914051 343269360
195 691 1584 1345 555300303 958518332
3509 1216 731 673 82565475 480003079
497 1167 2968 432 407803633 661964900
105 7 1221 792 82393789 97252432
1816 74 1645 646 162762822 409138057
2849 412 3452 923 229717500 543357487
1835 787 1044 1162 87190203 378676961
2118 294 3049 685 182360295 372307505
2491 557 2383 1240 97902568 249393704
2553 185 3946 1055 411507342 650011858
3026 989 3917 689 183513646 691031376
27 875 1366 508 401142245 946592274
1633 425 689 1188 45665484 711010247
1066 258 2151 476 312055275 355151241
3429 1008 3704 303 139051272 949566181
3347 683 2631 556 445932541 543990761
34 727 3547 821 703742610 811125593
368 278 1119 600 50895962 338460096
3778 907 1818 54 283890951 765035148
577 794 2918 138 438720770 855944534
1046 1006 2507 1069 648824094 772267222
3357 434 1566 66 51120604 369956532
3212 170 1619 1044 41838846 808347456
2407 932 868 631 109751496 615799923
92 1094 264 1356 308947628 473494371
3518 221 301 625 470619036 680630023
631 1073 3840 453 60383730 617089719
1363 163 1852 1347 351711598 873234778
1117 1255 1583 188 649559585 766591672
3669 631 1384 1369 447666491 672183585
1575 685 897 558 328613856 449329525
3691 872 852 137 227775461 934300528
3629 480 132 700 566358676 944430850
2181 196 3003 153 134247251 745872512
121 2 473 954 174501249 425354707
2819 820 47 632 231720182 873879452
1314 199 1973 1208 410683643 951005204
1826 1266 2748 1367 271905326 927870046
2862 465 1325 290 29744297 746640249
3101 986 1337 285 91676732 368455158
1313 1131 2654 1104 119967208 645372430
3238 303 3819 802 471176592 779378416
220 924 571 1275 225070205 507107275
3237 435 1880 1014 316047900 892238811
532 703 1548 664 411620732 865722381
324 1237 3869 48 314550777 315214933
1485 1198 2251 598 187243993 657551175
2408 207 1939 219 180195088 323892784
1296 825 2934 735 351551371 637130174
97 472 2224 517 178771365 523535707
1706 900 3205 583 225888666 300301399
1905 269 740 12 284933173 463245686
1765 1005 1865 370 195567261 374125563
3221 1195 3699 1245 9707721 784069269
2945 789 3650 962 532536073 691844514
1444 835 1587 796 353458547 586233728
198 958 3581 729 86726707 126921259
2235 1032 1513 498 51998196 820762146
630 1036 1981 751 103095088 933736726
368 816 721 179 103351095 757844192
2301 1240 3082 380 223536105 392539165
1976 603 1010 768 170058321 196049457
2735 704 1752 156 427124468 816576203
1371 1344 1201 1163 234990787 602804359
2709 132 1805 1042 30753154 154358732
2904 1124 1448 1052 359578841 630772133
3148 781 3593 1198 801600858 835357359
2897 154 2666 277 365957612 571739725
460 816 2149 129 91829444 653514029
3475 953 322 696 74507828 886932807
2896 1172 1269 8 281527529 391253241
1911 1356 1262 374 193645370 871152030
357 230 3547 1101 427306041 911982418
2114 990 3227 1206 445679200 447791837
1421 241 3599 778 123387 107240938
3435 1057 2477 99 164358996 921271802
951 901 2427 667 81736674 768155234
1935 182 1552 804 426180404 547615247
1997 1140 2281 391 320265857 797669941
1407 1312 2343 597 544705507 773947113
1680 635 1547 820 103747715 299678732
1971 364 2431 1132 170203879 451474433
16 1190 192 308 79909288 385615425
3946 1036 2424 752 90730426 512544578
1368 5 2344 406 7009998 872888439
2206 756 2685 1327 709921569 784109677
220 1197 536 931 312807419 769887180
3890 101 1994 817 522770553 954373424
138 723 2738 935 283764587 502453160
1614 647 1924 294 692544537 710358652
2605 552 3362 496 226429177 569367048
2713 898 259 1322 28936227 787179006
3026 1078 1378 1374 454653525 732610189
487 1103 2881 1331 431841876 593110167
1522 1273 3694 617 406170947 887668723
3626 1134 1888 1075 459502494 890855856
2367 1072 668 88 397411595 900709409
2192 775 3788 168 189277293 444524407
2573 212 911 1192 182298085 933233367
3387 1074 1630 1161 51046355 849645831
2258 1060 2112 640 445362082 482436789
2259 862 1207 1099 522893089 821919524
1563 802 2256 311 591551376 757609586
2555 309 934 129 129409124 763512194
2434 1319 1101 312 63918071 756752260
3130 172 918 434 394690257 644029874
1853 436 701 1198 468585827 505516277
1701 894 640 372 207101489 563260303
2870 1228 2506 466 489749616 757576783
1822 974 3413 656 183522618 379132035
571 894 3587 927 624928881 744604803
3873 323 3469 1007 473959167 611946677
838 155 811 214 430985341 497260944
1350 958 3745 456 134079940 662345911
1776 459 3358 1221 175855446 247530359
876 916 1878 1125 16114049 358323595
1490 203 3433 1123 536564501 672345030
2588 1351 3918 759 347757444 666600521
2101 276 1680 142 70252826 174347147
1419 774 3429 865 395840463 821480691
406 269 2589 613 75911337 706563275
949 1251 3663 144 344905787 534551157
2781 1133 3939 631 219868061 878079006
1687 166 1779 165 597514004 909462197
2396 566 1239 21 228007121 779648549
3871 1088 1819 4 110101140 589548678
2974 546 774 1324 47385186 156352442
3316 325 2538 816 160218466 698822306
3245 440 2223 178 118660949 779876326
2838 452 1220 1319 173551639 636532204
3669 1280 2944 1005 841185736 878841979
1170 272 3813 539 14652013 927801255
2955 1332 162 55 157075878 500570586
1352 740 26 1145 49638389 863615228
2871 239 2134 435 12279640 390372405
567 1245 2746 862 20643783 143546327
2029 287 1521 13 525563158 932627449
2873 1164 2305 253 510710464 629782138
1485 513 1307 1139 811684130 827955937
2129 284 3475 420 170947654 541357418
2151 1364 1919 1082 254560766 442398414
3547 890 2351 630 724286221 726618367
2794 686 1091 1242 10289981 211782132
2419 1146 1602 731 118287855 780098682
838 17 984 656 100562734 402293398
223 1165 1831 1248 132375984 905299331
1549 96 1096 733 267213024 553301006
3737 665 999 795 320820166 589887339
2159 1107 2726 227 149247180 509839379
2749 24 1698 615 327841217 664728203
660 211 2203 1363 28686677 514244985
1700 1271 1417 66 21895976 582864718
2943 951 2912 354 229654425 543606650
3151 10 2295 581 291442841 650499191
3560 646 2608 969 392040850 800668851
3938 335 1190 366 450473553 458673654
1587 306 2284 691 499903868 692827316
913 604 3212 415 425645839 944967677
2757 387 2723 1367 306559048 348275629
78 971 37 854 2619223 85970629
1947 285 1028 973 271175755 650879957
614 921 70 67 256705707 940183089
1808 357 2014 593 239600469 380551228
1277 1099 1944 1321 80749089 951710280
3690 1248 3673 934 699191802 706724336
2501 270 287 554 43844545 469088431
1765 695 3928 639 493304486 878338150
92 418 198 1116 290423169 895541049
3558 843 605 295 330686354 695340229
1300 551 2813 1320 362476919 611237296
2267 553 1686 553 119451682 458688782
3616 972 106 962 306505009 495278469
179 736 287 556 351848072 515988750
1334 764 3269 1100 119553183 833756851
2477 285 3248 130 551288537 642188179
1503 614 2872 1102 337894900 841222593
2232 1183 1084 1101 162399683 643685492
754 239 587 987 394201221 524603252
2278 597 95 532 576975500 739738736
1342 477 561 719 628586790 821569908
1988 643 2909 1221 551431165 823659721
1984 658 386 253 445590471 914515444
1740 965 3762 223 289910478 751979891
2724 549 3645 886 740730993 847433207
3595 956 596 823 132243357 162222455
70 676 2671 1253 80701656 252233342
2540 1344 741 47 19546916 524073042
663 884 3174 1215 372907470 729098010
1470 629 609 893 193950760 881907722
3274 69 3341 273 477304657 599210315
3638 148 1375 890 30709344 221444076
173 721 2690 957 256852153 695912280
3002 806 2323 868 80130695 126242968
3497 270 1014 793 61686490 542792451
3584 674 2398 667 345466607 558155464
3022 937 2377 1251 158246562 633178593
2668 489 1993 931 363297976 893654495
1773 523 2247 410 206381178 530620057
1195 727 156 911 137666775 769670007
3171 847 3714 671 609950125 854782724
3763 156 3352 1134 537887807 929283621
3008 374 880 1170 494102498 645453026
3546 507 79 1082 88794215 794300715
2762 440 3157 392 256594756 683430442
1008 1169 1796 596 670644228 844205346
2214 1202 3663 1017 293071323 747395271
1725 1265 3359 397 147339544 149904793
2963 1333 3906 442 292407561 593261738
2906 815 980 1091 151477929 829082429
1658 346 284 102 290792257 811266122
1682 1103 2496 789 299125840 696200692
2807 185 2224 311 11348174 375347174
1540 1062 458 22 394863271 898322956
3801 1188 407 55 98851758 131789349
3670 1037 3619 747 721725470 821094037
3689 163 3805 241 130013713 369235641
3774 1314 2569 1210 460072743 639226632
2481 196 2404 81 453894540 905243288
2283 749 2791 1378 494779471 896145917
2741 554 478 1259 57935053 72969405
1068 172 1270 465 118174777 224805367
1507 507 3644 327 354642864 692954741
3750 26 2707 745 862181389 903167129
2843 527 230 923 590070726 615727611
2300 920 876 646 168679603 182639683
1704 463 1408 374 681505467 889781338
2600 1260 1706 988 189448428 552742493
695 162 1775 1202 154998560 901480511
1818 1044 2127 737 436692714 575577372
1460 536 3205 9 25161964 654173384
193 1354 746 715 433286299 731638069
488 1110 1482 1065 35183813 578422511
1992 61 3413 226 33588343 359419674
1130 735 3832 635 19736144 730896135
2793 855 2416 869 470733339 763719372
2323 1236 2006 36 262020548 577713375
2840 127 2007 874 112710177 400257437
3385 1240 1239 590 72217950 837443383
2240 795 2318 1269 331216416 686056825
1476 647 3283 1039 698686603 841917812
2144 46 211 1056 310977084 673318870
3405 515 817 163 362120766 888617384
221 826 1630 898 343455571 729057294
509 286 994 183 90656624 117049168
1414 223 1994 971 371024899 933828083
2069 1288 1916 268 37260004 240445429
2893 437 1371 998 294796674 793795890
2808 66 656 1231 248495513 408195397
1896 1339 3132 1066 554806204 768669771
3902 1232 942 318 634186170 934386718
98 398 226 1006 355216422 400632695
2302 1327 1925 788 129706917 519927902
1048 486 3463 1158 189385426 670123050
1553 224 1638 639 715294498 754179240
2753 1140 3444 179 450019095 825702350
2433 583 1847 1088 396267908 411490113
669 927 288 846 394915882 931269044
3177 253 2589 453 274414791 745298644
1589 734 308 192 83210706 306571793
58 974 3371 261 100479176 834053784
1071 710 1264 1083 69124569 912358670
78 495 2944 227 46016193 90792610
2622 359 3729 1362 261067627 714879403
1010 467 2071 1331 245046035 713675834
2303 151 1941 32 97313829 675868716
3835 1298 3414 1103 451839989 857244241
801 119 118 530 603278788 805677001
1892 483 1541 385 206470360 258403528
2290 400 1060 1378 144381383 674013955
1692 289 2685 44 318348822 337549420
130 915 839 252 161693093 535251955
1247 614 2227 272 528348691 550130422
1157 1219 1537 1121 230139670 728452820
3147 1122 1498 515 153438401 277496650
2376 1035 3882 704 173697851 669454852
525 177 966 679 29214195 610077739
3926 1337 2775 907 535109927 624515241
1903 660 407 210 168764524 534755065
2540 934 1241 336 355690017 818019088
2564 288 1910 601 327105298 824851317
3690 381 1235 432 195308816 844700187
270 977 1581 202 838231090 949060289
566 238 1644 490 608857635 790583175
538 856 3627 1013 84480067 835030781
1736 901 3636 1022 172634157 471881574
2865 758 3662 650 798565726 864855332
817 658 1529 1111 185966991 190591213
64 877 199 919 596046509 687251367
3663 495 1243 1222 739559440 749430587
2093 792 550 1177 187166861 445562662
2077 600 2184 317 631645540 675336630
3747 737 753 848 461676477 686546919
2957 264 2974 664 496720264 645155207
2165 609 3777 1266 175166691 898030318
2235 1185 275 232 426104137 509305273
3705 343 2289 874 657946703 827995120
886 381 2484 273 420961660 578951648
849 851 3195 1276 55214599 97659528
3711 537 2321 722 527449665 772907346
2761 618 3395 617 267752985 884729845
3873 1085 1370 49 303806544 921867039
1787 1215 116 397 398015334 748176489
42 470 2554 989 70160968 600428600
2767 1158 3312 1070 75688439 172418712
1130 470 2245 384 463320517 703341525
470 915 2378 1230 84615971 565233503
811 1254 1102 670 51772901 606800568
2447 253 147 708 284953031 566369580
1145 960 372 1056 2247608 589873444
3059 818 3361 868 100764764 174217585
2004 1125 1967 1022 805999625 897992815
3006 431 1089 1017 726937230 899433552
3361 1040 1228 1292 122498506 586991216
1581 369 528 1100 524473740 568980411
2216 593 3527 1116 109146691 707395048
813 227 1360 521 393867973 586323108
2207 1210 2364 19 160878821 217385501
2162 179 2834 1184 567601094 905334379
398 44 3410 593 381350141 552604476
1134 1001 1571 490 302281211 765167548
1519 409 1030 1308 336030343 369110521
2441 717 209 1217 214651754 361508746
800 1108 1680 1197 419985496 742263712
3799 146 3126 369 275973181 921451771
2137 659 2002 359 754721902 807436158
2902 360 1905 1007 52482587 767434805
1608 552 2093 1221 622075015 951813128
2254 329 356 419 470985293 772763585
1369 950 2544 461 639342112 820354925
3134 1287 1877 447 937247351 955970532
2966 1063 2242 765 365375073 455026241
829 697 418 607 569389946 857323445
1677 882 3927 1235 631056096 955648098
2712 984 2371 1369 151399875 364333647
1914 769 1863 146 526665574 611134021
2995 1251 606 212 191213445 670411994
1470 1041 184 15 70569222 535756224
666 603 2430 1268 395658205 866844462
573 760 1860 517 128197655 643305739
1585 249 2969 324 434838985 587137644
3690 1099 3241 624 245098722 594752328
593 1248 3462 1005 204279291 742750053
199 83 1822 910 29526818 939488220
2828 319 792 676 514147138 763615227
1063 1377 889 180 99705392 269927834
1086 271 1807 1114 480493638 522762266
2744 235 2525 17 476853545 864871301
1844 284 1322 840 30854779 931958649
1480 1200 3380 28 368573719 470579620
246 371 1255 606 86091185 616110388
1496 1278 3810 1233 57964909 695443006
3400 836 3785 407 1428846 811445173
1660 640 631 843 315321983 891811286
664 1088 3567 1226 117638964 190991717
1375 472 427 649 654536804 942015828
1504 1122 1603 890 116833693 579758685
1465 663 1611 570 366232709 390891958
3140 923 909 556 538323203 698506360
3839 934 1972 338 68854244 174529700
272 1303 2566 909 794049890 901267220
446 170 3369 547 32934283 915012640
3228 470 3567 191 709902739 835642961
2805 855 3554 1053 131940580 835677179
2479 351 1861 43 344393912 545669471
959 956 3706 689 436817924 470958379
220 675 1204 568 241437364 730404865
557 934 517 294 141718197 208602635
3117 658 415 276 654729340 796822667
2010 953 3593 578 450915584 807247972
2843 1058 2604 476 566326110 667869485
3127 1309 2566 393 392657719 649963688
2887 740 2216 65 477862524 870237271
1735 1080 1776 67 104658434 656512967
3611 836 902 812 125297357 820367011
2048 722 1502 1320 685770495 874398280
1208 1138 3531 1032 409333682 455715871
3789 841 13 1138 823767476 826380622
1522 978 788 186 61507716 467426121
790 313 938 1200 642415934 922563573
538 332 2467 1166 463499924 542284176
490 1371 1911 1140 65247597 716178002
3554 675 1036 393 275529321 857938932
3327 55 3824 954 272239243 454832605
2406 118 3581 546 604687000 697732038
3750 92 802 281 55219917 654628698
990 1325 997 966 129987681 194966285
2915 635 2923 1204 459677084 724659721
209 170 2229 79 703678979 822642821
86 233 3800 926 531770846 738259110
662 31 96 514 477015794 636227704
83 602 2018 334 3737964 334689425
2218 494 1606 897 139910857 300060207
2951 375 2935 1140 264755574 812293482
2247 760 302 1352 52474246 173245287
2830 1072 2735 847 372808679 589889461
3112 270 1186 95 19686220 598591253
2753 325 2944 611 15011979 694039327
1578 1105 611 595 398039958 658898611
695 794 832 613 287354862 488276847
2022 53 643 939 341664489 633002264
2460 1083 2250 494 207754839 943956633
3526 1264 355 386 304920172 503806613
1774 1106 209 1353 136669055 581725440
2844 3 999 386 262823901 907654320
1993 871 861 697 56509846 647677112
712 17 254 398 354393082 630057629
3530 41 136 617 48577753 754602850
599 173 1100 84 191211876 286309445
2939 449 782 327 99560395 922234135
1114 1293 865 1215 82906115 718458542
2118 1125 2183 389 150724283 750633549
2423 621 1535 1374 126020820 644003387
1865 176 314 482 74237204 777714136
1919 1242 960 790 556321829 938063091
1776 561 349 1186 339945537 693293072
3571 772 2277 6 358920530 443146160
3259 1069 3852 655 484723582 747845314
2043 970 3719 870 365995618 761997554
3331 521 233 372 665455534 808720573
3330 256 492 287 726634721 827134217
2376 4 1771 473 115188357 883167891
348 1276 971 736 328409286 544641263
534 806 433 320 504816520 773485286
3244 504 1425 1154 652513034 757430444
2930 42 3777 340 503648712 630049907
2715 144 2609 623 748643045 789649594
2707 537 3804 1312 104234835 328622237
1024 683 840 483 73500001 212758614
2305 776 2391 938 5270202 119494764
3340 962 2271 44 796794593 837084434
2757 451 3376 1147 342699065 639600076
982 313 132 1152 725267285 728691062
1353 892 1095 591 50429191 409068512
366 1066 958 508 150496210 920544769
1311 1277 1902 354 644509795 673900694
3256 581 1273 334 703757185 911725594
731 865 1117 1028 660983228 781757037
762 370 3629 76 744051581 790254666
332 1009 3649 1357 52757565 403028774
147 990 2065 1046 180603098 839952612
2457 67 1472 348 257019361 522973227
128 25 2351 900 355727630 720502833
1249 1346 1903 1076 90186573 777835904
836 7 2827 1294 25107661 246352959
3629 230 1129 681 270328771 784708715
2268 1085 836 1313 43407483 812518714
3440 478 1475 645 468354704 609463206
663 715 2790 254 455345908 663594217
1710 571 407 546 712170974 742251844
1809 1281 3849 361 244575735 840629462
1616 1129 2029 440 518062412 798728957
2834 456 1933 1166 725365018 887291228
3668 1012 3909 1003 287964692 420184793
137 1270 749 618 455096557 723968817
1067 906 2363 1228 919222410 941658241
759 483 470 257 173521065 327681679
2537 1124 2484 361 252323260 489553860
2428 1308 3303 394 346171566 353464824
225 395 442 1285 288576013 409493897
2293 1025 1213 791 377465365 563850121
1931 1327 3897 591 181516843 424196906
589 206 3815 487 357233701 617400068
538 391 2768 865 158664079 485142077
2338 1328 251 1208 236595755 835906263
0 1305 220 858 726214291 840048801
3372 1316 1168 1127 136771038 651897269
2785 335 971 717 712609495 799401538
797 1354 1325 956 64138229 655823234
941 1085 3536 853 223672040 867988561
2617 1232 1370 285 278364149 638029379
2109 946 3880 857 378515857 858070033
316 1001 3702 1242 7377799 812009878
2853 268 1781 1123 681501606 904389222
2168 615 3469 825 137677441 556318934
2295 857 1301 1164 42105434 906650308
1729 1318 783 1130 552187814 806377134
2783 620 3749 1116 328328357 650453143
1181 150 1245 372 479949876 616236446
1655 511 10 236 99949535 825533021
2052 161 2428 829 12379101 74107426
741 1098 1425 512 346759785 422967830
1376 317 1725 1070 127640004 663681663
656 55 660 1192 562277381 620491788
1282 1027 2066 1025 32428185 446479051
1079 430 908 477 112340526 329099495
578 693 2705 1372 700521341 827670473
2045 0 3145 169 684076422 888910046
3101 267 3383 1312 174776715 866488517
2159 882 3473 1145 197631060 862473198
2360 1323 2114 436 865532713 867097937
3932 427 2722 552 484775635 598415331
3033 1043 3784 464 37354222 758268027
1823 1331 716 116 321886218 387565074
3160 783 3647 517 447272895 671812992
2936 990 659 95 674873952 833535375
3198 318 3018 516 262642663 444490617
1892 994 2923 48 258402221 505571901
389 348 1673 495 116454394 295080168
738 324 3005 364 168323610 720254300
379 434 2425 990 304752197 463383507
3134 192 3270 329 120199304 734588322
2851 222 679 695 444781903 931862436
3328 164 2001 656 353568684 669759795
2581 962 638 2 729239162 785379236
2172 49 3610 349 109442976 329766444
3060 1328 1243 120 25609848 157804335
1186 1027 1493 28 6882322 452727298
991 1204 1347 1164 148574034 378110061
955 962 2217 1002 390566135 922497251
2364 1268 2922 1020 225712408 284264773
3092 996 3174 633 827713036 832984126
996 449 1493 377 603992596 924349644
1127 784 1296 304 139449112 952238223
3483 1120 3737 960 676167119 698285184
3184 1318 3080 1128 5084503 32182234
2259 859 695 611 82248880 178708219
511 357 1480 186 412199678 501751203
2157 107 1201 1308 295421353 911100638
3485 1287 3147 1203 90910394 448991318
2858 491 3865 1121 557668408 601204424
2735 322 736 1052 23663945 122745317
3210 295 3760 1236 396904245 559384030
3520 755 3397 817 5408517 13299147
1093 1253 1043 1122 35329755 623255850
2019 633 1251 1178 1274696 462425628
2740 723 1852 311 414086337 666274434
1370 247 1084 314 146913935 821415871
3654 367 876 550 124283372 498930532
1321 898 2812 302 361399564 684124575
2046 1342 985 805 114448966 262452258
3017 1129 2165 753 367574038 947493356
1588 984 3543 779 244510353 492684526
2520 62 2090 1360 226921649 853345232
211 568 789 1002 135693045 553705612
3738 1053 3310 1136 285554450 949397890
969 1367 1861 86 430312525 598378400
3536 1367 1016 677 734810750 895110895
1047 323 533 277 645215 641075348
2376 118 1307 281 56881462 528667251
117 1288 897 497 151391826 415528761
2677 493 2266 467 282072212 779584461
789 89 1308 941 328566730 576308576
3623 959 2006 492 104649061 858173305
546 1230 2304 85 146241040 329727917
1203 767 906 789 64471786 165346132
1974 1069 3 1018 125584996 824870632
998 475 1313 582 408279568 441577112
3823 1039 1558 1216 251712819 606218109
3924 1169 3277 801 112966121 307869618
2073 1098 109 335 364066603 533219372
157 1039 3307 968 265694404 339094304
752 566 635 99 112506090 775255712
3329 42 651 567 86315804 535402578
1649 570 3501 208 605001050 677599621
1668 949 1196 1321 558025750 581051911
1869 172 2414 84 28381378 935528778
1664 471 1096 617 912205391 952494862
2623 1231 26 569 347854524 504366845
3017 1192 3593 486 305918585 592054726
740 1101 738 1197 566939588 819851747
3564 494 2891 577 55967539 836710332
2051 758 3564 137 579855604 887111398
585 231 3166 634 370876468 651728748
2763 1003 3853 209 528809048 620675270
1704 381 942 1242 354440869 450250829
2369 946 2709 1322 376568044 859751043
236 982 2222 422 128321856 168961040
859 613 589 28 506846262 625483337
1026 378 1252 468 216460917 796800007
2083 337 2841 81 488992306 862914286
1989 1000 1376 766 167118157 168740833
364 10 1600 508 791092693 792161694
2530 1091 3128 254 258709707 844871396
3906 16 2111 431 653474712 747322922
1601 58 3441 473 304849772 322750742
967 966 375 172 107568814 333918411
1515 603 1155 513 81549116 568561988
1110 811 2450 336 163857643 942659772
1344 381 1665 1181 31911075 882655680
1437 39 496 277 646931527 665684137
2921 97 840 407 32279928 290776328
2331 1146 2435 1119 546998000 781724843
1153 1054 1215 119 5464939 332684924
3543 169 843 1149 558834072 849588858
1580 1345 2223 14 771442728 782920561
2014 211 3285 1044 299139198 750813769
25 1186 1732 280 281614275 883357527
365 526 2231 810 364835268 577108285
1661 970 2079 914 532559108 839302410
1667 793 3786 202 331242334 351961849
813 97 3575 367 73542063 833414884
2995 908 3113 901 702867216 923971901
2425 632 2757 1251 158049836 500150299
2013 1183 3462 102 662387745 787146724
1251 564 3656 1228 291406536 924678875
3417 160 3032 1060 88763102 155713892
2810 1299 2893 906 286981905 532088246
1988 1327 2232 496 48058335 365908783
1928 1279 293 828 285454377 911196770
2938 1370 2800 1225 322920883 765268223
3435 1088 437 605 419236448 929240988
3622 481 1389 1018 533493899 906777444
1950 120 1657 1201 637882382 834285733
531 369 571 301 852362793 884070443
1425 487 3366 289 226766637 813074532
3060 1228 3689 1211 124534448 760071234
1984 848 1881 305 509727499 812628268
319 569 3191 1028 292569800 689303320
2810 634 2544 430 239703334 646319054
3822 256 1113 97 343530087 596626204
2398 1056 739 964 269574473 914569017
3864 71 3373 752 493153171 908097231
1690 578 1262 612 591354977 782729300
2474 930 3447 1158 584520160 752131053
3329 121 2077 311 23709015 734699946
2011 1323 141 1050 101566748 731804816
1932 603 3393 347 601969542 663309187
1485 335 674 179 350332228 844467288
1980 426 2496 1357 471167986 495274782
811 640 443 715 340272312 407168145
184 1094 596 609 17388282 671084566
1121 1181 3949 1190 288592704 538260068
2876 49 1095 144 525320647 629945454
1902 108 3681 1042 11420820 813803768
124 62 3154 759 593742145 669046079
3716 1125 2824 292 679620086 896944059
2521 102 2575 98 406347979 894362374
952 774 2263 965 201711205 895564310
2321 21 904 116 22351914 712133020
2921 494 3840 223 398489741 489906825
1948 11 3601 1331 77069347 894668991
340 1111 2964 1300 370213857 372046023
323 98 3151 397 147126793 622474963
147 336 3241 1342 75510181 837910398
204 30 1753 885 539416274 690674212
2968 916 2531 97 677597952 752613416
3467 1337 2174 158 360497207 799841701
16 857 2772 1003 43818360 146398536
2136 1350 253 791 687493732 844647768
3547 462 1178 693 14225550 277850189
3160 1345 3521 1128 352097972 868632716
3542 1376 3416 494 285376255 637112022
1031 250 394 1273 15391363 314039541
2049 428 2496 229 806988512 914226064
701 669 3327 105 406537059 669380671
628 90 1179 6 517230060 656667604
3111 1021 2725 804 136044002 707070181
164 406 2297 831 402235582 779762868
1873 32 3694 1184 50706514 294339407
1306 1228 1015 393 198378157 369827942
2849 1188 1307 1090 191467075 833837111
2955 98 3870 686 384358765 904290714
2863 1295 1301 68 329045246 721293074
3240 834 162 1090 495423071 560397010
2754 1342 3261 1055 599484974 729174956
3547 369 3560 341 36132950 315861724
3373 1296 2184 564 283420602 391455283
999 178 2788 386 291309359 581365511
3945 725 1581 1307 50902091 586446358
3026 607 425 210 279487440 813864041
1652 967 3766 1062 372778349 924113000
2806 315 3742 953 84231609 492394108
2535 907 3203 856 585923964 874688994
1700 1033 3434 1096 209468726 894106335
800 961 2274 356 13040851 452266883
1864 563 3156 264 453560375 519259210
1206 781 2336 121 79334294 687975574
1915 70 1904 77 433949982 781570262
2723 1250 5 740 89484476 306466957
2104 655 795 1256 199979151 391524640
2481 261 1239 748 235529232 904668548
2901 668 2135 450 1159671 429459641
3279 924 2037 516 139417513 182373675
2621 177 3936 248 530533019 614833946
1011 792 1771 524 248727159 267434608
2053 964 1477 1328 423576207 823009134
2078 1010 401 1337 146203958 429886507
298 501 54 323 550396326 811123329
1563 412 1833 96 739224775 849168154
3413 1347 1595 380 453685683 545397103
2997 1284 1031 1212 600282770 606292445
1522 252 1199 1118 58200057 748581982
964 1257 3710 618 25613521 335827247
1927 1016 219 1118 145796899 708930510
3684 1142 1346 583 491033097 653124316
643 703 2051 265 640616069 864215924
2280 1086 937 27 30393930 919384566
1163 1131 2742 532 56565568 395763890
2587 893 2588 94 584039190 670346656
1730 601 898 668 54224304 725350177
758 1307 2775 142 328297733 705385955
1849 1239 3760 661 496188527 598647488
1899 1012 2839 1223 916019166 935675965
878 1285 2476 898 278359025 871247548
3587 682 2468 1139 28459430 251152047
55 727 2753 138 275295337 657996153
3716 1286 795 135 157731599 581385887
484 20 3707 620 326080315 814857547
3702 745 3892 1356 809600730 913705372
441 104 3116 1275 913879819 935137607
1180 97 2496 390 124439210 533512093
2742 1000 2093 543 15983325 839222454
972 797 2305 1114 434105077 465650215
2890 1338 3845 420 146366304 678168039
818 915 3932 1115 602283868 948347557
1929 746 2541 797 755708963 899531270
2083 1209 1285 1286 414819810 645839937
2908 923 1241 342 26420264 77441396
1037 1295 2670 1089 566785629 780996499
990 398 252 722 145661925 865664719
3205 217 433 704 302479221 669697439
613 853 3349 1292 325471463 780044451
2556 1135 223 374 197963405 609756291
1988 1142 3463 692 901088602 935075694
3830 133 3820 209 68383638 950943190
1037 1181 2463 1075 311059187 677581430
1318 38 2389 875 654093026 725166375
2380 1061 1734 1058 440494644 469362476
1969 1049 1005 87 275112567 535426094
99 849 2705 1339 439164638 948659546
1089 1224 3349 167 574932547 656481372
2309 82 3021 614 780309369 862245036
3563 297 1043 312 722624754 873710602
293 827 3565 653 10993342 774672426
1585 123 3576 287 386188636 765548387
676 324 55 458 415388795 951541077
3279 893 596 1324 556221788 616814308
2254 838 3177 1228 288060635 364248458
536 1296 1795 1231 194481512 231185521
603 77 1346 509 641396412 726235732
3630 706 3747 998 687645727 887189256
3578 179 59 109 510380498 578644032
994 229 3332 541 360188685 761678930
375 512 1011 840 563273756 831682751
952 551 2450 711 99645575 222547653
3779 895 183 819 158719824 371374274
1333 1329 42 538 163161155 665086431
2123 385 1289 564 355899735 743306288
3628 995 2560 1364 340648690 432400280
1089 213 3397 117 88379114 887832163
95 843 1047 226 448049569 600924348
3803 1129 2682 947 227474738 261114902
902 121 1673 474 709413724 731738964
1371 379 1483 168 241791625 732296157
1965 428 3505 930 573410250 583884420
981 400 3797 349 283337352 331749688
51 326 1559 344 461741545 711168087
817 586 509 659 156237766 721965882
3727 60 2039 104 240345067 397824858
1660 1213 2611 254 767662825 821615443
2880 964 1561 683 59764110 380667748
1179 670 618 410 163876448 948127946
1680 540 2863 1273 29210059 421276777
465 47 1393 1177 723308464 805531039
2895 1377 2206 875 221447602 813753465
2782 810 2235 366 570760237 853919245
2598 1264 2098 1195 531032912 732565215
3754 1278 573 835 355121488 958610331
371 431 255 898 215657370 398677200
1177 329 3544 1215 338498640 354557208
10 879 783 1381 606396425 876651053
218 287 1397 236 186467284 289259811
837 750 271 1091 285156819 598906815
1510 1362 63 539 41341851 650796532
1921 140 9 882 53628473 429060379
767 1180 857 1339 272115367 350587600
1065 758 3564 932 448825321 665409423
3196 410 2493 909 230603765 739266679
3391 1006 1293 1079 668358326 685019293
98 1001 2945 56 176594998 917706572
399 518 2484 1303 139234012 915609841
1610 134 3910 674 69149595 97029018
3265 1156 3080 245 2305808 893495870
2086 403 243 847 551945942 850304757
3073 1329 1030 1007 893197178 950249753
3882 1228 2630 614 471906897 763022346
942 533 1429 769 24919315 746615698
921 1229 3330 869 311890551 795505094
1433 1156 3002 1232 87683495 214871364
1755 1085 108 588 643507692 671985880
2862 68 3473 702 594037514 879029184
3426 98 1961 401 179839538 615204614
1200 35 3464 757 109877151 396970437
2386 1354 1894 597 141710016 904804083
2072 47 698 419 330556510 909639788
1254 831 2477 49 415150322 729924138
2871 14 3886 1010 179360203 745148037
2719 153 260 1236 111382113 189539986
3227 1355 1275 610 429230635 813042533
3802 1271 1957 418 678159687 946783075
2173 167 1374 1083 191534580 654286665
437 873 268 990 226161193 408242009
2621 1131 14 911 72989670 893566721
1958 977 195 487 578356442 672340567
1438 32 2137 387 231142296 384887052
2647 628 3238 305 641944270 822284447
1626 235 3523 730 244586167 926556591
2812 188 3741 1054 231308270 589449608
1834 755 2732 1277 1139765 28523512
2378 39 2161 83 135848406 210774987
1005 722 3548 925 375426614 406368219
2706 1320 2303 933 137893908 727637637
699 585 2130 944 286825792 905164833
612 853 2652 931 49449482 77522763
3481 97 1582 182 317554370 432908628
304 333 1836 650 30637008 69589072
2861 1237 3113 289 263325325 864569288
1939 750 695 276 27668204 423642252
2795 775 2776 65 306006749 917841835
3549 368 427 405 308168869 633428388
10 247 3189 1139 709340804 833863226
1388 846 340 339 615374127 619569870
1105 202 2247 145 109831397 329359843
553 505 831 291 243889875 505519206
1229 1121 1187 1207 255990397 273314993
3661 521 2302 932 320065083 827235248
2126 930 1275 764 84810656 930696006
379 1243 2688 575 739685917 751582816
1780 719 1712 544 58823884 75848696
882 407 1444 21 511452592 613645340
435 1093 3743 375 24141852 114391582
2005 812 3829 625 198807922 470324582
2218 1043 2786 1063 358409013 753507238
1538 486 577 2 579906371 769874040
2501 261 2584 1258 51873071 465147548
1377 1255 1536 551 618296202 703832499
2080 687 3054 517 184418117 532629842
732 807 34 871 504170742 607164349
2616 1090 712 496 639529502 759973363
1882 831 3743 933 546240603 593845283
3161 765 469 940 589573961 666570002
2934 1314 2943 1285 326828632 596897488
681 151 539 661 3006658 694763030
2359 1181 3249 1068 385083451 407867244
1034 964 1735 14 36258249 453326206
3066 458 2486 762 73220900 806844350
3868 290 58 473 629771231 767869065
3347 148 3524 1086 370572012 580946169
1086 1134 3678 321 483277939 612673404
3533 224 1892 755 306092628 350339714
2336 1021 3268 1358 650467762 882687072
298 1372 1107 511 254336089 356586064
3033 723 80 115 283409543 341700321
2990 1253 2409 155 256792231 651842414
1512 425 1880 17 323171992 520208117
2327 536 250 401 312974487 831151010
2590 442 2402 1280 701018125 847114746
1506 329 2871 222 5221784 723804816
183 357 270 722 2239432 150995527
3938 436 1108 1075 190702998 463459559
3747 1207 839 931 791738194 798438746
2734 353 2922 1004 546363357 911293114
1070 1225 821 967 30005629 669083900
1689 984 1112 906 50842945 68802593
808 1091 127 909 560320975 825196383
58 973 793 94 13398445 866250300
177 90 780 372 39544352 471372986
1177 237 2695 1374 31874420 357541375
2254 711 3389 1200 381459316 604368405
2480 871 961 18 876164629 894108158
1787 951 1952 1259 133754016 955304084
97 873 1162 1181 571137917 755861536
2315 1062 2913 467 56771295 174416676
1550 363 2457 1316 41937916 802518853
942 510 142 773 160452595 833707992
2290 266 1054 438 140144513 514723197
2319 323 3062 1129 42307560 200013480
2027 73 1140 536 435095578 489553302
1533 512 3265 921 182958075 912500939
2856 399 2683 1126 521910988 565216773
1072 441 2734 111 684124406 859562290
1831 1185 159 24 92126474 551516947
2070 1293 225 333 245232747 647830678
2683 448 1146 336 643197231 656842893
2516 506 820 1005 462280364 572382866
152 240 64 308 351232154 483679017
658 1041 1863 1293 128419430 316369569
1263 1371 1615 865 333385812 763575006
466 781 800 835 694006053 735435296
269 499 1826 172 848993647 925406326
619 769 1922 1261 156219731 495129112
807 810 386 1275 601833164 818561766
1521 687 2224 1029 896620607 911653968
1373 1024 3907 1146 73640478 537934189
1829 320 1774 859 343051032 440553474
619 464 1246 290 197833788 807171005
464 621 2198 553 771221913 882061381
1955 404 3386 649 324789164 698990397
711 777 1528 980 259659344 906680314
1320 34 115 207 872053484 952909131
1983 1181 331 853 477332420 612040123
2478 505 937 727 581188657 668328075
2160 635 2103 888 737897467 810903705
2884 1204 728 759 802719132 868721016
2451 1252 477 677 398290009 887825240
2755 302 900 492 5391993 145646228
2329 1264 1912 688 402301138 681164275
3450 781 1466 581 706313286 765216541
2071 658 2963 24 279606544 447986332
2352 322 1056 806 511419753 774744500
3789 311 1951 20 417039557 736885111
2204 342 468 1143 98541547 957979208
970 1128 1744 987 260739123 595321410
2593 1161 1433 1329 445825710 747570952
3150 1229 2628 457 860873463 920378952
2617 988 1431 70 262859996 359898885
2186 210 2089 1190 8861216 527171520
2307 291 2393 1114 318046833 864252811
640 847 2303 316 380322952 897804652
3540 972 3193 1336 451439446 655683294
880 808 365 427 670754973 674709034
3687 374 342 178 268714956 826584928
1058 322 3776 1374 145838721 827896640
967 1096 2283 255 762747518 890050357
1500 283 2990 522 186594728 860958061
510 1086 1999 965 34863184 626239782
1359 238 887 15 280295894 628503194
479 333 47 385 209385011 411722727
2095 834 3610 207 65574773 392847120
2352 1286 2167 1336 184042278 367181344
1733 828 2317 711 427937233 510763277
291 825 162 179 233016788 258357288
3336 1231 2111 734 560226204 871855892
2526 933 157 1007 289154600 590782973
1457 599 3299 177 349940556 834290065
893 1074 839 509 7107373 25667679
2993 209 3241 108 115266625 214012341
3154 1201 3620 1161 397283896 434659619
100 1277 2632 1141 364671643 845380173
3475 1116 607 554 31194334 724202898
1483 14 1239 1223 82017593 145249261
426 285 596 323 301189563 780850497
125 586 3445 457 194623165 226929344
3407 641 1066 10 8375561 779341835
1247 477 1903 647 273416310 564765969
3634 725 960 1155 186882503 361256249
2070 1284 1666 1000 209571773 815699730
1790 1178 2182 1064 409834400 702253364
3949 138 1196 1113 55378777 787434284
3819 222 1931 304 546740133 580731350
3127 709 2949 1323 338911873 425135065
2327 606 1609 630 79817381 581371011
3848 131 1660 643 530428631 914645764
3124 8 1682 1200 172366643 900655146
1572 992 2123 465 868332197 947774497
1081 368 1013 265 708031824 812532503
2492 548 390 431 62622517 610839484
2030 1210 1939 534 323271233 404832755
2939 279 1710 945 75613437 754012236
2029 7 3828 1149 619692292 798507213
3891 750 794 1257 799657552 933793113
1229 1219 214 21 31903329 609362898
21 778 1887 1056 146105557 207238311
1557 1203 3735 729 841698942 862779805
2060 155 1120 428 613784095 729977754
979 29 3364 634 367274735 567207082
2174 798 569 286 923579246 955256229
353 874 1451 1211 730550746 805521398
2396 773 2022 696 132699598 951575735
2160 216 3185 400 20405514 583135758
2942 95 357 220 524492526 584429333
1708 908 1799 1152 411604387 864205017
3289 158 2602 1289 232325014 586577669
1373 640 47 1305 336256758 712167711
2685 130 3848 1097 51631945 364089602
1696 769 1529 654 118150188 238133804
2829 906 1202 1014 692823508 919404208
892 157 1524 1130 109107482 506627247
411 739 1377 227 404243724 611759181
565 172 527 745 33238775 127948373
2974 1122 3531 1144 801622577 829330073
3292 1173 3402 1267 129636495 567304226
1660 871 2487 1317 75283540 334544006
3078 652 118 317 78276988 654683818
855 950 3405 852 205477434 615378881
872 813 450 785 356206204 528714175
411 440 782 846 300377814 803954056
3350 332 1441 1021 286454534 356149550
1078 419 3431 603 529518480 941076924
1613 858 717 619 247895883 754115948
2727 315 732 1337 318854368 340038734
2388 567 1926 461 409009858 772219452
1109 61 436 705 70797346 620613001
1743 461 3004 1171 92484248 228516345
499 1079 3272 877 150211472 561912411
1253 722 3519 919 244842028 338250644
2171 48 3586 158 758983955 772371335
1694 750 3143 941 413113274 529233919
2613 615 1714 780 833444611 902423915
3345 1359 374 802 279704001 911417387
3402 1050 1054 981 291021561 598022235
1524 433 3169 1111 252729045 619975399
536 1070 1986 1097 114355073 197918856
2671 236 1902 16 184784731 402360289
1514 1163 3028 157 379627147 931628543
171 211 3327 1114 72371525 217899485
240 482 1886 879 342848719 689516379
83 1133 691 805 278103727 817909110
3916 520 1257 1159 423216536 680502827
2930 154 2621 481 337464294 943738632
3361 733 434 771 149198421 879434333
2627 258 2926 838 114596674 190627785
223 708 133 226 17392637 614478940
788 1264 665 335 279563333 585967773
432 1243 2448 968 110968314 171581253
3511 950 2475 169 358606685 387296162
1059 974 2972 938 32239000 203983523
297 146 3943 479 570116690 609180581
2471 1193 2477 347 3232042 5264838
1601 1231 1235 773 812178108 857165600
1371 1238 2448 468 724717489 850082237
1461 1151 2734 618 414069568 812295351
1075 556 2722 755 415216620 886388038
3035 905 3389 293 68178748 248440322
514 560 3533 1121 121658235 124671002
3036 1165 2397 791 15337136 486038704
1959 1301 3228 1165 61699143 146048251
3231 1167 2254 26 62252797 403797201
3484 890 1967 875 396570387 876075907
1594 271 720 296 501985788 792731513
1313 452 807 654 158052041 882901422
464 1253 2049 979 200500805 903478115
974 1129 1222 293 506311757 759306840
3429 198 1194 534 270224118 442436150
3646 647 3793 875 496929173 632883364
1833 980 2941 746 298016962 654728469
1436 376 386 140 233385984 308556197
2546 731 1484 240 42131403 480672682
994 916 1088 618 113680737 642977833
3671 1147 1448 1254 278456460 629360732
997 182 1986 1034 478202990 877675069
1444 973 2014 879 737246703 764075978
2398 313 1145 55 125144149 135573980
1324 262 2956 372 82391895 102672567
1494 1339 2092 114 153227936 636072195
192 289 459 552 154158311 590008699
2742 948 2839 640 63622967 866233923
2255 755 2265 762 73936227 842521835
1360 479 2695 1375 453095720 711153433
3902 818 3943 284 747688618 903729362
929 1223 1441 707 219195453 898327475
733 1123 991 971 315212893 340409565
2067 302 408 81 170947017 644154017
796 508 934 632 603300146 744978814
1521 401 2763 270 666493853 838281992
3677 651 1722 716 26285246 351702080
981 905 2054 730 285523519 338452624
2194 1293 1366 551 568246700 878076635
1192 963 386 116 275817074 740692445
1490 1185 3449 997 160814527 914115484
3784 1230 3034 396 216514335 748104919
2891 63 574 500 138989625 890718662
1472 753 414 402 189324742 399572437
2755 1069 2545 430 26917298 499246162
3773 529 2419 243 532237082 564936834
1409 852 2203 238 339093020 637998504
3064 440 3347 1108 48819589 479245803
1617 1294 3661 199 259365621 366872847
2532 760 1399 218 73862745 905827920
642 546 671 455 187949359 721390796
514 917 607 160 79811623 260390839
1468 30 2127 514 166684751 853459808
3131 891 1129 487 43302204 378669720
829 1104 288 6 296381551 516356293
479 1129 2123 1185 721004335 890055727
1819 352 626 255 478796026 610305165
3899 89 1619 282 233214410 298063043
2203 80 642 993 57033953 709268921
150 233 784 845 371023716 544376774
1461 880 815 647 22812329 35550086
706 1363 1681 390 402741566 506700682
2695 20 926 724 295980638 462672576
3186 1185 3168 962 716836527 735754710
2355 139 2947 159 573909657 638868208
2501 1203 822 238 259391293 771021788
3862 436 527 517 480234348 692237716
1492 891 2174 586 466978627 476577661
2365 7 3935 841 423314364 951446508
2515 1157 1299 993 323824606 741908230
3548 945 2631 911 170884656 957978699
2681 1361 2100 652 829190475 901201878
858 607 1890 297 442241251 607210808
730 25 1865 1067 325377747 844958151
3558 473 3570 1104 168509696 568826755
1467 509 2709 9 771128319 955393187
1687 317 2073 1370 453488696 556238878
391 850 2397 1125 637798643 850962210
2001 1306 3771 75 85318021 97805178
2817 522 2117 357 321267453 776528441
3227 122 244 886 86960221 272179054
3865 248 942 932 116315383 326232780
3351 743 2802 842 521714046 913046894
1388 11 631 1030 268027169 384134109
282 202 1039 1372 61665919 424087990
1618 373 2821 1018 338137273 880772043
1715 502 601 7 470548242 688651038
806 936 2310 251 395252716 947836325
2724 902 914 1273 96729810 98923148
2951 1023 3044 831 196765899 803836773
1095 270 2923 445 340039580 925355991
3238 722 1507 1355 274316701 511326606
2062 1093 2121 744 52656251 590660788
1254 981 23 1097 164047239 242319752
3553 65 75 145 209991238 831090751
2861 1313 1088 740 784696699 834906313
2104 80 2538 208 240764453 365472758
2081 1168 3649 379 444793695 852322108
564 231 571 771 206544259 637801326
2872 836 3395 932 573579908 914627253
2403 1217 795 155 648802804 940868286
1739 318 1646 180 705518815 750166076
563 783 3435 67 645038796 756664800
2050 579 3439 87 677154138 792860836
3623 856 782 524 386703273 748081945
1859 515 1740 812 484753220 805556856
2260 59 3081 442 62266795 184370121
1372 249 3500 1264 270080852 883021472
2934 1110 2678 1064 684665179 886934370
2464 1300 3841 540 500475054 717304016
679 1053 3153 1120 7118577 711054854
875 1244 1106 814 438505843 757130053
614 768 3929 579 759129806 809765926
615 298 3328 1229 161577225 423944231
842 12 297 968 79114566 327016149
1019 1214 1001 232 118421341 890815211
3573 368 3365 1355 287104087 681059956
2040 169 2280 619 465337423 783746244
2793 1208 29 837 18368828 724347991
3005 584 1546 1171 739739509 746594164
1543 1195 483 1049 180089341 835348834
2134 1191 3625 428 100077848 906717441
1785 14 3893 181 36351682 186311737
3449 1092 1720 380 654029806 728923004
2285 209 699 504 410030194 640611611
1570 218 3444 284 640284676 911446718
529 1138 3591 750 44876805 554019258
2863 632 1471 468 288365230 718040357
3857 1372 2767 984 349934408 615304094
3110 161 1919 793 595178686 955140044
2066 33 1303 1025 408669137 468133056
3236 133 1893 329 359715304 621491859
2394 730 876 1090 647322838 714136429
3873 1063 2856 944 595547764 929483342
226 1264 1617 76 142544128 388668285
1561 117 3161 230 177551929 351362498
2573 244 2422 1015 178629541 525100527
861 826 142 630 133965044 611418639
2979 1184 2351 1362 64523629 725028331
1610 941 3688 1144 440542230 812709036
2436 917 3657 30 382714600 483694259
2906 344 2951 678 815224894 870383211
1327 686 3719 312 515452831 810766551
1680 908 2795 729 146284152 562859788
3717 248 2567 181 484938927 603949198
1630 211 490 838 115439589 218225037
2318 295 2963 249 323720282 921937362
1459 1258 3002 524 349854393 686474435
2483 718 3904 226 497437826 626474603
1567 936 1899 336 58340640 643299640
188 591 3334 1023 417894756 778830630
1730 495 286 350 34253199 821744788
2977 49 558 185 101691814 293605776
2974 1057 3777 597 680574851 700813386
3608 389 312 109 64091304 289935870
3322 254 2265 72 423801779 511989741
1313 239 203 534 363542798 701853967
104 637 938 1348 302978637 593161357
3054 770 1592 288 166830357 878441901
2389 1284 3578 952 359993016 471169888
2770 775 684 1031 137256881 617592502
217 524 1762 549 337743066 534984404
2425 1142 842 340 669567647 836241799
3289 649 762 1009 361449122 563545019
1520 173 3730 761 125433229 942401168
3861 917 3305 1244 2845344 57108171
1491 704 3495 1105 373898388 782852578
3786 3 1023 50 273849082 374065089
1365 618 3473 908 497670492 573687639
3062 878 3845 732 298996431 802803512
2111 59 2610 1241 344378568 508487922
605 1189 2528 849 41959602 541793582
1271 982 2865 468 594372597 766164910
2539 1364 3582 84 2010958 61701882
255 1183 1476 1108 92069007 268101865
2333 255 3779 379 632358916 876482915
118 635 3583 377 730144975 933441349
2395 925 542 888 448159059 897583705
2740 791 1737 569 337349228 407594866
301 1087 2921 1203 110997306 673116808
790 1044 3860 371 139988519 579876029
3566 550 3154 557 65091648 219721635
2298 470 2083 241 229646766 537225609
3114 408 3803 358 472612789 728947546
3703 243 1854 454 266753950 306537771
2400 838 3588 963 156771593 928636057
926 221 1945 1099 295491617 704409365
3378 920 1655 310 47084699 610476800
958 1227 3922 425 585457926 816107139
1402 641 2624 653 213282881 329707754
1932 650 1836 7 332368782 791656366
3944 186 3417 673 62169261 237814746
32 940 2666 201 746226648 768852753
3932 126 2205 1323 433113033 771246399
3697 1173 1229 747 190425280 212938164
1395 456 436 1089 39912759 464047345
352 893 2961 1014 211061345 670049977
366 1212 1587 125 121474325 883103119
1290 311 1581 1217 628081800 852144228
2462 707 1317 2 337330211 423990006
53 303 3117 466 259598412 711577684
1200 604 1236 764 451829290 900052361
1917 307 1678 737 23070435 358965160
1437 1074 2016 649 460757666 642579577
2943 722 2505 733 362931286 554444829
673 1213 1535 763 138459999 401862063
219 814 3071 1167 275846781 701154636
3637 850 960 462 622357169 949840433
1110 1159 3150 847 583528701 835000533
3566 1059 2561 267 75201657 221782358
2766 461 1662 571 112679148 681963079
1539 591 455 1355 497619367 712905831
1460 198 3152 62 71813610 369694983
2219 174 2360 1320 140597770 280168126
2132 836 3078 635 699278486 703133734
1481 115 3585 432 174978027 918316054
2871 2 2701 1226 157517175 947262674
244 1028 97 282 344241563 596979814
2248 380 526 2 295907267 346506440
198 575 2263 654 105455150 808459012
611 351 648 1279 531713227 849231891
3437 443 2068 446 189103135 319861934
1296 282 3948 153 212687757 459151944
1723 302 168 910 808438981 914763346
3631 16 2893 174 428989636 501550962
33 819 1925 1127 36269333 219594157
794 752 1155 105 188251785 329108448
104 755 1728 685 649165209 676681376
1091 653 808 1067 246936917 666261240
1347 382 486 281 201289407 942699709
2309 737 2009 718 40086741 498411324
3276 668 2487 578 18810268 343602219
2471 1142 1840 975 221367082 266371287
1067 1176 3750 32 175616563 741134079
2353 97 3724 635 495780208 511862237
2184 1051 3627 306 84111567 298137394
275 107 3192 1271 222264243 517745948
307 478 162 1359 335726242 716181473
2717 1328 2846 1371 262308860 621639729
463 937 1812 1076 896489265 911409928
1542 864 1101 174 116267864 589178133
399 1316 727 247 69815288 903614471
3219 719 1872 1250 798517334 801022470
548 698 2212 22 105186001 166241351
1511 1360 3697 1365 397788112 859879006
3098 706 3202 904 599801919 628511415
2967 1244 598 1280 244186942 475449201
2248 962 326 622 460955876 838543277
1441 1272 1051 1180 174077436 405434101
1560 414 3348 0 682287893 694630608
3814 369 169 191 274303110 428865761
663 118 2464 400 544738853 670730672
1609 1100 1509 514 274009681 677058566
2392 828 2693 228 20958018 874599271
3024 1055 3296 684 66101924 551553194
754 898 2209 1203 35752712 286258093
1546 611 2425 116 195035717 202853356
752 1223 1030 311 389383281 956903011
3630 1356 2296 459 21185324 883769122
2107 202 3167 1041 289430487 444312022
3537 894 1491 410 473043564 487494843
115 1317 580 706 63886487 782431815
759 1132 1327 279 680099789 872698684
3778 952 58 1071 586075778 944374537
2787 828 281 748 266220874 711945620
659 158 1724 264 567338319 803061737
2110 894 3496 161 13414796 645401622
1039 552 1696 153 147902191 396014672
1758 143 491 314 41065541 624055788
916 899 3400 367 57045021 444824211
2149 903 3018 439 522768913 854000364
2857 558 1617 624 357847934 916374517
3224 32 3347 1107 222378425 840183731
173 814 694 820 798346433 817606849
2905 741 2974 650 512145894 561314926
2245 283 1657 150 306098116 462440413
2568 1119 3325 610 72556014 790375740
3715 70 1320 619 603541780 854491558
1641 793 3666 1144 228747366 617447090
3776 566 3128 109 392183579 953544391
2968 568 2352 656 170469954 176723218
3306 839 1852 195 167979157 816745919
3401 555 2542 572 831938493 891049845
2112 821 3024 255 199979562 210358761
1002 1096 2807 804 815242118 912542199
1063 122 1150 257 750284185 845823356
3207 1171 413 1175 33788515 344498125
473 504 2542 1262 56624876 954724574
694 871 1805 395 98134441 828865071
322 636 1880 882 125621845 753789034
1756 1189 1110 824 15470109 533058178
2299 460 874 1012 644947871 760152427
2157 920 1885 929 331396487 850159846
2016 370 19 791 761981763 793759864
3094 264 3073 924 185622917 229264434
1103 176 830 280 377112837 412850953
1689 1000 2593 1134 237948050 664215655
1993 567 15 869 108563549 434768345
3526 777 2702 1207 538417969 750076444
2128 219 1080 1075 402407764 745428299
2013 914 495 1308 544582785 874567984
2226 391 590 682 471160125 841180966
3250 1264 2511 527 274525642 642919538
2872 553 3044 271 632528545 718828933
1778 306 733 92 336731573 605018763
358 597 2937 245 365505565 915606433
625 152 3500 1015 566008673 750183737
2497 361 1826 85 528544117 927152540
639 242 1415 753 397186949 614524174
491 1271 2952 1140 642218044 947470505
2288 270 153 196 465323925 763003996
2630 1343 3438 361 148294550 724606983
3850 1202 2687 196 268737846 538172173
2134 909 863 1258 710665064 895998021
3754 982 1987 1202 216630362 809938514
387 540 2695 23 487911852 499481551
3737 791 1639 886 598486742 639716276
2704 685 1970 753 180820205 520201880
2830 487 211 881 765889550 885597738
881 835 1168 821 72692797 589000959
3394 1168 2653 160 718467932 750540362
3861 291 304 446 746920051 917622462
550 1326 3815 289 642664163 894482289
3420 1078 1460 814 61854276 432214208
968 611 1462 613 384622770 518054707
235 458 3373 11 227927182 426081324
2291 1231 3226 588 351786108 940946800
3339 707 316 963 557673241 727840469
1116 1018 3239 680 327156514 623256380
1959 312 3627 631 594655503 608441008
2282 1112 2382 222 478108613 713328037
10 1108 122 604 464326282 533062251
2215 408 3602 675 56619707 850284610
2966 1169 2824 70 199818765 785452067
1075 28 439 1 567117204 796081667
2501 70 2478 1322 41040381 846720935
1168 408 3697 18 25341561 730505461
1228 771 1730 1241 379175296 685706610
204 377 2638 1159 30105266 411160270
3660 476 2123 206 222936509 507469468
3008 46 2148 797 756041547 909788058
144 75 1194 830 253844476 797793176
3298 607 853 1361 96954973 507448335
1556 1225 3374 87 866049353 873273403
1441 1161 654 1372 413787372 515521157
2950 1130 798 935 237896513 263372016
2728 634 3813 358 182914850 626328158
2826 669 3609 475 364991373 914106734
1094 272 507 23 316443081 316803685
3510 361 2948 785 552792680 805530444
2259 445 1815 112 834477473 903443655
2251 646 734 450 392463226 478429102
3682 891 3186 152 310901839 555105779
894 1284 3689 1288 104932445 159028999
201 1281 2855 104 550734345 600973844
2969 712 3568 1014 521241094 864662789
545 982 3945 328 719400926 850129211
677 657 1931 990 6535001 481169901
388 535 3390 352 83430747 253510534
3842 1341 1185 988 411088991 790881842
803 678 1923 24 251658087 437314720
2051 749 1365 1072 448231762 875311043
141 775 3897 37 201167470 259736418
340 99 3429 1124 679229446 821678076
904 1303 2792 1065 155918866 362701172
1321 525 411 271 265097860 699495460
946 823 2880 1126 564563854 820699238
2899 1052 3537 763 260711341 676584923
495 651 3623 375 19582157 111280757
2397 731 3448 153 857020456 940879902
1647 18 401 80 326693828 859203372
3036 294 189 320 148805014 409799223
819 112 2126 615 410630075 500509452
2313 371 1557 570 140306795 711402488
1946 210 3137 141 233598260 743094206
2473 819 2110 216 666191258 764311056
3626 172 484 280 566868194 609749715
3242 44 2469 880 680513804 906735141
1045 8 2151 1069 374825806 676557369
3658 1245 1062 180 402384031 469546347
710 145 3138 927 435621313 571924706
2924 756 30 425 358258288 527331103
1326 404 3223 710 748490385 820059876
2969 607 1615 154 2672800 768696572
2098 517 595 826 728427066 953334450
1128 934 2222 384 593141018 952146088
2399 364 744 911 107084364 527663259
1685 332 735 72 187622397 704789613
1578 632 2618 107 91914391 172386855
3130 639 2574 135 161967084 298866872
761 269 1560 1100 6533960 570753089
413 793 1452 861 9800043 480512351
2180 943 2827 1366 627469933 675856066
1066 1060 1890 743 190611023 289005725
2034 478 1266 1303 540587652 691819748
514 946 982 1218 403460598 892609076
727 1254 3830 996 493276035 949842011
417 359 308 1016 137014461 955398718
3288 388 3863 1069 95087952 326597996
912 613 48 269 227181831 791307080
3257 612 3787 769 504617504 942659079
2411 98 2858 477 586560882 677909613
3683 768 418 1043 357598317 821500584
747 770 1719 315 54089203 130828561
472 1076 1763 306 148581924 569639821
2182 701 2301 419 4717271 644032856
445 659 526 445 19651470 352905317
211 1012 3846 1232 206830940 634037583
569 1110 930 843 647484541 806668530
2948 952 3250 928 56127829 436724604
3758 97 3566 1231 347197588 580491605
2732 1226 2045 1076 586199892 607386997
2589 812 2525 715 139243411 216712730
1450 754 1202 36 300362685 639954842
3949 556 1593 1173 546794944 760891840
566 419 2098 1254 131039999 932467857
2181 763 2552 325 629880185 853565640
440 862 3692 573 358500548 563621536
2562 1030 1016 1013 94769164 338273873
1449 440 3787 7 130622788 931225744
341 1015 2853 1079 261104507 710893334
1073 925 3495 1246 578697238 799070143
2930 243 1678 1139 243977909 356488010
3738 789 632 235 165104282 592277249
395 696 552 1369 255313732 849744236
3128 105 1090 197 573838350 874374508
916 597 1480 797 2165667 926048421
2440 1029 3443 327 718474570 914719345
3531 770 3619 446 344862028 728319894
1122 906 1505 668 302791397 626283650
2307 617 2024 281 706915359 785388335
2474 618 644 853 231182079 548534735
1443 276 2040 346 153380425 709693696
1820 101 3183 862 569823591 735159379
2743 1194 2315 468 35978842 810852555
1596 951 316 238 143333756 914133624
520 1151 3513 625 542775265 736829562
2962 1125 2935 619 189182743 808232273
2374 890 2476 422 239197423 376040963
2858 113 1430 141 305912348 481817520
1150 1167 441 564 521615263 539078857
1079 528 2442 1375 224778292 572755035
2551 1309 40 605 200064294 630555912
3813 131 557 275 619967167 781547215
1310 461 936 638 195912570 925196422
1380 348 1368 546 697390016 709249506
3612 926 1999 1200 848028686 921327492
3583 1280 229 369 102668122 753806073
2789 233 1614 467 58340090 301413858
3179 1262 1005 1351 294515701 857405604
1998 531 368 57 146572430 887833090
3093 679 1244 161 240182627 361887246
840 398 3930 963 754981402 835748588
2532 1172 3122 571 131228072 741347501
1467 468 214 29 689176732 810350274
931 49 708 838 386808853 394739419
212 962 1743 204 27531762 956827672
2285 156 3023 730 32510765 257506600
764 1130 3766 646 273236289 408032253
2211 1107 675 887 494874094 508224032
1640 1037 1804 252 372049735 911597734
1805 937 2077 480 446337477 876093498
1621 359 450 450 342985243 575259139
1428 1170 804 464 246642275 506268312
3036 298 589 1183 126970820 475000600
3892 1282 3532 655 24036410 117791901
2197 1123 1315 111 92470573 109617867
2416 779 817 1074 315355665 734829327
3091 1004 3357 813 181376000 809749469
275 353 3894 1335 140608216 425681130
3398 183 1816 1346 185549033 397554789
1215 1086 2745 951 72972865 820894534
1403 193 2226 112 459981894 603918913
163 60 3672 310 508124903 918537878
2047 461 2972 598 489666138 754145803
911 575 1430 0 388619962 733730129
3841 832 2755 372 208463717 736423075
3874 461 3177 624 236414241 657722938
1010 615 2878 185 52165977 725698642
3508 86 3644 995 414798979 763099272
333 740 3009 348 528116984 658934500
850 1140 585 359 369272910 578704900
3083 22 2664 719 65572328 586077953
1344 624 2900 1299 73551301 688589359
233 280 2470 234 499455480 659717390
3696 819 428 332 474943122 530480775
2510 1327 742 272 173711406 233685586
3380 1220 1642 83 51207395 448996978
3215 1335 2473 1143 62395321 437862993
1376 39 1241 284 233882261 479310264
1265 973 994 32 170573593 444893295
2887 482 3819 178 166848326 640773357
2616 653 2896 803 26872535 795286681
1175 128 2048 531 88778311 507576933
258 215 3116 763 361725042 862198997
462 906 2769 489 172390081 301333593
3108 884 3343 997 33517295 673820867
1098 185 3607 1078 324441301 634356056
3269 271 1956 404 355677553 942075897
3207 958 718 21 427493093 906438849
3865 602 2491 895 58048866 720376465
1326 580 3201 207 413775366 795451788
3204 288 2612 652 82274413 952401995
3756 360 2433 1214 680521703 900112048
2140 219 144 1329 141476684 493737863
1486 56 212 1087 705381895 957458210
2537 423 772 1261 190605255 956405851
1941 235 2754 1079 643267995 861542026
3937 1204 1501 1260 242305759 942619789
1600 1201 1383 1280 300342603 730390564
506 1253 3049 899 112245344 863994098
1297 395 1422 319 103595598 548340427
1613 308 1294 98 322939041 846705287
442 603 196 462 122905947 135368413
3593 187 1583 1216 260589489 723196431
1056 1276 2021 767 707063435 754744600
1859 405 3807 939 393691875 822438082
2292 687 1305 613 139390732 403447932
2869 1054 3697 1320 165532430 646514880
2801 465 3639 557 72590145 571267250
3704 1270 2102 700 765342086 940537445
1461 423 1300 896 592911264 625184590
748 499 3730 145 274331332 627469019
1663 295 412 1162 126991677 584074959
1281 1330 707 185 890508627 926427740
3826 56 3802 854 518791746 547094272
2766 103 964 911 453156224 493665552
2595 1380 646 110 228498054 910272092
1589 382 2930 529 47455522 932592520
3421 621 464 1088 14502751 68412426
177 225 1979 58 146950322 934231588
2006 408 3346 1191 60211956 72974571
258 462 2282 385 392051843 514189343
1601 222 2667 1078 16847233 442171212
3458 989 2711 540 298163289 301557852
1265 983 2804 594 142578244 914678008
1148 1049 3729 999 711026036 876212999
366 679 1123 349 534782734 578359208
326 980 1694 1190 221364699 394847908
2067 477 642 862 328794316 582828516
2326 304 3121 972 60071547 125631078
3400 1138 2460 1002 429652904 771562564
464 1332 177 1048 563143795 603993776
720 655 3272 1137 203726072 867769944
741 575 3914 82 390602365 729943457
1464 793 1837 542 95594721 150412698
3938 395 386 22 753903901 835560993
885 98 3384 582 87116331 923641171
785 989 1781 588 169676522 542597865
899 630 2778 595 497988552 725858481
3327 35 2730 1144 707330486 824417871
232 1061 3855 301 699763020 707828531
1482 215 821 817 107458826 552148999
3357 540 815 546 216175270 885495370
978 225 3621 456 361557625 627070864
1173 1352 3313 47 237905243 239718883
3007 1252 1521 708 508892962 894937542
1147 684 810 950 292452205 510718892
3724 850 3169 693 395683966 530169651
1040 879 1068 512 211561678 416378020
3896 704 2479 368 504230113 869812088
2682 1033 3394 1237 134665884 501077124
2990 437 762 1323 426133533 846068253
3387 1259 2147 705 149026617 265120526
1095 67 287 182 362805171 693962322
2583 588 1512 193 49711005 864485058
2401 295 1837 330 307096021 886335915
2859 1162 877 741 354894497 786420977
1906 1013 3284 1349 631039312 803761845
122 234 3093 90 45966751 718578208
130 884 991 1115 529420333 723720949
422 697 3679 89 116205087 167426633
3782 227 3858 280 338697855 768269153
3061 852 1565 1176 211506576 248798033
316 83 2075 943 102489884 508365225
2268 403 3154 820 711263434 829336120
1248 437 629 888 102442793 252652978
1137 746 570 794 696970866 766055944
1302 631 710 366 414604535 674671710
2212 653 439 203 486829894 660604793
1534 26 2734 911 298485552 609859865
803 896 1632 281 2469258 665561560
76 701 3073 115 782571061 801555941
3056 146 692 61 492418613 577046919
340 450 210 964 253957645 711559687
2357 1140 3501 433 489537015 930715331
769 83 2161 1145 21668868 643226175
1747 865 3105 687 446404180 679534325
514 497 3224 705 211723290 647406344
934 664 1267 1374 410220288 506396656
2893 495 3852 814 322883457 742804721
14 900 2753 352 28835077 272188022
1272 1057 3123 632 730641836 861111504
972 769 1237 1322 286277170 303075691
3889 1342 1977 754 148444724 276077851
3751 637 1776 1269 355950484 416185655
2948 1161 224 1312 471570008 948614532
1712 21 502 963 802725830 906221869
3581 485 2890 439 459689538 569689720
1321 270 1017 905 138042942 391123580
154 1227 3034 298 468551262 767516492
36 314 1306 930 75136549 726986316
1736 205 1471 1150 678263049 847535979
1372 419 751 411 488322147 778407924
2192 1350 2499 714 104978896 925812558
1965 650 2677 1146 219211997 711275650
3092 651 1404 19 231823243 736206051
2741 728 1545 175 147427048 331117856
2016 976 376 754 242613023 883089011
1762 907 575 822 766450766 827410543
196 1087 3856 884 130876012 857564637
2401 5 3198 1163 291136048 397040114
3300 740 2873 1259 44053254 118837817
826 1365 1448 91 134063529 281148034
818 1112 2986 487 309507847 478860225
3247 1313 3203 1321 176199409 761532734
3160 252 3671 93 384291684 645136338
3576 607 1014 979 44440283 432205462
1120 522 2453 38 142385634 232528654
3194 1230 1337 1320 771891457 790585201
3697 1143 1378 1043 577371989 577423345
2859 839 245 1276 37537497 312511532
231 521 946 816 311126933 784337169
61 640 1549 999 340102206 398342135
2616 305 3696 1167 591777565 861188359
3061 44 160 816 470989585 772528151
1365 1323 2210 77 651897659 868352504
335 1306 3445 1102 116938553 754338794
3322 1326 3669 814 828440679 947461284
1101 1380 1078 216 595369553 676019168
2420 1006 347 691 810119222 946964496
559 1315 2318 1139 355462614 488499821
2408 705 1372 746 291700470 954010583
442 1030 1843 1254 117860129 154136515
1954 1332 1200 88 669832607 936829696
2237 472 181 319 577772899 613681470
2835 84 3013 392 55691375 440965730
2319 943 1145 674 568636000 788665100
2558 182 2672 915 178615741 587693719
3885 817 3694 1368 877848361 912999505
2979 86 159 1185 685692031 945954186
3316 1309 1661 879 945102665 949281012
861 1226 3846 148 78213952 325704184
3459 606 513 1058 51458623 350474145
2390 380 52 976 398758292 571269345
1571 1161 2807 611 237864118 688821444
2294 1340 3184 1163 27313919 734345002
598 1325 482 38 408216036 622961053
1891 1161 2396 1020 413225619 450972569
1396 1273 2355 652 179119882 378377216
1651 268 753 996 279403440 434496778
3612 931 1759 1097 431532261 433183014
329 335 910 1161 246984826 830637658
3474 539 3135 945 816540004 939644799
3466 1037 1957 1101 509199139 830059799
1547 1123 11 478 764971837 804480248
999 1129 3152 317 562423875 650824394
1263 1010 1922 1071 741120117 947759342
2462 412 1542 1049 522813732 867708333
2998 1227 2889 801 90517736 576951690
3730 238 256 1097 173545890 642167533
3519 219 2944 932 614714532 829637879
1767 1108 608 365 314103401 888293955
2124 1356 2334 387 190116168 453834434
1944 1100 1251 801 859289585 955780216
947 826 2621 633 5527488 147729211
398 970 619 1378 490994218 820705279
1747 1038 3671 679 157664597 642887553
204 1371 439 1157 90470628 189921570
70 650 3087 886 428366117 687231896
3749 863 533 709 477167736 591901151
1022 1095 1563 326 139937601 671443423
3162 1092 3112 151 415901069 897058721
2516 307 3198 569 146468415 351190892
3224 315 2055 624 389865964 416378733
1934 617 332 940 170141587 404627984
3717 167 856 292 167744904 703603214
3160 294 3358 565 140090462 549429353
1612 872 3851 501 298136467 609872926
542 92 2820 386 132303604 429835114
1762 64 31 309 230056014 473816318
1551 472 2253 689 590234935 851415435
2755 292 3570 664 324494586 579566142
610 85 957 43 132698556 323146663
1790 74 174 477 375297765 525788703
3540 1038 3073 743 863438302 867456918
2099 800 538 1369 261369061 766845525
3350 227 1990 832 451732580 539709156
2861 59 3274 234 174405350 722473576
820 302 2764 608 63373910 473208806
3761 255 929 516 54257093 217508902
854 183 1801 565 754853110 905308644
608 189 3412 202 36242394 646032757
2103 475 1681 1048 913428261 943571301
2804 982 3557 196 37156898 291170051
726 610 3031 750 77498390 150709490
861 476 374 240 37450829 348274849
283 974 2319 1154 121739840 326183666
1478 584 1255 696 655573580 665828781
775 1279 1307 1009 50724516 545093602
2633 130 353 827 146949705 862456445
2672 1197 3868 396 48802273 757673975
2819 1123 2429 703 418011911 826593507
3676 758 1399 986 749994645 950497698
1579 933 3795 1216 31308229 953750525
1889 944 1367 1157 221567120 660410297
3090 1104 187 236 412019999 417202858
1855 133 672 1127 213855830 642146496
1567 1009 1882 158 190020723 613067472
1858 906 3267 1310 336687253 870775975
2995 1256 431 411 813810823 948648716
1006 1319 2605 519 231770580 908624858
818 876 3300 112 178670109 686649889
1661 178 3810 436 120965776 575733482
1002 1213 1967 1341 204154106 532147443
936 761 1124 403 306139835 385151918
3687 467 3252 878 458358068 663313107
3622 242 261 287 63991245 130190973
1742 1122 3447 231 590963268 926776907
3888 898 1898 190 230354739 725333495
3371 526 2940 970 584111702 780256127
3054 655 129 1126 453671034 509633792
1973 1075 2858 400 147986838 565560294
2575 66 981 351 741785627 830939049
2506 167 2775 997 672277029 684926291
2433 668 1448 70 240228493 601931651
1335 18 1612 583 11137048 180696781
1401 567 485 1021 219343068 563128716
1593 945 1876 941 627059990 878125191
3281 342 943 806 392944641 861851176
1251 157 3395 916 344190037 661518361
2578 151 212 907 108324602 940960300
287 86 1805 343 399132384 567613773
719 1190 1763 1262 126148249 868360708
3052 1250 2426 85 218440373 847682561
946 700 2399 208 227188434 437579404
1812 1304 188 1380 52529591 421249022
2308 43 1522 1345 635193681 813863519
542 539 754 711 115440194 637860169
1907 279 3894 1228 96787434 440626885
341 1238 259 492 555764911 658013790
2469 1165 2391 191 36128401 838883545
189 847 387 979 140000303 621286942
802 928 2146 283 513968144 905524658
2382 890 3691 811 470279547 934592623
3309 716 2730 528 391969323 848870776
1398 1203 826 1003 416475353 599666253
3460 772 376 748 157362237 567835714
1659 702 145 1157 736116153 950308966
131 64 1653 34 15486348 483082335
2601 806 902 1107 166577982 288279367
1112 1177 1195 1272 195848639 448533031
3937 370 1053 1334 153995474 677651937
1000 936 454 1033 3687809 57701437
2968 111 3567 424 4626377 614133958
3428 606 528 629 123940617 815307551
3421 559 3083 236 187211345 468252095
2535 710 1417 653 278337684 899387868
420 631 2708 424 445341711 683580896
1700 1376 1659 199 672870164 760781495
913 350 1306 7 636089645 752788362
1643 101 1458 1205 334064718 917182515
3065 200 855 40 7789125 319254041
2278 959 1655 349 872266661 917338522
1773 1160 684 804 49669105 819424795
3800 210 3059 333 115250629 259729886
3338 827 498 411 324461237 641785812
811 281 1548 725 354410227 509271854
231 107 3219 174 301070946 480740138
3617 1163 3074 1252 402897154 952873827
2549 1285 869 701 103449352 491732107
3285 652 2675 1204 72804048 295287708
999 922 1704 1239 114798707 186719866
3801 1322 3770 867 1247322 917604997
2109 161 2221 8 47421357 149291790
2190 891 1883 369 50391761 53008420
942 1328 2296 413 59071902 929977566
1666 994 2834 1149 60344693 415017600
3145 777 140 572 522612050 586172676
3171 568 396 248 442020182 931380654
3944 239 3078 411 7461883 694034383
3146 368 2762 65 407100736 567149627
1338 1129 1889 223 9098095 359588811
2681 756 3515 562 78331125 204715012
993 268 604 985 314796254 479868991
1872 455 3298 539 599579961 859683021
3784 842 3385 98 3746547 562981131
913 733 1233 655 350176499 393530120
2315 819 3914 312 668401292 745942757
409 342 1489 281 422460266 752125410
3859 958 3435 137 39169981 579189660
2252 987 1322 169 47078386 606070136
2449 78 2518 102 308328652 925736842
3260 693 908 240 503695621 604566767
1688 71 1061 431 185284361 766761900
2283 1106 2043 697 524121588 759665727
2161 480 1883 738 820128958 861557079
846 788 3327 527 222610843 599186203
3895 228 3293 1082 418735555 879271081
2737 219 1996 1221 192067595 708628181
244 1051 2556 0 97034952 910106820
3429 1001 2713 888 714378838 833540636
1851 1141 171 1328 480058422 829723538
956 218 557 149 146171585 189058199
882 59 2098 588 216618902 659264099
3815 1281 2859 327 911545485 915528299
2620 243 3828 1284 293695475 371348440
3784 481 1444 1169 306070982 774897031
959 1020 700 994 68231899 140928641
3924 1068 2303 1235 48549858 517573885
1242 1255 99 43 275409464 521151123
569 348 2245 1214 259971716 583237643
3619 1303 1874 762 75760533 801184804
1900 40 2072 609 68557219 894073895
2821 1061 3052 881 24726479 475488399
2402 528 2543 624 403222565 637775308
2905 1083 3122 1309 15893222 557186890
1194 539 1723 241 92661801 120005225
2751 746 1389 216 659961553 758092023
1868 739 37 669 282974303 526604367
3091 259 2101 424 40635029 393408829
1087 625 2651 337 5842216 119545007
3525 959 2795 855 4240894 815582969
1018 636 3435 1329 237057581 318626797
1011 804 1626 1201 292230980 616005726
1879 363 1034 534 143598224 687843913
936 365 2904 356 58250651 879710825
788 1140 40 399 261856767 878467169
1993 166 2923 775 65166828 588774564
2851 355 2247 70 367031018 661432689
1196 483 2197 1124 247944462 784333825
1637 972 503 1058 568683887 937203511
3659 1049 1998 137 242802306 542898460
3266 1015 1606 571 55568606 221343999
3304 961 306 305 146822814 667424654
323 275 783 635 483006221 762014338
1343 392 607 575 346694603 705925624
1236 737 1544 895 540401116 793513505
1181 1051 1324 1192 354453555 653450851
2279 249 2749 668 94416366 463248317
280 493 1535 76 134974852 799226638
2568 33 2089 80 5217668 313666672
3649 1333 2693 792 281889259 394055716
2383 945 1255 255 161099829 498448063
2028 86 3437 583 173372310 902223381
1134 36 3353 140 37183864 115223876
1860 1231 2160 1061 140777135 320886174
3857 1359 2727 972 209377075 867446975
1491 268 2895 549 85492546 257565830
188 224 2897 490 558712361 800837414
2122 1282 3102 1149 728739557 792008586
2787 832 273 870 654706039 931443366
859 155 614 1145 232695227 843094559
2029 16 3276 281 17286311 25041544
1402 782 2771 1250 472534440 697106621
2303 327 1342 1346 525172690 757797518
2901 899 2753 464 313078429 500888141
291 571 74 162 267728746 613330009
117 369 3432 1266 126279283 152959366
3503 744 1284 66 181781111 929985105
1731 1153 2238 487 226983047 842696831
2570 1330 269 1290 526195771 716228411
2440 1288 546 1344 327385603 415115894
1351 1035 2652 1349 254262084 870420200
119 349 345 589 444044648 852826544
623 490 2153 1094 544433062 716797573
3521 715 1473 224 369754848 486086992
3817 215 310 879 46239136 639652813
3669 950 150 14 613934156 786021084
2415 1159 3521 842 229127007 290195276
2559 45 606 876 832702636 838286342
319 672 3704 1179 342668744 459311388
2651 206 3786 414 70312917 323729738
1872 1257 796 777 18439457 129049196
1011 128 1646 268 515334064 830427536
1883 781 1902 160 155105672 527846618
876 1111 3781 502 454825931 475840939
1008 1226 3033 24 420847839 559921096
1953 304 835 579 407044970 623141944
1850 1213 693 683 122133565 594579700
316 27 2769 187 130649168 199003007
1158 1376 455 611 323526205 643085591
265 95 2354 1291 111952267 638472153
1015 845 683 662 310758130 418671831
3824 1137 1665 170 600389812 614149556
1202 958 2014 523 416181233 473155443
2459 544 1449 1089 128051770 837109171
1669 683 1138 98 737235608 908498995
2386 853 33 485 51125626 925948672
2147 1136 93 368 310490657 589197649
2338 644 3795 956 273457263 312813591
1706 270 3830 736 507391541 599424684
3602 1132 145 411 132055627 574579342
3489 455 887 185 102375011 453224747
3152 984 237 765 789879313 814994179
3372 791 3917 763 700603627 884310345
3053 471 2871 55 274381045 350903160
3393 702 884 1186 476502208 606917871
1988 1097 2855 866 46598174 917478633
71 94 1352 83 260988810 944396392
2427 1321 666 415 153677879 230331455
3316 776 3534 623 476012375 489346850
1520 1358 364 707 284403693 557049089
3101 110 1090 366 172127395 672614322
346 1227 1955 305 375050791 930465286
2203 405 172 791 692758104 872299377
2835 408 15 876 744812251 919745508
2271 555 1953 561 617888253 906575127
1674 259 1590 487 421452888 878505676
3498 559 1740 1329 34565743 165121244
3573 274 2947 660 370610271 606188392
510 948 2303 707 340710989 881043833
3679 260 1512 251 215913572 369199237
873 1181 2518 730 618029713 954195475
1536 1350 1905 125 322942250 702962574
2400 1277 3340 480 218383738 883806254
3638 1187 175 260 379429918 544655342
897 962 1047 107 289898596 518881523
3376 59 1190 669 118192970 627084599
1715 6 1733 951 148719625 846070861
2558 198 2721 932 309743288 515221506
254 454 2762 887 671801651 945948664
3126 990 3045 1262 700778460 722604237
3075 680 3504 722 155170011 483785554
1073 698 1038 682 550750375 667362463
266 1234 693 1182 71055535 496376474
3433 362 3515 78 327559749 781117793
1065 368 1135 374 19360329 712881672
950 1133 2723 462 302276283 518992952
2418 1044 250 666 9870540 576749751
1396 1141 3844 70 133139231 590246905
144 823 513 984 669996965 911170142
594 693 1414 1063 182288357 562356053
3227 1015 203 757 312632983 883318489
3138 649 903 985 15792705 351842884
2839 1352 1887 1368 165914288 862949929
1846 73 159 699 418326687 444384062
2783 631 100 424 478302046 640010130
3479 862 3325 767 434338476 911459297
1062 840 3414 417 294487850 569346190
3655 831 2927 867 313519023 411269856
2118 952 2417 136 209543384 665973832
1739 1086 1421 463 146181502 592955499
3472 1211 3896 613 729124834 798602962
3340 996 2475 1348 588079222 878345364
306 927 231 653 468575539 726818499
1979 223 3643 777 33569202 339669686
191 374 2486 588 131842825 624667823
890 373 1180 449 179135537 291096790
3433 128 1157 185 375173606 400739168
2079 806 913 667 727832463 747709735
2942 956 1001 1298 496563255 710794445
3773 52 360 132 10331877 840290503
2538 18 2303 1322 874115323 949133804
3625 473 2226 956 59263321 292120412
3705 440 331 242 15956831 724638636
1649 256 2465 864 209407773 710667735
2309 139 3836 1228 608764389 629221925
3129 285 803 753 540741406 862559927
1469 695 3597 614 789787911 847288910
56 1034 985 1211 717126103 934098397
212 987 2041 1117 27088001 395112819
3340 521 2975 1266 97369799 557049922
460 717 2734 545 351467414 452607079
2635 997 1744 476 199023099 225849198
3847 378 3688 254 135565280 259937014
844 377 434 943 63923369 406683822
2149 192 2855 462 41138574 700945935
1860 1117 1720 414 70759352 539794563
131 188 3140 1040 228040491 400563677
2057 680 3769 794 649004963 750660629
3155 860 3252 613 721227497 879987290
3509 1058 1253 257 122712563 816661656
2485 8 1827 384 143461505 721469855
2305 1158 3692 589 35233413 232196507
693 206 3908 1010 385899236 783249129
2966 931 3374 962 22733015 308401661
3933 500 1969 617 300134916 677356349
993 492 2101 626 215261968 697772563
590 980 1705 434 795986420 927580975
1749 378 2207 1121 57612756 177823246
3694 1100 1858 827 513968048 624244904
1299 1310 1844 766 484261663 791964631
2452 1355 3826 1046 72349902 518008743
2117 975 2013 1114 268670316 521966004
1459 140 691 1210 541088939 673756933
1219 636 2853 892 516754691 876196485
1688 1107 1646 985 236366755 238919092
665 804 1098 1296 455368723 799695243
438 1215 1401 933 335064267 538239836
162 596 2202 270 102760119 182014455
1030 397 805 218 299459673 641221380
3696 998 3482 100 665723724 820776409
3349 906 2898 485 79070798 952616736
3832 949 3899 37 204681201 682223024
2071 447 3299 848 216368391 327070145
1940 986 1196 1261 865853101 868352830
428 919 1202 658 294555110 936751531
698 1328 661 3 104267192 557192172
2526 418 1312 149 509866333 628493739
2713 1025 2128 38 710689876 887226244
2746 510 2499 22 335630065 721868751
1696 608 630 108 15191814 236073833
1308 960 624 1230 84471419 181196155
1529 182 628 401 240129448 308924698
345 425 1492 472 304189900 915704076
975 1380 2365 562 255244769 301599194
516 803 1696 338 148017237 942909153
2456 975 3024 806 259813959 836929488
3459 1294 53 699 227189794 839758395
1545 118 2635 1081 148256232 771344238
375 948 1157 1277 419758481 911976008
713 71 2686 191 460672141 498798580
1942 802 349 828 151104583 158026302
1634 821 764 959 232475573 320467914
3837 708 2410 432 578499657 628875839
1073 229 586 494 101528671 239088275
1056 996 3598 1278 105197381 409239064
315 1177 3064 1257 533337226 952869738
1767 218 3363 717 691820801 917755084
1557 415 2729 1162 703255522 796765289
3114 638 1053 676 180365820 874462672
1375 1363 3272 836 399635051 859450720
838 1338 3712 928 218225409 497081347
3844 73 425 400 224658524 257217878
2912 1348 1483 563 416690330 693281142
850 1140 1460 694 409465983 776939170
904 637 1165 653 337420206 791020333
294 915 2938 212 290514991 432002852
900 1323 3828 223 244995300 245390540
1252 939 3073 671 9455747 250801322
607 737 3568 1151 335535556 440023188
1785 852 3407 1367 143490593 201138597
1652 507 2867 421 11509886 631700246
3160 865 1244 1149 127370659 744028276
1883 721 3232 1369 4287037 201027375
1190 569 2536 627 554432307 868861510
577 284 2823 14 825599097 948979555
1672 882 2355 981 168741451 260501458
1596 503 2735 1001 223783660 788437346
3700 1203 1219 614 852246760 882172174
2187 1362 555 927 591649148 763785042
3750 5 2039 68 409101170 705453866
1729 119 1023 654 262921070 770688174
2976 110 426 660 783108600 820503908
1050 873 743 1016 601791327 897313856
1814 1048 648 796 206890988 768929683
1208 1279 3812 735 260253482 633723965
3344 1339 3037 776 606999683 885811423
587 143 194 552 137268343 343936968
2772 351 3349 786 202918839 915231339
151 640 3779 453 202773370 280424025
2402 13 564 1002 182299642 895452311
3605 316 3040 1110 208834289 957645220
2954 1217 620 322 230513246 395916361
1394 507 1762 174 105225009 711158711
3127 131 1525 799 733381748 742265165
377 1360 3685 1206 304949271 429699042
3150 1052 1501 104 535707098 637025772
3552 750 385 273 199484097 396218933
1474 1016 741 1295 423790972 553701535
782 775 196 990 452011561 568370265
3599 325 2562 1128 196500229 296636572
706 625 1362 205 134375766 192044158
2654 1358 2018 518 134785667 799316323
2702 1163 57 1373 772224198 896195344
2630 620 2321 610 684310236 837802009
3648 890 804 41 84820127 520261637
2597 582 787 791 885718535 889560865
3577 229 356 942 244615596 517828570
62 500 3086 445 287821398 572935133
2720 500 72 49 103611773 135372505
1728 519 117 58 374333366 463618326
1013 1310 2147 318 77418495 579076082
1051 1360 515 212 132304669 342819092
6 1355 1144 1192 120474605 321964690
215 1186 1014 1031 572208307 620565731
1948 574 3519 975 432292282 622674582
2019 435 2101 1182 666228505 869586448
1319 913 3326 1367 372674090 405235947
2791 1140 876 850 385828052 596155952
1624 1043 1278 1213 261176380 487915132
1216 273 2070 541 742590152 872391968
1356 1228 3447 1012 249408820 469976703
2796 375 159 633 511075144 622077605
864 82 3232 912 650029201 724066365
3686 221 2480 767 195996902 945448277
582 671 1159 411 176747376 821702997
3864 1081 1716 511 162071363 532956690
3118 547 1771 960 413969587 465809567
2264 1378 2074 830 456490038 674228157
2300 626 152 1092 430526572 476121322
2993 151 1178 1175 609946315 806857998
793 980 3809 441 144677309 543041116
954 1112 3861 1340 38115072 877735880
3696 254 3480 591 132793309 890469008
1055 1346 2467 264 57084056 701389876
362 849 3558 493 220151405 909023598
2473 1150 565 926 7795942 775650955
1415 36 1658 1030 739888524 840991474
721 636 3381 94 435750600 551654975
3200 537 2586 1260 182045192 809353755
2782 383 2376 134 669346883 817908995
3525 243 2369 928 135560434 621676264
3574 423 1074 1314 201206252 566822447
690 643 3159 334 672172697 883246725
616 801 2491 766 93693715 466062674
1503 901 423 67 404775559 868276804
2841 662 3621 1106 45740288 82185527
290 783 2509 363 342600578 654133777
3051 1205 2449 567 660573189 918277508
2220 240 3810 356 53149464 326514783
429 418 586 1090 266566369 312141547
3658 304 3234 512 443648931 867126080
2745 30 1921 254 320163318 897967939
2193 930 2484 693 75859804 194034976
2443 578 2726 444 199896654 895853789
3361 276 1456 1263 581646993 609252942
3423 1312 2247 1049 641562324 710024353
1964 910 29 699 529811773 578390651
2313 94 2115 1150 104897658 708051183
938 216 1394 239 449120365 520106472
2258 814 2166 1153 391654704 646536545
2182 1285 2419 688 373201181 441232867
1773 821 3462 977 760836423 877227130
2120 1289 2233 1158 204854070 315703141
371 451 3337 1212 747008203 867197656
3852 703 215 338 71825549 884416424
340 806 3823 1218 438670930 698425988
3897 197 1308 1209 367929738 738980072
2513 140 1788 1211 612275533 712465263
1573 598 3635 97 413916343 788219199
74 123 1006 1171 457077645 955700551
3293 215 3373 1380 42111157 528910997
228 947 3313 822 407524129 453170285
2173 299 3472 172 285967557 369525230
1623 658 1563 1186 702839620 780087093
1607 1098 2714 681 379468058 879124981
2763 241 2910 268 72073950 635751629
3142 657 2595 902 270015826 385627761
4 844 2826 1122 158250924 516948309
475 315 3455 515 111961129 866296216
3644 505 41 1077 418277143 898833787
3859 32 497 258 72643652 947501031
3143 545 1590 806 74205375 80208770
615 328 1107 1020 546447834 802633722
1426 1036 1087 867 779297481 944492878
2058 337 2040 1012 224699129 284601957
427 1226 1852 632 246190088 637705658
148 680 3038 265 605892397 819521213
2747 689 2248 908 289847591 897223744
3918 377 1955 483 386801451 637949883
1531 937 2364 1015 60766786 529670558
1276 109 1968 536 138435284 901071154
172 259 188 1081 229810987 322301255
2983 82 3802 1039 344936745 580835971
359 689 3650 759 32008940 762186822
316 1055 1815 538 221947653 422093358
2332 1281 886 319 780834034 809496053
1938 907 2854 675 89684183 116467134
2221 223 1536 1065 270061387 585073431
308 1374 1140 783 212134008 922238820
915 479 2919 1343 214269029 871826560
107 155 2132 509 244961217 506051173
3656 1272 1103 752 462572576 765665963
2125 1280 1264 1044 394853502 671352923
3703 1360 2388 617 602940022 700930793
2464 247 2092 839 32533384 269474738
616 119 1504 1303 506577607 596217575
1632 476 3165 1356 501902720 533779228
2333 63 2132 975 13582451 806392210
2551 1354 1646 986 757985164 758577041
3249 1162 1045 988 442986994 800640010
2308 540 3468 384 129974986 591055620
3558 225 3428 1267 686774800 927691150
874 1212 2044 42 366547071 468176508
44 1073 3449 940 466338413 795574299
2991 899 1702 317 309675321 892273186
1308 1281 2421 490 244920116 611088699
2386 221 253 316 261989512 868166639
1612 1289 823 951 382237647 767014943
64 336 3861 930 69739709 216184192
1347 1301 1532 1239 76640435 830412946
1200 1146 1415 134 327835687 432214630
621 1257 531 221 202146538 927283253
2108 303 3753 723 83321750 929166852
3306 524 963 273 390300695 487166835
1919 730 2750 782 450073016 952471056
88 1329 3407 713 342634174 475718982
424 28 2850 718 509549901 743295552
262 849 3514 596 549958138 765171769
1169 1234 3572 817 520433347 761150164
2741 746 1487 135 293561950 444704606
1709 976 3221 315 159845118 417854768
3851 403 3122 591 78451339 830140515
376 819 1814 630 212509447 315959909
586 501 2923 59 483288896 494088330
1118 638 2579 1039 9812120 631072151
3087 1017 875 906 91236321 949315775
1962 113 3223 528 73011029 79055819
1462 1142 3038 949 99440062 213485471
792 1006 3335 578 694158317 891259342
1767 1317 3776 1376 121523965 265675412
164 702 2713 846 611113282 679949305
2409 967 2506 21 370005924 916579164
3839 1222 929 810 272600676 703424319
2007 226 2032 1233 673812978 920625216
2072 602 399 1275 556290218 760690560
2488 425 2603 1034 169653206 301720868
3249 793 2485 89 397586952 626519663
65 995 3652 818 81488522 685952809
3205 1199 1114 1133 206281130 426094357
2478 1130 1733 554 165248946 238425081
184 340 3581 155 684978857 940111599
847 48 3932 780 71638375 123758291
28 866 2330 792 510264991 771334955
2511 740 3930 18 264744276 322948021
3770 767 1893 522 565340947 637314975
776 702 3249 1104 367570916 425570933
2368 255 1451 614 143421873 933865542
2501 797 3206 392 380439377 929935362
69 1339 539 954 331648229 586707907
540 977 2952 145 161250061 617147618
802 46 2175 182 246268755 283806063
2899 1282 2435 236 711804293 803078818
3027 772 1641 1006 764091943 835630324
66 751 1242 563 60379701 736588689
2531 1159 3249 187 402686057 651463903
1804 835 2858 18 28872175 693111758
3178 1251 910 688 503115508 945503390
1859 1366 1675 1322 242141205 789871549
795 658 3600 765 565459199 600559660
816 770 1380 967 589220911 871997347
1979 317 399 321 301947076 322752648
723 522 3487 538 596847477 761925602
2906 914 2326 423 265905567 929475244
3514 14 2609 405 484517883 867659013
1080 1245 2303 36 176868864 440333556
459 213 2941 338 220011045 266804193
1331 1369 984 1252 752703583 901106480
3376 356 532 819 52490149 751904651
3478 774 85 1066 681760297 773338702
3039 1024 2212 1337 112638376 447255005
3927 397 3015 1050 41772518 555184317
3560 216 3823 1177 90719086 462780214
2742 294 1578 1085 640622062 779909931
3679 102 142 949 211091474 668085687
1071 1014 1157 294 563108633 577050818
2791 503 3614 623 180895165 528572657
3283 993 1379 116 682612956 843295641
2147 573 2611 110 420929700 768004203
754 437 3063 158 86946210 888486047
2731 877 3145 583 18408604 358279549
3536 1003 2880 957 73034651 775270466
2940 612 2925 1071 159035075 737582917
1662 1368 1773 626 360839073 467274588
2337 1206 3196 852 276192027 488007554
3379 408 1011 1062 242727006 491763069
538 1355 2654 1302 259751566 384834020
1542 1193 3538 772 577110081 640166583
2820 485 2793 1307 215456367 927653667
2183 294 688 367 176084360 215545107
2571 367 425 276 204137781 856859867
226 990 1488 88 584872857 862075343
1124 654 934 440 268529010 530189876
3933 961 3751 1375 399185496 560274719
2810 178 1441 1064 195536551 888760816
380 207 1858 1258 330019500 653832042
1875 833 37 1305 554921376 811936851
1379 498 2074 402 352955465 518642365
2089 1280 3643 1274 103124961 812541189
897 1094 2237 131 106765012 222065159
2305 444 1540 1238 122464596 704190502
2225 794 1664 517 60474286 140520754
30 317 3290 18 140578091 948761441
1693 778 2172 155 299236313 412157817
256 876 2806 305 812437442 930490812
840 592 3215 493 352401583 538393071
3761 362 1576 505 439870381 714799226
756 599 2727 336 781687929 782481157
870 500 2092 1263 134509739 232021806
1114 1002 1670 886 695595726 924663220
402 817 2350 293 781862333 872343872
2518 91 3381 10 25387681 334203043
393 129 2026 760 260662530 492440189
3321 640 3797 823 588286427 913724692
791 957 674 510 613439981 941245857
1650 367 2436 1190 654569414 826942322
2646 559 569 300 67663304 446707501
229 1042 3510 582 172165791 869539121
1003 1186 1416 771 100398087 407749901
1036 1027 175 285 735603040 935533608
709 1089 1318 642 58161133 210174097
939 837 3725 1276 453697685 657375790
1695 1263 3843 128 173219073 266300630
2045 1051 1110 482 252825768 366057112
835 396 1360 261 444269601 631704884
1060 986 1972 1287 39881809 670279388
1065 1057 1972 622 49918765 951721954
3627 346 927 213 350332819 634014381
1048 411 20 1214 450232158 839545485
3823 481 1552 1015 376049531 738414509
553 602 2356 1158 267697226 724084655
2546 123 3403 628 3429505 452913596
3320 1018 180 1079 308860036 755564218
3279 771 234 171 252240171 922820069
3242 556 2973 895 467216714 501232347
2158 29 2639 1143 415991514 493733912
1536 289 1817 1170 271882138 769642307
3256 1295 2963 463 523194057 632513514
2491 376 3854 1279 250444111 442622432
3569 786 2479 1139 268932884 905816576
943 706 2799 1263 768816774 921380965
3681 1101 810 360 240672782 604232116
3430 1351 669 1295 685432643 718185356
3155 555 3465 395 287110440 636845513
3209 66 3149 15 86847844 745207385
1775 312 2443 505 47101732 844955954
1707 987 909 755 557282258 810138314
3817 689 3833 1126 140766411 782020630
437 1310 508 138 838181349 838411663
347 100 2831 398 3570846 735542452
1699 601 3372 923 552571103 648285653
89 410 513 720 540821645 621151956
3184 335 2639 295 163964116 507383901
966 45 2513 58 111084895 392761908
40 687 2489 1163 770126992 862968800
2314 1229 308 864 515194672 579335871
3845 447 394 1251 14161653 96771635
1916 1240 1292 1300 283176357 535039622
797 576 2397 1189 172008665 742719343
1003 801 3165 881 657172248 817734107
2867 1130 2513 978 139578461 305433619
100 974 790 632 32807979 565899935
422 863 3824 1270 482135033 647122941
3390 1134 3558 642 427050344 699904922
3348 590 2435 894 130963363 783192625
1382 65 2145 1009 307908194 530805301
1839 1008 209 635 54809507 595660446
204 203 3922 606 746369099 854183282
1605 544 2680 1178 41844149 321199166
3466 233 3017 628 569993104 579258999
529 975 67 1353 8266474 161587015
2241 173 3219 725 98278934 898803079
3636 177 2499 558 225651796 907748780
2278 380 2554 1151 514485256 888872835
3803 955 991 362 680954135 691495843
405 1289 1132 558 477757135 824474380
1446 1302 2792 1182 116123883 928645433
2663 824 3714 446 126632020 189174942
1903 17 934 1116 152078382 460279402
2795 1381 848 43 867940490 915726095
1528 575 1737 1027 63983824 494837243
1702 1095 3758 43 533752795 757842505
358 718 2742 751 736825040 958077648
1716 1275 25 1030 86904608 896219557
271 1328 1080 270 458739251 714037813
381 43 3451 640 452238408 815616435
3206 432 2931 71 60375941 241484379
130 1150 2385 1034 750642126 801573311
1961 1269 1423 828 581470398 914292393
3852 1172 24 1322 67325371 81553856
734 144 1829 1115 471612188 494078794
3033 403 1253 480 672783663 940419461
1331 99 1015 724 393950949 851530284
1955 735 3155 573 170919061 573842851
1059 762 2475 902 180497750 704663144
2635 630 3149 879 275977018 711907654
2080 979 3686 950 155124129 742860693
379 73 1382 733 544131852 655835337
3263 844 1211 1184 135083443 263061796
1146 347 1394 918 148030886 236019566
1247 1353 2634 585 487432360 874189908
3575 43 3317 1064 75016263 591626333
597 810 2571 1237 26015134 827924724
3380 621 739 380 587471233 767739926
3832 1195 2892 858 639770978 650833906
2058 297 424 902 77673670 150671456
3307 1246 2894 1076 79801788 584545790
2839 400 2630 338 610507064 616037266
1152 1085 1500 1332 18244915 81252001
574 1055 3476 964 27469627 717905967
877 578 1798 1237 160877902 628641620
598 798 3894 680 311931466 717472269
941 88 1731 849 330585286 485209711
1700 720 3208 1291 642370117 914775709
1927 516 1012 588 314853394 623413682
3202 435 3480 173 527689895 654638499
3138 67 3889 886 178215615 705145726
2156 588 732 849 46166756 673044328
28 124 3354 991 471305677 822948432
1544 922 568 1066 90958649 840816666
1214 560 3387 21 190164659 840434820
166 216 2804 552 44146433 261564565
2018 142 1421 981 134127194 181392452
2073 596 926 1277 507421183 944345807
173 244 3816 212 445682618 806230115
3260 501 2290 581 229510497 633165828
3694 413 103 1264 401928712 834905397
2919 357 201 439 128047960 700708554
2486 228 2006 1062 73885378 780009576
2020 1129 2191 803 761669957 904359768
1534 766 3793 42 131399286 829541073
463 464 1070 768 251584051 644182018
2197 382 471 1139 660671780 843684490
604 955 3398 826 23192232 804352824
3926 1032 3840 542 432893547 533717222
3144 189 349 421 118454031 169831194
1966 1007 2519 762 466140196 712153817
1294 1038 1110 1361 140739569 548077070
3180 1381 2906 262 36195825 330255125
181 148 598 1316 335144990 369828356
1606 45 61 417 167343617 736953806
1942 38 3037 138 389901598 434972300
282 272 2628 362 81903228 145815381
3259 492 459 853 51758028 237317786
761 690 132 270 99770759 897218735
3612 27 3504 1108 809507576 815032252
2598 83 48 983 419394273 862469151
1608 883 741 793 528477763 935361483
2822 1275 2564 916 602642021 957653675
3572 1137 3132 383 686975312 795958156
1047 186 547 768 154429759 714122132
2333 22 186 345 199091252 527815957
2072 496 2348 884 514208253 694238187
3363 185 312 989 192460906 330996646
3442 501 2832 819 757800791 929882461
2208 206 3739 1021 203047082 590604486
165 282 2628 652 178888289 889210853
2350 1279 1727 534 377386513 655263319
1494 284 2251 784 77840406 818501103
2085 80 841 829 17494007 820027960
1136 1211 3249 949 153231154 440125618
545 1084 3254 1160 71299608 344233205
568 907 3899 1074 461449507 494250754
3784 750 1546 1159 292633660 295851650
1107 392 1715 843 386501120 698682542
2317 946 3202 1336 7768184 285950809
1609 1230 274 0 447848654 843336910
647 1227 3355 24 91497637 720845920
3250 1198 1637 951 228630159 304960294
1886 436 2311 1309 284211153 612341010
743 5 3908 609 716857438 926494306
885 28 1274 1246 568561005 662205858
495 1036 3125 872 328638953 437084099
2863 631 3158 600 163452875 902018447
2510 438 3822 1069 29889772 849427616
2165 716 3756 18 158262753 779010570
38 681 2138 1337 909928155 938059554
3931 1370 3454 889 928936435 956755591
21 513 3392 437 182088216 218326052
3811 1159 3167 392 507718978 556492044
2173 515 1454 77 16935921 384699788
1524 707 1032 123 72907216 224382278
1360 782 110 1242 354087237 628762209
3496 211 1904 1263 705332485 743010151
148 922 266 1260 1221308 511332263
1107 746 697 760 108123098 234133613
3363 107 3490 1044 85969255 542656691
1031 748 1172 922 275788421 681403734
458 337 1863 546 232312317 506511255
1099 55 2577 138 203898807 923950692
1686 277 994 1319 140937614 847397467
51 1367 2652 1372 902001911 938753076
1365 1182 1490 1061 602661215 904474429
1873 468 3837 724 426125309 487531603
1832 910 1692 251 287133983 474355768
3333 1195 3319 174 172621269 273414093
1711 522 3034 302 660467167 760316139
2004 1167 1874 1085 121428473 276578353
696 458 2476 900 299250232 636787153
983 1061 3647 630 434833156 462628934
3521 503 2824 251 81332497 918383250
1874 828 3932 900 68467099 817723687
299 246 2952 279 360372429 802187593
3199 747 3186 740 521902877 596687934
536 412 3409 1085 45598688 498505084
778 481 2586 38 54612898 391372726
759 415 167 544 296656176 444309701
1750 1109 1503 728 628681964 904924156
1092 870 3427 552 59418145 155650260
37 771 3268 121 278661898 480573262
3616 800 2463 243 174276710 904752333
795 1317 1949 461 470449788 918822016
36 1129 2271 379 130873985 373553590
1092 1070 1459 236 841519298 866462531
3766 693 1639 191 555571507 766273610
1870 681 3509 1051 423685552 803145763
3621 37 2177 818 284368522 562120251
1884 1001 2715 681 437571055 796205503
2537 621 339 298 41428687 708406665
3089 699 2578 1268 156533140 748702886
2957 598 1568 247 93880525 574490510
899 1318 2855 242 365669864 548114832
625 751 1542 1209 729675254 813522967
790 301 3844 932 582274162 919386011
1494 1158 506 1093 705708776 921282677
503 1204 2022 124 107252456 430790722
3353 160 961 1327 194926673 790148536
2407 1173 3550 1162 189182560 499448864
1259 930 999 720 266783129 708440514
3058 234 2619 493 409372126 497830044
1711 473 2746 664 300806569 956733237
1093 303 729 380 350258546 611109345
2944 1080 2383 452 44748646 523341909
2240 186 671 921 356044391 703189309
2740 214 2669 385 358199790 483772191
1699 723 435 666 592531716 776106319
3256 1189 1682 548 439666016 446548555
3851 1120 381 913 56774667 370584455
2905 437 3949 1274 320138916 481711744
771 731 1348 690 650967786 752065608
3599 596 3755 976 167719531 904323148
8 271 2576 739 384617747 640603237
2528 947 2247 1040 65104808 712604497
2059 996 1912 1131 51081400 273879915
221 455 1547 968 436266486 956043660
700 589 3818 130 277098485 442006584
3265 947 3202 1156 640508311 777248736
555 899 998 461 168311458 926335614
2472 1083 47 580 717246259 720905958
3912 909 918 388 27527923 948361170
389 1018 1499 351 390745626 418824750
1412 419 1850 303 410413458 538787604
467 315 1808 473 235766675 890562184
1520 227 1137 1140 184333625 298746069
2109 1238 1507 1339 14452607 211421578
2359 397 2193 790 521070636 944120777
2664 638 3824 88 29285457 435668161
3855 858 1845 1260 193644356 802654817
2908 630 1706 3 157664559 805213802
3917 199 3056 357 285343632 898269972
1092 910 1285 466 173434049 275969305
2169 446 2330 555 240240443 801530835
543 711 2763 334 23600332 421004687
3291 553 3640 284 492462432 903573192
3664 1095 2653 1175 208171315 824905354
3294 411 19 184 356842317 363555817
2204 632 2886 683 373347729 818944295
382 643 2064 89 646944009 660459604
2613 807 3527 724 175002256 264947352
1103 26 3707 822 287235248 887891269
1387 1305 948 710 427949201 844791514
1537 196 2107 1099 6749864 666121985
2275 873 654 1381 54830649 424155811
1331 786 1375 993 106335122 334055463
108 651 3212 744 145970289 863020538
3350 96 1744 754 292910777 707542193
1044 1161 2792 180 29802914 557659631
1708 740 698 1241 278060707 431375785
3692 333 1240 952 798259610 868573886
2883 748 1098 298 234279481 471223733
2954 476 2890 650 162208758 233035317
1994 730 2400 808 245521570 352190446
3590 1093 52 1177 183403597 399914387
3648 1164 2135 1286 241383300 884818536
3551 915 2929 509 370753647 548554018
1004 44 2541 29 417943677 495721424
1635 428 8 1366 166939981 372347018
380 429 1260 788 615132503 910275682
2285 431 3773 789 574221360 620626035
3734 385 1849 90 488792454 531194648
1295 1166 423 1052 306168146 734533365
556 1045 1380 1378 133082503 336206258
557 791 866 79 272395353 365573111
832 963 1097 115 454213725 925894149
3515 979 1841 14 443236824 647133485
3663 1246 3614 1129 441431046 727203753
1625 1357 2817 442 17086374 19992964
934 627 107 530 151126248 451477626
2140 159 1242 1018 60675162 442573349
523 1286 2826 1154 268400948 387123432
2050 1224 1310 1332 638119039 703362171
1665 841 1215 837 428160568 478730887
3562 1239 2651 507 397001736 463448842
1079 549 1756 1280 598467646 826479254
500 676 1571 902 218282106 393424261
1660 1178 1435 1330 117811792 450607409
838 1376 918 685 143039814 407963294
2588 508 963 922 114046046 549334833
2086 1132 2317 668 459831413 546209081
1042 241 1925 1348 144377113 709010834
265 749 1003 1367 259533237 694717651
1382 884 1464 854 378388377 438072771
803 543 3667 825 227637155 861829543
48 487 1060 1120 623643458 718296467
3316 632 1576 631 578361692 846472562
2222 467 3018 1066 148495906 160920742
3527 987 3481 191 459954536 630817072
3859 896 1144 568 450414639 874041328
3350 1216 795 1113 93596389 769487627
873 1254 2659 387 353766275 631565843
1826 1331 981 902 288223991 365011430
3761 1293 966 1005 44441285 662655968
3204 654 418 691 241002344 297030679
911 861 501 302 169783048 800842456
1877 888 3817 112 17452649 664277953
1003 1072 2847 243 299224254 530584241
2930 195 3338 271 54748181 919516249
627 359 1692 1227 611800181 866687598
1149 37 427 101 893902891 893945077
2858 736 3463 1055 130258292 494876737
3578 94 3600 362 432090368 434206831
2720 210 1122 615 95835057 462894740
2763 653 2160 585 430860242 741995574
2880 342 2381 660 61383283 922401445
1816 315 3111 1266 143049452 713598933
467 898 960 895 393024755 779758180
3355 879 2808 1129 349815317 630226781
1482 96 2518 796 144498520 521906969
2857 827 855 1243 296403389 374405006
1526 809 2303 1061 319174894 667829502
2931 187 2941 460 133428941 499609362
3362 1047 3476 1205 116721315 618575367
3849 174 2700 1253 205399491 696144863
2682 381 2718 1087 472699852 505575556
3888 94 1353 1239 72744881 775672560
1067 452 1120 71 537313218 862025657
3741 1129 2468 933 644494695 682099614
2767 907 2535 1047 236580399 488912633
2050 82 2175 1036 662889036 910395669
1193 253 115 776 511853273 693799451
2290 1016 2909 1367 424064299 473377557
1153 1003 2382 185 333786194 470906656
2256 1368 3073 883 376625650 489244610
3605 775 1431 979 527348295 561665007
780 145 2635 1230 176168092 547963200
3868 534 2971 1019 182050135 938066111
3472 336 1731 222 369698719 574948164
2742 127 2372 946 653342798 691800293
217 762 1756 1297 125184636 929975154
1720 1024 3715 825 25861066 181075388
5 251 1866 735 431393143 634884117
786 1179 639 656 406846265 446916982
2416 974 2337 686 19676373 49883253
1496 702 2332 1092 365740346 440703686
1810 257 473 339 175886331 458979615
2376 440 342 800 442166583 481482365
732 147 97 118 457604304 699712335
2498 971 1290 159 109057684 780972813
720 618 2755 1314 512977507 920694784
3662 637 846 1155 395996914 654318983
3598 234 973 832 548267198 819027679
3439 37 3361 475 334094798 782384694
2932 871 1601 572 26114448 776390237
3443 483 832 435 295857455 861079584
2279 171 331 1159 353924007 609021611
1444 1280 1982 370 448631487 676099347
2182 1296 1859 949 217042614 872027982
2051 967 1600 268 589445648 676504984
2413 573 276 1379 264480621 930644587
352 943 3735 244 344011940 367039018
3861 177 3012 763 734699790 824159062
2743 1342 3774 1119 412289930 682216981
2880 260 307 1311 376389839 607251207
2253 943 3472 312 294488338 534173101
1234 639 2362 80 137923384 143146788
1904 920 3862 757 805362041 835963570
659 1263 3191 997 139258528 318298625
3156 607 1479 1028 430793506 471970488
3685 405 2239 395 582470052 588810869
3447 420 384 813 147882417 913400228
312 131 2334 1363 240984126 834598599
2801 691 1723 280 619032064 828529861
3779 1229 2572 989 589738716 934365203
297 675 441 96 841193127 867492250
3934 158 36 1044 207288956 237758327
3579 352 2965 927 544715372 645458947
66 949 1263 116 499825290 738523626
3102 871 396 628 133441872 598105840
2470 1377 2417 281 144457132 724191581
2698 1270 3319 1293 346214081 731914630
1153 1200 1067 382 652070117 657717929
778 476 2775 1171 48606237 207509341
1372 918 3416 1245 53081289 275398256
310 562 3250 807 170113616 522541177
905 462 2134 259 464644226 507796352
371 15 3156 1186 427062426 878801632
1663 1246 808 462 150282530 234998698
1950 784 22 619 70375956 424967137
292 1177 2576 757 233954281 422743152
1464 4 548 1178 348838592 886627212
1745 1086 77 973 239087397 726923837
2045 393 853 614 197159799 397599859
117 635 3410 118 378820802 654537421
202 485 1938 284 645586531 679231972
3181 603 1534 72 373731993 463833806
1971 447 23 212 129978290 393085460
831 1101 294 380 457655586 462235028
2193 628 2963 176 194759699 935085725
999 1288 2593 1208 187892054 632465254
978 16 261 289 380145069 753526294
2309 1156 2305 826 526620524 876194834
1899 1052 2312 264 373061404 715287580
2432 186 2657 409 113624679 831702110
2777 70 2786 430 800898946 892195269
2575 1272 1947 129 224320636 886599944
2034 52 963 509 478275806 811209646
2769 991 672 325 288391721 912590912
1181 746 3035 646 145572385 914859036
2803 67 3215 725 603105389 778332721
1897 976 2705 630 236689063 841822155
135 522 1652 79 311968740 833353725
274 1343 437 323 542464286 916676582
141 1322 1174 1050 556328113 827481474
3472 1148 2445 720 654942999 777445864
307 491 2904 444 194435831 571096911
3895 167 3179 728 477973128 952325513
139 519 478 20 60011806 907100913
806 478 2273 483 128037013 482250512
1419 1224 984 656 23104952 212932031
2875 466 3867 701 377794140 906214227
386 1091 40 769 461584292 662782413
3657 175 3235 1254 133051516 854710124
3612 3 2224 579 292432244 782608264
269 52 46 644 392107939 589294196
2674 250 2958 568 503411962 735167597
1203 310 3890 715 425088574 607703819
1952 256 1837 1164 215706514 672930232
1473 237 1772 924 2718316 750284519
2401 229 84 666 162191891 205096584
1558 84 1571 401 127116002 458324684
2612 650 2379 1290 54289693 512813468
2462 607 2268 104 268315652 384741092
2723 1083 2657 515 204382679 705912398
2869 220 1534 47 227551549 853105210
1194 610 2547 809 143997592 308818696
587 1042 649 1196 713114547 737599794
1873 751 2121 1200 824278913 860364364
2662 107 324 1091 781114347 879867957
2095 1089 365 305 101653173 593114301
1634 1017 2225 1091 182428441 546569168
1259 1263 2903 251 204913529 777125050
2156 1122 929 1171 95149034 719669609
1750 475 2586 650 228164405 441828105
577 505 362 491 196174350 331812129
1313 930 2931 581 50426472 914700855
2106 599 654 1297 247687131 926115813
12 155 1455 459 811779694 812540586
514 1060 987 1098 679747381 910859124
2673 115 204 251 770562562 821739313
3132 415 1915 91 631896721 632167607
2642 704 1053 458 513534413 774047546
2580 820 3930 1013 259273871 785222311
2563 537 776 816 8481864 376178849
129 1192 1814 1062 157396813 743613135
1575 532 3397 322 144113391 465770505
2114 569 1629 1078 75730361 340694747
3397 132 1725 692 501173833 678315071
3363 767 2655 872 378801977 488010164
659 956 2323 393 340243727 615449626
3191 197 2955 1319 490594926 575096958
3181 54 3079 1026 520316628 940099388
105 1012 3764 89 202639387 497480081
2569 555 1881 182 280446719 637757238
3794 641 3182 121 702409090 859777145
3375 348 2060 773 21268651 653203611
3065 877 3760 1309 444454313 855376845
750 484 928 637 479999014 592637635
484 587 3653 1269 272062438 957649692
3553 339 534 492 52814485 98666365
2748 1363 295 1249 287522764 639498213
3262 28 1239 832 316124432 451482797
929 1116 673 1047 235219381 449594824
1843 601 3624 117 321682990 392821409
2668 186 1690 1354 817858039 859958308
994 635 3033 808 61754593 355163679
448 370 2462 902 142170040 621110607
1168 381 1513 348 17593501 731431733
618 892 1820 1130 646631499 741277430
2633 947 1720 1090 651642393 727864156
670 686 116 155 793709209 915655108
1993 1319 3870 131 437850394 768645276
3203 1166 942 821 783271798 889636642
387 1223 1501 1375 1961417 940414240
2890 1280 2105 237 242971545 714860830
3278 192 3844 809 48909142 498470440
659 1321 2769 161 359140502 952465917
570 1272 3880 788 415210616 557763908
3502 542 651 892 222415182 628107613
1115 209 3284 230 461771545 785731355
1100 1378 2704 1000 65734753 288931722
1805 1371 1866 1052 198435601 399083377
2772 8 3326 1304 356181116 674223456
3442 667 2069 1177 569751283 601275670
3413 805 1491 491 83829643 130412964
3746 1355 3335 116 44667089 207161514
2071 159 3121 315 323558380 362264062
3903 3 1044 403 123041757 622779292
1518 692 3100 1267 587733673 950381571
2243 653 3471 224 426728648 678262110
816 119 1121 1213 161204161 437365589
1641 939 2480 404 217346948 386097624
867 303 1043 288 667646876 739577386
284 774 489 295 263385875 794086304
1889 324 3493 69 565313639 628091366
502 1331 2704 1057 461575579 896664345
3021 389 3363 554 397921614 832471099
3409 943 2731 500 64014116 93398924
3227 586 575 171 284162712 409377979
677 638 607 362 664507212 739157567
1537 302 3153 1265 747225365 834626825
1089 1338 3517 670 10984394 388380884
3397 901 317 917 159118944 365262869
2863 853 2650 1070 242578635 371972878
3128 646 192 480 183252787 512295924
2427 1107 3520 599 301861727 907581307
1990 900 2117 413 568163177 901245342
2243 1224 1597 1258 311535534 621182011
3217 123 3220 429 355396660 483305663
2015 181 363 1038 352228174 864661893
2504 546 2063 1237 144114302 406331254
493 1027 3626 903 318058919 673449355
2402 242 1276 866 235250833 280523536
826 917 3120 405 140121480 470599526
2811 985 3192 761 329038213 838024058
3218 959 1750 543 181716444 718631456
814 1166 3866 781 61871465 902973887
633 1372 1348 1357 130946583 716569502
115 922 3913 1310 253141751 829445753
502 113 2215 844 256831843 446624847
2619 1003 1587 116 213078170 604265873
1255 712 1881 704 308723810 692065449
2205 962 1525 511 405568611 751348947
1175 1051 2545 980 432943472 474466651
2569 209 1556 357 79733600 327088656
2917 1365 1156 788 4950233 145733057
2287 463 966 806 60531096 331987841
3347 1090 2737 358 545345930 678043666
3732 747 3364 857 545182223 727352197
1637 388 2676 664 76973562 849126685
3817 588 3238 325 240218009 271529204
2750 715 1412 1278 376198931 770132116
1376 820 532 114 600261800 835745877
978 582 2622 375 77086054 367849244
2348 298 2061 1292 610952207 611950705
3753 1258 389 169 236974360 411835631
1702 1270 141 493 59871626 726468164
2055 620 1463 1310 37718805 675170772
3768 922 1975 1136 15079867 364225379
2749 31 3232 7 505393584 898901376
1149 1151 3359 827 331697572 907892137
2499 1073 631 296 364067420 881094922
863 1339 3400 703 840357438 944124266
1014 179 2537 604 348521406 408966214
1589 186 1836 727 108053437 687650731
1877 698 362 324 130409867 151296874
532 852 3232 1171 420048080 893284388
3775 1016 741 463 541906842 813779606
3077 528 2813 515 487398114 699415200
490 1308 2373 1160 23150217 815197183
718 1064 128 272 323788534 645089550
3525 133 2094 257 290996194 663582036
3036 890 2916 434 425730008 825481020
1598 949 2039 260 395721836 694380072
861 696 1162 958 525136957 807093676
3422 368 2261 1158 7018570 889503313
606 216 2141 724 214424921 554727172
2528 211 2354 922 561805947 849758660
1408 412 3179 1191 917134730 923309413
1862 154 173 732 273695858 955370338
2456 204 3639 507 308040912 839586141
3533 864 1546 668 35553319 718865688
1733 1079 3696 526 588892563 726221521
1557 670 862 865 482054144 805843430
374 1131 3246 151 231400194 338740007
209 1050 1417 804 125234455 802207167
2865 1113 3699 730 606693134 637230738
523 191 121 831 389539232 558144125
1085 853 2764 486 69114001 730724346
2640 1071 233 676 21112273 584426708
3106 557 2099 934 527851736 924564371
910 1100 2438 849 578607590 865938624
954 773 3592 833 148696848 436683132
3808 1370 562 380 226423207 340370009
2784 416 2597 658 65397687 157514041
1859 242 1925 1117 164939174 763068394
3702 1342 3950 1249 496355322 817035999
2087 488 1102 946 142038547 562642144
2953 683 2406 108 251248374 939989301
135 439 2463 763 633754294 832269859
2055 602 2105 684 892829107 904152635
41 298 2668 907 515221260 948950678
534 845 2345 1087 534952269 675983773
826 982 3190 464 571677893 800197203
1037 1214 254 676 517510600 563637529
1084 1068 2483 91 426295327 452324818
3612 315 2936 905 274017697 608806412
1107 279 2061 1066 6487523 415937053
1071 328 1761 378 61675788 717614459
3655 869 3484 514 472479876 675266288
3400 1251 2796 256 189458523 682846304
2404 158 3458 188 628688338 814554436
3521 1113 3780 571 135782229 272751855
2487 1098 3036 395 535510266 899799769
2765 270 2563 827 103817934 332396142
1714 1236 2949 1187 26268298 464284000
1168 560 2210 1304 347733111 891544222
1045 9 3891 293 352139877 616227292
3072 234 1413 462 431599103 472793315
1614 72 1532 926 458219066 802568125
1227 483 1517 151 185306966 666660420
245 957 2 564 91731510 334480563
922 1317 3407 893 926856199 928673973
3891 496 571 514 468192776 482938812
1751 455 1433 59 206629762 671788555
2064 418 3679 1278 102618770 674062520
2480 430 819 1181 309080226 319801523
1720 224 1760 501 86675942 342658730
1266 1024 1463 1092 366583369 465042330
3006 83 1750 92 448145063 478479315
1185 1266 2436 829 268193724 536946034
1454 556 2629 775 251111488 892634728
1879 945 634 409 49582176 205844428
2573 439 2439 194 136163004 209785534
1573 960 2783 1187 117989504 586754817
475 1158 3914 251 508502926 625489884
2203 1233 934 391 132095216 434391912
1836 281 1593 277 24663984 952458435
2020 849 828 1165 175567498 247390623
2731 884 3649 412 99295880 478693237
247 187 580 1011 336764183 437965296
1777 458 593 397 602910575 919613570
3108 385 648 849 223545202 403463518
3617 936 3809 20 6436997 388020527
194 544 2410 1018 263819088 582924559
3816 179 921 981 7096453 862468265
3785 584 1850 389 471548006 713410551
439 871 2633 284 329477752 507819187
1539 1308 2611 1068 753076122 909989944
2760 993 350 1080 86670842 440701163
1669 960 2161 447 516054278 877301182
174 605 2438 283 613412960 818672963
486 1243 646 1031 393430915 851874031
2409 108 635 671 136699932 656913090
1910 610 2454 143 305622250 480076621
3217 859 2029 712 107583446 716101689
1205 55 3594 233 374950210 664464655
3927 65 3311 627 265886749 723806496
2136 884 1186 162 36433851 879318906
3395 1195 1469 466 135951439 408224074
2292 668 3471 990 88043117 201568428
1022 715 2356 1183 77812819 591885787
889 66 593 952 180302717 728629144
2558 713 986 194 187299536 252407725
1733 443 1168 295 194494536 909900577
3573 315 1301 1373 15686302 400768844
2475 129 3373 389 246197903 781037768
2732 659 3728 939 744374312 783778670
504 1037 3530 41 49009834 51765458
1892 1215 2104 280 113172563 347949124
548 476 2213 187 193192408 535519124
2033 251 1233 418 465328968 758867685
2768 632 2674 635 604224971 615589217
2789 1182 2983 465 690485947 791902668
800 898 1142 1268 129619396 225739519
1212 444 175 277 104772087 384956894
2640 634 2450 34 277223687 472532664
3873 1274 2982 658 600606144 841039703
3833 645 3906 901 450318292 502538464
1228 1252 2305 805 280862650 513166446
1556 1255 2611 895 247171294 623383371
66 1274 1174 1080 258376287 467293144
3741 263 1382 1367 324705113 769806878
96 998 730 1108 535582428 664443971
3147 588 982 271 184560550 257211536
774 451 3661 141 250365649 365807621
321 645 2375 1348 206326424 677833301
2325 1256 37 75 9486292 654636297
3080 20 1157 393 307433424 740638484
1619 1193 2262 165 466809635 756650126
568 305 1293 503 390630896 566678052
2152 156 3474 765 294576604 833808901
3055 782 2667 594 43823489 488897443
473 417 2095 1274 350512 261686981
3782 1248 2909 917 9975858 579449811
2937 213 1338 47 98321435 341238982
3889 302 2857 49 408320755 514956754
24 1350 246 1336 279613547 669192582
655 739 2108 1296 392704173 607059128
378 995 2006 325 82652485 666181649
2785 506 528 7 319068036 489564650
3863 491 1803 986 394792176 613558007
2812 511 1260 207 486887448 630643992
1188 1162 2150 178 50127523 340971038
2311 204 2233 1120 257061751 548568472
3793 1211 418 601 87286351 297579244
534 442 702 620 236731030 359141540
3699 1267 744 69 325490177 634608695
500 429 1367 1342 152813069 785355438
195 1099 642 468 128287032 659423741
2501 1227 1979 1304 81576875 228858153
3343 1230 2121 449 331759631 684449466
1103 880 3789 746 407761928 866856683
1704 1256 1793 709 591872408 742369854
2917 911 1158 226 724197354 864251298
8 614 1695 625 330646019 633378248
1681 1308 1851 1005 489346454 501563137
2798 572 867 297 8376741 32393270
3320 1177 930 1107 311562586 370162498
1998 234 2351 971 52798981 874090738
1158 342 3276 710 617208621 622421875
3198 301 2012 159 863786876 890666608
394 661 2878 612 115512717 138922648
706 196 593 370 545237375 590181463
1365 362 2647 1366 45941963 407846291
2634 321 3902 12 269740144 693272506
704 1076 2406 877 1367865 877383423
1010 304 1130 1251 5642324 751964315
179 174 713 1167 518984571 866173238
3396 165 1706 1179 17012622 187977402
43 837 2558 183 215812349 341539960
279 855 3710 1312 76459193 183641102
3809 877 1639 6 603973879 783116469
1782 138 3803 531 396328535 944272166
3301 903 3780 195 70544928 715494762
1342 1319 953 1240 255470546 904707663
1737 1151 2820 234 636780560 689638237
78 825 1633 1125 289720523 405923557
3111 56 3724 1104 550638119 836802292
44 1261 3924 205 101773445 132601605
403 1244 768 1276 822763762 829432523
631 952 423 1369 327277546 943613800
1857 624 338 270 255138256 798417751
2471 305 3908 26 492392628 507941912
2017 873 1773 310 441837442 758732995
427 1065 2634 925 340930028 789040986
2560 1046 2343 1005 1484320 898805374
1846 462 2473 506 120573724 175445405
2502 195 2343 734 246698043 685876547
2119 1370 2310 97 414166876 890431079
950 905 2933 179 689629013 698727015
3005 1230 842 1328 574911257 734530030
761 782 2241 639 696006131 757327920
3640 28 1177 198 526042842 886061491
709 838 697 964 511955584 835155363
3451 1200 1227 122 85584396 294745839
1675 304 1977 980 527504623 565147234
3135 19 2892 1314 15267533 233013522
1270 459 3215 513 352748618 495521798
343 2 820 24 551086824 761656634
3176 922 1779 35 246552694 774277657
1544 710 3333 190 200015235 254340859
1342 41 1484 1220 290739710 351272391
14 524 264 183 505039879 781562696
3265 1247 1351 428 560755382 728296491
1221 1376 3322 402 621021084 852242710
1207 1352 96 67 474525863 504047581
805 170 3663 220 487502517 621602622
1518 1193 942 914 250689118 634697557
1046 241 996 1042 758365841 876708429
1801 489 1910 129 72704962 496489126
1321 380 1927 1179 192756244 741514362
3715 927 480 159 277533964 640675855
2107 511 1332 1157 234770318 674674766
1528 1327 423 799 885071121 901531731
364 225 2847 926 442446572 759634177
3067 1106 2664 1226 602292246 627121248
3132 329 2923 56 125773457 533458812
3083 1328 2257 922 153369420 927484224
3176 720 2298 561 65733629 748950532
312 1269 2378 387 651704353 752808035
812 684 1757 146 56970656 440617697
657 871 2769 626 929694493 957727797
3690 702 3379 9 256185344 551973679
3944 13 1403 978 114674837 871243221
836 1043 1369 345 93472774 361193594
3523 1197 851 822 633035567 712568518
1145 144 3928 716 194714273 695644181
3804 1263 1716 697 544413551 916756567
3821 120 37 80 766025849 881213370
130 69 1521 1255 802842437 810596983
233 357 472 886 26666778 298074457
1389 324 3350 1156 50860544 838524460
3892 868 2747 622 122709970 951107857
58 1044 2979 1061 63140261 645779715
1727 397 1645 160 252000825 936769756
2190 885 3096 717 420836825 798314355
83 1258 2291 880 37768966 616476505
994 662 733 384 474259868 819455790
1111 417 380 366 401949629 525672162
3910 886 2132 1151 732517858 781080653
1551 1072 10 766 349690296 449244997
2951 831 3087 920 228832687 806474665
1050 38 2285 648 376336024 575047180
3511 1263 1152 629 429491517 643221758
3650 1029 1838 232 7691840 885923690
938 587 117 184 313609952 388987137
2989 1329 3728 892 468771130 651138287
3658 96 1000 449 413878774 937992995
3533 670 3418 839 111822860 737248707
3268 290 2677 708 239172147 579420906
1830 353 3265 28 170230547 419130934
2226 43 1389 1321 419833568 544505150
1190 174 3793 957 265881331 290972145
2999 625 3738 263 289743156 648350762
1408 359 3302 259 552682498 864815559
1022 161 616 794 594703523 819898534
1524 1104 1902 340 41534458 843894020
3659 35 2393 923 402348665 420137732
3898 789 881 597 478143352 574514894
1718 412 1955 661 411378870 561517659
3280 570 3574 442 39855713 650320982
1243 109 1420 1090 301375641 385516712
2866 622 3104 1194 34919328 923238954
3288 344 138 1322 420713744 754321289
2235 652 2614 814 503399348 650800424
3475 462 127 110 681672431 709897364
1845 1094 2445 965 640836171 856694142
3457 357 759 790 479797818 539335415
630 756 1493 33 353243165 495894798
54 1173 2871 1290 441208119 592096941
2721 931 3823 1169 580403263 639476272
1320 428 2543 854 74249279 359028421
2913 1147 1059 1323 681877857 713163294
2280 118 1317 834 517327351 906990431
33 1078 2325 110 73717967 596999737
3705 1158 547 1072 763872270 890576693
1033 486 2301 1163 87689265 376682468
2590 498 549 441 354304667 782199984
1323 857 942 1331 28682961 518851676
1109 25 3870 1212 514152397 529140346
2616 1304 3719 784 28064657 538790665
3923 108 3419 144 217216352 697300053
1612 695 2580 184 376032592 929964716
3686 765 861 887 768537071 915130570
3075 1046 3675 367 607632085 755342627
1131 504 3252 504 174729021 656926476
3840 441 3819 778 285520493 663863441
3573 1320 3050 1300 532479699 559949970
2025 503 286 286 384232397 501620641
1943 105 3808 939 95478347 253504894
2489 596 150 1277 121375927 312175473
1626 689 2367 408 288834691 935939175
1091 604 1057 490 656753348 737759939
1915 1343 3345 1291 577758594 845110768
2905 561 2848 1149 226350021 518952946
1212 1294 955 830 97196576 781525620
2085 598 182 1020 385614954 647123954
2028 481 3364 793 56117955 927246027
2794 139 2833 893 294837838 936129779
2285 1176 1085 853 208246256 388935634
43 10 191 144 646741995 815423760
854 168 3820 3 477235458 797608860
2810 939 2875 262 152164059 421989766
2916 30 2164 342 177333462 840545417
451 424 3038 1148 178714125 956928025
1698 275 490 954 490103758 631140223
148 1119 1902 1217 247335984 504550218
2459 613 1715 283 38310136 898971491
1013 686 2168 1360 101163866 628846822
2068 1213 2460 1255 337319445 764374044
1847 449 1273 1173 708785482 901388756
626 125 43 380 172753107 216443185
925 689 678 1349 696148242 957049255
1651 235 2774 110 83294873 686935710
2474 159 1446 876 17327290 932622623
309 1377 545 906 181882189 641882908
2356 1028 1245 856 341430329 644233237
2642 390 2285 1336 304302089 672323348
273 1061 2258 248 108462794 909937989
2776 383 1608 474 52404623 199684482
2965 261 3591 699 782821583 812849144
3068 612 1582 1074 607996702 897221913
1146 9 1950 1045 464918016 655168009
1473 1000 2838 1138 83474867 235665855
1325 175 3394 1293 27612269 165551358
1935 882 37 1079 5635442 488001858
1442 295 1942 1224 833228950 910205808
1664 791 2771 432 117645353 808865163
2139 462 3777 726 85277298 802033116
1450 524 116 238 69841460 560835574
103 70 3153 1174 318188330 810648114
56 652 1105 778 301563404 808882069
3680 1181 2956 675 883051254 923187969
3351 1381 1167 158 52246995 883937988
1900 582 3063 87 26583638 235226893
2998 533 2551 209 333604613 408073471
1571 1363 3254 1167 576315996 827667708
2867 674 3407 503 423379009 649437505
2995 911 2109 766 41203774 638409866
174 680 718 360 647762788 903023603
2096 1158 1335 489 159353286 400824028
2252 1335 3089 666 82327034 149094343
3403 1133 3772 371 135010711 734023148
3164 639 2066 277 406531279 903381284
2572 833 2851 1156 126267724 244869619
298 1220 2272 204 436285830 907109800
1662 354 2885 1333 276605503 717972010
212 133 13 42 40550879 128254902
130 1013 1613 1146 253503051 858475744
2922 1317 526 1291 694384016 883938123
2137 1250 2303 916 410146635 435530486
902 977 3751 196 109105485 265810971
3359 966 3730 1002 174161427 755089041
3843 792 1279 335 227177279 428568426
2427 956 807 1178 506829154 576192791
1076 1171 516 1142 111824911 848520724
1205 1009 1738 400 555571176 722751493
1522 312 2483 529 128156651 270909469
3168 1003 3269 329 444896502 929910359
2503 54 1934 1274 446211546 776647908
2673 1111 2450 1248 200323655 482605236
2131 705 3803 903 322178218 684210442
776 118 1411 931 721661405 745213617
1151 1369 1235 1020 149124970 808247497
332 854 3018 217 741977794 888837117
466 939 2549 1051 288759580 789954236
3382 684 251 191 177257865 326999478
2466 597 3936 672 91941559 511823784
1901 1103 2375 1290 239792567 518205217
1099 1301 1615 498 206577586 601867907
2710 77 2042 1003 81048972 134250482
2464 476 3080 1161 450719784 525692532
274 1342 1461 1143 251750499 383177080
3615 350 2342 942 349576350 801333354
2755 459 1602 170 588577045 699093527
2711 708 3777 149 469515412 836049910
3494 746 550 1160 530829701 589227767
1866 89 3126 237 643110751 825193916
3258 1100 3579 1313 175714310 227361120
3666 1283 1342 1380 23283712 198614121
724 662 2834 197 612370886 613345559
708 753 3241 271 633114405 882231870
3228 1316 3355 1067 347636483 928984973
700 775 3884 977 80290557 278781067
3868 989 2269 1221 328782227 834461177
323 1238 2829 193 204230448 528022142
2639 15 3708 410 628653844 931099696
3373 96 3085 886 226510008 568488663
893 965 3439 816 898002918 929697229
51 308 195 947 439104313 940175389
2976 327 1434 356 126638365 950981673
192 259 180 912 56341658 847786233
1375 982 443 740 339307331 853007648
2838 1015 617 958 131275722 829726029
1917 103 2954 298 259677164 594367142
1066 338 2599 665 289814149 627296430
3670 646 1132 238 297203416 657977013
3693 62 2276 32 768822681 944193619
2556 749 362 801 555826302 907109537
1513 1071 2774 272 44928622 568358793
3518 968 3102 1305 657732935 774290288
2972 923 907 825 209470700 956413063
145 886 1559 59 298588647 571443097
1639 727 2160 1306 387035796 494468505
2784 817 1019 598 813921075 916809839
2555 716 198 948 261004227 918616201
1409 915 887 8 614194763 714671705
1568 657 2568 1001 29027090 31917774
2413 485 535 341 181774652 662930581
2875 1013 389 1018 152404722 764374546
2563 1207 664 166 263903926 815143533
595 255 840 656 114551281 473140205
266 1082 2222 570 510115412 608171854
3090 466 3435 534 691387621 916343689
1835 887 2883 1145 165881915 495173898
1321 835 3933 9 205922526 279989751
2551 1142 3490 1357 215484954 221678036
3560 791 3010 574 328299827 651507544
2487 965 1364 1271 222513455 891781368
345 1243 1031 886 197547691 202712838
2928 697 1857 899 80628706 91898783
3881 412 2030 607 57627912 579552010
3197 37 1076 1069 354715850 864797186
2200 1079 236 505 84776837 276449801
2821 413 2837 525 77818543 208032422
1762 17 1023 100 256613115 757998656
3058 157 1162 323 744126653 788120120
2171 1284 2631 1314 575485601 936727233
1306 1232 1581 781 219464828 319548409
3467 829 3705 79 172285654 812038395
3470 115 2941 1022 108498478 861682634
3679 750 1301 1045 703893203 841402904
3479 830 635 952 498189190 603347128
672 731 465 53 50447373 238266776
71 1204 563 1005 175620000 947364264
1114 126 714 467 292835371 461716859
1904 701 3201 948 23118672 81356829
1330 1209 3024 1262 587975009 901376081
170 215 3141 778 362763188 370318418
2206 412 304 129 72300550 147073894
280 1380 146 1248 142207417 371261068
2503 259 2527 827 60319102 99328638
3300 571 2546 846 290579279 476813903
3943 951 632 1084 605633709 745503038
1770 472 3923 1186 391068243 502836098
296 331 375 915 425540103 597529569
3462 129 2989 702 622562276 954845473
342 149 2215 1215 49348349 942416007
1857 602 3844 924 403557679 722596401
273 1003 1809 1355 171886558 591242099
1726 14 3928 1213 229179932 441647640
1797 1152 1233 264 154402536 672036414
1879 455 857 433 344261130 653038957
1533 875 3714 228 358388923 867466156
3017 1020 3027 29 609040961 820759582
499 452 426 422 267181962 813686805
3582 408 2346 748 241432177 520781577
1566 617 1849 764 845265709 891792351
1079 377 100 770 69673212 365130831
1309 1060 2475 875 17313651 340622489
2784 1358 2119 1160 498855501 853737769
1852 309 3650 1030 240300694 826519029
125 541 1911 508 274553622 685025834
2570 241 431 378 275752737 721539758
481 605 3044 46 435750519 492286822
739 1348 2654 1283 7677628 439274567
2232 431 1500 1364 219043320 534811107
889 370 1050 593 210355228 642610640
2933 830 1712 559 59553885 86331748
2673 318 3254 145 641857607 653491485
1074 20 1880 1048 153164177 802405092
3280 809 300 1338 127852832 468458444
1464 602 1683 1037 639930168 769599335
2383 824 2261 284 106939597 860947823
1661 723 1416 780 186845724 915319121
1186 1221 1338 999 774973782 781801342
1706 777 3092 1147 277024210 600355547
2428 1097 2322 590 111461639 653473045
1738 550 224 612 587791473 954833099
118 230 2747 989 219600927 229267671
3919 1136 3820 3 106305142 568721486
572 1380 1429 1265 692270368 824393004
844 241 15 94 321836267 784900264
3439 1201 1983 354 71143492 699817957
3540 715 680 786 445717189 579743726
3061 285 435 1156 892924787 948961230
2808 167 2954 1009 178589056 536382021
120 305 1849 1145 245475759 731706126
2390 1205 1173 211 568739263 681283836
2888 1153 349 917 225712069 490176691
3630 883 280 660 215628290 442949142
1835 1372 3528 1166 125184214 172085374
1903 4 506 14 403424437 897457292
3372 380 2116 1381 308161184 725139756
625 98 576 306 374333577 419852647
3577 80 2540 782 188095393 439274664
2285 330 564 1144 522078908 681079290
954 618 3585 938 234384806 727210613
1163 54 2510 568 375929654 565754445
3613 1139 3138 815 110543777 571549277
1060 1172 244 387 15816537 595613402
1303 244 3795 363 568626515 766225418
2921 753 1498 446 655786818 858638152
640 1029 343 133 366346940 556595417
869 523 3331 949 156226998 160519630
438 104 3724 1014 268691467 798028058
812 326 1956 1122 454811798 936844895
325 171 532 995 12765090 802891810
3864 285 3810 449 601717543 920008767
1766 855 2269 1192 89818424 771243015
173 152 781 1131 351698833 505718878
1303 406 1589 742 8807298 116932893
2441 440 276 1380 184153336 341081436
705 902 2451 263 108449371 712634761
2240 232 2860 273 142974723 481325616
1763 1380 1434 546 317075678 949074802
466 1186 3306 2 440838351 487551961
411 1014 2323 1374 99346596 363567588
384 198 3789 113 495043671 752259287
2088 685 3745 300 184869135 464473600
2487 1288 2380 349 187459345 725881482
2994 368 3007 862 159992133 237742893
976 817 1351 395 194895965 317183777
1674 540 2615 487 664559217 807582552
3055 1109 1160 817 100221415 615094827
2163 991 3210 1359 39347961 327606546
3528 562 1704 611 562083434 569577016
2846 335 752 259 721704684 904088645
1626 1064 2453 161 30324173 678683645
2028 1072 1188 250 343383017 810145176
1728 353 2104 134 357666646 652990481
664 842 3808 309 213381459 446573309
2861 1054 972 1207 135744629 546388099
424 1327 971 240 109587116 475298491
1871 836 798 600 126855639 358772016
2547 575 1510 363 361573105 553315998
2318 385 438 756 606311864 692735810
1564 1364 1063 1146 346607749 872619450
1687 231 3939 516 187141153 765364910
3039 320 2443 628 323183275 607449447
3461 778 1461 1338 420390027 780853215
3836 1162 3394 448 91641658 92334391
2000 1319 3728 766 127131773 849366371
1023 476 3429 506 277151153 460777212
1196 982 3200 201 162704322 358151870
2002 40 3592 1057 281425248 424820177
935 492 113 355 392906499 558959741
244 741 1150 1108 82202960 146817935
2899 1050 1301 355 642256736 724614672
746 1172 1917 377 7329109 305420324
1718 672 413 558 527273172 689207960
3463 517 521 329 621782674 635907994
3219 599 3110 1174 805992103 921550604
1562 1076 1218 1027 99453250 919305387
2391 1276 1435 1375 11603536 142329855
3354 181 1069 208 514467900 822635698
2637 4 2845 942 527282969 684427062
2794 378 191 1355 549128707 730681149
19 1201 3076 1230 318601713 880098634
908 514 2070 1074 356652440 671578757
3342 954 3228 598 27767644 76641270
2054 346 3793 1349 161461345 515563633
3936 1090 540 83 137915050 511194563
3872 1257 3465 377 145446904 541737245
3867 911 2580 70 68943043 751772224
1658 378 780 580 76368135 752992497
2972 673 3038 1216 241562318 496263718
828 1189 2752 878 49211420 889747438
1324 107 1234 1176 353149235 386162408
1498 1253 3336 145 517938475 716101609
1780 121 3718 464 622123889 751852892
3803 333 3010 654 305326320 802070310
2292 552 3730 447 344009044 395970773
1914 587 1209 56 721760973 908105748
3161 640 3054 256 354857819 515267555
3733 2 2587 1358 620299292 862543609
3692 850 1049 475 29272965 446078865
2878 455 92 773 175540429 244817488
2124 179 3895 679 689973771 836440788
607 112 3441 1271 364184676 766136940
3103 557 1492 665 136238659 278690743
1080 1143 3325 1086 340270988 501443673
2117 438 1085 912 153935651 775863088
1768 1159 514 1136 14586630 169089041
601 895 91 294 107430068 476152379
451 200 2974 693 25581512 87684207
1964 1089 1687 687 319208098 342160107
893 906 3830 1267 164340434 331792398
2400 1330 460 707 256582710 402413495
1019 15 1230 525 40016225 522904881
2747 1109 1926 557 60922834 631969192
1486 94 3945 400 108382675 111591485
3004 1059 3785 679 223438773 855018043
2763 1348 2756 1019 138045892 440064031
2825 1164 3646 800 136144088 324219402
947 710 191 763 636554625 895705452
963 388 2498 1116 517215598 646232867
2981 555 74 760 85946696 149357750
3168 146 2671 236 666537445 715928603
3268 1298 3840 904 72214830 783122665
3491 803 1576 453 599290500 800286618
536 641 3231 903 665721912 716546244
1332 1163 3252 821 604197186 916451795
1992 471 92 177 840629691 916054804
2634 533 2215 1185 391713714 790776144
1823 1164 1322 292 52795543 802347383
275 1346 3459 999 413530260 853056671
1901 178 3115 131 100153868 194611886
1613 1035 840 1274 372236832 644946726
3724 679 1834 1317 462133882 711474495
3152 1074 2703 684 198252364 558354188
2985 357 3534 1139 131309828 184365684
3592 478 1007 1328 386347201 635817473
2028 553 3357 420 414696563 907873471
2639 44 774 428 102620669 581101950
320 733 3920 1004 353724325 645805665
1292 662 554 210 333835664 833181391
3511 619 1639 429 52843481 576933641
968 519 1087 947 357163276 480795813
129 1024 2193 867 235946805 954544392
3587 769 1315 17 361973009 957384558
656 983 2122 782 671878277 676373132
144 425 2586 1277 808966721 835781298
1650 32 246 704 321887769 322806629
1362 374 1985 308 558041918 877135507
1785 296 1319 1001 440747341 953941111
2235 970 2376 1258 62201872 579944767
305 73 1201 961 571531227 721577536
1301 779 2074 181 266239760 939775238
3107 826 2373 1104 53648002 351581528
2557 223 2785 525 344143993 551505975
1557 345 1260 329 95336378 676954592
2825 465 3628 298 692820545 850597964
3141 80 631 1253 232569149 549935906
14 605 2914 802 295653714 666157566
2562 359 2437 172 364312911 788090726
1398 699 2384 15 572228646 584455965
2988 1294 2093 277 55419377 939943362
1381 96 2733 759 674349778 851594729
2840 1167 2983 827 154781925 610722758
3825 1133 2883 1271 125698497 831416075
2372 1274 2319 1366 610155775 797538333
2886 896 2674 423 97050541 130977050
3381 850 365 460 451844816 901515052
3035 55 48 1030 117108848 933321017
3949 126 3766 1228 262980388 956845628
3030 1099 1816 1063 525039225 745920087
1335 546 2169 548 28951271 883011330
2703 1131 1162 1084 458131953 893192715
3863 851 1786 734 258251905 867758753
3174 3 1009 603 843003733 884548189
1529 1023 2268 586 540441911 582359252
1385 109 1078 521 435510582 517053506
1484 1339 3601 1253 470420824 909235913
564 32 515 464 320885492 538698035
3715 930 1375 1342 575294182 665685645
703 364 3664 1012 190078470 441629886
110 57 3336 288 225148204 414289875
1984 608 342 421 168335706 591049517
751 304 2239 1142 312683845 463690644
2974 422 2219 1195 9806312 449231549
1896 432 2486 920 179768302 671052911
3428 912 3586 488 316908960 924174337
1041 670 3518 768 151605309 348810435
3760 606 148 585 172712079 867831446
2227 380 3878 646 657628760 752773891
2596 765 2119 247 433599960 860963690
2248 342 2212 1188 269934769 453166762
1846 1284 1175 1163 133041577 335149658
3540 780 1155 1098 84297415 521646002
616 73 2439 972 139339472 766393471
1424 738 3190 465 538633493 566575220
1825 1122 548 1079 400173551 435419208
1672 1078 2273 373 138996427 262409710
1445 916 388 147 164528187 747524834
2919 584 2332 968 81876657 196505721
3146 240 1487 118 932998008 937642216
1267 860 2496 465 135799693 330571724
516 1074 881 16 373524784 422141034
694 833 1813 434 249279497 746031974
855 546 2603 1091 613479371 770863452
2821 1178 766 381 378298738 730866934
3582 1174 2159 318 213259643 371217282
2365 412 3264 1378 44088576 846808967
1488 1259 997 26 374415417 584481082
409 412 2835 89 265410056 419227949
3009 374 2156 1016 61473811 736641031
3231 453 1746 1338 85893213 258241845
2315 951 350 443 196771979 895998683
1559 592 3226 401 215916495 487865804
2738 729 3260 1261 558449660 838806411
1827 953 701 79 233042482 296074098
1398 398 2696 558 87033089 935078069
1834 1201 3450 479 166788581 683315961
1935 495 2670 905 399988046 602851054
665 936 2054 1001 351319520 537946886
2008 82 1795 271 217961810 725389610
225 941 1755 365 924189495 940294048
3888 1266 3557 832 710875838 924299924
40 788 3621 360 43245206 936520583
2763 805 2823 618 534894674 671300518
133 636 294 1084 722353636 866466293
2134 1060 2442 747 98375580 350888518
3606 960 827 1317 93101609 226842137
3501 735 2558 1037 138170512 910037467
1588 356 1407 413 78461960 433456973
1856 1166 2041 935 745618508 831703026
3203 7 569 110 483871553 718082387
3852 967 787 610 129458388 597718231
877 1297 977 354 111430342 634129128
2272 852 3635 1186 111106490 478022650
2372 1110 1975 993 372752957 631290555
3345 53 302 1256 304767132 504525062
2777 1009 3339 965 301394658 377386011
2242 487 1534 1103 753387532 893930057
1148 264 1175 485 322244575 704860814
2169 803 196 819 17918941 533104525
2242 1047 2355 1214 585552968 804634457
836 825 3529 703 125685783 496021130
3921 1165 2679 836 834193538 873648569
1222 51 1368 469 850050128 936993333
1505 769 429 242 131647134 706995490
2319 1123 746 1164 1402880 816377509
859 171 3382 411 252472538 299498815
839 1031 232 272 7773366 180012456
3592 392 324 290 200995328 232126451
1759 314 554 1297 45440470 292151619
39 1078 1575 1322 259292200 354737353
511 1301 2979 1298 163999980 954975718
137 166 3438 1132 258955559 776158236
395 1364 2005 700 157229253 735725037
2206 1212 2872 385 131747181 651529741
1878 36 3471 107 443876937 484982985
1507 1252 2531 223 72256515 660630431
2943 316 3891 371 554850250 735959200
3383 1146 2586 249 351668094 524658578
548 241 3527 489 409293457 569668175
755 372 1223 774 344331880 801242733
175 271 1707 1065 718553037 888326285
424 407 2209 1220 274439016 310278420
2009 834 638 580 117622641 274279894
3728 1103 3771 56 756828565 875981291
2829 607 1240 252 6073242 464779650
2210 815 2283 252 112067466 873188284
70 310 1114 1055 499161186 717194615
950 15 2253 70 319015137 649167621
274 971 3519 419 861201822 910902879
390 612 1608 1199 202408934 706112629
3826 960 938 150 327929182 845921161
909 444 2054 266 137908270 819675613
3539 802 2800 1309 24196729 280009235
2557 1005 604 827 487647094 692032218
1837 1048 748 1071 737030538 939567060
1281 1311 2263 459 324700981 400338334
3534 1261 3896 695 108188650 422019567
1228 497 2344 234 380950317 540316870
874 850 1569 703 452021355 499774156
1685 1224 1013 1241 280553182 379065511
2704 928 1455 438 75990228 583875298
3302 817 3548 675 49676540 643883074
2643 604 204 945 334996898 666824073
2699 950 2150 987 9044722 691102737
584 205 1042 218 269248943 843371905
3808 267 3518 1015 65640292 86680638
980 358 3410 1324 37522456 598112121
1771 346 2496 1161 37651319 449148349
1941 43 3593 20 814056770 930074197
2086 1046 3007 1225 523016018 550366481
2284 675 3589 103 127681290 886026099
1026 1056 3081 1027 710662 949556619
3588 883 1400 616 188404569 286291109
3696 778 1387 185 385439072 539069814
2673 50 2062 1378 240539306 615809022
2465 7 2615 945 464518682 626811411
44 1106 265 188 273327180 897136274
904 698 3328 306 129750106 694093222
164 390 54 33 268852463 806600678
1665 1126 1199 1197 562817381 844373359
2303 456 1063 306 139237465 283845588
3465 1038 2878 751 80860155 770382805
3309 943 2222 332 577494083 944823601
2494 1005 3709 669 216523360 914220683
3430 681 2294 1112 85891295 93653923
3936 1321 602 77 305272460 804134179
3241 1171 2908 836 225371859 856175750
2719 1320 839 1265 53368083 455999432
1485 1063 2221 173 29000043 763398363
2572 463 430 454 39442048 225377828
816 550 2874 1217 126506397 368402747
3027 771 609 144 150132160 291483496
3380 18 1373 439 387104788 606335130
3938 255 419 1139 269161314 372711157
1024 49 279 1108 282019495 288542460
2323 480 1672 78 332709075 678253685
3720 525 1020 9 367024580 793923895
3500 1239 3500 371 178484569 274956569
2313 1245 940 1275 99025116 339124531
2403 1147 182 861 109015221 291904281
1438 612 757 741 49700788 50375963
1521 1144 3497 1085 337474418 698524562
2249 1089 859 620 884198603 949212963
2482 1366 3092 341 395417207 521760632
2966 594 3293 1159 6440413 609594134
1143 1244 837 207 31287124 380028168
2750 261 2030 1253 174262701 857174890
534 628 2562 411 69499292 636160233
3452 909 2655 590 413090686 422149713
1085 1374 2723 139 332576772 816543621
3059 1318 3922 760 826586481 896179963
1564 865 1531 375 378540460 806079826
785 857 3273 807 332529255 685615014
258 606 1625 31 172493413 277488566
1464 1356 2934 1283 259671313 605719624
3876 717 3167 188 121032391 364849184
620 1295 1800 1216 501613097 908864027
164 1243 2760 919 233616351 599808589
3182 496 227 888 196244552 304604066
1622 224 1144 280 23549838 403080979
3283 996 2093 752 285716294 587338703
2151 641 3730 866 147956540 626805070
1093 743 2537 556 354565715 630448629
3839 122 3635 685 134330218 266980721
2857 1357 2931 908 792320222 935737699
2993 1264 1154 1021 863750751 890961144
3331 946 1045 119 121879961 723228469
1742 503 2809 861 71067833 714123074
1899 1082 2026 965 470854650 512089565
3185 485 2372 1325 109332668 792928566
1925 1067 2657 165 192181181 872453022
34 1373 134 975 85359371 319774208
3897 887 292 360 381338266 528950717
1257 75 160 617 661820140 835653626
1529 71 1011 1121 757274218 869621851
1269 137 373 1296 174823873 571298802
734 924 1560 245 302999372 729376235
3812 1143 2623 1056 842774740 886323173
3332 902 433 318 585431585 763150481
751 319 3502 63 135574481 827229886
207 227 1893 142 151637657 629852785
806 231 337 733 240091213 682822531
1257 68 3629 411 173721131 805775765
3429 285 1539 856 434101395 472000139
1785 1337 1771 1131 192388347 441062986
833 325 1680 808 538134005 711971187
61 179 2895 312 389690974 693812753
2711 1038 3511 1174 171692622 245979632
1284 574 256 757 224674084 656201929
3305 240 3623 765 130465482 330434552
1 1064 3128 502 46383217 862243726
2575 1007 492 758 589211858 749967819
2253 995 337 1115 130334576 881217227
626 61 3104 850 359314253 396893392
1407 288 302 676 258101789 752581192
2745 401 1258 402 39086697 57667713
3587 27 3923 1200 375031024 895651767
2547 302 2829 34 105302266 717000975
2352 523 492 332 49921319 825656415
2367 1036 3474 168 110462214 141127934
1981 918 1597 1116 209558590 941391288
3025 1323 1048 625 412361149 737069360
1685 84 308 634 269219053 905955615
2209 15 3181 189 413798997 507144554
3723 273 3437 753 369783685 886905468
1604 1084 3269 1253 440359267 479614988
602 590 2010 1117 127130836 180946000
3051 673 1892 495 697067888 840306180
3593 280 2372 365 6621484 347297949
3586 627 369 330 582170197 771253908
938 220 851 794 190158865 690499866
2615 143 3552 896 546774484 570687763
2796 1367 441 921 106237433 401847701
2910 135 1684 1349 91072567 345945826
888 186 3177 682 205147145 956556873
2501 45 3924 156 686866869 708747304
3836 766 504 1142 159277086 812651077
2500 1033 557 162 446346886 508097905
3431 121 906 127 322410391 777417898
913 240 2527 1150 404097616 860403424
3049 1225 874 378 796309661 863030982
1580 808 2179 399 275476626 303411128
1112 827 845 503 535749293 794282055
1293 1084 2409 632 265550117 348660228
2175 1083 572 974 435374328 593924793
623 809 1666 1180 274258167 703442594
712 347 1158 164 471623246 708431658
2599 561 3525 607 243790757 672264037
3431 1323 470 668 528553047 863423647
65 480 1090 1293 419474163 952928647
546 1043 2359 321 746483756 803620981
1367 1026 3066 1057 659090386 955969069
379 54 1164 602 738638040 746218629
2506 509 3174 598 127708035 436693938
2933 786 691 244 211500579 410741205
786 117 1709 1294 36486417 350580966
2287 1048 3728 0 60677051 858385454
2351 643 287 600 218816173 532686905
3016 211 1100 281 439734540 669852102
3106 573 2403 1010 591572958 843669846
856 1237 3154 1262 541754826 809268727
1301 958 1023 322 86175599 594098057
3891 372 1572 1004 63945862 667434262
1335 731 3145 991 307243359 583941618
2715 679 961 520 45383026 49269071
2643 97 110 1084 429902129 765803824
810 1090 2720 914 74735413 803885962
3634 914 3012 845 541327858 582413210
3625 913 746 1229 408292999 523105889
1863 1269 409 70 220388893 555217793
2989 574 957 540 420214017 447819067
2385 468 2735 857 255048775 877676160
3549 285 3630 1275 216853180 342994987
665 501 1473 592 205702060 437925335
606 338 146 1308 348156968 508232864
3053 837 1107 587 115566443 803076475
2296 374 2388 827 923960085 945836888
2183 137 505 739 216780531 751219007
592 1192 209 403 217770072 561677436
3144 374 2144 957 295907188 503800006
3341 770 210 1349 570875053 875676597
2850 336 2658 276 5669197 151907579
375 207 1254 330 208478293 564368215
3606 631 3501 848 53466651 257298850
2806 361 3359 292 135173 345396807
3127 561 2856 386 299699487 685382312
292 625 429 745 516031370 955741728
2984 1214 3257 78 395971297 743408862
352 992 360 87 357491983 752032975
2822 1332 3739 94 563881037 914782313
621 440 3388 903 553774647 702615681
1000 266 3915 348 640269988 785200719
357 521 3150 25 178081215 185795748
678 295 2128 293 6491764 774764743
189 330 1386 688 595689454 601990771
177 486 1890 834 255661344 796843988
990 765 408 744 547381916 701633514
212 258 2580 329 2919706 14793199
419 508 2895 46 320021483 671508965
677 1057 1687 949 545125727 938452739
784 1013 199 486 69012979 928676437
526 806 979 56 475707636 904265313
321 693 3595 440 438902620 671021666
2969 1197 568 208 396866247 759430645
1692 592 2029 1286 71259462 881298011
203 1322 3757 628 22038272 425292505
1203 1362 3079 772 668813803 787824378
2413 515 1889 1300 655132169 657222518
3038 635 1005 1136 45925694 926801667
1077 802 813 686 522025987 538353348
2841 908 3467 635 387413659 500582598
3240 337 2076 599 205578958 661824474
3052 1244 760 661 28363844 506533920
1474 150 2011 747 102933856 595335366
1883 212 2625 1197 501054230 552496223
3800 233 3350 716 560986543 583193434
383 348 752 108 451803388 669958995
662 857 592 426 185496288 326438435
3676 633 2695 358 456347191 533702610
3679 932 1335 369 274858808 296680069
2054 151 3036 752 494070621 668349110
803 212 2797 1331 215038202 520010711
1913 601 2397 1315 203445657 365063828
2915 713 619 446 626702346 667622040
2902 986 1751 969 273604549 819113299
3513 1331 3615 689 97765761 411104993
2073 1156 1314 1379 505513572 740561139
704 526 1595 113 947076013 950849262
294 793 3288 514 51166991 863150772
1260 1124 1761 1010 292185285 940163259
1741 109 385 857 43354324 177335045
205 1305 1472 118 29286686 778230535
3573 417 1385 1162 274251571 488899644
1027 305 2374 330 174502050 265721760
1332 892 1247 517 297365779 381726284
1721 1021 59 707 549701057 714999995
2045 1207 3423 1102 131891604 495022171
492 1053 2347 635 604528246 786815221
1436 80 2502 437 492677283 496852946
1989 1080 1761 7 420667586 944643798
1438 137 2519 588 246021451 519573198
1892 1281 1079 492 374607160 952468244
930 1271 1952 1043 743334133 786645293
2971 1138 860 1323 379496317 549395930
3914 627 3734 401 177573833 228951200
3918 84 1238 1148 257620793 616740687
1712 891 2968 528 477039443 573220044
1477 1345 1107 742 182845896 440860802
3869 409 3425 1358 51316244 682801178
391 686 3803 733 927574357 943099441
3674 254 3184 941 14337260 598956250
833 721 1116 922 254198082 578524321
176 154 3674 101 324407800 770845384
3378 940 671 281 422288281 570764847
1921 1344 3676 514 438645087 612401147
1318 612 524 137 151655381 465291110
3569 1238 73 334 516141601 547801076
2466 378 2558 723 491917165 700771471
110 1005 41 581 45839200 221440683
3589 559 791 525 67211360 494936472
1635 756 1461 100 35338037 527433912
165 1352 67 457 165211776 290250625
2216 484 2686 110 219173509 748241564
3692 1158 1029 383 10019455 456691363
3774 1358 2995 758 660769048 927613150
979 1010 3737 1279 106672939 233339765
1419 1167 3736 48 329360603 474705758
145 1049 1427 962 640747050 816919184
11 119 713 404 219514954 919410483
2820 964 1532 734 194011369 354273523
1887 413 1459 521 286212771 617416922
2008 61 206 765 361353745 840699258
3290 781 3658 1119 49734247 875724320
3637 590 3004 1225 481412842 889014867
2031 1196 1459 9 439821481 597196841
536 66 2024 261 219100544 583677868
2149 591 124 1043 22089465 168103542
1764 325 2652 1196 349565424 644588467
1919 1302 1953 1320 666361972 806813427
607 584 3930 1207 229180846 721220571
3300 839 1818 157 214831377 516773760
2495 214 3620 1249 310475068 921777631
86 5 3017 1240 693790616 741370962
3913 34 1629 992 645087905 753562954
2298 842 3528 914 761379554 904157698
3796 770 2398 211 305201451 561081989
2374 398 1304 970 199075197 360644730
902 1078 1818 15 160608045 507753433
3091 775 245 495 843671920 888403313
3540 380 2941 650 476543634 733385818
2693 1251 3156 273 241236912 864667961
475 1216 1332 912 880039429 945109629
2443 59 2299 796 205964681 946941217
158 1298 2240 1186 240262020 825319662
1838 663 3239 1316 383225762 408434964
1491 208 3364 252 250033007 702999033
3730 1051 3481 1222 42944322 618176250
3487 58 1099 684 1685374 284935410
1174 104 3749 431 76703378 669401192
3877 1040 2422 858 811057760 833834302
332 727 269 871 139493597 221981512
1561 279 519 1145 522691048 579555241
2135 546 2215 683 179067022 181102949
3616 483 2317 1023 343823167 866367809
3134 682 1311 738 68375828 820097294
2124 1275 841 666 368100109 740389642
3197 130 427 265 613745480 697099439
1407 362 309 299 103939477 271464707
263 1108 3368 1262 510404711 765225192
3897 1129 2372 1114 725671031 758472865
1657 1020 1861 491 696572108 702257305
3278 1088 1688 1100 412309162 530257915
667 101 428 79 597558895 849336475
3441 1044 2042 573 475205426 561189760
1241 559 2082 785 12961173 73906563
2594 760 98 171 501076253 762571927
14 1177 3115 550 114009316 771649637
3018 859 3683 771 130191584 567240564
2407 165 3450 239 359416011 885280229
1792 1302 390 1186 232188125 731371114
1864 1264 3604 1221 659643963 748450586
1241 1265 3781 627 231936503 732279268
2397 743 1108 398 368228692 527178988
1860 787 2608 374 504399508 530629406
2572 464 1385 1098 460649679 597423705
3065 1012 319 695 163567928 781670132
2125 401 1974 1233 453995452 689933237
839 1373 3344 1307 691710402 799589412
1019 1309 2366 527 401997249 602677077
880 432 412 534 27166102 51437707
3272 490 1476 247 748794818 942609989
3144 305 330 909 353078410 706448247
1365 439 3013 691 145887526 820262802
3140 401 3234 536 5535872 83065060
2761 782 1994 1229 390366623 805599059
3486 1100 2716 655 79851860 595300511
273 1318 44 895 172287768 249856363
3502 513 1781 790 132128944 632504422
2620 680 970 1377 65218238 288875646
3300 374 3908 676 287082902 499490663
1280 23 2876 1227 209466571 453907327
2109 398 3641 129 202740595 551157642
2471 739 611 387 448302985 751978261
1899 481 3898 360 315957632 866078616
965 150 2956 356 478102513 621550105
3623 505 3506 336 191497921 417213927
1180 1269 2481 1066 757407127 932008939
1264 425 1721 304 288487994 789976969
2323 243 2435 788 151975058 444947423
3437 41 1860 599 598288448 953483656
1121 49 123 1099 560681719 926976659
1263 1069 3458 1236 763676134 875599768
3896 560 766 861 297183389 414559924
1430 56 299 444 404769346 958787880
1965 832 1199 1003 401975481 613653182
100 233 3081 74 366780988 462277188
226 645 3623 526 202654796 521192795
1494 580 3926 377 74428742 286501315
1394 388 2066 647 695316264 930935406
3317 1146 141 1361 604021112 883275863
1794 536 1878 1230 110853436 466335293
2247 1218 1658 1199 66422556 208073539
3345 1033 1029 564 567468017 723074980
3487 299 289 1381 212607629 543200767
3290 1116 721 743 198029988 939338625
1308 70 2489 1228 715112443 785079143
147 163 3156 932 520482147 607296540
2261 783 319 441 94253760 839754305
3360 1324 1829 1050 746417405 797185799
3046 906 3666 265 275144978 842226563
2978 212 1278 411 249968133 508980226
1002 700 3373 1009 184555792 875750754
910 216 726 1189 242970844 784353747
3235 1135 819 244 255672156 534067272
408 521 2762 374 449989122 522605091
3203 94 763 69 532242818 550340419
3470 967 577 188 91585491 953901923
1819 396 820 399 43906166 597474354
2771 149 487 871 201383677 455101220
2474 684 3782 926 762888577 767486463
2640 462 634 845 717492587 948293566
1847 1207 1514 959 647559124 773563922
3865 154 2099 493 387302337 532962092
2867 1361 1094 651 509926966 877407396
395 661 430 1096 213319360 665756286
3337 355 1931 1261 645771209 857350164
3009 1367 276 259 719925017 725859178
185 162 1542 971 49703207 459819103
1848 780 3309 432 666813427 751808634
3919 1063 2303 430 219944110 323022778
2091 600 3098 1048 600211785 633509167
3419 271 2964 1042 320479611 872495516
3150 623 2906 1249 290047184 686543394
2653 1245 1516 595 441791886 746265701
1601 295 3143 170 42579328 224936737
1584 975 1056 1139 502055765 693809373
1592 375 466 387 174218847 179717859
1650 508 243 855 44849076 254123966
301 17 2563 67 147573426 303071100
3762 1144 514 9 385829771 877318075
287 927 2146 53 286624895 955704428
3013 582 3266 1154 442763704 781594214
1949 368 492 863 163240351 625128486
2390 31 3032 401 570119652 906449439
2283 153 2559 602 798292246 804844321
979 1194 3815 438 53770249 186275894
1071 467 1904 815 864290971 947625519
1303 378 3345 450 525366791 749880160
1591 71 1894 334 300719978 812824139
911 663 693 1283 5246669 350252404
1586 886 1211 888 88673314 898305058
1688 516 479 613 124978669 434494383
2844 147 3528 625 694159954 818209914
1267 575 1063 362 46576957 649547437
1633 892 749 841 646312447 903456262
1264 630 3355 380 127151997 774899655
1249 1195 2874 830 284338937 317384186
3295 1276 3528 196 189603363 389773583
1005 394 3692 964 544199795 686620152
3508 622 3752 1070 93278540 750511845
2038 101 3482 1203 128427914 719210876
3168 995 2689 939 313030822 702693666
2401 1303 1183 306 605224538 745172396
1743 433 3593 201 133710220 839056173
3716 875 3472 165 39890546 802750167
624 842 3370 189 40303468 882140451
1741 440 1566 841 156153029 685121771
2856 412 1583 709 301700890 402692143
2415 827 1849 959 864691649 887824479
1295 1064 2921 1161 611897083 714371982
289 822 3043 998 572169140 941109530
1880 522 500 783 192074650 869271028
1196 61 3782 977 28021616 270020852
751 1067 2114 972 278827406 904678016
865 942 157 1083 4115152 144666655
1784 1203 3119 482 39497038 576866148
1496 830 3637 969 132611462 165615613
3079 1362 750 1352 390322450 475929801
3363 577 2001 453 287148311 605655624
3501 532 1916 211 185307214 735156949
2684 522 3942 372 240601002 408979973
1361 609 963 1053 377371697 538180736
211 1086 927 773 406915968 636536846
1468 706 58 772 18882519 441205386
2960 103 2989 209 742455886 772918464
3803 654 218 1020 894006943 903969886
3772 153 762 925 636654515 769229491
531 282 2358 638 440813550 864975796
1683 474 3679 285 811416488 935247164
1550 70 3379 193 110486492 440207474
1627 214 1604 196 614732089 883365201
560 147 2753 1232 29896678 791973745
2912 603 1326 1331 135793846 875816840
