500 500 1000 10000 174 2000
208 258 84 321 0 999
296 179 420 117 0 1799
254 48 408 17 0 999
168 377 186 212 0 1999
358 114 290 225 0 1799
126 110 152 272 0 1199
151 253 250 173 0 1399
246 433 90 410 0 1599
271 129 290 298 0 1199
318 270 226 179 0 1399
83 129 130 268 0 399
274 41 314 189 0 599
434 129 293 81 0 1599
323 253 346 91 0 999
291 70 478 71 0 999
48 301 55 120 0 999
241 151 357 221 0 1199
412 195 245 179 0 1999
177 340 19 365 0 1199
65 268 52 94 0 1999
112 266 123 436 0 1799
183 158 116 272 0 799
309 60 480 43 0 1799
327 302 376 432 0 1999
8 4 36 163 0 199
130 247 175 104 0 999
239 284 386 325 0 1399
134 60 73 187 0 399
214 40 124 137 0 1799
85 495 67 332 0 1799
3 12 81 118 0 199
0 16 102 97 0 199
5 13 31 168 0 199
64 239 237 249 0 1199
1 10 137 62 0 199
264 181 154 250 0 1199
161 327 279 388 0 1399
187 97 115 213 0 1599
61 340 131 225 0 1999
145 485 69 375 0 1199
10 4 114 85 0 199
104 86 228 150 0 399
112 111 234 178 0 1999
343 76 383 219 0 799
298 76 293 256 0 1799
68 32 22 173 0 1799
116 72 233 143 0 399
140 271 314 259 0 1399
360 31 431 148 0 1799
217 293 58 269 0 1399
93 93 132 240 0 399
224 177 334 103 0 999
40 149 162 212 0 399
154 99 227 211 0 1599
198 164 286 71 0 999
405 342 250 316 0 1199
4 195 79 87 0 799
6 4 31 168 0 199
2 30 67 146 0 599
142 259 292 293 0 999
153 249 158 427 0 599
125 66 58 184 0 399
447 222 491 365 0 1999
467 410 407 283 0 1599
208 155 110 65 0 599
111 355 188 457 0 1399
10 2 164 35 0 199
159 195 329 211 0 1599
334 216 248 113 0 1799
73 366 23 497 0 1199
22 165 66 22 0 399
382 286 471 191 0 1199
337 176 381 320 0 1799
326 234 210 167 0 1799
271 286 118 312 0 799
355 279 402 138 0 1999
290 146 373 46 0 1799
392 185 336 316 0 1599
106 311 132 470 0 1199
141 287 155 459 0 1199
321 228 269 95 0 799
249 197 168 90 0 1999
127 83 271 41 0 799
93 358 113 189 0 799
120 193 294 179 0 999
89 245 7 348 0 599
171 300 83 200 0 1399
202 226 92 152 0 799
31 165 64 10 0 399
10 6 40 159 0 199
161 54 96 172 0 399
69 126 234 104 0 399
155 279 115 133 0 1999
476 341 497 173 0 1999
8 2 114 85 0 199
129 89 154 243 0 1399
470 282 381 188 0 1799
428 71 377 201 0 1599
89 302 221 246 0 599
149 198 44 281 0 999
230 214 271 361 0 1599
250 236 77 242 0 1799
169 47 136 202 0 1999
6 198 117 271 0 799
199 109 150 241 0 999
136 49 271 99 0 399
180 86 57 22 0 999
261 182 325 60 0 1799
208 220 164 365 0 1799
119 287 71 420 0 999
11 2 69 130 0 199
8 3 121 78 0 199
41 103 199 73 0 799
102 74 136 224 0 799
187 120 15 104 0 1399
133 251 211 148 0 999
357 303 437 402 0 1399
282 135 218 13 0 999
196 289 264 170 0 799
88 255 181 159 0 1199
221 31 238 198 0 799
105 261 128 417 0 1799
60 81 164 1 0 599
233 423 108 487 0 999
131 418 260 361 0 999
100 329 92 151 0 1799
302 155 416 225 0 1399
22 134 48 292 0 1999
136 205 48 303 0 999
264 396 338 289 0 1799
491 463 497 284 0 1799
211 186 128 287 0 599
293 52 390 143 0 599
398 217 226 205 0 999
192 128 33 98 0 1399
122 337 297 331 0 1599
432 214 256 219 0 999
109 263 178 144 0 1999
213 293 329 360 0 1799
346 359 342 182 0 1999
103 279 199 188 0 599
238 485 164 371 0 1799
118 201 213 290 0 599
310 352 404 442 0 1599
85 75 265 81 0 799
339 166 216 222 0 1999
282 253 270 77 0 1399
105 287 280 283 0 599
388 373 306 270 0 1199
409 325 395 153 0 1999
5 11 154 45 0 199
484 284 406 389 0 1399
5 11 155 44 0 199
31 64 108 171 0 999
299 90 358 219 0 999
238 285 223 453 0 1199
387 295 476 197 0 1399
415 220 337 323 0 1199
150 299 74 190 0 1999
399 29 416 191 0 1799
97 23 57 162 0 599
40 192 152 115 0 1399
20 262 200 259 0 1799
340 107 455 37 0 799
381 172 350 326 0 1599
291 128 191 217 0 799
35 178 163 233 0 399
202 361 230 201 0 999
118 78 105 253 0 399
61 57 134 167 0 599
180 199 228 59 0 1399
82 325 31 188 0 1399
280 400 320 261 0 1399
0 12 122 77 0 199
332 481 158 492 0 1199
99 213 247 252 0 599
134 221 22 145 0 1799
57 154 198 108 0 399
0 11 46 153 0 199
161 152 1 128 0 1799
1 9 30 169 0 199
246 406 238 230 0 1199
5 6 189 10 0 199
188 70 44 105 0 999
59 432 119 309 0 1999
10 70 10 258 0 1199
274 404 440 419 0 1799
131 261 231 172 0 599
456 225 278 217 0 1799
80 410 8 296 0 799
7 4 170 29 0 199
345 7 168 19 0 599
159 111 100 241 0 999
86 146 86 334 0 799
416 295 367 434 0 1399
281 61 441 86 0 1799
8 136 87 240 0 1799
249 72 256 246 0 1599
235 84 91 127 0 1199
265 67 282 238 0 1999
207 103 136 220 0 1599
60 272 149 368 0 999
241 138 74 159 0 1799
332 326 211 259 0 1599
418 197 249 215 0 1199
16 57 181 41 0 799
290 295 198 392 0 1599
68 427 191 488 0 999
27 290 120 378 0 1599
294 32 339 176 0 999
257 117 206 247 0 1799
156 118 270 191 0 599
120 85 253 30 0 599
251 39 259 219 0 799
355 149 360 332 0 1199
91 214 144 82 0 1199
187 205 327 253 0 799
208 416 128 308 0 1599
385 239 467 341 0 1199
178 65 355 75 0 1599
6 8 183 0 0 199
281 289 118 309 0 1399
262 359 128 413 0 1399
341 220 177 240 0 999
23 371 58 223 0 999
82 114 14 234 0 399
127 448 201 341 0 1999
263 357 157 432 0 1399
12 8 56 143 0 199
145 68 54 160 0 399
79 276 226 308 0 1599
458 168 464 343 0 1399
25 186 74 48 0 799
219 256 101 191 0 1199
142 390 45 481 0 1599
377 194 219 163 0 1199
133 54 180 194 0 399
358 15 476 86 0 1599
481 123 374 43 0 999
321 15 334 190 0 1199
450 325 282 308 0 1999
2 209 115 277 0 399
256 240 409 205 0 1199
282 66 268 238 0 1999
13 3 176 23 0 199
288 86 230 207 0 599
246 201 212 348 0 1199
16 4 189 10 0 199
88 446 155 332 0 1399
9 3 31 168 0 199
53 124 178 186 0 799
97 90 117 257 0 399
165 292 30 341 0 1799
42 198 149 272 0 1399
243 163 104 208 0 1999
145 63 21 127 0 399
323 365 452 309 0 1799
490 314 459 164 0 1799
208 431 93 357 0 1999
118 70 284 48 0 399
303 319 295 499 0 1599
48 170 152 95 0 599
52 228 165 298 0 999
25 306 164 260 0 799
121 264 136 428 0 799
19 287 148 231 0 1799
190 382 220 226 0 1199
5 11 131 68 0 199
198 256 251 391 0 1999
247 412 297 283 0 1999
188 21 324 68 0 799
114 245 136 411 0 599
210 194 62 230 0 1599
6 10 24 175 0 199
186 159 258 266 0 1999
102 97 115 268 0 1399
249 66 121 7 0 1199
161 228 109 364 0 599
253 100 382 154 0 1199
408 157 273 211 0 1999
9 2 120 79 0 199
416 482 240 492 0 1199
235 349 170 472 0 1199
214 189 345 245 0 1999
310 78 149 50 0 599
1 15 26 173 0 199
301 78 160 125 0 1799
260 116 76 121 0 599
298 420 138 448 0 1599
305 113 128 119 0 1799
357 193 189 214 0 1799
402 84 232 102 0 1999
422 256 416 436 0 1599
488 319 491 133 0 1599
113 218 284 200 0 1599
134 45 51 141 0 399
79 366 191 294 0 1799
328 104 471 68 0 1799
397 121 216 128 0 1999
132 175 300 164 0 1999
246 301 186 425 0 1799
201 346 188 172 0 799
97 210 210 276 0 1999
214 117 67 81 0 1999
293 224 420 276 0 1999
11 124 150 170 0 1199
162 207 334 218 0 1199
272 323 193 219 0 1199
60 306 232 322 0 1599
11 279 48 133 0 599
9 9 91 108 0 199
85 330 0 426 0 799
25 405 47 243 0 1999
259 126 406 165 0 1799
442 286 434 111 0 1799
403 42 386 210 0 1999
11 4 177 22 0 199
77 271 232 304 0 1999
356 371 439 265 0 1599
109 271 263 306 0 999
153 389 139 215 0 799
136 261 311 274 0 999
283 123 385 209 0 1199
57 256 153 163 0 1999
40 170 135 77 0 399
91 115 57 262 0 999
253 473 83 458 0 1799
8 265 83 156 0 1799
300 197 191 120 0 1799
470 389 402 278 0 1599
37 179 154 111 0 599
159 224 246 122 0 1599
225 166 129 258 0 1399
240 224 358 294 0 1599
214 313 195 480 0 1799
260 115 305 256 0 999
153 66 227 171 0 399
2 11 37 162 0 199
140 298 97 155 0 799
430 415 358 302 0 1999
137 189 117 24 0 999
90 96 167 205 0 399
245 296 356 226 0 799
106 297 268 270 0 799
308 229 173 278 0 1799
150 232 85 348 0 599
266 287 254 463 0 1399
2 12 20 179 0 199
11 271 130 211 0 1799
247 274 62 273 0 1799
186 47 120 168 0 799
489 113 430 233 0 1799
117 247 236 180 0 1999
174 2 318 46 0 799
141 72 139 255 0 399
6 7 114 85 0 199
59 330 192 275 0 599
5 10 119 80 0 199
59 314 136 205 0 599
9 6 35 164 0 199
151 255 256 181 0 599
117 141 272 174 0 799
205 182 280 78 0 1199
176 199 279 118 0 599
20 117 184 94 0 799
344 160 342 347 0 1799
155 246 324 226 0 1999
310 225 163 184 0 1399
83 94 263 88 0 599
111 215 126 384 0 799
8 3 28 171 0 199
289 330 328 186 0 1199
185 193 224 340 0 1599
247 415 359 489 0 1599
226 164 237 342 0 599
256 96 237 258 0 1799
330 251 448 190 0 1599
133 84 234 162 0 399
201 111 111 17 0 1599
263 276 350 372 0 1999
10 1 50 149 0 199
499 157 393 80 0 1399
3 10 106 93 0 199
335 265 271 382 0 999
272 100 248 257 0 599
256 65 190 183 0 599
2 14 0 195 0 199
57 195 180 131 0 999
279 180 445 163 0 1999
30 36 183 70 0 599
352 112 198 146 0 799
243 402 291 271 0 1199
9 4 154 45 0 199
130 224 75 96 0 1799
183 98 237 231 0 1599
142 232 321 234 0 1799
210 292 343 241 0 1599
190 139 363 155 0 1999
136 217 100 70 0 799
98 460 214 388 0 1199
62 137 112 272 0 399
331 209 236 302 0 1999
370 82 339 237 0 1599
285 187 396 111 0 1799
54 186 188 235 0 599
48 154 130 258 0 799
168 21 159 201 0 399
95 303 189 214 0 999
88 101 212 36 0 1599
261 218 388 160 0 1999
3 13 166 33 0 199
361 210 355 392 0 1799
454 411 302 446 0 1199
196 44 196 225 0 999
335 50 287 190 0 599
311 261 289 99 0 1599
166 51 67 133 0 399
120 191 151 38 0 999
327 233 416 332 0 799
267 301 179 205 0 1999
123 60 15 135 0 399
5 15 39 160 0 199
412 388 242 403 0 1799
292 115 370 226 0 1599
107 257 179 368 0 599
482 143 470 319 0 1399
238 267 386 234 0 1599
353 199 314 348 0 1199
460 487 429 337 0 1199
162 108 212 243 0 999
223 74 192 227 0 599
415 389 409 216 0 1399
156 205 130 365 0 599
122 294 238 359 0 599
277 363 433 338 0 1799
18 2 70 129 0 199
88 291 255 308 0 599
122 82 139 251 0 399
67 112 14 238 0 399
159 446 52 370 0 1999
311 316 327 485 0 1599
263 142 220 285 0 999
223 77 347 12 0 599
312 446 322 267 0 1399
301 207 234 328 0 1999
132 68 148 231 0 1399
224 229 203 69 0 1199
296 231 142 197 0 1799
138 50 194 182 0 799
4 11 55 144 0 199
267 453 323 328 0 1399
251 117 143 36 0 999
215 423 382 437 0 1399
155 262 162 442 0 799
0 13 95 104 0 199
171 10 214 148 0 399
350 230 176 245 0 1399
3 7 24 175 0 199
7 4 142 57 0 199
83 346 91 173 0 1999
4 7 51 148 0 199
348 421 444 329 0 1399
7 6 182 17 0 199
79 132 79 319 0 399
179 195 349 212 0 999
230 216 133 134 0 1399
164 237 351 238 0 599
31 261 217 264 0 999
452 349 394 475 0 1799
158 28 45 101 0 399
165 195 135 40 0 1799
74 143 215 103 0 399
212 96 394 103 0 599
391 58 494 140 0 1199
88 85 214 142 0 799
58 96 98 239 0 599
274 67 163 141 0 1599
206 269 58 300 0 799
193 15 250 144 0 399
165 251 314 283 0 599
4 16 29 170 0 199
135 145 272 99 0 1399
139 331 40 244 0 1599
185 494 184 310 0 1599
336 220 167 200 0 1399
83 294 140 172 0 1599
488 108 435 242 0 1399
134 295 248 362 0 1999
306 299 387 401 0 1199
312 148 240 261 0 1799
325 35 227 124 0 1399
113 68 265 39 0 399
147 222 74 109 0 599
95 286 80 457 0 599
216 81 241 245 0 1599
5 7 42 157 0 199
136 223 129 41 0 1199
319 336 418 421 0 1799
274 303 326 169 0 1399
118 434 110 258 0 1999
4 9 114 85 0 199
441 114 339 33 0 799
8 7 102 97 0 199
389 112 264 174 0 1199
105 109 257 82 0 999
252 97 138 32 0 1199
37 154 110 44 0 399
12 4 82 117 0 199
314 215 421 287 0 1599
2 11 109 90 0 199
115 424 60 295 0 1399
255 449 300 305 0 999
191 164 165 2 0 599
189 24 33 49 0 399
273 37 173 116 0 599
162 50 115 189 0 399
171 233 352 241 0 1399
338 240 306 88 0 1599
246 374 391 410 0 1399
205 147 38 167 0 999
171 353 25 393 0 1999
303 105 220 211 0 599
122 239 285 260 0 999
52 160 171 93 0 399
230 68 87 27 0 1999
73 229 67 56 0 599
297 277 360 152 0 799
365 287 339 449 0 1599
5 418 153 458 0 999
4 10 43 156 0 199
357 45 394 192 0 1199
252 343 158 254 0 799
186 124 12 139 0 1799
55 56 155 137 0 1599
75 217 135 90 0 599
86 434 239 469 0 1199
6 4 67 132 0 199
464 300 361 383 0 1999
129 119 301 135 0 799
210 44 271 167 0 1199
3 9 187 6 0 199
40 107 126 9 0 599
168 215 174 33 0 599
143 218 90 351 0 599
130 55 15 119 0 399
335 221 169 243 0 1199
378 146 218 169 0 1799
202 272 62 233 0 1799
199 329 55 369 0 1199
375 188 328 330 0 1999
127 236 303 243 0 799
36 157 101 37 0 399
302 460 358 333 0 1399
3 75 182 71 0 599
9 88 144 138 0 1999
152 319 167 485 0 1999
66 196 158 287 0 599
253 191 196 317 0 999
4 399 49 265 0 799
421 291 421 477 0 1199
114 85 295 91 0 399
9 2 65 134 0 199
296 191 210 292 0 799
171 212 84 112 0 1599
174 292 216 434 0 1199
159 184 119 325 0 1599
367 255 393 410 0 1799
373 421 194 412 0 1199
347 317 178 329 0 999
209 165 113 255 0 1999
221 230 245 393 0 1199
164 248 0 268 0 1599
185 0 227 143 0 399
166 39 100 152 0 799
94 99 103 279 0 399
0 14 57 142 0 199
58 134 158 45 0 999
273 66 244 225 0 599
224 240 372 277 0 999
351 117 392 255 0 999
472 122 291 129 0 1999
87 108 108 275 0 999
152 139 184 295 0 1799
346 344 245 264 0 1399
13 2 35 164 0 199
229 279 74 312 0 1199
318 323 374 195 0 1399
366 189 452 288 0 1599
460 285 302 255 0 1799
261 95 244 263 0 999
321 321 152 309 0 1799
30 339 63 183 0 799
375 315 403 475 0 1999
99 13 107 193 0 799
336 417 238 327 0 1799
179 182 299 119 0 799
233 311 411 322 0 1399
152 198 164 374 0 1599
12 1 32 167 0 199
312 383 473 361 0 1999
372 236 252 303 0 1799
75 114 147 229 0 399
6 8 150 49 0 199
185 360 202 198 0 799
62 225 214 262 0 799
407 66 464 198 0 1999
195 255 204 81 0 1399
246 153 317 36 0 999
264 246 225 101 0 799
158 222 58 141 0 599
221 75 141 184 0 999
167 3 342 16 0 399
178 23 228 158 0 399
390 150 263 89 0 799
480 272 471 96 0 999
9 2 120 79 0 199
179 193 172 374 0 1199
5 11 170 29 0 199
17 1 74 125 0 199
177 368 11 349 0 799
318 173 407 73 0 1199
131 314 232 399 0 999
181 33 242 155 0 599
258 207 289 357 0 799
52 393 4 253 0 1799
191 171 103 267 0 1199
318 264 258 391 0 1799
264 455 245 286 0 1399
5 5 44 155 0 199
271 194 109 171 0 1599
11 3 72 127 0 199
167 220 157 396 0 999
387 72 328 201 0 1399
249 140 392 99 0 599
170 254 231 134 0 999
5 6 20 179 0 199
144 222 293 262 0 1399
327 69 192 122 0 1999
160 350 74 255 0 1399
189 59 135 191 0 799
18 81 152 31 0 999
71 460 240 476 0 1999
37 63 187 98 0 1399
331 250 385 385 0 799
379 390 231 350 0 999
225 346 386 318 0 1199
4 11 174 25 0 199
180 376 136 234 0 1199
335 332 345 158 0 1399
14 1 45 154 0 199
373 145 295 37 0 799
7 174 32 18 0 399
33 8 93 136 0 599
413 291 239 302 0 1799
34 37 186 10 0 799
358 73 370 246 0 1199
9 240 36 394 0 1999
364 122 333 270 0 1799
222 223 225 42 0 1799
366 272 220 231 0 999
138 233 132 53 0 999
6 338 128 272 0 1199
11 189 40 345 0 599
151 25 282 79 0 1799
74 59 72 242 0 1199
259 305 231 465 0 1999
180 215 116 340 0 1599
255 98 223 254 0 1399
197 295 226 137 0 1799
89 386 186 300 0 799
2 12 168 31 0 199
126 220 234 300 0 1599
55 180 166 110 0 799
162 186 103 314 0 1799
182 38 211 194 0 599
128 250 277 220 0 1799
298 187 326 346 0 1999
209 74 196 249 0 999
10 3 97 102 0 199
200 19 373 5 0 1199
8 3 92 107 0 199
67 209 153 106 0 599
58 138 127 253 0 399
43 332 108 456 0 1599
29 200 201 187 0 1199
199 179 253 50 0 599
438 287 417 120 0 1399
240 66 169 176 0 599
24 105 107 3 0 1999
8 3 128 71 0 199
150 37 184 188 0 399
412 26 254 0 0 799
212 201 45 223 0 1199
368 197 227 151 0 799
354 64 428 169 0 599
152 4 201 139 0 799
413 181 436 16 0 1999
359 155 475 85 0 1199
7 13 116 83 0 199
112 345 40 238 0 1999
390 277 443 409 0 1999
214 129 137 235 0 1999
181 359 191 181 0 1999
98 117 190 26 0 399
168 217 326 243 0 999
318 250 376 124 0 1199
146 276 159 101 0 1999
210 27 124 128 0 1999
124 417 223 331 0 1999
1 34 113 107 0 1599
85 243 254 231 0 999
80 79 245 98 0 1799
249 494 400 460 0 1599
137 248 292 215 0 599
34 178 35 363 0 399
415 307 260 338 0 1199
430 63 349 168 0 1399
349 180 475 119 0 1599
281 94 319 242 0 599
13 3 149 50 0 199
242 83 223 250 0 599
392 297 468 187 0 1399
348 38 482 89 0 599
230 161 70 134 0 799
205 197 365 174 0 1399
101 159 77 323 0 1599
348 96 376 249 0 1399
0 10 64 135 0 199
371 297 416 159 0 1799
10 218 110 306 0 799
158 38 107 173 0 399
33 181 81 317 0 399
197 15 227 171 0 399
10 6 114 85 0 199
0 15 151 48 0 199
135 74 139 257 0 399
108 240 250 193 0 599
275 475 260 301 0 999
423 304 274 269 0 1799
283 280 437 305 0 1999
145 485 71 374 0 1399
196 15 95 100 0 999
78 95 204 40 0 799
81 100 11 211 0 399
271 470 294 305 0 999
216 295 39 285 0 1999
251 376 144 295 0 1799
185 180 210 17 0 999
289 14 360 122 0 799
115 131 227 59 0 799
4 7 92 107 0 199
289 377 192 468 0 1599
396 22 304 115 0 999
370 335 229 291 0 1599
307 63 139 46 0 599
151 49 271 117 0 399
179 208 182 23 0 1399
359 230 349 54 0 1399
370 109 196 116 0 1599
242 322 404 298 0 1199
34 218 12 375 0 599
315 483 274 336 0 1999
461 16 406 145 0 1399
103 247 232 304 0 1999
60 326 172 393 0 1399
208 136 200 316 0 1999
222 21 46 31 0 1399
222 208 285 86 0 999
105 404 288 406 0 1599
182 204 95 104 0 599
1 14 13 186 0 199
150 41 302 76 0 399
206 184 122 289 0 599
10 2 64 135 0 199
113 101 31 205 0 799
328 247 293 393 0 799
169 22 113 149 0 1199
362 256 242 192 0 1999
316 175 346 17 0 999
315 116 348 271 0 1799
59 477 218 448 0 1999
107 115 163 243 0 1199
336 78 356 241 0 599
264 328 138 388 0 1599
126 227 221 320 0 599
236 34 165 152 0 999
210 173 244 327 0 599
221 326 202 164 0 799
14 182 90 294 0 399
1 27 161 56 0 599
146 45 270 104 0 399
267 301 306 446 0 799
144 57 166 218 0 399
415 173 342 59 0 1799
163 221 71 126 0 599
271 14 190 112 0 1199
195 121 132 243 0 1399
103 245 78 91 0 599
167 384 184 215 0 1799
178 221 47 277 0 1999
295 28 251 167 0 799
144 180 140 357 0 599
12 2 34 165 0 199
15 3 40 159 0 199
56 80 232 67 0 999
32 401 62 244 0 1199
110 157 267 183 0 799
204 202 37 181 0 799
258 397 222 247 0 1799
396 356 338 487 0 999
176 345 197 180 0 1399
142 250 30 179 0 999
474 207 481 31 0 1599
47 162 194 204 0 399
47 213 169 277 0 799
134 147 310 152 0 1199
190 272 205 99 0 1999
176 400 81 493 0 1599
7 3 71 128 0 199
6 210 93 110 0 999
367 312 478 244 0 1999
9 172 76 58 0 399
293 89 272 251 0 599
280 46 209 163 0 1199
13 1 133 66 0 199
402 249 231 264 0 999
357 318 381 158 0 1399
333 265 219 334 0 1399
110 191 151 338 0 599
204 123 115 31 0 799
12 2 39 160 0 199
481 234 367 307 0 1199
136 217 149 42 0 599
87 310 215 253 0 799
423 279 304 339 0 999
205 365 62 410 0 799
314 266 145 280 0 1799
5 8 98 101 0 199
70 52 192 117 0 599
284 83 419 134 0 599
10 4 21 178 0 199
22 377 126 293 0 1799
105 274 77 432 0 599
161 117 212 254 0 1599
71 156 240 171 0 1799
105 179 144 32 0 1999
379 135 201 145 0 1999
261 423 161 337 0 1199
357 229 187 215 0 1199
214 323 147 201 0 1599
121 261 3 331 0 1599
425 71 251 60 0 1799
65 439 220 472 0 1999
65 46 41 210 0 599
9 1 142 57 0 199
142 101 249 20 0 1399
185 153 114 271 0 1799
404 90 250 115 0 1399
5 6 99 100 0 199
191 48 160 196 0 1599
280 87 320 235 0 1399
119 233 274 209 0 599
173 154 208 3 0 1399
252 291 144 364 0 1999
32 173 190 142 0 399
4 172 62 42 0 799
149 247 54 163 0 599
208 136 192 305 0 999
403 298 257 263 0 1999
263 309 182 416 0 1999
70 29 188 92 0 799
125 84 50 198 0 799
403 211 345 86 0 999
10 1 31 168 0 199
283 20 364 127 0 599
114 383 242 325 0 1799
167 140 143 295 0 1199
129 125 225 35 0 1599
45 383 103 257 0 1999
162 15 242 120 0 799
20 232 57 90 0 599
206 286 271 170 0 1799
36 27 215 34 0 1799
159 25 140 192 0 799
236 188 92 149 0 999
16 188 104 92 0 799
100 270 238 227 0 599
483 257 449 105 0 1999
16 167 46 320 0 399
163 340 63 254 0 1799
384 252 372 424 0 1999
195 174 296 261 0 599
95 75 222 17 0 599
7 4 71 128 0 199
155 210 38 282 0 1999
28 201 163 245 0 799
250 15 191 139 0 1999
422 437 437 269 0 1599
189 414 317 474 0 1799
250 288 373 349 0 1599
56 136 70 308 0 399
71 498 58 332 0 1599
135 56 281 15 0 399
92 220 254 201 0 1799
429 261 309 329 0 1999
97 470 271 484 0 1799
108 248 112 67 0 1399
261 398 146 330 0 1999
324 120 227 208 0 999
43 187 112 301 0 599
207 241 128 135 0 999
8 5 187 12 0 199
300 354 474 340 0 1599
267 372 242 212 0 1199
150 312 143 490 0 999
142 480 309 459 0 1199
5 6 87 112 0 199
262 74 377 8 0 999
317 245 447 189 0 1999
64 315 69 136 0 599
232 495 260 336 0 1999
43 148 217 153 0 399
257 386 397 434 0 1399
81 118 182 34 0 1199
224 80 152 195 0 999
210 7 118 94 0 1999
136 426 298 452 0 1599
155 157 230 48 0 1599
230 36 102 95 0 1799
239 249 255 78 0 1799
6 14 134 65 0 199
189 223 221 69 0 1199
212 174 97 238 0 999
97 293 88 116 0 1599
7 6 35 164 0 199
297 329 421 392 0 999
244 386 321 497 0 1199
459 197 326 250 0 1599
191 197 336 239 0 599
449 106 316 162 0 1999
4 11 27 172 0 199
396 302 231 325 0 1199
344 287 243 209 0 1999
119 92 39 195 0 399
186 173 227 27 0 1999
396 41 261 87 0 1199
43 145 96 10 0 399
137 346 31 423 0 1999
154 292 333 282 0 1799
175 231 140 83 0 599
445 352 329 417 0 1599
135 44 0 88 0 399
158 266 223 387 0 1999
340 156 334 331 0 999
75 381 84 203 0 1799
112 27 214 114 0 1199
174 17 357 23 0 799
135 297 227 201 0 1199
248 423 286 274 0 1999
406 175 383 11 0 1599
150 324 303 359 0 1199
2 10 127 72 0 199
205 179 215 354 0 599
123 73 298 86 0 399
0 14 107 92 0 199
297 266 407 339 0 1199
333 110 194 160 0 1999
136 234 288 266 0 1999
426 117 357 235 0 1599
87 113 57 271 0 399
13 3 87 112 0 199
216 145 276 274 0 1999
63 331 231 350 0 599
203 147 228 309 0 599
151 349 13 397 0 1999
118 68 7 143 0 399
132 336 188 208 0 1999
211 246 150 120 0 1599
152 130 151 316 0 1799
156 54 127 213 0 399
229 221 322 135 0 1399
160 293 63 203 0 1599
345 230 240 304 0 1199
242 255 261 91 0 799
186 112 76 41 0 1799
123 352 157 197 0 1199
178 94 2 91 0 1399
365 11 202 33 0 599
142 77 109 223 0 399
38 353 90 480 0 1199
7 4 123 76 0 199
111 75 138 234 0 399
85 112 177 17 0 399
242 198 80 172 0 1199
389 343 331 468 0 1399
366 141 189 147 0 799
188 244 297 170 0 1399
149 256 286 212 0 1199
94 56 43 184 0 1799
144 289 314 305 0 1399
6 4 56 143 0 199
205 68 262 195 0 1799
198 87 335 40 0 999
27 325 111 221 0 1599
20 168 144 104 0 399
264 255 388 310 0 1199
482 352 445 208 0 1799
242 293 322 400 0 1599
60 119 3 249 0 799
296 73 360 192 0 1999
443 448 318 394 0 1999
222 84 56 62 0 799
299 303 308 126 0 1999
92 319 215 255 0 799
158 236 47 313 0 1599
232 239 160 356 0 799
0 12 166 33 0 199
60 112 191 169 0 1599
282 132 265 302 0 1399
340 347 250 248 0 1999
159 366 13 405 0 1199
32 178 219 179 0 399
82 293 39 147 0 1199
497 265 386 188 0 1599
164 463 131 309 0 1999
366 284 275 192 0 1799
140 73 157 241 0 399
91 97 48 242 0 399
208 191 217 363 0 1999
61 131 64 313 0 1399
13 1 157 42 0 199
180 94 1 84 0 1399
196 167 232 319 0 999
317 135 213 217 0 1599
445 314 307 265 0 1999
48 322 24 163 0 599
347 26 490 72 0 1199
104 152 228 93 0 1799
7 6 163 36 0 199
107 247 256 277 0 599
321 302 210 376 0 1199
10 1 65 134 0 199
21 281 77 148 0 599
257 231 275 65 0 799
88 122 5 227 0 399
318 286 140 297 0 1799
179 91 289 169 0 1199
94 281 171 392 0 599
328 26 277 164 0 599
56 133 113 261 0 399
246 203 174 86 0 1599
478 349 299 342 0 1799
35 311 135 225 0 1999
0 15 98 101 0 199
24 392 181 416 0 1799
157 197 153 20 0 599
222 246 170 381 0 999
182 491 248 368 0 1599
8 3 176 23 0 199
1 15 178 9 0 199
412 334 404 153 0 1399
143 50 55 149 0 399
45 301 136 397 0 599
154 35 3 73 0 399
431 307 327 223 0 1599
18 177 188 168 0 399
300 113 266 267 0 999
115 291 186 403 0 999
97 268 212 202 0 1999
1 15 79 120 0 199
38 166 7 323 0 1999
170 19 186 192 0 399
285 136 275 305 0 1599
198 294 381 293 0 1999
236 72 275 212 0 999
13 16 127 83 0 1199
67 170 221 145 0 1599
20 313 38 474 0 1999
214 287 148 408 0 1599
6 8 189 6 0 199
418 410 307 487 0 1999
26 41 168 82 0 799
62 333 16 476 0 799
335 32 290 175 0 599
126 63 228 150 0 399
187 354 95 267 0 799
11 1 167 32 0 199
44 347 200 315 0 599
32 358 8 195 0 599
110 348 271 321 0 1999
497 96 481 268 0 1799
149 208 220 96 0 799
193 345 55 295 0 1199
40 151 76 0 0 799
76 14 233 42 0 999
114 279 57 405 0 799
1 10 85 114 0 199
195 468 103 375 0 1599
58 261 83 102 0 1799
1 9 89 110 0 199
147 211 195 74 0 999
81 98 189 23 0 799
86 313 248 340 0 1199
338 323 227 396 0 1799
177 244 187 422 0 999
103 109 238 60 0 399
132 215 130 36 0 1199
325 38 490 18 0 1199
336 362 331 183 0 1199
458 132 295 107 0 799
7 8 151 48 0 199
7 4 34 165 0 199
68 164 141 50 0 1799
169 14 100 128 0 399
138 278 244 351 0 999
8 4 142 57 0 199
29 163 144 236 0 399
284 220 149 169 0 1599
14 1 124 75 0 199
186 359 16 372 0 1599
26 342 152 280 0 1999
465 269 358 193 0 1799
247 370 116 425 0 1399
7 5 39 162 0 599
108 246 281 231 0 1599
169 205 211 342 0 999
310 187 425 114 0 1399
149 229 6 183 0 599
274 476 413 430 0 1399
351 182 289 63 0 1999
14 1 59 140 0 199
92 99 233 55 0 1199
10 2 166 33 0 199
48 179 163 253 0 1999
309 55 133 48 0 1799
61 236 200 286 0 799
119 96 122 278 0 799
11 3 176 23 0 199
275 432 168 353 0 1399
271 455 221 324 0 1399
477 186 470 367 0 1799
8 7 32 167 0 199
297 202 432 256 0 1599
19 1 116 83 0 199
81 146 256 140 0 799
108 373 249 418 0 999
255 198 232 36 0 1599
121 260 289 273 0 1599
60 13 150 107 0 599
295 98 465 79 0 1999
8 5 80 119 0 199
88 127 244 100 0 399
288 85 269 253 0 799
115 84 167 213 0 399
236 191 278 333 0 999
61 192 163 115 0 799
199 228 33 210 0 1399
355 260 182 252 0 1999
121 108 251 55 0 1599
308 213 432 156 0 1999
57 337 148 434 0 1599
336 305 354 471 0 1399
104 255 119 86 0 599
214 372 39 383 0 1999
342 176 474 123 0 1799
158 129 322 153 0 999
130 205 232 289 0 1399
45 194 203 171 0 799
153 38 241 137 0 399
179 229 17 246 0 599
127 267 264 221 0 599
181 399 183 218 0 999
456 24 400 152 0 799
95 34 205 111 0 1599
200 13 314 84 0 399
199 283 367 270 0 999
120 84 30 182 0 399
82 261 220 216 0 1599
1 239 51 104 0 599
131 359 65 239 0 1199
8 5 98 101 0 199
11 3 80 119 0 199
152 109 131 267 0 1599
319 254 146 238 0 1599
357 186 470 113 0 1799
257 227 354 319 0 1799
417 146 355 21 0 799
44 245 99 119 0 1599
214 306 75 264 0 1799
232 404 416 400 0 1599
232 245 357 183 0 1999
25 129 91 242 0 599
457 351 428 191 0 1399
104 85 130 248 0 399
330 221 289 74 0 1399
0 10 56 143 0 199
7 5 99 100 0 199
237 255 108 205 0 1399
196 233 376 225 0 999
49 318 227 321 0 1999
314 337 435 403 0 1199
121 271 247 210 0 599
265 280 101 303 0 1599
138 161 8 218 0 1999
5 342 141 299 0 1599
314 81 247 203 0 1999
34 152 118 257 0 1399
118 268 9 189 0 1599
312 393 216 308 0 1999
201 402 155 259 0 1199
130 387 185 255 0 1999
128 58 211 160 0 999
357 247 196 219 0 1799
128 286 167 144 0 599
11 5 125 74 0 199
90 59 82 237 0 599
444 297 356 197 0 1399
318 284 243 171 0 1999
40 295 86 156 0 1599
395 66 410 234 0 1999
2 13 144 55 0 199
7 5 112 87 0 199
304 194 332 354 0 1599
356 106 411 235 0 1999
334 141 168 164 0 1199
273 360 255 194 0 1799
35 299 101 418 0 999
170 195 36 244 0 1599
115 138 68 280 0 1999
5 15 29 170 0 199
18 2 84 115 0 199
115 267 253 310 0 599
16 195 117 112 0 599
167 21 130 172 0 399
72 486 243 471 0 1199
63 339 120 208 0 1199
57 389 31 236 0 999
214 155 218 335 0 999
123 284 238 355 0 599
2 177 67 55 0 399
0 14 38 161 0 199
10 359 105 266 0 999
2 12 165 34 0 199
139 249 20 181 0 999
1 11 41 158 0 199
141 16 231 109 0 1199
187 27 74 98 0 399
12 3 28 171 0 199
95 311 256 335 0 1799
139 217 254 151 0 999
17 208 27 383 0 799
341 321 400 451 0 999
173 250 224 387 0 1399
88 194 75 18 0 999
88 147 235 187 0 799
2 9 102 97 0 199
2 10 13 186 0 199
106 447 232 384 0 1599
5 5 179 20 0 199
2 12 105 94 0 199
293 240 295 53 0 1599
44 137 110 15 0 599
187 251 123 376 0 1799
473 454 315 433 0 1199
42 307 70 463 0 1799
210 120 162 253 0 599
126 249 125 434 0 599
343 4 493 43 0 1999
2 12 120 79 0 199
0 16 92 107 0 199
116 278 108 459 0 999
393 260 341 124 0 999
231 173 287 305 0 1999
14 282 168 316 0 799
13 1 54 145 0 199
69 131 233 151 0 399
1 10 76 123 0 199
55 170 113 291 0 799
31 91 99 208 0 1799
9 287 118 209 0 999
287 91 179 167 0 1199
247 487 339 396 0 1799
130 253 207 144 0 599
351 206 183 191 0 799
399 168 265 213 0 1599
19 175 187 195 0 1199
472 83 414 210 0 1599
154 238 277 173 0 1599
276 316 240 168 0 799
160 29 218 160 0 399
2 16 92 107 0 199
7 4 24 175 0 199
43 249 26 79 0 599
83 126 154 8 0 399
7 8 136 63 0 199
421 262 468 399 0 1399
58 92 77 254 0 1399
348 246 176 257 0 1399
48 279 196 315 0 1799
21 79 93 194 0 599
259 50 131 110 0 599
296 33 394 121 0 599
198 93 322 29 0 599
5 9 111 88 0 199
460 70 286 61 0 999
110 79 32 184 0 399
134 49 18 116 0 399
172 99 262 194 0 799
371 265 449 155 0 1199
165 267 244 161 0 999
402 138 474 254 0 1199
38 115 12 276 0 1599
200 15 166 162 0 799
174 180 108 295 0 1399
24 14 142 81 0 599
264 321 117 357 0 799
392 199 476 301 0 1799
273 85 279 267 0 1199
307 248 224 143 0 1799
338 14 164 25 0 599
202 134 193 304 0 999
152 59 44 138 0 399
230 289 253 454 0 1799
57 248 231 243 0 799
103 135 189 42 0 999
497 32 376 95 0 1399
190 305 59 253 0 799
372 270 201 252 0 1399
178 212 59 143 0 1199
281 302 303 459 0 1199
136 221 49 317 0 799
4 239 185 246 0 999
421 283 405 115 0 1599
232 77 345 143 0 1199
25 189 129 269 0 399
141 20 226 123 0 1799
91 111 190 29 0 1399
78 22 118 170 0 799
186 478 107 369 0 1199
165 475 251 382 0 999
98 186 206 115 0 599
197 9 144 144 0 399
388 87 208 96 0 799
262 398 403 355 0 1599
331 220 246 117 0 999
289 98 360 210 0 799
112 1 240 58 0 1199
277 71 451 80 0 999
299 353 159 304 0 1399
225 28 283 154 0 1799
7 3 167 32 0 199
166 41 271 125 0 399
269 242 410 197 0 1399
181 48 124 177 0 599
131 52 120 226 0 799
11 165 74 44 0 399
85 118 90 298 0 1599
29 490 35 313 0 799
110 7 120 185 0 1799
271 89 94 78 0 1599
403 321 264 370 0 1599
13 330 94 437 0 1799
223 256 45 259 0 799
461 52 395 167 0 1599
7 422 129 481 0 1999
15 372 41 215 0 1199
115 208 169 333 0 1599
420 42 296 107 0 999
66 387 160 300 0 1599
243 341 165 231 0 799
10 4 112 87 0 199
303 267 174 326 0 799
363 389 282 282 0 1599
96 435 248 403 0 1399
1 13 57 142 0 199
334 253 398 130 0 1599
314 104 199 32 0 1399
237 200 127 278 0 999
221 310 274 442 0 1199
85 157 199 83 0 1999
250 120 67 126 0 599
109 287 129 455 0 1599
198 9 217 173 0 399
148 268 54 181 0 599
221 382 332 460 0 1599
45 340 201 370 0 599
442 102 476 251 0 1399
156 68 154 249 0 1399
347 454 168 463 0 1799
154 214 294 169 0 599
15 5 108 91 0 199
1 10 117 82 0 199
189 239 115 353 0 1199
5 6 2 191 0 199
72 133 18 264 0 399
450 295 481 147 0 1199
266 47 307 194 0 1799
228 229 186 366 0 799
313 187 309 8 0 1799
359 283 267 187 0 1999
0 16 155 44 0 199
128 82 306 90 0 799
58 156 3 285 0 399
276 443 442 421 0 1399
264 252 180 356 0 1199
127 121 82 260 0 799
256 306 288 461 0 1399
410 123 313 41 0 799
451 298 463 124 0 1399
281 69 258 230 0 1999
60 132 238 126 0 399
58 147 120 264 0 399
244 235 140 156 0 799
177 367 116 239 0 999
272 240 373 325 0 799
166 22 170 206 0 399
206 174 368 193 0 599
70 362 22 224 0 1599
3 15 173 26 0 199
66 166 65 349 0 1199
11 1 136 63 0 199
359 201 480 134 0 1199
211 383 119 474 0 1399
202 277 148 144 0 799
385 217 292 121 0 999
11 3 0 177 0 199
262 483 226 335 0 999
2 8 22 177 0 199
2 9 101 98 0 199
2 14 120 79 0 199
157 199 321 184 0 1799
285 121 346 243 0 599
182 225 197 398 0 599
163 350 282 418 0 1199
273 365 132 323 0 1399
310 259 419 333 0 1199
111 309 284 322 0 1999
328 231 316 398 0 1599
383 177 389 359 0 799
149 436 330 442 0 1999
7 188 39 33 0 399
12 3 85 114 0 199
187 179 252 299 0 999
233 95 151 198 0 599
112 97 265 69 0 399
239 190 157 87 0 1199
181 359 152 202 0 799
195 276 14 280 0 1599
196 416 314 487 0 999
289 153 423 202 0 1399
212 29 258 166 0 1599
33 150 100 34 0 399
173 205 194 43 0 599
3 10 102 97 0 199
91 126 159 237 0 399
4 178 67 56 0 599
222 70 404 72 0 1199
462 117 409 245 0 1999
186 391 48 344 0 1199
14 6 15 184 0 199
303 254 314 431 0 999
5 11 132 67 0 199
4 7 110 89 0 199
46 167 74 12 0 399
7 3 177 22 0 199
139 70 214 180 0 399
205 378 31 391 0 1599
213 377 327 307 0 799
178 200 146 356 0 1199
493 380 385 299 0 1199
2 13 42 157 0 199
181 307 290 232 0 1199
246 412 88 442 0 1599
228 185 306 76 0 799
383 345 402 175 0 999
85 98 22 214 0 1599
304 383 418 455 0 1399
415 369 311 289 0 1999
87 132 81 305 0 399
111 48 190 158 0 1599
6 12 126 73 0 199
173 376 322 336 0 1199
255 127 101 94 0 999
140 71 305 93 0 399
223 270 168 144 0 1199
13 3 98 101 0 199
268 367 388 426 0 1599
71 489 178 417 0 1399
222 223 173 353 0 1999
483 212 370 137 0 1799
378 214 491 144 0 1399
250 152 141 72 0 599
96 147 88 323 0 599
284 88 213 200 0 1799
104 264 20 359 0 999
314 15 184 71 0 1399
20 181 103 279 0 399
4 8 132 67 0 199
243 60 372 3 0 1799
119 190 154 343 0 999
146 67 139 245 0 399
34 183 206 174 0 399
152 428 169 257 0 1199
306 18 329 180 0 599
176 17 222 152 0 399
217 171 345 114 0 599
202 144 333 89 0 1199
137 149 210 265 0 1399
5 8 153 46 0 199
329 158 338 334 0 1199
5 6 173 26 0 199
47 160 53 339 0 399
356 97 466 166 0 799
149 24 332 19 0 1799
116 210 131 378 0 999
149 114 242 205 0 1399
9 4 107 92 0 199
132 445 75 321 0 1999
100 111 165 225 0 799
442 424 344 341 0 1799
8 3 30 169 0 199
73 111 233 135 0 399
253 381 203 247 0 1599
20 159 189 169 0 399
19 253 52 101 0 1799
239 422 241 239 0 1199
344 287 203 332 0 1399
323 216 312 38 0 1199
171 373 181 197 0 799
264 252 239 415 0 1599
468 440 347 373 0 1999
44 141 186 98 0 399
113 92 177 209 0 399
371 220 212 242 0 799
137 44 161 204 0 599
339 79 481 125 0 1199
169 252 5 267 0 799
498 21 349 60 0 1399
119 96 72 232 0 399
250 191 406 159 0 1799
11 4 140 59 0 199
28 222 3 380 0 599
11 190 63 319 0 399
0 13 37 162 0 199
1 17 120 79 0 199
226 169 386 195 0 999
130 263 222 168 0 1199
358 167 472 102 0 1599
76 34 211 88 0 599
389 238 216 244 0 1999
322 438 395 324 0 1399
256 285 272 450 0 1199
269 297 338 412 0 1199
251 41 141 120 0 999
287 94 326 234 0 799
3 12 109 90 0 199
383 176 439 47 0 1599
159 164 334 151 0 999
35 175 41 357 0 399
256 112 354 202 0 1999
11 2 90 109 0 199
245 128 118 69 0 599
201 164 30 177 0 1799
169 289 104 167 0 1799
303 93 340 245 0 599
345 435 415 318 0 1799
278 295 207 412 0 1399
339 306 352 133 0 999
35 435 81 296 0 1799
152 126 130 289 0 1799
65 414 167 497 0 1199
162 272 338 282 0 1999
125 30 51 144 0 599
117 238 71 96 0 1399
277 147 416 97 0 1399
1 11 18 181 0 199
479 351 402 453 0 1399
459 136 281 146 0 999
101 369 122 204 0 799
442 118 348 31 0 999
5 11 144 55 0 199
203 198 272 317 0 999
160 50 112 190 0 399
152 414 32 346 0 1599
185 32 368 26 0 799
248 329 270 494 0 799
8 8 64 135 0 199
67 47 226 20 0 1599
124 21 153 179 0 1599
31 113 69 256 0 599
0 10 108 91 0 199
83 102 236 132 0 399
432 125 342 216 0 1999
111 251 19 160 0 1399
35 395 102 274 0 1199
116 72 53 197 0 399
267 464 402 416 0 1199
285 247 292 73 0 1399
92 160 63 317 0 1999
389 412 326 289 0 1399
120 399 275 375 0 799
345 39 165 31 0 1199
314 55 274 202 0 1199
227 203 335 283 0 799
75 274 147 386 0 599
55 160 166 88 0 399
420 79 283 128 0 1799
242 223 330 324 0 1599
306 325 405 240 0 1799
47 168 190 208 0 399
55 296 52 113 0 599
31 179 129 89 0 399
167 48 337 61 0 399
175 29 20 60 0 799
128 400 39 302 0 1799
335 33 325 211 0 1999
152 303 75 411 0 1999
217 259 238 424 0 1599
244 396 135 476 0 999
288 163 359 46 0 1399
364 175 191 165 0 799
489 195 396 286 0 1599
224 166 45 164 0 599
463 68 352 146 0 799
267 103 247 272 0 999
355 237 208 199 0 1399
8 331 151 287 0 1999
93 431 231 477 0 1599
165 127 249 230 0 1799
426 195 354 82 0 1999
127 59 289 83 0 399
71 129 244 144 0 799
140 149 26 223 0 1799
261 300 114 332 0 799
193 11 221 169 0 399
228 322 235 499 0 1199
15 247 166 213 0 599
64 242 166 329 0 599
196 186 370 172 0 799
319 194 346 32 0 799
258 56 115 12 0 999
7 8 20 179 0 199
280 141 300 308 0 1599
465 81 384 185 0 1799
8 8 147 52 0 199
293 160 179 235 0 1999
233 353 295 475 0 1599
93 123 197 48 0 999
17 1 76 123 0 199
109 200 282 210 0 1199
2 10 99 100 0 199
159 55 118 198 0 399
4 7 82 117 0 199
263 267 387 327 0 799
385 317 383 132 0 999
442 147 412 304 0 1999
367 250 308 120 0 1999
477 424 313 409 0 1599
142 42 277 91 0 399
92 308 267 316 0 1799
256 170 142 244 0 799
127 83 275 123 0 399
92 98 270 108 0 1199
319 34 353 188 0 999
183 49 268 150 0 799
8 185 18 6 0 399
226 124 316 221 0 1399
309 230 273 377 0 1599
336 247 187 210 0 1799
301 171 419 105 0 1199
1 13 57 142 0 199
174 238 219 379 0 1199
248 379 283 225 0 1599
84 34 65 199 0 1999
244 171 116 118 0 799
187 59 350 80 0 1599
170 337 106 461 0 1399
133 318 68 432 0 1999
137 223 86 359 0 599
290 131 249 269 0 1199
127 143 277 105 0 799
352 115 403 249 0 1999
489 101 363 41 0 1599
153 186 120 30 0 1199
273 239 95 228 0 1799
304 274 468 296 0 1199
17 117 144 175 0 599
52 88 146 180 0 1999
110 170 162 306 0 1199
132 183 173 321 0 1999
3 8 188 11 0 199
9 13 39 166 0 599
317 171 135 165 0 1599
150 85 82 204 0 799
65 85 50 254 0 1599
196 215 81 285 0 1599
156 84 160 266 0 1999
201 123 369 138 0 599
100 84 205 5 0 399
188 252 339 287 0 1599
233 115 319 22 0 599
171 172 102 57 0 599
304 391 332 233 0 1399
134 83 124 254 0 399
9 19 45 164 0 999
248 303 113 357 0 1599
102 112 38 232 0 399
17 1 177 22 0 199
287 253 396 173 0 1399
126 478 259 423 0 1599
355 170 174 164 0 1999
324 311 142 316 0 1199
0 18 153 46 0 199
253 3 150 84 0 1599
136 250 322 249 0 599
389 240 263 182 0 1799
319 206 491 215 0 1599
178 396 272 490 0 799
162 32 263 117 0 399
398 201 239 226 0 1399
409 3 230 8 0 1599
331 177 225 254 0 1399
120 183 160 38 0 1599
118 182 65 316 0 999
402 318 329 424 0 999
125 271 221 363 0 799
162 89 170 265 0 1799
157 226 106 361 0 999
154 224 336 221 0 599
62 132 158 40 0 399
10 3 99 100 0 199
465 271 372 179 0 1799
360 136 411 271 0 799
277 128 376 217 0 1399
183 6 61 73 0 399
350 235 289 111 0 1199
109 284 36 176 0 799
225 154 206 316 0 1999
46 315 75 158 0 599
344 290 463 359 0 1599
159 129 192 280 0 1599
456 219 389 100 0 999
157 236 271 310 0 599
24 444 207 439 0 799
54 251 241 250 0 599
156 61 233 165 0 399
4 14 104 95 0 199
114 91 45 209 0 399
233 254 246 84 0 799
315 138 352 286 0 1599
223 346 394 360 0 1199
263 294 102 320 0 799
97 55 38 177 0 1799
328 118 183 75 0 1999
78 121 230 154 0 799
191 289 298 208 0 1199
451 9 283 22 0 1399
316 361 283 209 0 1999
219 160 125 66 0 999
75 418 208 466 0 1999
60 150 196 97 0 1399
361 199 394 46 0 1199
346 21 247 110 0 599
115 241 286 225 0 1799
287 11 188 96 0 1599
376 79 216 100 0 1599
143 159 226 61 0 1399
450 26 301 56 0 999
262 382 332 266 0 1999
119 91 283 115 0 399
326 320 410 215 0 1799
347 72 318 231 0 1799
191 261 89 179 0 799
321 297 348 145 0 999
287 104 304 275 0 999
244 108 229 282 0 1399
267 115 351 12 0 1399
161 219 257 126 0 999
246 265 413 251 0 799
55 146 148 51 0 599
478 82 438 230 0 1199
230 164 92 209 0 999
139 175 90 37 0 1799
10 2 5 184 0 199
18 147 38 310 0 799
120 124 303 125 0 799
10 1 109 90 0 199
2 12 81 118 0 199
401 11 279 75 0 1199
408 42 313 135 0 1199
15 491 106 399 0 999
275 213 136 257 0 999
105 377 260 411 0 1399
135 282 185 145 0 1199
293 259 326 414 0 1599
172 364 253 264 0 1399
394 297 342 163 0 1399
145 416 145 228 0 1799
107 456 231 395 0 799
7 319 109 400 0 599
157 154 304 113 0 1799
361 368 208 399 0 999
254 135 80 121 0 599
10 1 27 172 0 199
66 298 87 131 0 799
116 382 201 476 0 1799
84 263 212 207 0 1399
102 176 155 41 0 1199
16 4 46 153 0 199
412 285 403 464 0 1399
69 482 211 439 0 1199
180 37 195 203 0 399
280 124 240 267 0 1799
138 138 37 218 0 1399
236 201 119 271 0 799
10 3 22 177 0 199
117 333 181 214 0 1399
74 127 12 4 0 799
83 76 249 93 0 799
248 281 114 330 0 1999
11 7 165 34 0 199
111 58 118 232 0 1599
393 463 410 292 0 1599
249 69 408 44 0 1199
480 330 371 406 0 1399
164 40 12 74 0 399
191 318 301 392 0 1399
2 8 17 182 0 199
109 80 272 58 0 399
378 432 348 276 0 1599
154 27 107 161 0 399
466 409 372 314 0 1999
319 69 373 194 0 599
166 277 159 101 0 799
457 355 389 244 0 1799
102 233 13 333 0 1199
28 17 123 106 0 599
255 268 419 288 0 999
458 159 382 266 0 1599
44 234 104 357 0 1399
126 222 102 58 0 1999
232 99 97 50 0 999
92 216 229 267 0 799
15 284 124 362 0 1199
52 30 236 33 0 999
137 346 96 492 0 1999
147 44 219 161 0 1199
139 301 47 214 0 999
212 219 302 121 0 1799
45 124 196 88 0 799
255 47 194 174 0 1599
361 14 246 83 0 1399
235 147 364 205 0 599
99 249 279 250 0 999
197 136 98 225 0 999
72 285 209 234 0 1399
30 69 192 47 0 999
194 255 368 250 0 1599
486 232 319 212 0 1399
249 483 378 424 0 1999
284 349 455 332 0 1799
319 236 277 375 0 1999
475 67 337 113 0 799
17 217 35 51 0 799
63 134 179 207 0 1999
330 286 457 343 0 1199
243 244 240 420 0 799
191 174 93 86 0 599
207 211 303 300 0 999
140 158 152 331 0 1799
137 140 135 326 0 599
172 189 244 76 0 1999
137 217 285 177 0 1599
6 337 89 442 0 999
243 365 186 493 0 1399
324 427 310 257 0 1799
197 230 336 186 0 1599
8 6 180 19 0 199
39 191 106 72 0 1199
124 248 158 397 0 599
241 209 147 115 0 1599
240 315 267 471 0 1599
46 80 207 106 0 999
320 239 402 345 0 1399
7 13 148 51 0 199
185 16 38 58 0 399
91 122 181 27 0 399
71 151 144 39 0 1399
107 77 252 38 0 399
260 129 84 137 0 999
462 21 320 65 0 1799
55 288 234 279 0 999
230 401 183 263 0 1199
335 160 177 191 0 1999
153 183 129 20 0 999
370 58 365 242 0 999
11 1 118 81 0 199
148 246 57 344 0 999
162 51 110 180 0 399
151 439 143 261 0 1999
10 4 40 159 0 199
266 287 419 321 0 1999
0 11 86 113 0 199
347 371 387 226 0 999
249 106 233 279 0 799
207 152 329 90 0 599
93 112 269 100 0 999
209 341 359 379 0 1199
152 221 304 257 0 599
283 286 120 264 0 1999
9 6 179 20 0 199
342 301 266 406 0 1599
22 179 53 331 0 399
220 243 191 89 0 1599
28 333 89 210 0 599
237 121 268 271 0 1399
333 294 456 234 0 1199
180 189 247 306 0 599
183 39 346 59 0 1799
407 150 254 186 0 1999
90 243 138 383 0 1799
91 279 251 304 0 1799
323 237 240 131 0 1399
420 269 429 92 0 1399
171 195 298 253 0 599
76 125 176 210 0 399
99 89 171 201 0 399
291 28 127 52 0 1399
7 4 101 98 0 199
163 357 5 387 0 1999
267 115 294 271 0 599
130 39 263 91 0 1199
65 264 210 306 0 1999
18 144 153 196 0 599
181 161 281 244 0 999
279 299 351 416 0 1799
106 113 181 9 0 399
11 115 82 5 0 999
231 139 346 213 0 1799
339 221 499 245 0 1999
311 368 174 326 0 1999
219 218 319 299 0 1199
1 13 58 141 0 199
199 184 216 351 0 599
1 9 189 8 0 199
314 7 328 178 0 1999
117 138 287 124 0 599
82 70 229 108 0 599
275 285 202 175 0 1799
83 294 149 171 0 1199
6 9 66 133 0 199
88 228 214 168 0 1999
163 28 340 26 0 399
51 227 236 230 0 1199
181 175 259 68 0 999
166 236 10 209 0 599
134 8 207 120 0 1399
372 167 424 304 0 1599
448 107 372 216 0 1999
228 232 365 280 0 1399
11 3 112 87 0 199
91 253 135 392 0 999
332 143 247 247 0 1599
9 5 15 184 0 199
266 368 88 363 0 999
257 463 278 298 0 1999
232 142 409 149 0 1199
191 227 56 179 0 1399
312 440 202 365 0 1799
202 347 344 386 0 1999
233 273 182 135 0 999
99 116 3 29 0 399
5 13 149 50 0 199
189 194 329 240 0 599
396 278 304 369 0 1399
129 85 174 228 0 799
259 48 322 169 0 1799
161 213 328 192 0 1599
62 118 199 160 0 599
4 9 46 153 0 199
155 289 181 450 0 999
135 52 194 174 0 399
465 367 393 258 0 1799
222 249 369 217 0 1999
9 459 164 483 0 1799
5 15 65 134 0 199
114 75 290 70 0 399
69 150 117 281 0 399
424 196 292 141 0 1799
74 107 146 216 0 399
89 335 206 401 0 1799
443 305 336 228 0 1599
64 308 211 270 0 599
317 453 179 410 0 1799
63 279 28 427 0 1799
111 35 271 8 0 599
236 109 173 225 0 1999
190 29 214 184 0 399
381 186 425 43 0 1999
297 227 334 376 0 1999
101 162 102 342 0 799
209 136 149 264 0 1799
68 318 48 153 0 599
252 256 424 249 0 999
116 358 260 398 0 1999
113 91 290 80 0 1599
1 117 93 213 0 1999
291 117 313 283 0 1199
177 158 28 192 0 799
287 261 275 94 0 999
75 358 12 484 0 799
448 258 327 198 0 1799
250 100 180 218 0 1599
234 468 73 490 0 999
121 433 20 347 0 999
23 355 166 400 0 1199
220 241 153 355 0 1999
188 212 142 77 0 1399
201 181 243 44 0 999
18 134 93 244 0 599
6 8 180 19 0 199
44 210 109 324 0 599
0 12 182 7 0 199
457 98 480 260 0 1199
7 114 15 293 0 799
21 164 150 218 0 1199
195 389 365 403 0 1599
272 29 289 200 0 1399
325 235 256 123 0 1799
232 135 246 308 0 1599
9 1 32 167 0 199
82 123 228 82 0 399
179 199 118 76 0 1599
210 378 261 240 0 1399
274 379 324 243 0 1799
37 152 98 272 0 399
427 36 353 151 0 1999
413 292 278 340 0 1999
187 402 335 371 0 799
232 196 277 332 0 999
292 123 150 169 0 1799
130 307 245 241 0 1999
214 136 186 295 0 999
5 7 89 110 0 199
398 355 323 465 0 1599
98 37 122 198 0 799
228 155 311 256 0 1399
2 16 87 112 0 199
173 279 258 176 0 1999
33 146 203 155 0 399
24 302 47 463 0 799
24 159 31 335 0 399
179 146 150 300 0 1999
11 173 83 57 0 399
396 416 490 327 0 1399
196 190 352 221 0 599
21 461 193 475 0 1999
231 306 244 478 0 1599
330 277 214 205 0 999
135 158 233 248 0 599
82 234 179 321 0 1199
120 287 232 363 0 1799
157 464 166 286 0 1999
6 7 72 127 0 199
173 22 326 56 0 399
108 111 226 172 0 399
5 7 33 166 0 199
96 228 216 295 0 1799
171 215 15 184 0 599
464 376 352 302 0 1999
238 69 395 38 0 1799
146 250 296 288 0 1199
359 236 429 354 0 999
6 5 4 191 0 199
96 379 200 460 0 1999
110 16 1 91 0 1199
137 393 172 247 0 1399
21 166 81 39 0 399
126 476 257 420 0 1399
126 20 287 47 0 799
97 464 254 442 0 1999
177 27 347 11 0 399
98 176 56 322 0 1199
162 55 333 65 0 399
77 127 157 233 0 399
45 29 13 180 0 999
114 166 24 68 0 1599
90 93 196 172 0 1199
13 2 51 148 0 199
62 138 84 305 0 599
45 52 222 63 0 599
202 182 200 367 0 599
448 48 271 56 0 1399
255 301 439 299 0 1199
121 82 33 179 0 399
358 321 452 406 0 1199
131 256 64 377 0 599
299 432 304 258 0 1599
28 168 116 263 0 599
323 244 404 146 0 1599
351 359 195 382 0 1799
12 349 2 175 0 1399
129 69 171 211 0 799
174 74 52 137 0 599
80 470 256 467 0 1399
342 201 427 101 0 1199
11 4 143 56 0 199
48 180 104 52 0 799
66 285 199 232 0 999
322 233 226 142 0 799
32 211 46 378 0 1999
9 5 166 33 0 199
283 93 430 135 0 1399
199 71 17 65 0 799
71 62 43 215 0 1199
75 113 105 271 0 399
174 129 243 11 0 799
271 26 132 71 0 999
331 443 225 362 0 1799
355 263 443 359 0 1599
326 344 278 480 0 1599
169 217 195 60 0 599
355 127 195 155 0 799
211 141 345 195 0 1999
201 143 45 168 0 599
115 208 95 376 0 599
168 151 322 186 0 1599
28 166 189 191 0 399
303 381 149 351 0 1999
120 193 249 133 0 1199
383 260 269 329 0 1199
151 127 238 228 0 1999
0 12 2 197 0 199
186 194 241 64 0 1399
395 376 306 279 0 999
148 265 179 115 0 1599
236 155 327 248 0 1399
364 204 470 122 0 799
180 3 13 19 0 399
123 269 293 258 0 599
42 169 213 153 0 399
197 112 173 275 0 1199
441 341 297 380 0 1399
176 92 3 84 0 999
200 161 20 165 0 1399
217 117 364 154 0 1199
375 203 409 58 0 1799
286 102 413 156 0 1799
200 151 144 18 0 1599
249 317 422 332 0 799
247 133 366 64 0 799
17 3 180 19 0 199
83 44 206 107 0 599
333 219 234 133 0 1399
116 356 184 241 0 1399
1 17 31 168 0 199
308 133 440 184 0 799
114 260 249 206 0 1399
53 303 22 457 0 1799
141 259 73 139 0 1199
196 40 302 117 0 999
111 293 174 417 0 599
166 250 310 205 0 1799
340 361 224 291 0 999
349 230 190 259 0 1799
450 115 372 216 0 1999
316 32 186 89 0 1399
22 183 110 88 0 399
209 297 109 378 0 999
211 40 119 129 0 1999
6 14 88 111 0 199
358 7 497 47 0 1199
181 29 89 125 0 399
7 4 71 128 0 199
390 176 451 304 0 1799
184 201 173 371 0 1199
160 261 243 359 0 799
17 1 69 130 0 199
249 452 246 267 0 1799
250 283 364 218 0 1999
5 10 158 41 0 199
356 238 210 271 0 1399
158 100 51 19 0 799
198 154 185 320 0 1399
273 333 421 371 0 1999
95 267 257 292 0 599
277 197 110 218 0 1599
180 278 332 314 0 1599
398 110 321 3 0 1599
243 240 73 258 0 1799
361 423 239 361 0 1199
295 431 157 481 0 1999
0 18 130 69 0 199
312 109 369 237 0 1199
196 5 257 133 0 399
62 253 160 338 0 1199
228 121 345 193 0 1599
211 177 360 138 0 1999
300 172 220 279 0 1399
254 74 210 218 0 1999
7 3 27 172 0 199
209 68 234 229 0 1399
135 212 238 129 0 999
211 262 354 307 0 1399
364 208 203 185 0 1199
363 244 264 329 0 1799
8 3 72 127 0 199
295 262 116 268 0 799
136 52 282 14 0 399
446 127 429 289 0 1199
248 463 101 423 0 1599
162 310 311 349 0 1999
338 250 386 113 0 999
6 5 97 102 0 199
16 268 108 177 0 1799
311 344 305 163 0 1199
236 103 344 30 0 1999
310 373 336 212 0 1599
242 283 340 366 0 1999
290 217 301 393 0 1199
255 355 118 404 0 1999
287 56 300 226 0 1199
3 76 179 88 0 599
399 451 386 275 0 1799
7 4 156 43 0 199
171 44 276 124 0 1199
218 331 175 191 0 1199
167 333 9 307 0 1199
21 176 156 126 0 399
53 156 180 94 0 399
430 212 439 33 0 1599
2 13 184 15 0 199
39 175 190 208 0 399
39 29 205 47 0 799
11 3 91 108 0 199
183 233 253 347 0 799
209 364 322 432 0 1999
185 245 359 235 0 1599
88 290 14 403 0 599
7 4 128 71 0 199
205 146 148 15 0 599
84 172 155 282 0 599
240 158 85 192 0 1799
303 149 436 200 0 1599
445 167 352 261 0 999
54 118 109 251 0 799
9 196 19 369 0 399
49 160 185 107 0 399
159 222 48 145 0 599
133 223 277 183 0 1599
270 240 172 326 0 799
344 213 207 257 0 1599
86 82 198 9 0 599
192 3 163 161 0 799
112 246 162 382 0 799
323 181 473 219 0 1199
202 271 332 330 0 1199
61 198 174 270 0 1999
451 207 307 162 0 1799
143 335 128 162 0 799
357 247 263 156 0 1799
271 117 252 285 0 1399
305 304 439 253 0 1599
273 132 446 147 0 599
114 65 163 199 0 1199
103 454 227 390 0 999
306 300 248 427 0 999
322 174 475 208 0 1799
336 451 339 268 0 1799
334 37 298 185 0 1399
191 255 45 213 0 1199
344 386 376 239 0 1399
137 73 322 69 0 599
298 89 293 263 0 1199
175 6 105 117 0 399
164 195 216 327 0 599
432 216 451 56 0 1399
428 84 348 192 0 1599
83 129 224 174 0 399
102 82 107 261 0 399
237 44 206 200 0 799
13 175 83 57 0 399
380 356 468 260 0 1599
214 107 167 243 0 799
25 363 137 286 0 599
82 206 138 336 0 799
44 164 143 75 0 399
221 79 125 167 0 1999
426 401 257 420 0 1799
30 74 169 26 0 599
467 255 320 294 0 1599
364 130 206 158 0 1199
32 360 101 472 0 1399
198 268 296 178 0 799
34 204 85 341 0 799
154 353 276 286 0 1199
62 80 15 212 0 1399
251 136 371 68 0 599
307 113 371 230 0 999
394 243 227 264 0 1799
0 10 132 67 0 199
63 146 210 178 0 399
84 228 43 372 0 599
173 164 352 171 0 1799
399 58 254 15 0 1799
19 1 28 171 0 199
318 446 386 329 0 999
202 218 163 365 0 1199
422 76 446 240 0 1599
208 94 332 154 0 1999
5 6 65 134 0 199
63 144 248 142 0 399
243 136 206 287 0 599
95 334 8 426 0 799
147 36 257 109 0 399
93 148 202 218 0 1199
231 387 316 283 0 999
124 93 36 186 0 399
441 348 333 426 0 1799
3 15 81 118 0 199
7 6 100 99 0 199
265 333 233 176 0 1799
357 143 265 52 0 999
165 464 309 424 0 1799
177 11 85 107 0 399
11 112 11 300 0 599
386 68 260 15 0 999
76 219 79 400 0 599
85 118 187 195 0 399
357 481 203 447 0 1599
228 154 208 321 0 599
93 90 8 188 0 399
134 180 61 70 0 999
376 18 199 20 0 1399
391 23 280 93 0 599
213 166 88 103 0 599
69 429 195 490 0 1399
115 256 276 279 0 599
161 197 247 98 0 599
96 333 267 341 0 1999
10 5 127 72 0 199
39 355 187 395 0 799
105 230 11 322 0 1799
201 363 275 249 0 799
1 14 46 153 0 199
263 258 89 272 0 1799
65 148 39 307 0 399
73 257 138 141 0 999
256 118 160 207 0 599
131 289 139 468 0 1399
13 2 53 146 0 199
123 106 266 144 0 1999
76 214 122 356 0 799
333 365 383 227 0 1599
269 65 123 22 0 999
14 6 153 46 0 199
223 117 48 104 0 1599
122 263 272 227 0 599
71 214 171 126 0 1399
306 96 251 226 0 599
83 399 166 301 0 1399
0 11 19 180 0 199
14 6 186 13 0 199
252 369 354 288 0 1199
96 252 272 261 0 999
68 14 112 151 0 1799
14 264 38 99 0 599
458 327 309 363 0 1599
305 399 414 329 0 1399
0 11 137 62 0 199
10 10 121 78 0 199
231 68 151 173 0 799
113 378 228 306 0 1199
200 93 156 237 0 599
202 254 104 173 0 1399
236 64 352 134 0 1599
170 20 50 86 0 399
469 383 301 403 0 1599
189 118 74 191 0 999
307 335 483 338 0 1799
7 4 155 44 0 199
158 30 116 176 0 399
139 214 84 83 0 599
198 239 198 427 0 1399
30 220 30 405 0 1799
9 2 36 163 0 199
42 177 42 365 0 1799
181 255 320 206 0 1999
71 180 56 14 0 1999
374 261 326 396 0 1599
357 148 273 43 0 1599
255 251 91 268 0 1399
377 161 335 16 0 1399
259 241 149 314 0 1799
156 173 23 227 0 1199
219 90 50 102 0 1199
77 246 9 365 0 1999
70 294 27 437 0 1999
119 262 152 417 0 999
394 119 417 280 0 1799
409 290 292 220 0 1199
71 304 195 239 0 1199
289 245 237 113 0 1199
460 246 326 300 0 1199
59 298 22 156 0 1999
226 155 210 323 0 599
271 88 147 24 0 1399
302 276 172 330 0 799
280 237 119 212 0 1799
134 303 67 424 0 1799
14 1 187 12 0 199
93 99 208 172 0 399
276 329 343 446 0 1799
12 3 107 92 0 199
284 131 255 283 0 799
160 343 321 361 0 799
263 162 184 271 0 1399
2 13 170 29 0 199
313 192 356 338 0 799
115 95 234 164 0 399
310 382 340 224 0 1599
364 173 211 147 0 1999
282 104 137 142 0 599
172 455 283 383 0 1199
86 84 267 88 0 1799
484 465 348 414 0 1999
145 48 235 145 0 399
210 323 269 449 0 1599
16 4 161 38 0 199
236 323 237 141 0 799
274 187 211 62 0 999
23 52 208 49 0 999
413 409 262 446 0 1199
262 59 243 221 0 799
144 41 264 100 0 1599
206 164 291 60 0 999
198 273 250 400 0 1199
67 167 67 355 0 1199
85 86 210 23 0 1799
241 479 138 397 0 1399
199 260 246 128 0 799
264 184 150 109 0 1399
327 346 145 342 0 1799
104 164 235 220 0 999
233 234 364 288 0 1599
161 9 123 156 0 599
77 86 4 202 0 1199
362 213 493 159 0 1199
183 107 0 113 0 1799
151 37 56 130 0 399
213 116 70 73 0 999
116 275 291 262 0 1399
294 250 150 292 0 799
5 8 155 44 0 199
189 261 25 281 0 1999
156 257 36 321 0 599
78 420 205 360 0 1399
415 315 330 409 0 1399
153 485 125 330 0 1799
354 88 371 258 0 1799
2 9 36 163 0 199
252 443 382 494 0 1999
472 65 349 0 0 1799
377 148 233 106 0 1399
285 112 195 210 0 999
184 215 180 36 0 1199
172 39 358 38 0 399
108 150 235 91 0 1599
197 208 104 299 0 599
10 3 180 19 0 199
154 117 238 13 0 999
15 1 5 174 0 199
144 236 48 143 0 599
113 171 185 287 0 799
207 186 190 353 0 999
182 32 82 116 0 399
108 105 94 270 0 399
195 6 89 88 0 1399
99 350 2 438 0 1999
386 132 236 167 0 1799
360 191 231 241 0 1999
100 292 227 353 0 799
191 213 25 236 0 599
179 25 197 194 0 999
62 131 164 214 0 399
245 148 112 96 0 1199
265 484 348 383 0 999
68 113 218 144 0 399
315 38 203 105 0 1199
226 264 93 218 0 1799
130 77 96 230 0 399
372 276 306 398 0 1199
184 188 204 355 0 599
79 198 134 66 0 799
4 16 123 76 0 199
178 333 178 146 0 1199
368 189 298 304 0 1599
246 183 382 138 0 1999
141 144 95 277 0 1999
297 163 131 185 0 1999
5 5 31 168 0 199
28 176 147 107 0 399
330 169 484 138 0 1999
135 380 209 492 0 999
4 10 146 53 0 199
229 343 222 162 0 799
35 273 99 150 0 1399
37 177 164 234 0 399
184 399 252 282 0 1599
135 256 149 428 0 599
7 4 167 32 0 199
158 30 120 180 0 399
118 171 14 87 0 599
10 1 167 32 0 199
212 178 279 294 0 599
301 99 157 62 0 599
4 11 127 72 0 199
115 427 193 319 0 1199
159 219 111 356 0 1799
8 12 87 112 0 199
86 380 208 441 0 1399
46 426 163 493 0 799
137 5 255 66 0 599
248 265 268 424 0 1999
357 58 413 189 0 1599
299 296 432 244 0 1199
10 332 69 205 0 1999
52 135 76 299 0 599
227 178 111 106 0 1799
160 98 84 210 0 799
317 340 494 346 0 1599
95 269 200 195 0 599
229 51 57 65 0 1199
270 88 425 55 0 1199
46 266 4 123 0 1399
103 299 157 165 0 1599
138 100 311 85 0 1199
295 19 466 29 0 999
212 236 234 70 0 1599
54 323 203 362 0 599
218 442 378 419 0 1399
347 438 395 301 0 1199
5 73 115 4 0 1399
420 469 368 338 0 1599
236 216 215 54 0 1799
217 47 342 108 0 1199
9 2 183 16 0 199
326 288 444 358 0 1599
242 165 310 45 0 999
468 197 316 230 0 1999
140 469 242 383 0 1399
182 33 359 27 0 399
117 95 260 52 0 399
257 235 266 410 0 799
125 88 256 34 0 399
185 181 128 51 0 999
18 312 177 338 0 999
204 160 101 240 0 599
313 395 363 260 0 1799
88 389 52 240 0 1199
302 481 231 366 0 1799
9 375 111 294 0 599
251 279 99 308 0 1799
197 118 219 284 0 1399
240 55 351 127 0 1999
129 224 84 360 0 1199
224 164 295 46 0 599
461 238 387 353 0 1999
181 402 64 330 0 1599
18 244 64 111 0 599
431 185 328 261 0 1399
53 159 218 180 0 399
288 211 372 310 0 1999
117 182 265 219 0 799
175 197 228 328 0 1199
239 265 343 185 0 1199
168 68 344 56 0 799
454 202 391 77 0 1599
424 329 260 354 0 1999
470 199 334 242 0 1999
343 203 408 80 0 1599
195 144 17 134 0 999
186 168 117 52 0 599
165 431 165 244 0 999
173 189 196 351 0 999
401 159 246 193 0 1399
1 15 127 72 0 199
375 356 250 418 0 1599
78 64 226 104 0 1199
45 174 92 42 0 399
336 235 303 85 0 1199
198 27 62 76 0 799
347 240 375 79 0 799
169 41 136 196 0 399
356 361 177 370 0 999
480 258 401 152 0 1399
28 130 198 144 0 1199
135 201 300 217 0 999
334 162 464 104 0 799
367 412 215 385 0 1999
173 246 116 114 0 1999
299 107 189 176 0 1799
247 125 301 256 0 599
4 7 144 55 0 199
415 342 236 347 0 999
349 24 369 192 0 1799
215 287 215 103 0 799
169 352 309 304 0 999
242 313 152 216 0 1999
192 221 324 172 0 799
143 50 108 196 0 399
52 134 106 266 0 399
237 256 262 416 0 1199
50 142 200 180 0 799
337 47 174 69 0 999
48 184 134 281 0 999
226 182 226 368 0 799
210 112 167 253 0 1599
161 246 247 346 0 1799
177 259 16 235 0 1799
479 69 443 219 0 1199
117 71 246 12 0 399
7 7 34 165 0 199
297 396 155 350 0 1799
134 164 196 40 0 1199
102 374 60 228 0 1199
421 326 271 364 0 1399
14 246 27 75 0 799
46 299 30 472 0 1599
388 197 251 249 0 1199
14 200 117 284 0 1399
185 399 174 222 0 799
464 195 441 34 0 1399
193 129 360 148 0 1599
126 334 18 411 0 999
218 331 96 272 0 799
322 130 373 267 0 799
10 5 140 59 0 199
86 162 43 18 0 1399
160 43 295 95 0 799
218 111 314 19 0 599
272 108 432 79 0 599
347 166 246 86 0 1999
205 153 32 168 0 1599
226 154 49 148 0 599
53 370 108 244 0 799
289 184 402 252 0 1999
467 292 389 184 0 1399
253 342 303 206 0 1399
168 334 83 438 0 1799
287 206 134 174 0 799
225 346 328 268 0 1999
499 133 410 231 0 1399
236 140 159 36 0 999
171 255 354 257 0 1399
240 153 315 257 0 1199
250 144 135 80 0 599
210 181 341 131 0 1599
63 323 211 362 0 599
11 9 57 142 0 199
140 120 134 300 0 1199
235 179 195 327 0 1599
72 115 29 257 0 399
63 221 231 232 0 599
227 191 156 307 0 1799
327 396 301 237 0 1599
45 143 153 223 0 399
123 189 247 254 0 999
6 7 38 161 0 199
288 307 151 257 0 1999
304 457 490 459 0 1799
129 140 191 13 0 1199
251 263 75 251 0 1999
185 357 239 484 0 1799
238 134 222 307 0 999
240 490 230 315 0 999
294 202 124 219 0 1399
391 344 460 229 0 1799
10 304 148 258 0 799
33 222 6 382 0 1999
288 174 214 281 0 999
93 213 162 94 0 799
342 60 284 181 0 599
298 194 393 284 0 1399
451 109 474 274 0 1199
358 253 412 126 0 1199
415 133 268 91 0 1399
4 7 73 126 0 199
271 274 334 151 0 1799
343 206 213 261 0 1199
402 311 220 317 0 999
96 285 249 250 0 999
213 292 46 278 0 799
161 207 270 128 0 1199
434 157 283 187 0 799
91 250 74 416 0 799
444 139 377 17 0 1599
197 201 222 361 0 599
5 5 145 54 0 199
183 41 170 212 0 799
315 104 399 5 0 799
273 301 346 416 0 1599
104 255 176 148 0 1599
139 47 22 118 0 1999
39 178 67 331 0 399
341 159 389 294 0 999
230 175 401 188 0 1399
326 384 277 249 0 1999
211 292 358 333 0 1399
59 256 22 404 0 1599
4 7 22 177 0 199
168 223 186 52 0 1599
179 75 331 107 0 799
402 357 456 225 0 1799
149 267 248 178 0 1999
133 80 178 218 0 399
47 490 71 326 0 1799
227 111 240 287 0 999
171 216 13 190 0 599
130 254 117 78 0 999
157 154 2 187 0 1799
311 59 183 112 0 1799
427 224 353 334 0 1799
6 4 154 45 0 199
143 91 174 249 0 1399
35 107 84 246 0 1199
82 228 218 271 0 1399
214 287 89 233 0 1599
336 271 392 138 0 799
47 29 164 99 0 1799
245 352 326 249 0 1399
304 173 394 74 0 1599
124 81 269 125 0 399
234 484 134 401 0 1399
223 211 162 339 0 999
330 17 319 189 0 799
219 139 331 210 0 599
103 221 284 216 0 1999
198 112 332 157 0 1799
340 152 330 328 0 1999
73 490 111 340 0 1799
84 121 182 202 0 399
177 197 64 121 0 599
79 370 242 391 0 1399
419 137 300 68 0 1199
3 7 146 53 0 199
147 42 188 190 0 399
87 100 13 207 0 399
237 257 288 393 0 1399
285 444 335 308 0 1399
253 299 300 160 0 1999
97 109 251 143 0 399
143 111 267 47 0 799
177 188 287 114 0 599
481 13 443 163 0 1999
110 76 242 130 0 399
326 264 320 442 0 1199
132 141 144 315 0 999
48 11 121 122 0 1799
235 386 104 442 0 1599
172 92 86 193 0 599
141 69 288 28 0 399
101 109 81 277 0 399
4 154 13 333 0 1999
10 4 82 117 0 199
213 212 264 340 0 1199
119 152 278 123 0 599
332 189 326 11 0 1399
401 329 349 463 0 1999
2 9 35 164 0 199
0 18 111 88 0 199
346 161 376 315 0 1399
96 123 234 82 0 399
330 65 186 107 0 1799
213 237 227 406 0 999
334 198 441 116 0 1399
488 371 362 431 0 1399
161 191 130 41 0 999
134 54 248 128 0 399
250 166 156 261 0 999
214 263 213 85 0 1999
62 251 193 199 0 1199
216 318 363 284 0 1799
99 339 240 301 0 1399
176 216 40 168 0 1599
134 128 311 139 0 1199
321 11 343 173 0 1999
173 364 10 388 0 1599
239 278 167 165 0 1599
182 401 131 269 0 1999
122 462 221 374 0 1399
39 178 219 179 0 399
213 185 262 47 0 599
211 155 319 231 0 799
76 321 136 449 0 999
90 66 250 38 0 1599
303 4 346 146 0 1199
7 5 92 107 0 199
331 138 189 179 0 799
340 60 322 223 0 599
241 185 84 209 0 999
239 35 395 58 0 1399
322 84 157 65 0 1999
62 102 207 59 0 799
369 53 329 202 0 1399
87 134 19 251 0 1199
30 255 177 218 0 1399
136 239 34 321 0 599
158 34 220 161 0 1399
329 175 368 33 0 999
208 157 212 341 0 599
414 429 273 389 0 1999
105 110 46 230 0 799
209 55 361 87 0 1999
483 245 353 300 0 999
362 303 187 315 0 1199
13 7 51 148 0 199
17 1 168 31 0 199
265 244 198 365 0 1799
197 374 275 263 0 1999
150 38 181 191 0 399
163 478 213 342 0 1399
77 59 109 216 0 999
186 216 307 148 0 599
334 89 315 255 0 1999
72 127 189 63 0 399
294 137 305 314 0 999
256 434 198 308 0 1599
303 402 219 303 0 1599
246 292 184 168 0 1599
132 89 287 60 0 599
492 246 477 72 0 1799
155 62 327 71 0 399
251 154 310 32 0 799
121 166 214 261 0 999
303 377 439 334 0 999
222 134 364 95 0 599
68 145 215 107 0 399
107 238 87 404 0 1399
256 207 200 75 0 999
12 6 25 174 0 199
93 110 91 293 0 399
218 366 43 377 0 799
200 317 106 226 0 1199
297 129 186 59 0 999
186 90 155 248 0 599
446 356 452 177 0 1399
248 347 372 292 0 799
48 161 101 295 0 399
425 441 411 269 0 1999
272 72 338 185 0 599
428 103 286 148 0 1599
410 407 290 475 0 1799
483 227 304 237 0 1399
263 159 345 260 0 1799
193 20 193 201 0 399
142 266 260 197 0 599
131 134 93 275 0 1199
339 438 447 358 0 1799
171 335 203 491 0 1999
6 4 77 122 0 199
13 3 1 174 0 199
416 306 276 354 0 1199
197 443 268 326 0 1999
299 214 346 354 0 1199
144 202 134 28 0 799
254 128 295 266 0 599
48 197 133 95 0 1999
167 11 346 1 0 1799
58 134 238 126 0 399
158 94 106 230 0 799
410 23 451 168 0 1399
105 294 11 204 0 599
5 5 30 169 0 199
286 265 430 310 0 799
129 67 192 192 0 399
210 213 375 190 0 1399
43 138 119 243 0 399
224 197 148 84 0 799
66 297 220 322 0 1199
259 332 268 153 0 1799
116 90 43 205 0 399
2 14 3 196 0 199
169 175 232 50 0 1599
1 19 83 116 0 199
3 11 95 104 0 199
393 189 207 187 0 1199
255 195 157 283 0 1599
3 15 97 102 0 199
138 254 315 244 0 999
122 87 76 226 0 399
285 160 320 306 0 799
39 144 89 11 0 399
43 88 200 61 0 599
212 118 71 70 0 999
8 6 74 125 0 199
172 303 350 300 0 799
237 256 153 152 0 1399
234 138 123 63 0 1199
124 142 42 43 0 1799
332 122 151 120 0 999
288 74 374 175 0 599
294 157 208 62 0 1999
113 306 268 278 0 799
314 387 338 228 0 1199
457 95 466 270 0 1199
156 157 316 185 0 999
147 173 237 78 0 1399
350 309 185 332 0 1799
14 2 78 121 0 199
140 60 166 222 0 399
133 426 100 271 0 1799
112 94 64 234 0 399
237 258 71 277 0 1199
190 136 376 137 0 999
91 237 221 179 0 1599
5 13 33 166 0 199
82 119 237 149 0 399
6 10 42 157 0 199
159 173 81 65 0 1999
329 225 154 238 0 799
216 246 227 420 0 1799
224 124 149 16 0 599
68 385 255 383 0 1199
376 39 430 164 0 1999
244 117 85 145 0 1599
150 69 154 244 0 799
135 175 292 143 0 1799
246 58 93 89 0 1599
315 104 363 235 0 799
82 60 251 79 0 1999
95 404 224 456 0 799
464 41 281 39 0 1599
158 53 36 118 0 799
51 117 125 226 0 999
124 240 79 101 0 1199
430 300 252 301 0 1799
14 174 184 191 0 999
157 289 56 373 0 1799
264 456 229 303 0 1599
94 82 277 87 0 799
85 55 11 166 0 999
346 14 232 86 0 1999
111 350 147 197 0 799
244 133 151 225 0 1199
178 35 269 123 0 399
160 483 323 460 0 1399
316 271 212 356 0 1599
121 254 174 389 0 599
223 94 296 206 0 1599
163 265 50 190 0 1199
6 14 73 126 0 199
276 432 144 488 0 1999
106 133 280 128 0 799
347 125 300 259 0 1799
46 158 182 110 0 399
376 159 437 283 0 1599
111 306 196 410 0 1599
127 249 48 351 0 599
219 193 246 349 0 599
142 176 0 217 0 1399
211 325 48 350 0 799
288 132 441 162 0 999
76 291 6 173 0 599
6 6 186 13 0 199
211 278 303 183 0 1199
5 5 15 184 0 199
138 308 16 370 0 1599
83 101 58 262 0 1999
78 335 13 456 0 1799
64 259 141 370 0 999
155 289 316 311 0 999
402 289 290 365 0 1799
215 331 292 227 0 999
322 37 262 163 0 999
161 54 154 230 0 399
380 34 364 202 0 1199
124 68 162 218 0 399
220 122 234 295 0 599
144 233 318 243 0 599
174 246 33 199 0 1199
25 113 92 233 0 1799
71 454 237 441 0 1999
150 69 318 80 0 399
288 92 228 217 0 999
190 136 139 266 0 1799
286 343 292 162 0 1999
139 354 174 204 0 1999
136 426 29 350 0 1799
356 189 284 76 0 1599
38 25 170 72 0 799
97 113 271 99 0 399
155 152 86 37 0 999
357 238 459 157 0 799
2 355 173 339 0 799
476 76 372 161 0 1799
23 171 204 164 0 399
13 2 103 96 0 199
56 153 224 172 0 399
164 20 88 123 0 1399
156 236 69 139 0 1599
134 63 281 104 0 1399
460 174 459 359 0 1199
81 345 62 176 0 799
324 162 269 286 0 1399
226 75 357 19 0 1199
46 195 137 293 0 1199
68 125 158 223 0 999
150 454 206 321 0 1399
287 26 364 137 0 599
199 22 361 41 0 1599
304 177 356 48 0 1999
116 441 232 370 0 1999
156 43 113 189 0 399
415 214 451 365 0 1999
216 313 399 317 0 1199
62 402 242 403 0 1399
258 281 413 257 0 1599
4 153 123 213 0 799
200 291 159 431 0 799
258 374 298 225 0 999
0 16 6 193 0 199
363 37 267 122 0 999
143 353 269 415 0 1599
39 206 208 192 0 1199
238 249 371 299 0 1199
165 95 260 6 0 1199
232 332 368 384 0 1599
355 389 399 252 0 1799
330 320 178 357 0 1799
116 100 141 263 0 799
267 92 112 58 0 1599
279 380 423 339 0 1999
24 242 50 404 0 799
271 339 288 175 0 1399
450 185 321 126 0 999
260 218 111 184 0 1399
103 187 88 360 0 1599
98 362 194 453 0 1799
67 76 177 145 0 799
147 303 328 310 0 799
223 191 247 350 0 599
325 381 277 241 0 1599
5 10 101 98 0 199
211 195 161 332 0 599
209 283 144 406 0 799
377 176 456 71 0 1399
201 156 363 137 0 799
430 247 358 132 0 1999
10 25 87 136 0 599
5 10 166 33 0 199
234 146 148 49 0 599
271 219 115 251 0 1199
230 39 159 155 0 1199
4 8 167 32 0 199
2 188 16 360 0 799
4 11 136 63 0 199
90 91 256 76 0 399
397 268 320 370 0 1599
147 289 284 238 0 1999
4 9 122 77 0 199
101 93 251 55 0 399
74 292 58 464 0 1999
70 290 230 267 0 599
190 179 342 215 0 599
376 123 443 7 0 799
156 396 242 495 0 1399
384 303 403 136 0 1399
109 47 281 30 0 599
107 107 183 215 0 399
50 1 101 134 0 599
308 217 241 101 0 1599
232 92 368 137 0 599
210 183 280 297 0 599
311 272 276 118 0 1199
339 339 428 247 0 999
253 360 320 480 0 1599
63 86 162 1 0 599
281 183 163 250 0 1799
136 294 90 436 0 799
413 241 456 383 0 1399
265 176 221 32 0 1799
380 210 494 137 0 1799
67 283 181 209 0 1199
267 68 191 175 0 1599
303 179 161 225 0 1199
364 332 305 457 0 1599
361 188 190 200 0 1199
4 9 55 144 0 199
65 142 127 23 0 399
95 225 202 297 0 599
238 289 187 423 0 1199
269 207 396 269 0 999
258 16 433 29 0 799
215 186 355 138 0 599
440 46 464 210 0 1199
73 439 35 289 0 799
44 308 139 401 0 1999
488 283 364 342 0 1999
203 246 156 380 0 1999
141 230 227 128 0 599
271 399 130 442 0 1999
233 161 100 115 0 599
450 129 459 307 0 1999
243 44 71 55 0 799
50 166 68 337 0 599
185 203 166 33 0 999
70 189 103 337 0 1599
7 4 15 184 0 199
245 420 121 356 0 1799
245 80 294 218 0 799
76 109 198 172 0 399
83 123 178 216 0 399
132 255 256 318 0 1199
315 74 281 228 0 999
85 297 197 374 0 599
211 185 220 362 0 1199
161 26 347 27 0 399
178 213 222 356 0 1199
350 346 367 177 0 1999
3 15 40 159 0 199
204 293 357 328 0 999
99 185 239 232 0 599
188 216 186 39 0 599
154 232 313 203 0 1199
126 83 289 59 0 399
45 193 69 348 0 1399
169 207 229 332 0 599
232 322 291 193 0 1999
247 84 315 204 0 1799
2 18 98 101 0 199
327 136 346 302 0 1199
148 254 127 422 0 599
132 415 134 230 0 799
128 484 165 335 0 1199
268 115 137 172 0 599
45 162 142 254 0 399
148 412 138 233 0 999
54 166 51 347 0 799
11 1 75 124 0 199
400 295 466 415 0 1399
48 415 189 371 0 1599
16 172 112 264 0 399
292 73 139 106 0 1399
8 6 150 49 0 199
245 319 300 190 0 1599
6 5 78 121 0 199
224 49 74 83 0 599
11 5 179 20 0 199
117 71 19 161 0 399
78 468 254 475 0 1799
292 86 244 221 0 1799
197 403 52 365 0 999
178 30 243 153 0 399
1 10 29 170 0 199
223 207 272 347 0 1399
115 352 212 265 0 1399
20 466 147 405 0 1999
4 7 49 150 0 199
73 149 159 251 0 1999
35 123 127 220 0 1399
47 158 178 102 0 399
390 446 253 497 0 1599
120 74 200 182 0 399
260 161 114 198 0 1999
168 235 346 242 0 1199
257 390 218 245 0 1399
206 186 262 53 0 1799
387 375 473 274 0 999
8 2 176 23 0 199
16 176 162 138 0 1599
231 134 266 285 0 599
305 55 437 104 0 599
56 145 209 117 0 799
444 87 302 124 0 1599
17 1 75 124 0 199
127 255 81 398 0 599
318 126 351 279 0 1199
118 19 209 112 0 1399
71 461 162 365 0 1399
1 15 88 111 0 199
262 322 321 200 0 999
1 17 57 142 0 199
74 357 115 209 0 1199
262 266 308 403 0 1399
170 47 258 140 0 399
155 310 276 242 0 1999
194 175 262 55 0 599
194 190 96 279 0 599
182 25 46 68 0 799
123 56 173 189 0 799
20 231 172 197 0 999
177 248 304 300 0 799
380 3 324 135 0 999
148 53 304 84 0 399
10 4 175 24 0 199
45 295 221 304 0 1399
217 298 358 250 0 1599
331 299 292 150 0 1199
208 224 288 330 0 1199
171 490 115 362 0 999
7 432 82 321 0 999
443 236 324 300 0 1599
133 157 261 97 0 799
239 307 94 348 0 799
11 114 194 111 0 999
440 220 281 249 0 1599
339 284 486 322 0 1199
220 214 373 242 0 999
125 281 247 215 0 1599
231 394 224 213 0 1799
163 36 109 168 0 599
190 138 218 296 0 1199
177 245 228 382 0 799
219 377 316 289 0 999
285 330 173 256 0 1799
89 99 199 177 0 799
364 332 426 456 0 1999
288 359 265 193 0 1599
253 27 434 23 0 1799
10 3 173 26 0 199
250 125 168 18 0 1599
32 314 0 463 0 599
105 268 261 300 0 599
263 309 185 208 0 1399
226 321 289 205 0 1599
239 250 61 259 0 1199
209 285 312 204 0 1199
162 193 299 235 0 1199
246 240 79 254 0 999
173 209 164 388 0 1599
267 172 296 331 0 1799
347 200 333 374 0 1399
452 299 323 240 0 1799
287 235 101 238 0 1399
371 248 466 338 0 1999
318 156 323 336 0 1399
64 171 144 277 0 1799
159 321 230 207 0 999
227 153 336 231 0 599
150 186 194 42 0 1199
5 6 45 154 0 199
188 194 331 154 0 599
416 467 322 380 0 1999
10 271 18 93 0 1799
285 424 167 358 0 999
114 134 257 96 0 1399
380 80 219 103 0 1599
149 249 166 81 0 1799
474 192 411 315 0 1999
289 309 305 474 0 1799
12 165 26 338 0 1599
182 183 182 2 0 1999
164 166 20 210 0 1999
344 285 267 394 0 1399
25 18 66 160 0 1199
178 35 286 112 0 399
382 240 290 144 0 1199
455 196 386 79 0 1799
190 11 34 36 0 399
133 48 16 110 0 399
7 3 133 66 0 199
468 451 439 299 0 1999
226 233 111 160 0 999
383 245 228 215 0 1799
9 9 39 160 0 199
273 189 437 212 0 1399
83 300 182 215 0 599
217 334 397 330 0 1399
305 39 427 104 0 599
327 283 281 422 0 1399
94 209 209 141 0 1199
86 432 47 284 0 1399
150 162 15 110 0 599
190 177 262 65 0 999
259 56 154 138 0 1199
158 56 247 151 0 399
56 217 181 159 0 1599
176 346 255 454 0 1399
453 153 284 167 0 999
406 249 283 189 0 1199
66 135 17 271 0 399
203 10 343 49 0 399
10 201 82 308 0 399
354 134 360 309 0 1399
53 435 103 297 0 1999
40 58 118 167 0 999
15 212 197 213 0 1999
269 30 292 195 0 1799
469 12 404 126 0 1199
369 351 214 381 0 1799
148 39 302 14 0 399
310 11 168 57 0 599
44 137 215 152 0 599
335 49 442 125 0 999
66 145 200 198 0 399
106 351 71 497 0 1599
229 392 384 425 0 1399
200 267 355 298 0 999
403 51 278 110 0 1599
237 112 109 172 0 1399
68 233 251 227 0 1999
246 135 223 298 0 599
322 258 365 116 0 1799
46 138 98 6 0 399
1 19 85 114 0 199
139 433 116 272 0 799
275 93 146 43 0 1399
320 217 267 345 0 1999
330 207 150 214 0 1999
428 129 336 34 0 799
204 497 350 454 0 1599
233 318 147 420 0 1399
393 49 328 165 0 1799
246 366 424 377 0 999
173 374 303 316 0 1399
176 33 249 143 0 399
123 257 262 297 0 999
45 181 128 76 0 799
478 190 353 251 0 1599
344 22 463 82 0 599
290 214 416 155 0 1799
390 131 260 186 0 799
180 463 70 388 0 1599
251 252 282 98 0 799
3 12 147 52 0 199
135 59 243 139 0 399
345 0 448 83 0 599
121 459 283 433 0 1199
227 350 126 268 0 799
8 5 50 149 0 199
8 10 159 40 0 199
127 329 117 156 0 999
5 6 145 54 0 199
0 12 155 44 0 199
64 124 62 310 0 399
335 261 157 255 0 1599
40 241 136 149 0 599
123 208 43 314 0 1399
161 422 98 297 0 999
226 491 121 415 0 1199
378 314 289 218 0 999
39 145 150 218 0 399
331 166 427 76 0 999
8 261 153 222 0 999
81 247 260 242 0 1999
205 329 205 143 0 1199
251 160 78 149 0 999
249 134 64 131 0 599
97 5 125 161 0 1999
296 367 119 355 0 1599
97 89 256 116 0 399
6 195 50 334 0 399
65 116 245 123 0 799
86 318 68 481 0 1399
439 100 370 218 0 1599
77 318 18 189 0 1399
305 171 364 42 0 1199
173 134 230 7 0 1799
434 387 427 213 0 1599
7 8 109 90 0 199
233 403 380 371 0 1399
69 234 228 263 0 599
467 216 307 187 0 1999
490 272 314 263 0 1399
280 276 360 377 0 1399
201 61 120 161 0 1799
192 136 364 149 0 1799
13 168 196 173 0 599
205 403 42 428 0 1599
9 11 32 167 0 199
3 186 91 87 0 399
228 286 371 243 0 1199
210 279 355 239 0 1599
172 381 75 472 0 1399
14 147 38 308 0 799
36 174 165 233 0 399
149 64 304 94 0 399
245 457 206 309 0 999
98 290 215 224 0 999
281 354 424 390 0 1599
323 291 285 432 0 1799
284 24 458 37 0 599
232 318 73 291 0 1599
25 260 74 121 0 1399
270 275 329 151 0 1999
60 25 155 109 0 1599
345 274 364 438 0 1599
359 431 398 283 0 1799
145 96 20 157 0 599
50 141 3 275 0 399
203 296 295 391 0 1199
9 4 113 86 0 199
64 105 172 24 0 1199
143 68 245 153 0 399
450 410 369 305 0 1199
246 384 146 296 0 1599
1 15 14 185 0 199
132 266 299 288 0 599
247 145 226 305 0 999
136 175 47 76 0 1799
38 182 176 228 0 1199
117 48 131 217 0 1199
30 59 60 217 0 599
63 93 46 255 0 999
99 71 101 250 0 1399
421 149 313 69 0 1999
104 135 264 162 0 799
51 147 135 43 0 399
224 147 177 284 0 599
77 205 196 145 0 1399
300 293 180 232 0 799
5 6 192 7 0 199
240 389 266 236 0 1999
238 133 300 250 0 1199
242 231 273 381 0 1199
361 331 245 403 0 1999
396 264 288 193 0 1799
137 368 304 380 0 799
391 140 248 186 0 799
11 4 110 89 0 199
121 157 260 113 0 599
351 36 357 217 0 1999
8 5 34 165 0 199
371 424 280 330 0 1999
275 340 223 208 0 1399
99 91 5 6 0 999
380 17 470 108 0 1599
276 175 204 289 0 1399
236 233 289 363 0 1599
90 250 57 94 0 1799
194 9 41 41 0 399
300 186 258 330 0 799
14 6 52 147 0 199
5 182 42 324 0 399
174 281 297 339 0 1199
6 5 192 3 0 199
1 9 103 96 0 199
137 18 38 107 0 599
337 438 422 337 0 1799
14 4 161 38 0 199
302 75 181 7 0 1199
395 424 255 380 0 1399
30 234 133 153 0 1599
276 356 431 323 0 1999
94 147 192 237 0 999
450 444 331 374 0 1799
97 194 101 378 0 1399
257 84 81 72 0 999
236 278 101 225 0 1999
0 11 37 162 0 199
171 125 291 57 0 1599
99 300 255 328 0 599
3 259 59 128 0 1799
142 77 304 60 0 399
134 297 104 455 0 1399
3 341 176 356 0 799
84 379 252 362 0 1599
144 483 307 463 0 1999
139 70 138 258 0 399
12 3 124 75 0 199
110 103 63 241 0 399
236 177 142 87 0 599
271 276 189 379 0 799
1 15 179 10 0 199
126 267 136 88 0 1199
464 336 490 177 0 1399
10 87 136 148 0 1599
85 114 96 290 0 799
53 157 110 288 0 399
4 14 112 87 0 199
238 226 262 390 0 1999
310 239 292 78 0 1599
436 383 320 448 0 1199
118 185 251 129 0 1599
98 75 106 255 0 1399
169 475 99 359 0 1199
0 14 139 60 0 199
100 8 123 172 0 599
119 388 256 339 0 1399
415 233 387 74 0 1399
245 244 259 72 0 1799
144 244 82 365 0 599
195 382 39 409 0 1199
274 98 255 268 0 999
255 280 285 123 0 1199
222 133 222 322 0 799
169 218 336 202 0 799
319 77 195 134 0 599
221 238 258 384 0 799
172 107 352 101 0 599
127 54 242 120 0 399
18 94 41 252 0 599
54 75 207 40 0 599
68 207 251 212 0 999
2 9 176 23 0 199
120 305 213 209 0 1999
222 382 111 305 0 1999
160 62 7 34 0 1799
438 125 420 291 0 999
11 5 72 127 0 199
55 128 29 283 0 399
168 282 319 318 0 999
201 194 350 157 0 1799
229 181 162 301 0 999
476 189 490 14 0 1599
72 359 62 182 0 1599
226 85 229 270 0 599
159 108 43 39 0 1999
360 26 270 124 0 1599
424 10 312 79 0 999
111 305 66 439 0 1799
293 445 287 265 0 1599
64 216 210 251 0 599
48 131 192 166 0 399
55 227 6 365 0 999
4 199 1 385 0 799
179 155 296 84 0 1999
82 128 81 315 0 399
318 269 170 230 0 799
244 181 391 147 0 1999
454 80 463 257 0 1999
269 189 383 264 0 1799
32 344 58 185 0 1799
40 360 126 453 0 999
43 411 143 326 0 999
381 131 340 274 0 1199
254 355 267 187 0 1999
365 244 325 99 0 1199
60 78 152 169 0 999
5 6 146 53 0 199
61 215 14 353 0 1399
234 71 175 193 0 799
161 243 43 306 0 1399
337 70 386 209 0 999
386 219 282 134 0 1199
1 14 74 125 0 199
8 3 54 145 0 199
264 158 215 292 0 1799
336 403 342 230 0 1199
2 14 182 11 0 199
273 72 234 219 0 1399
44 33 187 78 0 599
199 180 296 98 0 1599
107 84 18 176 0 399
20 179 32 346 0 399
128 74 134 254 0 399
193 113 57 65 0 799
115 370 279 393 0 1599
305 362 233 479 0 1599
42 163 226 162 0 399
78 147 194 210 0 799
0 11 175 24 0 199
240 453 340 369 0 1399
12 1 194 5 0 199
118 413 272 444 0 1999
335 117 355 285 0 1999
55 144 239 149 0 399
42 142 8 292 0 399
139 479 258 410 0 1599
7 154 52 288 0 1199
6 6 28 171 0 199
58 351 242 347 0 999
179 191 363 195 0 1999
27 60 140 132 0 799
355 307 284 193 0 1399
164 428 314 395 0 999
60 141 157 231 0 799
185 430 48 474 0 1599
236 307 75 289 0 1999
187 362 183 181 0 1999
168 13 314 48 0 399
329 45 246 143 0 599
88 119 204 50 0 399
38 302 36 116 0 1599
276 101 395 170 0 599
21 130 42 293 0 1399
394 285 324 402 0 1999
298 239 318 403 0 999
17 385 52 235 0 999
2 11 186 13 0 199
285 106 211 219 0 1199
209 176 317 256 0 599
181 19 176 199 0 1399
156 277 32 214 0 1199
2 8 130 69 0 199
100 83 146 220 0 399
149 104 315 124 0 599
87 271 11 164 0 1399
21 136 131 57 0 1999
250 168 394 131 0 1399
165 130 22 89 0 599
46 262 100 391 0 999
374 265 397 430 0 1799
402 285 342 404 0 1199
184 389 129 260 0 999
6 6 133 66 0 199
325 156 334 328 0 1599
46 378 167 441 0 1999
140 317 197 189 0 799
2 10 9 190 0 199
409 242 295 316 0 1799
50 392 226 389 0 1799
2 16 31 168 0 199
266 107 347 214 0 1399
46 171 62 336 0 399
72 325 0 211 0 1799
261 355 399 310 0 999
8 178 147 227 0 399
167 99 316 131 0 1799
282 208 291 36 0 999
303 165 239 287 0 1999
135 214 221 316 0 599
171 208 225 76 0 599
325 201 149 212 0 999
286 352 264 186 0 1199
3 10 138 61 0 199
116 374 38 482 0 1599
97 417 121 256 0 1799
331 264 270 390 0 1999
347 432 375 279 0 1999
33 184 58 340 0 399
104 60 158 191 0 1399
208 161 348 117 0 599
399 137 249 176 0 1399
349 61 325 224 0 599
176 302 359 299 0 1599
95 140 63 295 0 799
41 138 120 238 0 399
383 141 314 255 0 1799
130 207 277 248 0 1399
236 38 223 211 0 1199
86 16 203 80 0 999
72 236 14 366 0 799
222 143 68 109 0 599
127 266 103 103 0 1199
328 260 461 315 0 799
202 51 255 177 0 1599
246 209 204 65 0 1799
7 6 165 34 0 199
324 280 349 439 0 1599
221 216 94 278 0 1599
62 287 65 107 0 1199
261 196 130 142 0 799
50 366 180 317 0 599
134 41 317 43 0 1199
11 2 44 155 0 199
181 228 220 372 0 1599
178 362 227 496 0 1799
329 356 166 376 0 1599
162 100 156 278 0 799
226 469 362 419 0 1799
35 161 201 139 0 399
46 92 99 225 0 799
14 1 145 54 0 199
201 153 74 94 0 1199
80 103 229 138 0 1399
3 12 49 150 0 199
321 235 393 351 0 1999
183 207 276 112 0 1199
292 454 285 278 0 1799
96 118 228 65 0 599
303 258 390 156 0 799
329 228 385 353 0 799
385 255 261 195 0 1999
198 234 62 186 0 1999
140 272 105 128 0 1399
139 149 191 285 0 1999
296 241 209 149 0 1999
306 77 381 186 0 599
243 18 267 178 0 999
166 128 339 113 0 1599
164 179 281 250 0 999
67 426 151 327 0 799
230 222 195 376 0 1799
213 306 70 351 0 999
0 18 33 166 0 199
205 168 67 119 0 1599
305 250 377 366 0 1399
223 427 201 268 0 1399
162 433 193 280 0 1799
185 26 361 23 0 399
350 28 450 111 0 599
317 280 276 136 0 1999
198 196 22 203 0 599
255 287 298 142 0 799
296 186 381 83 0 799
225 301 379 267 0 1199
244 160 335 250 0 999
296 58 379 159 0 1999
21 173 76 306 0 399
11 195 127 124 0 999
319 456 208 379 0 1799
7 8 141 58 0 199
53 72 108 203 0 999
200 95 328 155 0 999
123 264 143 96 0 599
414 101 235 106 0 1799
319 223 430 298 0 1999
339 165 467 220 0 1799
426 182 340 284 0 1599
3 8 39 160 0 199
47 264 219 273 0 1999
156 372 317 349 0 1999
205 219 326 161 0 999
315 163 419 81 0 1199
271 217 214 85 0 1799
290 165 297 345 0 1999
459 206 323 154 0 1799
225 116 358 172 0 1999
248 270 117 327 0 1999
15 147 95 255 0 1999
229 416 52 426 0 1199
341 57 403 182 0 1799
95 90 136 232 0 799
366 106 186 113 0 999
333 90 379 228 0 1399
146 213 174 373 0 599
345 187 402 314 0 1199
123 81 104 246 0 399
98 81 57 228 0 599
54 70 188 121 0 1399
242 313 319 423 0 1599
64 142 220 111 0 1799
172 220 349 227 0 1999
190 479 19 469 0 1599
49 168 19 317 0 399
358 229 247 153 0 1199
437 398 304 343 0 1799
398 226 237 244 0 999
211 422 123 331 0 1999
247 112 180 232 0 1999
186 12 289 88 0 599
3 17 127 72 0 199
172 20 104 140 0 399
234 231 290 102 0 1599
155 22 27 83 0 1599
236 130 398 106 0 1599
330 143 350 311 0 999
181 205 163 42 0 1399
264 170 289 12 0 999
147 218 179 374 0 599
11 4 28 171 0 199
188 23 174 192 0 1199
95 229 63 380 0 999
176 390 208 243 0 1399
181 200 130 65 0 599
394 67 410 237 0 999
222 292 310 192 0 1599
437 67 295 25 0 1599
495 119 431 236 0 1799
392 149 398 331 0 999
384 300 248 349 0 1799
290 102 162 159 0 599
133 128 62 245 0 999
66 252 100 98 0 1199
351 94 309 239 0 799
23 192 96 78 0 1599
8 194 162 162 0 1999
11 208 141 261 0 799
359 139 341 300 0 999
108 100 236 39 0 1399
429 115 338 213 0 1799
89 300 147 421 0 1599
255 226 92 201 0 999
390 393 411 231 0 1599
33 349 147 284 0 1399
137 285 287 247 0 1599
198 0 319 65 0 399
383 170 494 248 0 799
15 142 99 42 0 1399
38 161 161 97 0 399
215 249 383 229 0 1999
83 102 231 67 0 399
252 23 248 207 0 999
440 319 403 465 0 1199
11 3 183 16 0 199
194 232 163 385 0 799
1 12 157 42 0 199
76 361 206 312 0 799
5 15 53 146 0 199
328 93 186 50 0 1199
390 452 234 420 0 1199
331 179 148 178 0 1599
139 241 186 100 0 1599
395 213 278 277 0 999
124 78 125 265 0 399
253 312 333 413 0 1999
92 116 215 181 0 399
434 255 269 235 0 1199
98 295 68 137 0 599
395 319 245 358 0 1799
182 179 277 272 0 599
211 172 211 351 0 1199
204 166 84 107 0 999
186 227 335 261 0 1999
260 72 265 255 0 799
131 55 282 20 0 399
79 333 236 305 0 599
234 218 95 267 0 1199
85 149 89 331 0 1199
2 12 79 120 0 199
186 199 264 308 0 1999
220 288 154 167 0 1399
330 353 413 255 0 1999
337 97 409 213 0 799
43 52 66 218 0 1999
211 234 338 175 0 1399
66 130 242 141 0 1799
121 398 165 259 0 1599
196 101 347 131 0 1599
8 10 72 127 0 199
102 116 203 32 0 1399
186 321 15 333 0 1599
25 266 191 246 0 599
222 268 86 316 0 1199
438 109 437 296 0 1399
107 462 283 469 0 1599
161 45 251 143 0 399
165 340 78 238 0 1599
482 236 315 250 0 1799
128 28 61 150 0 599
142 135 38 50 0 1199
61 293 188 236 0 799
44 129 191 166 0 599
145 225 160 59 0 599
214 186 65 225 0 799
364 162 248 94 0 1599
292 84 383 176 0 1799
138 70 306 90 0 1599
71 338 249 348 0 599
305 292 175 237 0 1199
163 98 329 118 0 599
60 288 143 192 0 599
2 99 5 284 0 599
408 194 467 64 0 1799
9 7 68 131 0 199
218 190 365 231 0 799
157 314 329 298 0 1799
3 17 149 50 0 199
2 10 121 78 0 199
356 139 305 9 0 1999
270 270 269 458 0 999
8 5 55 144 0 199
353 245 230 185 0 999
263 34 118 68 0 1199
112 73 289 84 0 1399
48 255 191 301 0 1599
39 19 69 174 0 999
33 152 89 277 0 399
288 215 465 213 0 1199
310 236 193 174 0 999
267 109 259 284 0 599
256 291 402 334 0 799
286 416 181 340 0 1799
301 107 307 280 0 1399
320 166 249 276 0 1799
13 315 80 193 0 599
176 112 154 271 0 1799
164 261 274 330 0 1999
170 301 329 331 0 1199
379 70 207 56 0 999
3 17 69 130 0 199
188 151 330 195 0 999
217 315 298 210 0 1199
469 127 307 153 0 1199
251 259 378 198 0 1199
471 225 332 181 0 1799
250 160 95 129 0 1199
359 315 423 200 0 1799
67 129 135 249 0 399
341 288 422 188 0 1999
192 112 22 125 0 1799
305 367 173 414 0 999
262 193 265 7 0 1999
171 228 98 115 0 599
312 274 269 132 0 1399
195 322 39 350 0 999
63 209 147 105 0 1599
316 93 472 63 0 999
262 443 115 483 0 1999
47 153 137 249 0 399
0 12 109 92 0 599
4 455 67 331 0 799
87 100 120 254 0 399
258 228 366 150 0 799
180 121 364 126 0 1199
259 121 166 209 0 999
216 64 97 130 0 999
150 27 329 17 0 799
235 159 310 263 0 599
250 345 125 401 0 1199
416 182 254 159 0 1799
226 158 315 60 0 599
352 318 474 382 0 1599
263 328 323 207 0 1599
319 436 497 444 0 999
375 395 251 335 0 1599
5 6 121 78 0 199
2 9 164 35 0 199
37 176 152 106 0 399
364 388 254 312 0 1999
131 147 34 56 0 799
10 8 38 161 0 199
465 160 329 210 0 1399
223 64 97 125 0 799
295 87 303 268 0 1399
106 8 275 25 0 1599
152 206 18 151 0 999
79 230 162 134 0 1999
302 429 421 362 0 999
82 129 218 179 0 599
13 3 185 14 0 199
323 158 313 335 0 1999
246 430 184 311 0 999
137 350 294 381 0 999
335 76 440 2 0 1199
277 103 309 260 0 1799
32 233 122 144 0 1199
393 140 396 322 0 799
121 358 11 287 0 1599
94 131 252 158 0 799
157 22 93 137 0 399
268 339 363 246 0 1399
69 82 163 172 0 999
241 228 126 294 0 799
113 84 252 40 0 399
59 128 210 162 0 399
208 80 374 97 0 1799
31 180 72 328 0 799
302 438 299 253 0 1999
353 346 494 303 0 1399
9 98 164 74 0 1199
224 173 199 12 0 599
106 215 0 288 0 1199
152 235 252 147 0 599
431 138 468 282 0 1999
326 258 259 379 0 1599
207 92 57 59 0 1199
226 321 221 140 0 1799
3 7 70 129 0 199
242 206 369 264 0 1799
72 259 164 351 0 999
77 333 262 329 0 999
53 138 168 66 0 399
439 356 364 468 0 1199
299 195 271 354 0 1799
34 16 89 149 0 1599
31 133 67 285 0 1199
57 103 172 177 0 1799
153 33 64 130 0 399
135 396 256 463 0 1799
269 279 438 264 0 799
137 290 35 208 0 999
374 323 210 348 0 1999
75 279 80 98 0 1599
254 117 429 125 0 1599
4 7 30 169 0 199
225 108 242 275 0 599
34 205 72 56 0 799
16 2 137 62 0 199
126 55 272 90 0 399
1 169 168 188 0 1199
118 207 252 153 0 999
372 234 430 361 0 999
341 34 471 92 0 599
386 3 336 137 0 1399
243 184 268 347 0 1399
247 258 234 433 0 1799
138 127 42 214 0 1599
11 1 165 34 0 199
6 4 115 84 0 199
191 309 378 310 0 1999
403 496 305 409 0 1999
198 56 249 193 0 1999
390 411 424 257 0 1799
55 264 91 112 0 1399
2 12 11 188 0 199
211 31 376 45 0 999
34 395 171 347 0 1999
197 180 38 151 0 599
288 260 320 108 0 799
266 119 149 186 0 599
159 359 135 195 0 799
241 104 236 285 0 1799
331 355 498 375 0 999
109 70 148 210 0 399
257 204 364 128 0 1599
342 283 440 369 0 1799
381 31 214 15 0 1399
232 289 152 181 0 999
31 126 214 132 0 799
6 9 176 23 0 199
208 320 69 276 0 1799
76 209 201 267 0 799
283 213 115 228 0 999
99 219 224 155 0 1399
9 169 25 1 0 1599
352 419 281 306 0 999
413 368 455 225 0 1599
423 335 440 164 0 1599
209 275 148 395 0 1399
297 50 242 181 0 599
303 301 360 171 0 1799
108 145 132 309 0 999
17 181 202 182 0 1199
170 374 189 210 0 999
384 141 208 148 0 1999
75 138 245 127 0 399
163 151 240 262 0 1199
122 298 272 333 0 1399
143 374 303 397 0 799
168 314 57 386 0 1399
170 305 344 291 0 1799
38 190 211 177 0 1999
16 195 105 98 0 599
370 118 185 120 0 1399
65 121 77 295 0 399
270 97 147 158 0 999
54 301 220 288 0 1599
267 159 230 306 0 1999
230 70 377 31 0 1599
117 98 16 180 0 399
320 150 359 299 0 799
61 63 163 150 0 599
212 57 89 118 0 599
340 101 189 139 0 799
326 179 197 238 0 999
154 240 153 427 0 1599
2 184 43 329 0 399
173 211 16 241 0 599
70 116 137 235 0 399
278 356 306 197 0 999
84 408 165 301 0 1199
303 331 342 477 0 1399
484 286 430 416 0 1199
255 138 266 315 0 1399
68 117 237 133 0 399
150 205 115 357 0 799
315 106 274 246 0 1999
0 16 164 35 0 199
294 165 389 75 0 799
94 263 27 146 0 599
125 127 76 266 0 1199
31 303 115 200 0 999
2 9 158 41 0 199
228 177 275 311 0 799
293 207 457 188 0 1399
2 258 96 351 0 1799
228 337 387 311 0 1999
10 4 78 121 0 199
37 173 207 155 0 399
164 216 59 142 0 599
51 134 214 114 0 799
261 176 239 12 0 1399
178 268 43 219 0 1199
170 15 24 54 0 399
10 8 56 143 0 199
364 436 495 493 0 1999
31 182 181 213 0 399
13 5 75 124 0 199
81 120 115 271 0 399
156 30 262 110 0 399
111 68 255 33 0 399
207 44 314 120 0 1599
362 148 494 93 0 999
219 87 170 222 0 1999
52 320 5 180 0 999
277 94 188 189 0 599
76 190 181 107 0 1999
199 153 47 190 0 599
80 251 149 134 0 599
250 22 133 93 0 1999
161 173 346 176 0 799
4 9 143 56 0 199
71 78 227 110 0 999
412 182 302 113 0 1399
250 186 186 64 0 1599
260 178 85 168 0 1799
240 294 385 335 0 1599
12 6 47 152 0 199
10 4 146 53 0 199
169 261 238 144 0 799
119 242 171 375 0 1599
302 122 293 302 0 1399
91 22 28 138 0 1199
68 206 205 157 0 1199
359 43 444 141 0 599
130 375 33 464 0 1799
424 299 316 376 0 1999
439 335 374 213 0 999
19 73 163 115 0 799
193 339 347 314 0 1399
65 118 238 128 0 399
78 184 206 124 0 1599
61 171 98 318 0 1999
173 14 122 150 0 399
164 385 29 333 0 1599
50 338 120 455 0 599
228 263 169 134 0 1399
129 275 292 252 0 1199
98 93 62 238 0 399
81 106 237 137 0 399
476 154 427 292 0 1399
192 11 29 35 0 399
157 135 48 57 0 999
199 236 277 345 0 1599
183 203 200 33 0 599
107 483 173 362 0 1799
175 350 246 464 0 1999
353 418 187 441 0 1999
28 96 60 250 0 799
2 12 153 46 0 199
295 83 381 184 0 599
2 13 93 106 0 199
159 46 205 189 0 1199
30 182 204 194 0 399
107 235 274 247 0 1799
86 190 238 159 0 1799
266 117 359 212 0 999
160 240 70 331 0 1399
131 199 301 215 0 1999
165 241 215 375 0 1999
294 223 340 365 0 999
166 268 225 140 0 999
103 431 83 264 0 1799
249 230 376 173 0 1399
104 263 128 427 0 599
342 262 166 273 0 1799
426 153 378 14 0 1999
66 320 77 490 0 599
224 149 64 123 0 599
194 190 242 325 0 1399
297 410 441 455 0 1599
346 214 313 360 0 1399
138 113 281 153 0 1199
202 446 30 435 0 1799
368 262 376 89 0 1399
331 186 452 119 0 1799
204 278 86 217 0 999
264 118 164 35 0 599
306 78 477 95 0 1999
0 13 37 162 0 199
121 176 117 360 0 1399
399 316 498 406 0 1599
238 143 349 220 0 599
397 86 416 250 0 799
273 94 114 122 0 1999
178 219 331 186 0 999
105 112 7 29 0 399
1 12 90 109 0 199
298 82 196 163 0 1399
7 6 121 78 0 199
181 10 86 96 0 799
168 57 74 142 0 1599
205 203 34 215 0 599
145 47 317 33 0 399
252 135 267 308 0 599
43 124 178 177 0 1799
71 139 11 266 0 599
10 10 117 82 0 199
213 214 158 342 0 799
147 269 289 230 0 599
304 243 310 66 0 1599
373 158 426 28 0 1999
10 1 22 177 0 199
27 118 31 298 0 1399
162 101 4 75 0 999
10 127 50 276 0 1599
220 43 279 165 0 1199
257 358 285 197 0 1599
438 91 331 165 0 799
285 216 300 43 0 999
176 34 84 130 0 399
140 146 104 299 0 999
335 257 178 286 0 1199
359 37 457 118 0 999
119 288 20 206 0 1999
256 50 326 168 0 799
370 292 335 445 0 1599
257 403 318 279 0 999
144 36 264 97 0 999
270 417 169 339 0 1599
249 323 397 283 0 799
250 68 417 49 0 799
436 275 291 233 0 1999
406 174 266 222 0 1999
240 196 204 48 0 1999
220 294 216 109 0 1399
360 254 287 365 0 1999
96 236 215 167 0 799
117 78 275 55 0 399
327 268 242 174 0 799
137 151 163 308 0 1799
458 174 344 107 0 999
115 78 49 200 0 599
61 330 183 393 0 1999
144 97 207 222 0 1399
203 458 361 488 0 1799
301 196 339 345 0 799
169 166 158 343 0 1399
246 2 190 135 0 599
366 117 376 295 0 999
44 171 109 57 0 399
51 401 92 253 0 999
166 172 120 305 0 1799
81 128 114 276 0 1999
91 104 72 274 0 399
73 123 250 112 0 799
109 99 144 252 0 399
11 1 57 142 0 199
26 196 73 330 0 599
231 127 359 74 0 999
150 245 50 160 0 799
248 170 283 322 0 1399
23 303 77 435 0 1199
99 352 281 351 0 1999
37 294 79 431 0 1599
71 427 139 308 0 1799
25 190 60 338 0 399
122 122 276 156 0 1599
78 163 136 42 0 799
271 431 397 491 0 1999
394 485 357 333 0 1999
63 135 178 204 0 399
312 236 429 165 0 1999
147 68 323 61 0 399
344 231 172 215 0 1799
231 286 312 180 0 799
117 114 221 199 0 1199
226 295 285 422 0 1399
281 377 292 202 0 1599
263 410 246 246 0 1999
305 308 365 431 0 1999
3 11 138 61 0 199
15 3 90 109 0 199
38 162 213 149 0 399
111 85 297 87 0 799
79 151 4 45 0 1399
161 474 112 336 0 1999
28 237 145 303 0 799
282 234 420 282 0 1199
183 114 116 232 0 1999
238 185 274 35 0 999
255 192 355 280 0 999
141 50 137 234 0 1399
208 232 58 194 0 1599
185 168 164 0 0 1199
255 164 295 23 0 1999
289 93 182 174 0 1199
159 128 180 290 0 1599
21 173 200 182 0 399
389 349 417 198 0 1799
156 39 335 47 0 399
384 342 250 293 0 999
46 321 50 137 0 599
142 241 9 190 0 999
4 300 128 363 0 1399
118 397 111 225 0 1599
181 337 46 284 0 1599
4 11 16 183 0 199
11 3 174 25 0 199
29 466 96 350 0 1599
191 295 308 367 0 999
241 133 186 3 0 999
120 157 132 333 0 1399
101 170 228 111 0 1399
46 344 124 445 0 1399
158 460 337 453 0 1599
150 323 306 290 0 1999
359 236 301 366 0 1399
151 184 310 160 0 1999
88 96 147 221 0 799
324 132 380 261 0 1399
200 81 268 192 0 799
200 132 141 254 0 999
199 97 253 224 0 599
1 12 141 58 0 199
11 2 148 51 0 199
309 175 410 258 0 1599
237 128 205 285 0 1599
24 188 123 268 0 999
260 338 405 376 0 1399
94 329 182 427 0 1399
46 84 17 241 0 1599
152 254 110 397 0 1399
207 346 306 431 0 1799
128 141 283 170 0 999
333 280 196 231 0 1399
261 244 249 415 0 1999
463 221 430 375 0 1399
300 225 444 180 0 799
191 103 19 114 0 599
260 352 154 430 0 799
160 158 127 313 0 799
7 13 134 65 0 199
143 263 98 121 0 599
89 119 192 204 0 399
5 181 184 174 0 1199
228 304 409 309 0 1999
69 145 143 255 0 799
10 479 18 300 0 1999
186 271 210 112 0 1999
77 214 247 230 0 599
9 2 57 142 0 199
304 78 297 254 0 599
276 403 273 220 0 1799
111 163 80 317 0 999
175 114 215 263 0 1199
318 15 447 67 0 799
456 281 366 184 0 1999
104 300 75 150 0 599
0 17 130 71 0 599
275 173 274 353 0 1799
347 271 422 162 0 1999
219 198 274 72 0 1599
269 215 404 261 0 1399
241 292 418 296 0 799
44 168 141 257 0 399
167 22 247 131 0 399
5 13 67 132 0 199
166 13 34 60 0 399
193 494 59 440 0 1799
81 244 117 397 0 799
112 405 142 249 0 999
48 150 179 93 0 399
382 411 403 245 0 1599
377 55 247 113 0 1199
10 10 128 71 0 199
397 399 267 448 0 999
1 10 82 117 0 199
82 129 179 219 0 399
48 219 104 96 0 799
189 470 104 376 0 1199
203 55 147 185 0 799
213 366 110 286 0 1599
159 27 169 203 0 399
35 159 196 181 0 999
324 396 353 237 0 1199
63 183 68 367 0 999
12 6 140 59 0 199
70 121 233 101 0 399
261 391 332 279 0 999
220 272 360 318 0 799
6 12 98 101 0 199
227 159 220 339 0 599
188 21 344 54 0 399
267 154 409 197 0 1199
212 178 118 85 0 599
238 171 395 147 0 1199
234 147 124 73 0 599
54 124 109 255 0 1199
13 2 132 67 0 199
123 264 273 228 0 999
351 123 384 276 0 1599
360 192 287 76 0 999
116 360 196 252 0 1199
288 395 390 314 0 1599
198 127 248 256 0 1199
298 295 352 428 0 1199
261 40 361 121 0 799
104 147 16 47 0 599
38 40 155 108 0 599
151 38 254 118 0 799
362 417 489 475 0 1599
130 30 269 79 0 1199
384 7 227 38 0 999
84 117 234 78 0 799
158 202 234 97 0 599
324 72 364 215 0 599
58 293 37 131 0 1199
145 43 300 10 0 399
160 114 138 280 0 1599
24 163 72 28 0 399
64 337 235 347 0 1999
378 329 414 176 0 1599
447 431 494 294 0 1999
274 50 303 206 0 1399
13 200 139 259 0 399
221 160 370 128 0 1599
13 1 152 47 0 199
75 104 115 250 0 599
205 182 385 190 0 999
43 214 145 135 0 1999
206 162 75 212 0 599
12 174 94 278 0 399
131 415 272 453 0 1399
280 146 248 302 0 1599
15 1 34 165 0 199
62 267 154 176 0 1999
2 8 6 193 0 199
146 81 282 129 0 599
57 299 156 209 0 1399
281 120 408 182 0 799
52 146 168 214 0 399
462 251 294 271 0 1799
102 215 131 65 0 1999
241 109 253 286 0 599
294 89 314 257 0 599
185 221 334 191 0 599
7 3 75 124 0 199
81 13 173 109 0 1199
184 222 311 164 0 599
128 346 267 388 0 1799
217 371 206 198 0 799
99 287 90 109 0 1399
31 122 127 205 0 799
434 38 470 190 0 1599
265 450 442 442 0 1599
8 10 181 18 0 199
5 27 157 60 0 999
46 221 194 258 0 1599
13 5 53 146 0 199
236 370 148 277 0 1799
253 50 249 234 0 599
149 185 30 120 0 1599
7 13 102 97 0 199
180 288 316 340 0 1199
236 150 243 322 0 1799
130 206 262 260 0 1999
3 8 127 72 0 199
104 47 160 177 0 599
178 32 304 94 0 399
203 113 70 62 0 1199
266 118 437 104 0 599
337 189 371 37 0 1199
66 169 172 87 0 999
215 2 58 30 0 1599
178 489 144 344 0 1999
0 12 88 111 0 199
395 264 456 138 0 1199
410 229 355 359 0 1999
220 170 297 279 0 1999
123 73 292 92 0 1199
369 53 202 70 0 1599
240 255 221 86 0 1799
7 4 55 144 0 199
361 381 445 278 0 1799
97 206 29 324 0 1799
116 284 47 170 0 1799
151 480 152 298 0 1599
70 301 109 152 0 599
156 222 137 62 0 599
77 31 226 70 0 799
488 461 334 434 0 1599
128 427 79 289 0 1199
337 224 151 226 0 1399
320 163 148 179 0 1799
271 190 341 301 0 1999
425 174 286 221 0 1799
398 212 244 185 0 1799
52 109 220 127 0 599
245 155 393 122 0 599
226 403 396 384 0 1999
17 164 1 332 0 999
286 201 304 362 0 1199
247 303 386 256 0 799
243 235 414 249 0 999
252 80 177 184 0 999
106 434 250 395 0 1799
61 82 164 160 0 1599
284 324 370 222 0 1999
289 217 341 82 0 1799
325 194 188 240 0 1199
193 186 62 129 0 999
292 221 399 301 0 1999
218 323 45 309 0 1599
67 382 179 455 0 1599
107 261 289 256 0 1799
302 253 135 269 0 1999
191 300 190 478 0 1199
94 214 133 363 0 1999
150 188 35 254 0 1399
306 26 221 130 0 999
415 255 306 185 0 1399
385 192 242 154 0 799
306 364 300 189 0 999
304 213 199 130 0 1799
188 222 106 123 0 599
49 317 103 451 0 1599
290 22 238 158 0 1999
185 4 71 79 0 399
131 350 64 234 0 799
488 396 346 433 0 1799
392 49 458 168 0 799
438 340 311 279 0 1599
123 284 241 214 0 1399
455 257 339 322 0 999
287 348 183 269 0 1599
379 198 253 257 0 1599
152 176 315 201 0 1599
100 179 178 71 0 1799
341 173 332 3 0 1399
48 135 31 301 0 399
140 319 153 487 0 1999
57 276 5 147 0 1199
129 58 136 238 0 399
260 44 90 31 0 599
150 189 205 323 0 1599
282 15 456 30 0 1999
3 9 174 25 0 199
272 181 174 269 0 1799
160 79 329 62 0 999
185 279 185 92 0 1399
347 13 188 39 0 599
181 287 36 243 0 1399
13 1 73 126 0 199
3 10 107 92 0 199
333 275 264 390 0 1199
108 109 132 266 0 399
56 25 187 80 0 599
280 319 453 334 0 1399
83 185 141 315 0 799
209 109 103 36 0 1799
123 251 300 253 0 999
311 370 453 328 0 1399
243 270 230 95 0 1799
11 9 74 125 0 199
150 157 46 238 0 1199
182 339 115 457 0 1199
72 17 9 142 0 599
23 60 76 193 0 599
20 213 102 108 0 799
299 101 386 5 0 1399
187 120 313 61 0 1999
289 47 262 203 0 999
286 147 243 9 0 1599
224 104 253 263 0 1599
24 102 141 31 0 1599
366 16 225 63 0 799
4 7 65 134 0 199
131 378 276 416 0 1199
419 136 301 66 0 1399
212 368 168 225 0 1799
378 131 392 305 0 1799
216 312 46 325 0 999
195 101 366 119 0 999
179 94 83 11 0 1599
303 68 118 66 0 1999
231 414 399 435 0 1999
100 213 222 150 0 799
69 317 211 364 0 599
108 352 288 348 0 1999
294 185 467 199 0 1999
286 99 141 58 0 999
66 366 138 251 0 1399
242 379 411 359 0 1599
307 190 271 339 0 1599
7 6 46 153 0 199
10 178 0 0 0 399
188 32 73 102 0 1399
53 158 205 193 0 399
319 62 456 10 0 799
366 351 395 201 0 1999
5 8 90 109 0 199
488 167 466 6 0 1199
66 98 161 4 0 599
355 289 432 391 0 1799
367 29 311 162 0 1799
417 274 388 120 0 1599
4 7 91 108 0 199
103 269 174 387 0 599
207 110 245 256 0 999
16 321 162 359 0 1399
327 348 348 185 0 999
243 243 417 250 0 999
362 31 273 130 0 599
66 108 134 225 0 1799
13 5 142 57 0 199
322 187 359 338 0 1799
315 75 360 218 0 1199
55 114 218 89 0 1399
67 252 13 379 0 1599
58 372 134 260 0 799
129 460 183 325 0 799
392 17 224 1 0 1799
21 235 178 267 0 999
181 322 218 472 0 1999
145 258 58 158 0 1599
290 91 283 272 0 1799
156 132 200 273 0 599
344 306 485 346 0 999
165 27 184 192 0 399
325 71 412 169 0 999
152 36 232 144 0 399
99 265 72 107 0 999
0 383 3 207 0 799
193 13 368 0 0 399
434 228 266 215 0 1399
6 7 126 73 0 199
12 3 45 154 0 199
445 97 405 241 0 1999
235 150 119 83 0 1999
37 149 144 72 0 399
389 179 212 175 0 1799
30 176 103 61 0 399
82 107 221 152 0 999
161 154 174 322 0 1199
146 420 235 330 0 1799
327 439 190 393 0 999
420 233 276 189 0 1799
365 325 459 418 0 999
17 3 71 128 0 199
76 141 144 28 0 399
139 106 268 54 0 799
242 149 241 334 0 599
274 166 450 159 0 1399
240 342 357 275 0 1199
54 325 94 181 0 1399
51 141 199 179 0 399
385 64 240 21 0 1799
196 5 187 183 0 399
389 297 477 201 0 1199
4 16 37 162 0 199
8 4 108 91 0 199
154 209 96 79 0 599
316 150 153 172 0 1799
237 154 385 190 0 599
59 353 125 474 0 999
248 368 154 273 0 1799
356 275 401 418 0 1799
135 252 63 368 0 599
125 329 50 442 0 1599
144 44 71 156 0 1399
159 491 237 384 0 1399
157 404 190 258 0 799
300 444 432 392 0 1199
88 373 197 295 0 1599
221 346 357 394 0 999
272 473 353 367 0 1999
63 133 11 267 0 399
68 30 7 153 0 799
479 115 340 159 0 1799
352 439 486 486 0 1999
325 235 413 332 0 1399
273 216 124 254 0 1199
183 152 66 84 0 799
161 37 97 161 0 399
19 331 152 383 0 1799
11 1 75 124 0 199
29 63 194 45 0 599
64 151 245 149 0 399
203 142 136 22 0 1599
300 53 463 79 0 1199
174 176 333 148 0 1399
45 319 223 326 0 1399
232 237 256 401 0 1399
199 185 331 131 0 1999
297 87 302 269 0 599
418 217 277 179 0 1999
338 405 467 345 0 1999
348 42 314 196 0 1999
274 242 392 312 0 1999
298 89 323 243 0 799
253 411 192 287 0 999
116 111 257 63 0 1999
308 187 386 82 0 1199
226 277 336 199 0 999
50 319 94 462 0 1599
8 2 30 169 0 199
0 12 112 87 0 199
70 199 209 248 0 999
157 39 213 171 0 399
44 405 58 234 0 799
491 449 418 334 0 1199
42 161 126 264 0 399
442 257 453 425 0 1599
164 376 82 271 0 1799
11 7 121 78 0 199
9 9 117 82 0 199
215 402 237 235 0 1999
155 135 281 198 0 599
318 470 214 390 0 1599
151 66 262 136 0 399
254 156 107 117 0 799
66 115 208 154 0 399
218 203 322 123 0 1799
113 486 242 426 0 1599
433 254 494 378 0 1199
29 47 128 135 0 599
273 221 435 247 0 1999
7 6 173 26 0 199
291 286 174 219 0 1399
152 309 136 141 0 1799
457 253 408 388 0 1999
252 387 410 418 0 1199
8 3 168 31 0 199
292 199 402 278 0 1999
10 6 136 63 0 199
453 410 400 279 0 1799
463 362 303 389 0 1999
58 49 167 124 0 599
338 288 491 255 0 1599
69 129 29 277 0 799
235 284 294 156 0 1199
432 334 324 263 0 1799
222 50 94 103 0 1799
317 228 359 91 0 1599
351 141 231 210 0 1399
252 245 362 320 0 1599
174 457 58 388 0 1199
243 333 231 161 0 1199
66 137 218 170 0 399
404 37 419 210 0 1399
415 132 269 175 0 1599
240 168 388 133 0 599
4 8 168 31 0 199
218 337 351 281 0 1599
101 317 9 404 0 1799
477 315 476 128 0 1599
87 211 168 107 0 999
433 240 346 337 0 1399
329 225 473 265 0 799
93 197 92 381 0 1399
295 200 235 324 0 999
196 16 381 15 0 399
238 115 221 282 0 999
325 374 241 273 0 1599
100 345 244 386 0 799
122 366 71 229 0 1199
8 8 41 158 0 199
69 137 118 276 0 399
171 283 72 195 0 1799
190 136 67 73 0 1999
409 151 298 81 0 1399
435 173 285 211 0 1599
87 94 249 75 0 399
125 402 174 272 0 799
183 103 204 269 0 1799
219 270 281 391 0 1999
40 363 201 337 0 799
165 209 46 145 0 1399
7 5 93 106 0 199
419 200 469 335 0 1199
112 15 241 71 0 1599
305 384 404 298 0 1199
214 220 348 271 0 1399
251 471 350 382 0 1599
116 302 115 124 0 1799
6 5 87 112 0 199
356 282 259 198 0 1799
414 350 471 220 0 1799
210 154 48 175 0 999
452 424 339 351 0 1599
278 331 363 430 0 1799
182 176 245 302 0 1799
440 72 275 95 0 1199
364 31 405 178 0 1799
217 174 44 187 0 599
312 30 337 188 0 999
10 10 124 75 0 199
145 57 293 19 0 399
9 112 23 287 0 1999
263 95 126 145 0 599
454 130 492 279 0 999
274 319 314 466 0 1999
199 14 111 105 0 1999
388 174 201 173 0 799
269 228 408 268 0 1199
179 394 186 217 0 999
11 5 151 48 0 199
13 5 167 32 0 199
39 244 165 182 0 599
157 179 328 162 0 799
229 373 155 482 0 999
381 290 216 312 0 1199
221 307 201 476 0 1399
382 172 281 89 0 1999
35 175 175 219 0 399
48 366 126 260 0 799
9 9 167 32 0 199
192 7 342 45 0 1399
293 344 464 360 0 1999
484 140 312 124 0 1599
84 309 174 405 0 1399
57 449 156 362 0 1199
28 204 111 98 0 1399
275 150 240 6 0 799
304 104 319 277 0 1599
242 335 192 202 0 1999
2 14 178 7 0 199
409 214 405 394 0 1399
368 101 452 206 0 1999
161 229 175 394 0 599
151 183 10 228 0 799
8 462 166 483 0 1399
94 118 28 238 0 399
35 359 132 277 0 999
258 124 348 27 0 599
291 325 202 424 0 1999
247 19 99 52 0 1399
122 192 116 17 0 1399
279 264 144 314 0 1599
305 310 392 402 0 1599
8 183 22 8 0 399
311 89 179 33 0 1199
188 352 129 482 0 1799
302 334 136 312 0 1999
25 94 196 107 0 1399
224 371 74 404 0 1999
2 10 133 66 0 199
60 393 177 331 0 1199
197 61 235 207 0 1199
252 214 103 253 0 1599
165 57 256 155 0 999
178 319 194 486 0 1599
56 125 221 111 0 399
185 51 337 17 0 1999
156 372 212 499 0 1399
174 33 14 60 0 799
34 364 143 288 0 599
323 31 351 182 0 999
439 59 329 137 0 1599
284 187 149 241 0 1999
303 45 199 129 0 1599
50 141 6 280 0 399
384 221 254 164 0 1599
79 109 247 89 0 399
261 172 396 119 0 1799
194 208 255 336 0 1399
431 251 465 97 0 1599
202 358 160 217 0 1799
101 189 99 376 0 999
190 11 115 125 0 399
1 15 27 172 0 199
20 289 62 152 0 1599
185 180 252 292 0 1599
73 103 98 266 0 799
50 246 34 75 0 1799
64 194 223 167 0 1199
4 7 99 100 0 199
110 105 55 233 0 399
62 230 180 159 0 599
192 298 72 239 0 999
264 257 208 127 0 1799
14 177 85 69 0 399
397 382 225 365 0 1999
280 300 378 390 0 1999
92 262 256 239 0 599
215 330 299 430 0 999
3 199 164 181 0 599
162 361 126 209 0 999
397 139 451 273 0 799
114 127 252 178 0 1599
318 80 471 52 0 999
174 387 360 386 0 799
398 335 228 348 0 1999
215 436 282 315 0 1799
229 165 218 337 0 599
231 265 74 292 0 1999
211 301 311 385 0 1199
88 119 82 296 0 799
9 7 171 28 0 199
90 100 154 220 0 399
1 11 92 107 0 199
0 21 182 23 0 599
279 304 210 192 0 1599
112 63 81 220 0 599
234 148 90 104 0 1599
140 321 170 480 0 1199
179 268 190 445 0 999
106 289 268 263 0 599
223 5 298 111 0 599
116 110 87 262 0 599
484 86 477 268 0 1399
458 248 456 425 0 1799
95 158 206 235 0 1799
143 30 112 178 0 1199
187 30 87 117 0 799
136 384 12 324 0 1599
42 31 117 144 0 599
36 196 67 38 0 999
233 168 276 314 0 1599
56 423 226 441 0 1799
143 90 227 195 0 799
324 134 355 291 0 1199
464 174 488 14 0 1999
340 76 286 206 0 799
88 128 78 305 0 1799
148 233 53 144 0 599
278 60 462 62 0 1999
398 340 467 450 0 1799
98 108 245 149 0 399
98 71 11 173 0 799
195 435 70 498 0 1599
179 392 239 273 0 1199
4 9 116 83 0 199
105 281 285 276 0 1799
233 59 291 182 0 1799
313 364 162 330 0 1599
131 115 57 230 0 599
271 343 219 214 0 1399
348 70 243 153 0 1599
106 332 280 346 0 799
287 335 173 402 0 999
170 394 339 413 0 1199
68 131 85 299 0 399
183 170 313 117 0 799
242 479 283 337 0 1999
51 167 195 123 0 1199
205 106 204 290 0 1599
42 161 219 153 0 399
108 103 47 230 0 599
299 491 331 334 0 1399
105 103 274 87 0 1399
255 303 100 336 0 1599
128 59 12 130 0 399
164 89 348 85 0 599
3 7 33 166 0 199
418 179 330 81 0 999
4 7 171 28 0 199
70 128 158 28 0 399
210 184 318 257 0 599
176 25 352 34 0 399
146 147 69 36 0 1399
313 466 283 308 0 1399
490 197 468 31 0 1399
225 201 129 112 0 1799
290 43 341 178 0 1799
364 249 242 311 0 999
143 34 319 46 0 599
284 131 237 265 0 1199
67 157 244 165 0 599
16 2 194 5 0 199
12 2 38 161 0 199
180 94 144 241 0 1799
378 300 298 399 0 999
47 318 142 230 0 1199
1 15 79 120 0 199
253 240 259 60 0 1399
10 1 58 141 0 199
126 57 282 30 0 399
6 5 131 68 0 199
39 276 19 117 0 1999
181 265 359 273 0 799
328 392 470 435 0 1799
342 56 494 92 0 1599
76 147 245 165 0 799
104 51 258 26 0 1199
8 3 92 107 0 199
245 128 123 62 0 599
50 160 68 326 0 399
177 26 302 82 0 399
11 3 161 38 0 199
64 179 180 107 0 599
0 13 91 108 0 199
104 80 91 248 0 1799
161 240 234 125 0 999
183 133 16 114 0 1199
37 117 223 119 0 799
123 366 277 331 0 1199
90 266 142 402 0 799
269 295 383 367 0 799
236 49 159 161 0 1199
336 324 309 484 0 999
61 120 162 200 0 399
256 33 230 191 0 599
57 226 235 233 0 799
29 181 11 344 0 599
58 140 112 274 0 399
289 192 217 306 0 1799
181 215 83 304 0 999
458 207 321 255 0 1999
322 88 359 235 0 1999
0 11 169 30 0 199
52 66 227 60 0 599
26 339 140 409 0 1399
140 421 16 484 0 1599
184 78 358 87 0 999
432 301 258 315 0 1799
1 10 77 122 0 199
95 94 118 252 0 399
175 224 104 108 0 1999
118 92 243 155 0 399
1 10 179 20 0 199
288 67 417 127 0 1599
156 34 226 152 0 399
335 159 227 239 0 799
198 5 123 117 0 399
331 133 445 63 0 1199
15 122 192 112 0 1199
208 481 224 313 0 1799
203 191 59 236 0 599
265 199 429 214 0 1799
65 294 126 421 0 1799
233 138 140 42 0 1199
191 110 103 15 0 1599
226 307 247 465 0 1599
499 182 465 331 0 1999
99 246 198 335 0 999
2 8 40 159 0 199
120 155 151 311 0 1999
94 46 259 64 0 599
99 136 32 18 0 1599
188 108 188 291 0 999
365 82 214 54 0 1599
236 388 212 226 0 1599
47 158 188 114 0 399
338 24 176 48 0 799
199 249 152 108 0 1999
0 186 111 111 0 399
327 318 419 405 0 1599
398 418 377 253 0 1999
299 239 334 389 0 1399
84 119 7 9 0 399
298 63 396 154 0 1199
277 293 259 124 0 1799
115 273 258 229 0 599
284 148 218 35 0 1799
391 291 401 122 0 1399
346 418 165 421 0 1999
10 179 63 43 0 399
297 168 445 133 0 799
232 257 377 293 0 1199
182 366 192 193 0 1399
248 137 345 221 0 1199
27 72 124 159 0 599
83 14 52 172 0 1199
248 293 232 122 0 1999
217 108 159 237 0 799
0 11 177 22 0 199
172 28 16 60 0 399
170 232 37 184 0 599
116 98 263 135 0 399
178 200 217 60 0 999
232 128 348 191 0 999
242 141 350 221 0 599
158 291 178 130 0 1599
363 279 347 452 0 999
173 119 262 215 0 599
79 281 257 274 0 599
240 347 315 235 0 1199
222 295 330 215 0 1799
271 86 360 176 0 1999
397 13 258 63 0 999
122 428 120 249 0 1399
276 304 104 320 0 1599
168 49 332 32 0 399
190 2 285 88 0 599
352 311 410 180 0 1599
3 487 134 431 0 999
428 346 321 269 0 1999
1 17 57 142 0 199
248 229 394 190 0 1999
216 172 376 201 0 599
0 337 122 270 0 1199
4 7 149 50 0 199
128 241 15 309 0 1999
287 30 205 133 0 799
38 357 2 204 0 1999
2 16 44 155 0 199
215 152 338 87 0 599
150 305 328 312 0 1199
319 258 292 418 0 1999
55 238 221 259 0 1199
6 7 166 33 0 199
145 233 112 389 0 999
12 177 10 360 0 799
98 263 266 243 0 599
80 275 222 232 0 1999
319 36 303 209 0 799
136 450 78 320 0 1999
363 325 446 222 0 1599
287 193 371 297 0 1999
300 357 476 366 0 1199
226 332 323 241 0 799
197 55 80 121 0 1399
299 332 270 482 0 1999
240 154 240 337 0 1399
114 166 235 99 0 1999
10 26 92 127 0 599
171 10 80 100 0 399
2 9 1 196 0 199
132 52 266 102 0 399
27 215 129 134 0 1399
365 245 494 193 0 1799
358 277 292 395 0 1399
179 154 50 95 0 999
220 327 177 471 0 799
2 10 10 189 0 199
96 214 87 391 0 1199
93 114 187 205 0 399
0 10 92 107 0 199
232 477 231 289 0 1599
185 137 79 55 0 1599
61 24 44 186 0 1199
194 184 271 78 0 999
11 9 98 101 0 199
377 188 428 318 0 1599
391 97 282 25 0 1799
259 350 277 182 0 1399
85 129 175 223 0 399
347 123 335 290 0 1399
210 143 224 317 0 999
302 178 140 157 0 1799
17 458 75 327 0 1199
329 176 147 182 0 1399
262 349 138 414 0 1599
63 317 158 226 0 1999
175 387 122 252 0 1199
231 257 196 406 0 799
133 57 218 156 0 399
32 65 171 113 0 1999
283 129 338 261 0 1399
243 198 266 32 0 1599
207 252 317 174 0 1799
42 170 154 96 0 399
42 146 192 110 0 799
176 54 155 220 0 1799
264 492 445 484 0 999
37 318 195 290 0 999
358 348 218 389 0 1399
179 147 296 81 0 599
420 209 439 375 0 1999
437 324 345 237 0 1599
72 132 174 218 0 399
447 266 494 404 0 1599
68 121 195 183 0 399
363 29 236 85 0 1799
464 107 397 226 0 1799
8 7 106 93 0 199
421 437 374 296 0 1999
77 134 182 52 0 399
268 123 262 303 0 1799
35 156 170 206 0 399
0 11 151 48 0 199
227 41 173 175 0 1599
388 112 471 12 0 1799
39 329 158 269 0 1799
14 2 117 82 0 199
392 225 261 173 0 1599
328 139 404 246 0 1199
311 207 463 173 0 1599
33 86 23 263 0 1599
246 129 299 263 0 1199
261 355 242 189 0 999
23 235 81 356 0 599
125 264 46 373 0 1399
4 10 62 137 0 199
105 159 199 64 0 599
130 264 33 355 0 1999
53 23 209 55 0 799
32 315 147 384 0 599
213 265 150 139 0 1399
277 348 403 410 0 999
422 395 285 343 0 1199
351 120 292 242 0 799
244 298 260 128 0 1599
8 2 178 21 0 199
64 148 248 150 0 399
170 240 211 100 0 999
356 85 254 1 0 1799
10 5 15 184 0 199
165 197 103 320 0 599
160 385 1 410 0 1799
195 10 200 194 0 399
45 206 86 353 0 999
40 317 199 287 0 799
270 476 257 306 0 1799
225 164 396 180 0 1599
473 341 411 467 0 1599
165 23 8 50 0 399
374 457 396 298 0 1999
277 289 323 147 0 799
7 5 179 20 0 199
281 352 130 390 0 1199
23 407 48 245 0 1399
301 83 274 242 0 1599
371 194 340 42 0 1999
182 2 59 63 0 399
143 192 290 231 0 1799
212 12 343 64 0 599
315 449 315 261 0 1599
212 12 246 164 0 1599
11 9 75 124 0 199
248 75 332 174 0 1199
4 187 173 207 0 399
481 122 460 289 0 1799
305 189 123 186 0 1799
343 487 256 393 0 1799
9 9 54 145 0 199
232 161 88 118 0 799
153 53 297 93 0 399
84 149 108 313 0 1399
6 5 177 22 0 199
107 78 107 263 0 399
361 215 336 57 0 999
167 90 168 274 0 1599
4 8 110 89 0 199
451 48 306 89 0 1799
215 264 300 360 0 1599
17 186 126 114 0 399
61 126 128 246 0 399
124 20 150 175 0 1799
127 327 131 152 0 999
155 45 174 214 0 399
161 186 335 195 0 1199
50 349 217 327 0 1599
211 320 371 346 0 1799
383 349 461 455 0 1999
150 146 325 158 0 599
474 120 447 280 0 1399
424 325 278 290 0 1599
319 155 145 162 0 999
338 492 374 344 0 1999
109 72 56 200 0 399
31 406 214 411 0 1399
202 414 323 351 0 1599
490 99 306 94 0 1199
17 3 116 83 0 199
38 181 200 164 0 399
110 77 16 170 0 399
3 9 52 147 0 199
1 208 161 235 0 399
459 325 412 466 0 1999
334 78 167 92 0 599
65 341 162 253 0 599
83 287 227 246 0 599
42 155 173 208 0 1399
54 165 177 109 0 399
201 383 82 447 0 1399
277 382 159 317 0 1599
238 168 382 129 0 599
186 312 76 388 0 799
208 357 206 176 0 799
110 197 131 355 0 799
397 221 458 341 0 1399
132 419 73 294 0 999
270 328 413 287 0 1199
81 195 213 251 0 1999
336 223 258 118 0 799
288 254 271 83 0 799
137 247 254 311 0 1799
142 203 0 245 0 599
202 374 134 256 0 799
213 237 262 102 0 1199
318 263 293 419 0 799
189 167 318 109 0 1799
252 116 248 291 0 1799
174 406 310 458 0 799
84 204 29 71 0 799
347 169 371 9 0 1199
250 22 219 172 0 599
193 317 268 204 0 799
274 97 444 112 0 1599
196 337 350 310 0 1199
273 301 376 218 0 799
475 324 306 341 0 1399
40 258 130 165 0 1799
156 421 169 246 0 999
2 14 153 46 0 199
358 28 315 170 0 999
116 271 116 83 0 599
216 134 306 232 0 799
0 16 33 166 0 199
171 244 259 147 0 1999
200 258 377 246 0 999
257 346 245 171 0 1999
60 103 123 221 0 1199
395 489 252 448 0 1999
124 360 166 219 0 1399
216 167 335 236 0 599
459 152 342 216 0 799
55 138 171 203 0 399
94 60 122 211 0 599
6 9 145 54 0 199
147 113 24 49 0 599
243 350 387 311 0 1599
88 101 188 15 0 1399
189 330 251 451 0 1599
175 6 353 9 0 399
5 6 76 123 0 199
428 98 393 247 0 799
36 164 103 52 0 599
171 413 262 321 0 999
314 273 311 95 0 1199
134 248 47 342 0 1399
275 249 196 140 0 1999
364 187 269 103 0 1199
428 354 259 373 0 1599
319 198 409 293 0 1199
299 66 476 70 0 1599
144 360 71 473 0 1199
172 301 226 426 0 1199
12 3 142 57 0 199
228 206 215 381 0 1999
394 323 243 286 0 1399
235 314 112 253 0 1399
151 250 324 238 0 1599
354 176 347 4 0 1399
11 7 76 123 0 199
225 149 345 88 0 599
9 2 23 176 0 199
116 173 271 205 0 799
238 142 52 143 0 599
356 98 475 167 0 1199
162 28 210 166 0 399
276 56 279 237 0 1199
132 399 280 434 0 799
287 34 107 40 0 999
171 111 234 237 0 999
4 16 22 177 0 199
86 313 44 168 0 1199
35 149 188 180 0 399
382 109 273 29 0 799
241 477 181 348 0 1399
121 432 223 347 0 799
343 119 460 187 0 999
173 212 242 92 0 1599
44 137 130 42 0 399
328 427 293 281 0 1199
27 175 64 24 0 1599
265 384 406 337 0 1799
13 3 143 56 0 199
369 382 236 329 0 999
78 140 14 23 0 999
8 12 175 0 0 199
330 234 322 411 0 999
174 240 345 250 0 999
162 158 129 306 0 1799
267 28 264 204 0 799
114 226 97 398 0 1399
3 43 72 155 0 599
6 5 146 53 0 199
245 181 235 354 0 999
229 349 321 253 0 1199
316 268 472 291 0 1399
470 300 396 414 0 1599
149 283 279 225 0 1599
232 413 124 490 0 1999
29 160 77 19 0 399
339 292 457 227 0 1999
115 96 299 99 0 399
246 301 77 282 0 1799
156 207 2 242 0 799
362 170 491 111 0 1999
137 182 149 8 0 999
243 444 167 341 0 1999
333 79 159 89 0 799
67 32 218 64 0 799
155 255 7 288 0 999
137 73 194 203 0 599
238 311 304 433 0 1799
35 86 80 228 0 799
221 283 376 259 0 999
430 4 290 47 0 999
243 133 133 202 0 599
495 2 388 82 0 1599
11 2 107 92 0 199
321 118 138 120 0 1199
60 375 136 263 0 1399
186 26 126 152 0 399
67 343 97 186 0 599
343 258 268 370 0 1599
368 310 214 278 0 1599
333 288 438 204 0 1199
53 306 21 157 0 799
253 10 227 172 0 999
330 238 289 386 0 1799
364 82 315 218 0 1799
12 3 124 75 0 199
43 168 114 52 0 399
8 5 193 6 0 199
159 178 281 114 0 999
216 173 373 142 0 1799
356 209 195 236 0 1799
158 117 24 172 0 799
307 153 226 253 0 1399
327 194 231 101 0 1199
301 255 426 311 0 1799
435 250 327 169 0 1199
300 31 141 5 0 1199
169 65 143 226 0 599
77 87 142 207 0 1799
283 137 312 289 0 999
214 112 43 102 0 1799
8 4 42 157 0 599
325 417 356 260 0 1199
217 47 101 119 0 1199
381 244 285 337 0 1599
304 138 361 9 0 1599
183 28 186 210 0 399
115 102 137 261 0 399
211 206 359 173 0 1199
207 169 143 294 0 999
262 472 304 335 0 1799
0 14 171 28 0 199
7 6 75 124 0 199
215 368 341 311 0 799
3 7 167 32 0 199
4 10 54 145 0 199
104 83 276 94 0 399
34 70 169 116 0 1399
209 42 66 85 0 599
239 286 374 332 0 1199
250 269 343 359 0 1999
393 256 354 112 0 1599
351 291 488 239 0 999
159 84 246 181 0 599
326 248 358 404 0 1999
2 13 68 131 0 199
85 128 41 269 0 399
408 42 293 114 0 999
146 236 310 215 0 1399
251 488 387 441 0 1999
22 170 130 249 0 1799
221 334 217 152 0 1399
240 10 107 65 0 1999
460 155 317 196 0 999
318 54 136 48 0 1999
316 391 146 400 0 1599
223 352 190 196 0 1599
189 63 74 127 0 599
191 265 206 438 0 1599
220 143 274 12 0 1999
260 75 324 196 0 1199
89 411 134 271 0 999
348 129 198 92 0 1599
174 205 175 20 0 1799
341 218 174 234 0 1599
107 91 179 203 0 399
222 261 345 324 0 999
123 56 184 174 0 399
294 303 462 323 0 1799
138 259 139 442 0 1799
162 316 282 379 0 1399
96 239 189 144 0 999
407 288 463 157 0 1999
35 474 135 386 0 1799
133 377 311 387 0 1999
231 113 338 39 0 999
7 201 73 321 0 399
267 214 222 75 0 1799
247 160 159 257 0 1999
201 196 337 249 0 1599
203 150 271 39 0 1199
214 241 309 325 0 1999
83 113 266 112 0 799
296 145 171 199 0 799
201 444 274 329 0 999
38 473 108 355 0 1799
384 358 345 210 0 1399
498 106 418 207 0 1799
113 194 109 14 0 599
26 379 175 419 0 1199
229 96 53 108 0 1399
1 11 148 51 0 199
1 13 126 73 0 199
259 143 321 26 0 999
114 65 164 194 0 399
163 49 245 153 0 399
254 483 223 335 0 1999
300 288 271 133 0 799
106 193 50 320 0 799
320 97 346 259 0 999
67 140 226 165 0 599
194 312 100 221 0 1399
344 190 313 33 0 1599
170 487 283 415 0 1599
58 107 150 200 0 1999
278 120 327 250 0 599
273 325 441 305 0 1199
3 454 101 364 0 1399
360 227 227 179 0 1199
160 59 238 160 0 399
113 54 177 178 0 999
168 331 120 191 0 999
250 249 95 273 0 1599
334 48 245 140 0 999
95 93 124 252 0 399
376 201 338 350 0 799
5 6 156 43 0 199
15 181 47 337 0 399
6 6 42 157 0 199
326 201 358 49 0 1399
199 54 78 122 0 799
152 55 76 162 0 399
116 361 243 300 0 999
432 107 468 256 0 1599
180 112 265 216 0 599
415 113 326 14 0 1199
301 73 268 227 0 599
53 138 215 165 0 399
253 476 160 386 0 1999
267 196 320 68 0 1999
431 234 291 187 0 1599
19 307 169 278 0 1799
299 400 304 218 0 1599
421 368 362 243 0 1799
157 280 319 261 0 1999
365 210 409 351 0 1599
59 337 186 283 0 999
225 58 157 179 0 799
49 146 176 206 0 799
29 260 104 147 0 999
19 179 20 362 0 1199
106 210 22 115 0 999
33 165 215 171 0 399
221 345 159 462 0 1399
141 282 140 102 0 1999
229 123 246 290 0 1599
6 8 5 192 0 199
48 371 145 453 0 799
179 197 205 44 0 599
93 216 255 197 0 1999
357 283 403 148 0 999
210 27 160 160 0 1999
146 55 133 229 0 399
433 226 268 248 0 1599
169 198 134 349 0 999
10 8 73 126 0 199
0 11 181 18 0 199
31 23 163 76 0 999
248 393 417 403 0 1599
289 101 196 197 0 1399
111 77 239 137 0 399
147 39 37 108 0 1399
37 97 160 162 0 1599
201 428 133 307 0 1999
246 121 113 70 0 599
247 124 360 52 0 799
244 152 88 179 0 599
91 290 19 178 0 999
252 296 379 353 0 799
85 64 1 164 0 599
261 291 401 337 0 1199
215 356 234 187 0 1799
44 139 134 232 0 399
93 24 68 184 0 1199
241 118 196 259 0 599
164 274 38 333 0 999
408 156 238 141 0 1399
295 342 346 475 0 1799
0 13 122 77 0 199
9 11 108 91 0 199
223 12 92 69 0 599
36 224 137 136 0 1399
1 11 121 78 0 199
140 65 182 210 0 399
411 157 379 314 0 1399
110 172 102 350 0 1199
231 46 310 151 0 599
168 10 193 171 0 799
172 37 136 190 0 399
223 274 147 385 0 1199
10 6 76 123 0 199
463 126 413 264 0 1399
427 268 266 248 0 1599
133 223 305 212 0 999
168 214 205 365 0 1999
42 315 99 186 0 999
62 117 49 283 0 399
189 147 95 62 0 999
307 134 449 88 0 1799
270 77 128 35 0 999
286 265 314 108 0 1999
24 191 94 78 0 399
15 3 181 18 0 199
385 122 415 271 0 1999
49 223 172 158 0 1199
439 365 302 416 0 1199
262 103 165 14 0 999
274 169 110 145 0 999
143 374 244 454 0 1999
240 452 354 387 0 1399
157 366 166 186 0 1199
140 63 149 241 0 399
375 275 289 374 0 1799
1 10 146 53 0 199
28 414 84 286 0 1999
172 156 19 130 0 999
2 10 14 185 0 199
286 188 259 350 0 1399
269 260 125 295 0 1599
166 474 257 382 0 999
154 189 131 355 0 1199
242 293 114 237 0 1799
86 125 206 192 0 399
7 7 26 173 0 199
81 35 241 63 0 1999
74 368 0 254 0 799
0 10 36 163 0 199
315 65 196 127 0 599
210 319 390 326 0 799
208 401 150 271 0 999
333 231 226 150 0 1599
128 81 214 184 0 399
3 13 94 105 0 199
142 309 7 259 0 1599
113 95 277 115 0 799
86 215 43 71 0 1599
295 340 468 353 0 999
100 293 261 318 0 599
150 361 276 421 0 1799
116 273 289 288 0 999
10 5 167 32 0 199
197 307 257 428 0 1399
7 9 44 155 0 199
278 159 239 15 0 1199
133 230 289 261 0 1999
97 447 227 391 0 1999
26 180 5 13 0 799
271 107 430 80 0 1199
199 294 136 415 0 1799
21 478 106 378 0 799
77 282 174 196 0 1599
10 2 136 63 0 199
190 318 46 359 0 1799
191 150 166 311 0 1799
162 149 134 302 0 1199
5 6 109 90 0 199
326 359 462 316 0 1999
419 276 461 132 0 1799
156 37 54 124 0 399
14 4 178 21 0 199
166 279 321 251 0 799
209 397 198 219 0 1399
211 224 141 335 0 1599
135 347 33 268 0 1799
75 115 20 243 0 999
22 134 74 270 0 1599
298 353 297 171 0 1999
30 354 128 263 0 599
38 147 152 218 0 399
213 375 138 271 0 999
160 404 156 220 0 1199
326 380 474 415 0 1799
258 321 311 195 0 1199
386 285 217 304 0 1799
144 65 305 37 0 399
203 227 60 189 0 1799
140 51 236 144 0 399
201 475 46 443 0 1399
213 349 261 210 0 999
468 42 288 41 0 999
449 115 485 267 0 1199
340 419 166 408 0 1999
143 332 239 239 0 1999
33 70 87 205 0 1599
177 269 308 322 0 1999
112 281 167 414 0 599
102 109 273 125 0 399
406 138 460 4 0 1199
181 22 263 123 0 399
89 333 263 318 0 1799
143 262 230 364 0 1199
0 11 116 83 0 199
271 54 126 10 0 1999
149 70 184 214 0 399
61 306 43 135 0 1599
224 126 101 187 0 1199
86 103 184 20 0 399
17 192 185 171 0 399
44 154 40 336 0 399
13 300 62 168 0 1999
328 107 313 279 0 1999
199 95 51 54 0 999
317 461 346 306 0 1599
358 252 376 415 0 1399
499 351 490 176 0 1999
42 227 35 406 0 1799
267 234 203 355 0 1599
4 6 80 119 0 199
174 200 77 111 0 1599
234 139 276 276 0 1999
5 13 145 54 0 199
183 190 4 200 0 799
68 26 238 39 0 599
438 188 319 124 0 1399
0 13 183 16 0 199
368 204 269 118 0 999
256 496 166 402 0 1599
265 229 423 201 0 1199
146 140 311 116 0 1399
478 408 317 384 0 1399
361 243 479 178 0 1399
86 283 199 358 0 1399
496 86 499 267 0 1199
321 217 166 185 0 1799
274 394 160 461 0 1799
29 82 108 191 0 999
118 419 9 339 0 1999
302 68 436 113 0 599
102 12 255 47 0 799
158 199 1 172 0 1399
172 255 155 88 0 1399
46 184 115 72 0 999
18 309 180 335 0 1399
10 3 190 9 0 199
323 199 392 83 0 1799
6 12 167 32 0 199
247 324 299 197 0 1199
192 247 132 368 0 1199
95 47 31 167 0 799
32 152 58 309 0 999
313 407 191 474 0 999
176 35 242 148 0 399
83 184 230 148 0 1599
268 425 152 490 0 1999
261 400 224 253 0 999
65 138 216 104 0 399
92 109 84 282 0 399
441 255 360 155 0 1399
73 195 227 162 0 599
94 300 227 250 0 999
109 310 123 136 0 999
2 16 175 24 0 199
52 155 140 254 0 799
366 292 442 405 0 999
180 265 95 164 0 999
241 80 146 172 0 799
372 130 358 300 0 799
443 427 386 299 0 1399
100 114 106 292 0 399
344 126 397 254 0 1799
294 56 398 140 0 799
86 174 137 302 0 599
18 2 22 177 0 199
161 183 99 64 0 1399
121 244 161 392 0 599
23 168 65 21 0 399
121 95 91 246 0 599
316 243 229 344 0 999
83 108 216 58 0 1599
442 276 309 330 0 1799
485 277 345 233 0 1199
117 187 294 194 0 1199
98 94 269 111 0 399
7 9 88 111 0 199
225 127 112 199 0 599
240 198 313 90 0 1799
3 7 135 64 0 199
193 18 132 140 0 399
195 151 47 116 0 599
174 11 137 159 0 399
213 196 238 33 0 599
246 424 181 306 0 1399
136 58 196 184 0 399
198 203 105 298 0 999
98 256 135 108 0 999
181 386 184 205 0 999
158 199 26 256 0 799
177 6 197 169 0 399
328 275 400 168 0 1199
196 196 317 136 0 599
317 47 307 218 0 1799
416 67 437 225 0 1199
223 270 224 456 0 1199
307 237 274 83 0 1799
209 231 249 83 0 1199
127 80 48 180 0 799
284 147 136 116 0 1999
237 124 160 13 0 599
336 407 442 488 0 1999
259 127 388 183 0 599
205 320 104 236 0 799
256 316 188 196 0 1999
8 3 187 12 0 199
98 30 215 92 0 1799
234 225 204 68 0 799
389 330 499 256 0 1399
101 355 113 183 0 1199
4 14 149 50 0 199
312 70 332 235 0 1399
373 236 349 396 0 1799
3 10 24 175 0 199
320 182 372 319 0 999
85 85 71 252 0 1799
149 113 59 18 0 599
178 390 85 481 0 1999
334 144 359 306 0 1399
226 252 141 153 0 1599
171 131 219 272 0 999
121 66 67 199 0 399
3 205 80 94 0 399
363 172 497 219 0 1199
364 340 226 383 0 1399
27 182 72 41 0 599
392 306 443 441 0 1599
282 89 124 59 0 599
204 154 386 155 0 1399
297 46 327 201 0 1199
88 257 228 212 0 1599
174 203 132 345 0 1399
2 286 111 360 0 999
125 171 193 51 0 1999
133 225 149 397 0 799
55 78 139 183 0 1999
27 169 152 110 0 399
320 235 246 130 0 1999
254 372 429 364 0 1399
307 442 447 489 0 1999
387 15 222 39 0 999
299 121 437 171 0 799
10 5 173 26 0 199
299 414 199 335 0 1999
480 344 457 186 0 1399
128 164 223 76 0 1799
240 96 340 177 0 999
175 218 272 300 0 1999
189 348 253 229 0 1999
10 2 52 147 0 199
298 264 215 367 0 1599
280 18 374 109 0 599
260 375 212 235 0 1399
75 292 83 112 0 599
139 406 14 352 0 1199
88 405 179 498 0 1399
156 221 174 58 0 1599
257 310 301 447 0 799
338 242 406 127 0 999
304 204 130 214 0 1599
94 103 221 157 0 399
382 223 209 238 0 1799
232 168 184 33 0 999
16 2 115 84 0 199
98 162 90 341 0 599
138 257 170 413 0 599
230 208 189 60 0 1799
33 332 214 325 0 599
141 214 148 42 0 1599
254 301 274 469 0 1799
136 214 222 312 0 799
23 165 75 301 0 399
239 197 412 203 0 999
6 7 156 43 0 199
382 412 399 241 0 1599
189 4 131 129 0 799
129 250 182 118 0 1599
239 487 68 495 0 999
8 7 82 117 0 199
1 14 90 109 0 199
343 329 223 397 0 1199
21 210 21 27 0 799
301 324 451 293 0 1599
248 118 210 267 0 999
247 92 384 141 0 1799
350 360 200 323 0 999
5 313 85 212 0 1799
71 210 83 381 0 1999
4 10 13 186 0 199
64 228 226 202 0 1599
435 407 286 439 0 1399
4 219 57 91 0 1599
316 269 236 170 0 1199
149 405 140 235 0 1799
214 152 322 225 0 1399
10 2 107 92 0 199
297 97 200 7 0 599
208 470 315 388 0 1799
220 266 106 338 0 1999
164 47 136 204 0 399
291 28 410 98 0 1599
147 38 279 93 0 799
135 384 26 314 0 1999
76 136 234 108 0 399
334 314 246 217 0 1799
350 227 373 64 0 1399
171 181 160 354 0 1999
433 298 493 426 0 1399
226 323 166 202 0 1199
129 358 8 293 0 999
396 264 429 109 0 1999
343 313 172 325 0 1799
403 348 253 312 0 1399
200 11 215 183 0 399
220 23 109 101 0 1999
121 290 225 372 0 599
217 57 239 220 0 599
122 269 248 329 0 999
181 150 260 41 0 1399
2 14 11 188 0 199
84 104 197 29 0 399
295 441 339 298 0 999
12 1 187 12 0 199
384 191 332 54 0 1599
42 141 159 75 0 399
182 177 38 137 0 599
19 1 168 31 0 199
420 139 247 123 0 1999
0 14 157 42 0 199
335 164 428 73 0 1399
177 61 75 147 0 1199
198 436 334 481 0 1799
96 159 80 329 0 599
256 134 281 296 0 1399
193 7 172 175 0 999
358 398 202 430 0 1999
183 216 149 62 0 1399
96 200 221 140 0 1799
197 0 138 129 0 999
438 204 271 216 0 1799
166 221 205 370 0 599
326 249 448 310 0 1199
226 425 313 326 0 1399
325 327 149 334 0 1399
494 218 349 261 0 1199
57 150 43 325 0 399
393 323 248 287 0 1399
67 199 160 109 0 599
17 3 85 114 0 199
381 256 232 292 0 1599
178 11 348 30 0 399
424 295 342 193 0 1799
332 235 334 422 0 799
159 176 242 278 0 1199
185 74 316 127 0 999
355 169 423 289 0 1599
382 381 223 409 0 1999
204 100 212 275 0 599
10 236 95 336 0 999
197 217 330 272 0 799
61 166 175 241 0 799
75 83 125 212 0 599
279 37 243 187 0 1599
78 279 167 369 0 1199
255 331 158 419 0 1399
127 84 22 166 0 399
40 340 192 307 0 1799
186 302 203 131 0 1999
146 223 231 322 0 599
329 404 355 243 0 1199
299 158 240 278 0 1599
191 4 183 180 0 599
4 16 150 49 0 199
161 54 237 161 0 399
251 240 238 408 0 799
304 250 417 316 0 999
107 250 7 164 0 599
133 138 300 150 0 799
95 102 219 37 0 399
265 158 167 245 0 1199
137 132 59 24 0 599
169 133 351 138 0 1399
301 459 384 353 0 999
87 122 263 133 0 399
444 238 444 57 0 1399
226 160 386 133 0 599
110 95 23 195 0 399
222 235 288 355 0 999
7 3 157 42 0 199
168 41 133 193 0 399
146 73 279 119 0 399
286 269 213 155 0 799
79 23 175 110 0 599
431 61 363 176 0 1399
123 23 235 96 0 1399
375 239 374 427 0 999
185 301 191 119 0 1199
146 35 325 33 0 399
89 104 229 59 0 399
162 27 96 150 0 399
126 354 233 274 0 1399
359 266 419 138 0 1399
18 2 109 90 0 199
198 12 304 94 0 399
65 170 66 352 0 799
218 121 360 76 0 1599
28 66 146 134 0 799
326 156 439 227 0 1599
286 323 134 355 0 1799
86 295 246 319 0 599
287 370 158 311 0 999
73 350 235 324 0 1399
466 10 435 162 0 1399
146 286 325 288 0 1799
260 231 226 79 0 1399
216 113 31 112 0 1799
30 202 65 354 0 999
1 176 97 87 0 1199
38 118 215 110 0 999
423 350 263 325 0 1199
294 86 376 193 0 999
203 307 328 244 0 799
173 209 156 42 0 1599
55 334 97 192 0 999
4 7 118 81 0 199
21 168 80 39 0 599
316 175 139 165 0 1999
2 16 15 184 0 199
5 6 58 141 0 199
11 9 121 78 0 199
40 50 210 37 0 599
270 99 169 186 0 1399
220 275 338 345 0 1799
355 36 483 91 0 1199
355 160 222 210 0 1599
176 204 165 30 0 1399
165 422 47 351 0 1999
185 207 7 196 0 599
8 5 24 175 0 199
157 32 204 164 0 399
183 201 335 170 0 599
177 351 251 237 0 1599
201 300 298 391 0 1799
229 43 325 135 0 1999
250 195 337 293 0 1199
167 327 171 147 0 1599
162 143 89 30 0 1799
12 8 173 26 0 199
95 265 116 433 0 1399
92 104 262 122 0 399
110 149 211 227 0 799
7 4 161 38 0 199
460 313 343 249 0 1999
102 103 19 205 0 399
311 281 191 344 0 1399
178 27 78 110 0 399
76 229 103 391 0 799
198 113 180 276 0 1999
8 8 130 69 0 199
89 191 203 119 0 799
11 188 58 52 0 1199
325 186 403 293 0 1199
0 12 32 167 0 199
376 299 218 322 0 1599
150 272 36 337 0 1399
265 167 307 311 0 1599
179 270 353 261 0 799
258 346 316 225 0 1399
8 6 61 138 0 199
207 166 298 69 0 599
401 284 386 448 0 1199
16 29 148 82 0 1999
113 75 229 7 0 399
10 50 89 154 0 999
107 248 56 111 0 1399
154 40 30 104 0 1599
300 109 253 250 0 599
286 451 167 389 0 1599
181 222 201 390 0 1399
286 255 149 306 0 1799
469 306 326 351 0 1399
267 15 275 195 0 799
281 205 161 142 0 999
223 90 257 237 0 1599
4 8 47 152 0 199
82 37 194 112 0 1599
122 65 75 205 0 399
191 152 91 68 0 599
2 12 140 59 0 199
28 164 28 348 0 399
28 359 81 224 0 599
254 402 224 244 0 1999
105 379 176 265 0 999
189 180 346 208 0 1199
238 418 61 425 0 1199
304 340 378 445 0 1399
212 52 221 231 0 1999
345 335 449 255 0 1999
281 434 403 498 0 1799
126 39 23 124 0 1399
309 294 458 255 0 999
36 223 58 385 0 1799
128 216 86 69 0 999
267 305 208 427 0 1399
87 239 17 126 0 1399
20 133 49 293 0 1599
212 182 299 280 0 1399
93 139 173 247 0 1199
306 52 371 166 0 599
76 139 178 58 0 399
380 26 428 165 0 1799
133 175 313 167 0 799
121 88 165 233 0 399
161 374 334 389 0 1399
196 26 226 181 0 1399
283 105 128 138 0 1999
202 323 121 216 0 1799
122 229 75 367 0 1999
3 15 140 59 0 199
164 31 17 65 0 399
364 80 403 229 0 1199
99 104 153 237 0 1999
338 284 167 270 0 1799
329 102 450 35 0 999
386 59 370 226 0 799
183 191 167 362 0 1799
11 2 38 161 0 199
5 8 82 117 0 199
172 338 179 157 0 1599
329 308 360 151 0 999
138 148 299 128 0 599
469 180 310 153 0 1399
252 145 89 170 0 599
104 209 190 302 0 1199
131 50 282 20 0 399
5 10 111 88 0 199
197 256 317 191 0 1599
67 347 60 171 0 999
25 173 146 106 0 1199
216 319 291 429 0 1599
395 212 426 367 0 1399
139 353 77 226 0 1399
134 64 54 170 0 399
197 443 91 363 0 1599
317 64 340 227 0 999
169 107 58 35 0 599
94 110 154 234 0 399
118 135 295 127 0 1999
211 109 270 229 0 1799
147 35 314 23 0 599
130 229 142 55 0 599
319 212 157 237 0 1599
58 157 236 160 0 399
377 153 354 318 0 1999
3 15 46 153 0 199
347 42 244 127 0 999
46 164 115 283 0 399
67 126 55 297 0 399
114 67 220 142 0 399
248 162 85 184 0 599
256 184 260 359 0 999
312 50 223 147 0 799
217 143 356 93 0 999
47 264 232 261 0 599
35 171 213 161 0 399
181 234 174 53 0 1799
238 80 160 189 0 999
148 248 198 377 0 1399
292 36 192 120 0 1599
103 100 126 262 0 399
279 274 443 291 0 799
347 111 365 281 0 1599
124 95 76 226 0 399
200 16 87 86 0 599
228 160 82 125 0 599
370 193 322 326 0 1599
199 241 175 405 0 799
269 212 423 182 0 1399
10 2 130 69 0 199
427 365 286 320 0 1999
5 6 175 24 0 199
185 214 5 206 0 599
4 12 12 187 0 199
153 155 56 71 0 1399
345 220 312 373 0 1399
346 199 311 55 0 799
110 91 50 212 0 799
338 133 424 230 0 1199
2 9 87 112 0 199
386 132 244 174 0 1199
246 163 289 18 0 599
52 186 69 350 0 1399
195 475 315 408 0 1799
120 91 122 276 0 399
434 374 407 218 0 1799
6 10 40 159 0 199
67 312 84 483 0 599
86 112 263 101 0 399
380 135 222 162 0 799
273 40 207 155 0 799
266 337 274 158 0 1999
3 9 56 143 0 199
383 336 433 197 0 1199
28 499 39 331 0 1199
486 446 306 442 0 1199
125 197 35 99 0 1199
395 181 364 336 0 1999
165 21 187 185 0 399
323 131 495 145 0 1199
287 260 137 298 0 999
293 383 266 221 0 999
153 165 78 273 0 1399
294 223 359 101 0 799
453 69 330 125 0 999
166 235 101 358 0 1399
101 372 168 254 0 1599
39 179 194 212 0 1999
98 27 206 104 0 1999
325 114 292 265 0 1399
192 96 294 177 0 599
195 270 219 106 0 1799
312 265 485 281 0 1599
251 142 419 126 0 999
411 407 486 298 0 1199
115 307 229 381 0 1999
407 406 486 304 0 1599
306 305 276 152 0 1199
467 478 298 488 0 1999
95 112 174 3 0 599
245 95 152 188 0 1599
181 180 21 208 0 599
18 221 115 307 0 799
260 305 170 210 0 799
112 105 157 247 0 799
5 6 113 86 0 199
258 54 278 223 0 1799
15 1 169 30 0 199
238 250 329 157 0 799
202 393 161 250 0 1799
388 296 303 392 0 1399
203 345 184 177 0 1399
6 12 89 110 0 199
353 205 457 282 0 999
166 29 161 213 0 399
32 144 171 186 0 1399
186 469 4 475 0 999
229 387 238 208 0 1599
189 434 345 403 0 1999
310 136 377 15 0 1999
44 143 100 276 0 799
326 360 150 363 0 1399
24 164 142 96 0 399
111 420 33 313 0 1599
385 320 385 132 0 1799
1 13 148 51 0 199
6 5 149 50 0 199
177 210 179 28 0 999
103 152 193 249 0 1999
497 88 390 12 0 799
294 378 263 224 0 1399
444 109 350 204 0 1599
12 382 161 416 0 1799
102 116 258 145 0 999
36 174 168 230 0 399
61 128 193 81 0 799
313 50 473 24 0 999
133 201 52 303 0 1399
192 321 346 352 0 1999
278 121 246 277 0 1399
143 51 238 144 0 399
423 432 299 491 0 1599
189 30 121 141 0 399
332 181 341 359 0 799
103 87 248 47 0 1799
243 197 264 359 0 1399
26 290 191 274 0 1799
225 129 62 152 0 1199
73 116 85 289 0 399
12 1 97 102 0 199
39 314 83 457 0 1599
223 131 252 289 0 599
113 32 163 169 0 799
191 21 40 56 0 399
7 4 47 152 0 199
300 295 325 134 0 1399
43 199 176 245 0 1799
55 135 140 32 0 399
315 119 160 150 0 1199
270 213 416 246 0 1199
379 195 392 20 0 799
327 454 476 420 0 1999
178 192 247 82 0 599
135 205 280 243 0 1799
149 173 224 286 0 799
160 238 257 148 0 599
284 225 297 55 0 1599
289 407 346 278 0 1599
186 129 167 289 0 1999
312 241 487 247 0 799
197 282 352 256 0 1999
339 204 455 275 0 1599
289 377 230 248 0 1599
353 41 489 93 0 1599
3 10 171 28 0 199
266 456 86 459 0 1799
238 349 424 346 0 799
444 196 320 137 0 999
178 163 275 252 0 1799
65 291 197 242 0 1799
143 51 15 111 0 399
75 74 2 182 0 1999
164 43 35 97 0 399
20 177 147 231 0 399
196 9 143 139 0 1199
319 407 160 435 0 1799
1 12 67 132 0 199
17 238 52 84 0 799
173 28 180 208 0 399
4 6 75 124 0 199
75 140 185 67 0 399
119 98 34 194 0 399
111 68 240 118 0 399
94 104 47 242 0 999
217 234 148 352 0 1999
440 182 264 177 0 1799
213 288 89 353 0 1999
87 407 211 467 0 799
352 401 343 229 0 1999
10 1 31 168 0 199
102 204 108 377 0 1799
188 317 185 131 0 1199
245 328 259 499 0 1199
4 6 128 71 0 199
12 6 156 43 0 199
342 232 340 45 0 1799
216 108 292 1 0 999
76 268 162 367 0 599
285 242 289 422 0 1399
324 319 410 421 0 999
175 337 146 491 0 1399
291 293 453 269 0 799
204 272 191 106 0 1399
211 7 167 142 0 1799
4 16 81 118 0 199
42 417 74 261 0 1399
131 83 146 252 0 399
90 195 239 229 0 799
238 241 205 393 0 799
187 190 1 187 0 799
4 7 43 156 0 199
194 161 237 18 0 599
7 9 0 185 0 199
383 254 429 391 0 1199
146 60 306 88 0 399
486 202 334 165 0 999
281 288 116 268 0 1599
238 194 322 298 0 1199
199 175 114 274 0 1999
15 5 131 68 0 199
14 6 35 164 0 199
222 203 295 319 0 799
41 284 226 287 0 999
156 129 260 208 0 799
417 192 283 237 0 1599
40 170 36 354 0 399
6 7 110 89 0 199
1 10 39 160 0 199
84 58 96 232 0 1199
1 9 173 26 0 199
348 359 355 182 0 1799
271 169 400 223 0 999
284 359 133 393 0 1599
7 7 48 151 0 199
468 453 461 271 0 1199
23 176 67 316 0 999
398 403 233 419 0 1999
40 290 29 114 0 1799
358 21 387 171 0 1199
457 233 408 93 0 999
176 11 247 121 0 399
160 294 41 226 0 1799
349 271 255 358 0 999
224 168 349 222 0 999
180 231 41 189 0 1199
44 197 200 229 0 1399
275 369 221 494 0 1799
168 38 327 67 0 799
380 118 348 274 0 1599
367 176 221 143 0 1999
11 22 96 116 0 799
255 79 241 246 0 599
307 31 368 157 0 1399
165 20 273 97 0 399
255 260 247 85 0 1599
141 166 196 300 0 1999
296 285 231 162 0 1799
309 251 275 102 0 1799
205 414 367 438 0 1399
10 6 49 150 0 199
116 71 293 81 0 399
136 61 200 182 0 399
6 5 164 35 0 199
381 159 347 5 0 1999
288 383 228 254 0 1999
461 89 355 164 0 999
313 310 468 343 0 1799
15 1 62 137 0 199
325 15 213 86 0 1799
200 259 109 171 0 1999
102 209 140 60 0 1199
175 57 222 194 0 799
57 52 147 151 0 1999
121 57 280 32 0 1199
99 288 262 304 0 1999
361 280 193 297 0 1199
156 274 299 317 0 1599
256 210 358 287 0 1799
112 65 252 110 0 1199
6 10 76 123 0 199
103 82 247 123 0 399
207 258 108 342 0 799
158 98 327 83 0 799
280 262 328 400 0 1999
119 131 286 152 0 1999
362 255 181 247 0 1599
188 31 118 147 0 1399
467 29 366 111 0 1799
157 62 119 203 0 399
250 173 337 273 0 799
39 159 107 39 0 399
107 29 285 40 0 599
355 112 306 250 0 799
174 9 3 19 0 399
244 56 294 185 0 999
51 176 145 263 0 799
348 31 490 77 0 999
201 162 314 235 0 599
35 205 58 41 0 1399
242 269 64 270 0 799
10 173 82 284 0 399
350 188 391 40 0 1799
318 199 295 34 0 1399
168 177 354 175 0 1399
357 162 281 52 0 999
186 281 353 269 0 1199
303 440 263 294 0 1399
23 243 123 328 0 1799
132 325 314 330 0 1999
483 49 466 215 0 1399
317 61 207 136 0 999
35 175 217 171 0 399
476 92 379 178 0 1799
27 350 109 452 0 599
50 265 141 168 0 999
414 468 251 448 0 1399
0 12 14 185 0 199
244 144 381 194 0 599
110 290 5 373 0 1599
13 1 80 119 0 199
102 261 35 140 0 999
83 235 195 308 0 599
82 105 180 14 0 799
188 2 299 70 0 999
187 114 163 279 0 1599
295 253 273 88 0 1399
267 189 215 62 0 999
71 113 196 52 0 1599
384 125 387 309 0 799
250 112 390 71 0 599
145 47 239 139 0 399
97 125 265 145 0 799
263 277 93 259 0 799
40 148 56 320 0 399
66 146 101 295 0 399
62 280 11 142 0 1399
171 75 68 160 0 1999
144 35 43 113 0 399
117 131 174 2 0 1999
48 37 104 160 0 1199
73 311 75 497 0 1999
278 227 410 279 0 1799
240 201 151 291 0 799
12 269 164 237 0 999
221 358 226 184 0 1999
199 203 367 216 0 1399
256 252 300 389 0 999
4 56 59 190 0 599
215 143 383 163 0 1599
140 230 119 68 0 599
318 51 489 68 0 599
127 56 122 234 0 399
238 323 277 173 0 799
49 166 156 242 0 399
433 206 357 99 0 1999
261 470 174 378 0 1199
175 194 347 208 0 599
337 277 224 204 0 1999
2 9 133 66 0 199
189 313 125 198 0 999
154 475 301 443 0 1599
256 40 258 221 0 599
152 27 144 198 0 399
83 232 169 134 0 1399
157 421 112 278 0 799
167 378 77 477 0 1999
334 162 263 49 0 1599
365 12 474 90 0 1999
282 239 275 67 0 1999
250 135 117 80 0 599
93 99 240 58 0 399
350 160 329 327 0 1999
281 254 350 372 0 799
134 53 183 189 0 399
238 168 79 193 0 1199
74 201 26 63 0 1399
251 211 228 367 0 1799
40 139 176 182 0 399
289 164 151 213 0 1599
16 70 56 219 0 1799
137 380 215 487 0 1199
19 162 21 345 0 799
28 153 102 260 0 399
15 5 113 86 0 199
173 241 255 345 0 1199
158 204 179 368 0 1799
401 130 394 302 0 1199
268 223 213 353 0 799
461 150 378 246 0 1999
75 99 9 221 0 1999
88 115 222 70 0 399
228 65 372 21 0 599
11 3 110 89 0 199
241 156 229 332 0 599
43 96 224 101 0 1799
93 103 183 198 0 599
47 122 131 217 0 1599
121 215 53 96 0 1799
272 253 265 434 0 1799
4 8 153 46 0 199
17 172 108 74 0 399
47 203 229 204 0 1399
247 229 115 285 0 1199
202 151 371 134 0 599
124 90 255 37 0 399
282 271 177 197 0 1599
173 284 52 342 0 1999
10 313 11 496 0 999
176 353 247 245 0 1599
128 55 166 201 0 1399
317 335 194 275 0 1399
10 4 28 171 0 199
328 298 311 470 0 1399
270 238 154 168 0 1999
264 64 417 29 0 1199
202 307 100 220 0 799
98 107 273 117 0 399
278 194 236 47 0 1799
272 127 206 247 0 599
7 5 127 72 0 199
481 297 461 464 0 1799
92 107 87 285 0 399
204 127 323 63 0 799
79 117 166 218 0 399
493 58 486 230 0 1199
491 220 430 97 0 1399
383 390 394 214 0 1999
93 94 88 276 0 399
302 98 172 152 0 1199
38 180 189 148 0 999
173 434 261 341 0 799
6 259 52 399 0 599
369 243 296 351 0 999
53 249 89 106 0 999
198 465 31 447 0 1999
1 183 93 276 0 1799
294 268 467 279 0 1199
52 132 107 3 0 399
112 231 60 363 0 599
350 490 405 364 0 1799
3 17 33 166 0 199
13 3 36 163 0 199
15 171 139 109 0 399
184 253 184 441 0 999
327 69 383 201 0 799
294 190 272 31 0 999
119 416 220 330 0 1599
237 272 138 186 0 1999
92 123 222 70 0 399
60 200 173 274 0 999
105 83 11 177 0 399
1 9 159 40 0 199
361 27 454 115 0 1799
494 149 490 332 0 1999
77 209 199 266 0 999
290 279 194 367 0 1399
297 271 194 356 0 1599
90 94 270 86 0 1199
102 106 246 147 0 1799
11 282 112 198 0 1199
107 466 66 319 0 1799
268 472 130 429 0 1799
5 224 38 76 0 799
250 220 431 223 0 1199
180 44 56 104 0 1199
371 36 469 121 0 1199
96 197 270 190 0 799
152 9 184 166 0 1199
211 88 196 260 0 1999
1 9 112 87 0 199
351 103 171 95 0 1199
56 130 167 55 0 399
207 352 250 492 0 799
259 483 311 354 0 999
174 287 304 343 0 1399
475 347 382 261 0 1399
398 141 291 220 0 999
192 144 198 324 0 799
288 84 348 213 0 1799
307 158 383 271 0 1199
170 292 156 459 0 1799
236 134 219 304 0 599
104 82 17 181 0 399
224 362 350 424 0 1999
2 122 153 90 0 1399
4 9 152 47 0 199
364 255 313 389 0 1199
8 3 169 30 0 199
10 1 115 84 0 199
483 26 422 152 0 1199
221 200 284 326 0 1199
235 140 137 230 0 599
1 10 93 106 0 199
320 289 232 384 0 1599
247 210 169 101 0 1599
63 26 184 94 0 799
72 124 181 44 0 1799
80 19 252 2 0 1999
11 4 128 71 0 199
9 2 26 173 0 199
54 155 159 233 0 399
8 2 178 21 0 199
312 156 383 46 0 999
278 345 144 292 0 1999
160 234 329 249 0 1599
166 30 14 64 0 399
285 167 250 311 0 1399
262 129 323 247 0 1199
145 49 217 161 0 1999
327 242 311 415 0 799
145 390 1 346 0 999
213 133 335 72 0 599
37 203 85 339 0 1599
223 166 258 319 0 599
133 136 28 53 0 599
142 268 102 125 0 999
168 248 86 352 0 1999
331 80 465 134 0 999
183 486 27 463 0 1199
373 337 252 403 0 999
59 182 154 268 0 1199
268 104 274 281 0 1799
6 6 190 9 0 199
182 156 144 297 0 599
319 436 275 294 0 1799
323 189 495 201 0 799
288 432 232 309 0 1399
260 324 249 497 0 799
325 52 303 218 0 599
191 68 133 198 0 999
172 42 200 198 0 399
192 147 213 311 0 799
26 115 89 240 0 1799
337 353 207 304 0 999
358 2 374 170 0 1999
340 280 248 372 0 1999
274 29 178 118 0 1199
148 220 88 101 0 599
280 317 366 418 0 799
360 464 199 489 0 1599
423 216 383 68 0 1399
10 6 82 117 0 199
161 167 97 43 0 799
40 334 111 442 0 1799
61 345 151 443 0 1599
84 108 186 194 0 399
287 178 287 366 0 1399
352 311 299 446 0 1399
6 7 88 111 0 199
5 6 50 149 0 199
224 138 258 285 0 1399
106 3 69 154 0 599
81 162 83 339 0 799
83 325 266 327 0 999
274 322 117 293 0 1199
123 284 15 360 0 1399
496 207 440 77 0 1399
105 84 21 189 0 399
191 277 282 372 0 799
3 15 59 140 0 199
50 279 32 450 0 1999
218 159 186 315 0 599
116 23 255 65 0 799
223 15 207 183 0 1999
62 495 26 348 0 1199
369 217 260 142 0 1199
420 384 243 386 0 1799
261 212 304 72 0 799
56 161 57 341 0 399
295 69 464 59 0 599
174 388 278 468 0 799
1 10 129 70 0 199
212 274 274 148 0 799
446 200 271 208 0 1399
175 38 1 27 0 399
327 32 168 61 0 599
50 347 80 190 0 1999
174 31 43 83 0 1599
331 46 213 112 0 599
375 167 439 43 0 1599
143 300 39 216 0 1399
271 323 161 249 0 1199
288 181 142 224 0 799
127 54 143 219 0 399
3 11 53 146 0 199
111 163 201 64 0 1799
71 233 26 89 0 599
312 269 386 380 0 799
225 322 131 407 0 1599
330 120 308 283 0 999
4 178 113 253 0 399
160 334 330 353 0 999
7 154 39 5 0 799
131 355 263 411 0 799
352 223 474 164 0 1999
156 281 121 132 0 1399
147 48 284 6 0 399
101 25 70 173 0 599
173 200 178 381 0 999
9 11 158 41 0 199
381 126 306 232 0 1599
149 65 188 210 0 399
99 139 205 220 0 599
241 312 214 472 0 1599
64 156 229 135 0 799
456 138 336 206 0 1999
231 306 136 394 0 799
450 360 284 382 0 1599
7 9 40 159 0 199
147 415 230 314 0 799
298 449 480 451 0 1399
133 163 65 50 0 1799
147 256 158 83 0 599
130 296 17 371 0 799
8 2 100 99 0 199
293 17 223 126 0 999
275 96 361 199 0 1599
313 260 309 76 0 1799
253 489 245 318 0 1799
372 190 222 152 0 1999
322 109 238 214 0 1599
318 489 386 372 0 1199
148 424 277 367 0 1999
298 86 207 182 0 1799
31 188 79 48 0 599
71 74 182 6 0 1199
285 163 261 327 0 1599
207 158 337 99 0 799
316 346 426 419 0 1399
124 220 130 398 0 1999
124 102 233 178 0 599
21 159 165 119 0 1599
178 14 28 51 0 599
71 357 207 304 0 999
197 4 203 187 0 799
143 259 18 313 0 599
197 245 197 61 0 1599
11 4 117 82 0 199
256 408 331 298 0 999
157 298 251 209 0 1999
234 69 258 229 0 599
215 263 41 248 0 1399
372 187 220 218 0 799
441 82 488 222 0 1199
126 89 182 216 0 399
349 316 314 163 0 1399
69 84 195 27 0 799
245 268 183 390 0 1799
186 398 33 433 0 1999
331 190 348 24 0 1999
191 12 227 165 0 399
296 91 295 275 0 799
104 46 245 88 0 599
332 368 329 183 0 1999
487 283 432 416 0 1999
392 231 250 187 0 1399
147 56 250 140 0 1999
100 362 62 219 0 1399
67 401 211 361 0 1999
313 123 398 21 0 999
497 295 341 327 0 1599
102 65 179 174 0 1799
388 409 444 279 0 1399
15 5 172 27 0 199
4 6 155 44 0 199
268 108 164 31 0 999
415 151 348 268 0 1599
5 13 102 97 0 199
261 454 156 372 0 1599
463 74 334 134 0 1599
203 392 142 266 0 799
367 319 309 190 0 1399
165 20 288 76 0 399
4 12 12 187 0 199
0 16 150 49 0 199
368 324 284 223 0 999
322 294 174 333 0 1399
0 15 82 117 0 199
3 17 35 164 0 199
110 205 260 168 0 1199
81 104 216 154 0 399
275 158 374 248 0 1999
353 123 356 308 0 799
240 460 304 337 0 1399
158 453 74 348 0 1599
162 379 42 313 0 1399
297 457 202 369 0 1399
284 294 223 176 0 1799
308 105 140 92 0 1199
484 81 430 215 0 1399
299 249 228 135 0 1399
141 305 322 297 0 1799
303 313 223 204 0 1799
23 131 170 171 0 1799
162 133 212 266 0 799
69 144 228 164 0 399
188 475 108 368 0 1999
257 392 423 371 0 1999
163 283 40 348 0 1599
6 4 128 71 0 199
147 73 19 131 0 1599
294 77 262 233 0 599
291 481 281 302 0 1799
127 223 273 266 0 999
240 396 219 229 0 1199
262 180 186 287 0 1799
26 184 95 65 0 399
159 117 331 104 0 999
187 308 367 311 0 799
350 135 204 175 0 1799
94 98 59 247 0 399
143 406 187 269 0 1999
331 247 325 74 0 999
347 199 476 140 0 1599
303 197 251 333 0 1199
252 439 68 435 0 1799
333 3 339 181 0 1599
307 56 451 98 0 1799
136 200 304 180 0 1199
205 174 168 325 0 599
302 190 310 361 0 1399
51 151 213 177 0 799
180 162 180 347 0 599
132 493 0 446 0 1199
180 219 164 51 0 599
394 451 241 415 0 1999
297 91 182 161 0 599
417 94 346 211 0 1799
280 364 146 419 0 999
213 248 384 232 0 799
86 103 172 8 0 399
156 213 40 285 0 1399
130 269 127 93 0 1999
142 178 97 317 0 799
3 17 52 147 0 199
83 434 119 285 0 1599
342 407 183 381 0 1599
230 307 123 231 0 1999
276 355 123 387 0 1599
87 122 243 155 0 399
146 337 101 477 0 1599
8 8 135 64 0 199
477 56 342 8 0 1999
171 235 177 410 0 999
334 348 330 164 0 1599
162 382 338 389 0 1799
378 139 204 124 0 1599
22 393 104 294 0 799
166 64 162 247 0 1399
224 82 371 116 0 1399
3 9 100 99 0 199
234 175 365 232 0 599
358 226 430 112 0 799
145 64 252 144 0 399
91 128 72 297 0 599
69 425 101 272 0 999
116 499 280 484 0 1199
124 285 185 158 0 999
267 108 368 21 0 1799
235 134 128 215 0 1399
253 428 305 292 0 1799
106 190 212 269 0 599
203 252 189 427 0 1599
133 439 239 360 0 1799
142 28 305 12 0 999
181 189 209 33 0 1599
82 106 204 172 0 399
118 26 301 22 0 599
231 314 408 316 0 799
94 269 93 81 0 1199
145 380 108 234 0 1199
413 157 495 53 0 1199
432 35 495 158 0 999
118 92 134 264 0 399
50 271 212 288 0 1199
60 433 188 494 0 1999
4 76 5 263 0 1599
106 178 123 342 0 999
117 180 245 239 0 1999
210 238 57 266 0 1799
170 40 70 128 0 399
15 1 169 30 0 199
57 85 224 68 0 1999
140 349 224 247 0 999
101 393 168 274 0 1599
22 154 158 201 0 599
81 114 245 89 0 399
181 94 257 206 0 599
21 182 93 293 0 799
83 321 128 187 0 599
183 138 98 232 0 1599
283 78 394 3 0 599
57 149 129 37 0 399
145 183 50 276 0 1199
236 142 365 85 0 1999
20 288 162 247 0 1399
287 458 229 332 0 1799
455 202 295 177 0 1999
281 222 239 367 0 1999
157 230 289 286 0 599
350 195 313 53 0 1599
117 80 100 248 0 799
209 161 363 188 0 999
211 244 240 89 0 999
19 74 26 256 0 1599
24 99 92 218 0 1999
358 295 257 209 0 1599
315 150 265 289 0 1199
41 235 100 364 0 1199
10 2 0 179 0 199
379 185 345 30 0 1799
217 65 49 44 0 599
165 213 115 342 0 1799
304 214 273 364 0 1399
84 309 109 146 0 1799
166 345 232 467 0 1399
294 97 281 265 0 799
237 126 173 6 0 599
84 177 263 173 0 1199
381 45 228 14 0 1199
226 336 242 169 0 1399
90 240 4 339 0 1799
55 184 35 20 0 1399
49 334 214 315 0 1399
134 397 62 280 0 1999
12 275 134 342 0 799
361 293 494 348 0 1199
403 260 268 208 0 1999
51 461 34 299 0 1799
254 297 245 467 0 1199
198 224 118 328 0 1199
10 8 129 70 0 199
63 84 166 2 0 1599
4 11 41 158 0 199
80 133 17 11 0 399
236 242 309 130 0 1399
34 152 187 183 0 399
59 117 200 70 0 799
151 136 163 305 0 1599
5 15 107 92 0 199
0 15 103 96 0 199
125 343 93 189 0 1599
359 238 193 225 0 1199
267 191 418 158 0 1999
153 434 336 438 0 1599
70 181 152 282 0 1999
109 403 26 299 0 1799
163 281 61 366 0 1799
310 240 336 397 0 1799
98 329 249 362 0 1799
84 126 252 137 0 1799
130 100 310 109 0 1399
17 264 44 110 0 799
187 60 107 161 0 799
297 92 231 210 0 599
61 69 225 88 0 1399
9 6 58 141 0 199
264 198 311 340 0 1399
166 0 79 97 0 1199
112 105 72 246 0 399
169 46 16 16 0 399
220 102 220 291 0 599
226 296 95 353 0 799
156 40 202 178 0 399
264 259 447 254 0 999
0 11 100 99 0 199
103 351 211 272 0 999
385 144 291 51 0 1999
161 84 212 222 0 1199
16 2 112 87 0 199
219 240 136 346 0 1199
132 184 269 236 0 599
158 385 167 207 0 799
184 117 256 5 0 1799
12 52 131 122 0 999
220 197 102 126 0 1999
456 174 397 49 0 1599
111 239 251 284 0 1799
335 200 184 172 0 799
277 135 314 282 0 1199
377 160 345 315 0 1599
42 146 44 332 0 399
328 197 468 150 0 1199
440 17 468 176 0 1999
194 224 70 286 0 1199
148 152 100 15 0 1399
151 41 71 147 0 399
176 123 290 188 0 799
108 97 169 223 0 399
318 59 363 199 0 799
429 282 371 153 0 1999
324 333 371 192 0 1399
12 2 188 11 0 199
39 339 127 239 0 1999
142 351 183 204 0 1399
226 145 104 207 0 999
234 19 242 198 0 1599
174 231 338 253 0 599
266 393 448 391 0 1799
316 232 464 265 0 1399
52 143 160 70 0 399
384 104 490 186 0 1199
293 402 401 473 0 1999
459 291 314 257 0 1799
46 52 137 149 0 799
17 474 22 291 0 1799
1 12 161 38 0 199
254 303 126 358 0 1999
168 268 135 113 0 1199
247 114 423 122 0 599
173 21 268 114 0 399
135 70 298 54 0 799
312 98 395 204 0 1399
3 12 99 100 0 199
191 460 281 361 0 1999
428 158 337 62 0 1399
262 201 218 336 0 1999
149 117 320 109 0 599
44 365 138 459 0 599
17 174 119 91 0 399
48 165 75 323 0 399
182 161 298 224 0 1199
394 127 475 231 0 799
487 228 418 343 0 999
414 336 237 325 0 1199
178 105 252 216 0 1599
414 140 247 124 0 1799
364 190 298 69 0 999
129 82 29 169 0 399
185 25 149 177 0 399
138 41 211 147 0 399
189 217 112 107 0 599
168 411 149 247 0 1599
72 158 109 302 0 1799
73 61 192 126 0 1199
241 129 352 197 0 599
129 79 69 203 0 399
78 338 216 289 0 999
240 122 253 293 0 1999
47 43 117 152 0 599
134 83 13 143 0 399
55 429 103 288 0 1399
77 64 96 226 0 799
281 69 153 127 0 1999
375 14 451 121 0 799
422 109 311 39 0 799
116 67 64 198 0 399
436 419 347 323 0 1599
142 65 181 213 0 399
192 406 175 242 0 1799
164 183 315 217 0 1999
335 224 324 48 0 1599
43 299 147 380 0 599
397 329 465 208 0 999
266 321 406 272 0 1199
6 5 85 114 0 199
361 268 388 106 0 1999
312 404 139 418 0 1399
395 404 317 294 0 1799
88 78 100 254 0 1599
133 56 276 16 0 399
281 10 100 17 0 599
135 352 92 214 0 1599
413 483 272 443 0 1799
219 107 185 260 0 999
95 127 225 78 0 599
309 223 435 161 0 1999
356 315 257 226 0 1799
216 176 386 163 0 599
9 11 125 74 0 199
80 143 180 55 0 1399
268 121 348 13 0 599
269 228 189 120 0 999
100 91 99 275 0 1199
178 19 10 40 0 399
416 162 235 165 0 1999
116 99 172 226 0 399
9 10 158 47 0 599
4 12 81 118 0 199
10 4 98 101 0 199
103 106 190 14 0 399
83 136 238 160 0 399
146 322 30 395 0 1799
96 433 242 400 0 1199
257 71 259 248 0 599
406 135 306 49 0 999
37 88 177 135 0 799
146 195 82 314 0 1599
157 251 325 238 0 599
17 170 13 351 0 399
360 405 252 327 0 1399
130 451 315 449 0 1599
165 109 274 188 0 1599
39 215 163 151 0 1599
246 91 109 142 0 599
169 17 345 27 0 399
384 451 478 362 0 1599
28 411 194 431 0 1799
110 113 85 267 0 1199
128 51 136 222 0 399
22 191 164 148 0 399
218 354 141 248 0 1799
0 11 162 37 0 199
9 9 91 108 0 199
375 285 242 333 0 1399
0 10 137 62 0 199
165 40 220 174 0 399
440 210 291 246 0 1799
90 338 67 494 0 999
171 329 203 175 0 799
462 226 370 130 0 1999
99 90 267 107 0 799
335 329 393 460 0 1799
0 14 132 67 0 199
368 146 402 300 0 1599
306 226 423 157 0 1999
173 178 38 127 0 1399
11 9 34 165 0 199
161 225 175 394 0 999
171 264 84 170 0 1599
117 38 59 166 0 599
15 3 136 63 0 199
167 431 167 245 0 799
98 119 212 52 0 399
329 70 481 35 0 1199
408 145 336 36 0 1599
227 95 244 262 0 1999
104 108 72 265 0 1799
65 276 126 156 0 1999
232 79 356 20 0 1599
184 175 233 41 0 799
250 323 287 171 0 1999
404 247 373 93 0 1599
169 85 161 256 0 1799
260 254 267 73 0 799
0 15 173 26 0 199
99 109 16 4 0 399
304 367 119 370 0 1799
7 11 49 150 0 199
122 360 6 290 0 1199
87 116 31 243 0 399
40 236 188 271 0 599
63 136 245 139 0 399
303 472 403 386 0 1799
10 8 74 125 0 199
121 159 104 330 0 1199
84 263 169 160 0 999
10 5 89 110 0 199
176 226 31 190 0 599
338 276 293 416 0 1399
19 65 127 140 0 1799
206 21 364 42 0 799
273 407 337 282 0 1399
155 315 250 405 0 1399
322 296 209 221 0 1199
1 9 113 86 0 199
7 7 24 175 0 199
252 277 147 201 0 1599
148 345 295 306 0 1399
485 342 432 470 0 1999
193 335 100 240 0 1599
187 22 266 128 0 399
145 391 293 351 0 799
197 43 96 128 0 799
119 68 277 42 0 1399
11 3 186 13 0 199
190 38 91 122 0 999
288 409 457 395 0 1599
86 111 196 186 0 1999
315 469 231 370 0 1799
278 406 149 350 0 1799
136 230 170 76 0 1999
305 59 255 194 0 999
84 324 80 140 0 1199
225 176 301 73 0 1199
0 141 60 14 0 1599
161 49 273 125 0 399
8 6 21 178 0 199
136 365 30 444 0 1999
250 83 223 245 0 1999
198 81 178 248 0 799
202 147 233 302 0 599
103 108 286 104 0 399
99 133 77 296 0 1799
141 133 298 162 0 1199
215 297 56 326 0 1199
181 208 76 291 0 999
111 99 221 21 0 399
230 81 68 58 0 1999
217 361 322 278 0 1199
214 325 300 424 0 1199
97 363 265 347 0 1199
59 153 18 295 0 999
98 224 172 115 0 1799
90 344 141 479 0 1199
5 6 147 52 0 199
183 153 201 320 0 1399
109 254 277 241 0 1199
78 300 23 434 0 599
409 162 360 32 0 1599
88 254 76 83 0 1399
233 168 233 357 0 1199
185 3 308 63 0 599
187 45 292 123 0 1399
10 3 62 137 0 199
329 298 213 229 0 1999
141 209 287 167 0 1199
134 159 56 54 0 799
196 121 194 303 0 599
48 265 166 335 0 1399
246 115 324 12 0 1999
243 443 387 482 0 1799
198 187 379 184 0 1399
191 196 54 145 0 599
269 141 451 139 0 799
143 147 323 140 0 599
13 7 155 44 0 199
494 0 323 10 0 1799
259 345 399 302 0 999
157 310 37 241 0 1999
85 103 189 187 0 399
101 114 242 156 0 399
371 338 374 160 0 1599
163 301 173 470 0 999
396 301 430 453 0 1799
31 152 172 194 0 399
307 33 398 128 0 1199
314 145 446 90 0 1599
364 418 184 414 0 1599
68 268 224 295 0 599
241 21 381 60 0 999
223 194 135 285 0 1199
125 66 240 134 0 399
5 6 179 20 0 199
340 94 321 259 0 1199
316 268 253 390 0 1399
167 172 48 237 0 1799
163 24 243 129 0 399
214 233 232 67 0 1399
46 168 151 89 0 399
206 255 291 161 0 1599
248 96 311 218 0 1799
198 189 300 103 0 599
162 51 159 231 0 399
184 35 137 167 0 399
276 462 106 471 0 1799
181 13 110 128 0 399
94 144 255 169 0 1199
221 184 208 359 0 599
169 335 153 163 0 799
308 379 123 381 0 1199
0 18 156 43 0 199
165 30 211 169 0 399
148 409 74 297 0 999
12 8 179 20 0 199
132 62 297 85 0 399
190 79 316 136 0 1599
111 101 68 244 0 399
17 1 99 100 0 199
1 10 123 76 0 199
305 407 359 272 0 1799
2 14 100 99 0 199
244 364 78 386 0 1199
353 387 461 307 0 1599
104 102 192 198 0 1599
64 115 214 144 0 399
149 103 300 138 0 1599
324 122 272 249 0 1799
122 262 111 88 0 999
269 225 217 89 0 1999
115 81 65 215 0 399
294 205 225 320 0 1799
82 67 201 132 0 1799
196 462 114 365 0 999
314 334 278 484 0 1599
330 202 444 129 0 1399
82 135 221 177 0 399
8 181 112 96 0 399
113 146 220 224 0 1999
364 259 339 413 0 1999
221 281 132 381 0 1799
153 53 63 151 0 399
3 11 4 195 0 199
13 1 184 15 0 199
254 323 364 400 0 1999
6 12 139 60 0 199
11 2 176 23 0 199
119 72 171 201 0 799
28 347 8 183 0 599
359 219 188 209 0 1799
267 253 107 279 0 1599
187 30 292 106 0 399
354 320 445 415 0 1199
433 83 318 151 0 1399
260 133 132 72 0 1199
348 203 168 204 0 1199
275 128 130 94 0 1999
80 251 158 141 0 1799
152 32 98 162 0 1599
141 47 322 54 0 399
36 282 217 285 0 799
418 309 411 490 0 1799
8 5 153 46 0 199
317 239 337 74 0 999
353 34 386 185 0 999
255 147 349 60 0 1799
446 187 423 353 0 1599
5 8 37 162 0 199
321 391 484 366 0 1199
12 218 91 325 0 1599
90 104 113 269 0 399
276 191 185 93 0 1599
393 83 337 215 0 1999
201 166 247 308 0 999
351 24 189 1 0 799
232 62 319 162 0 1399
85 265 69 97 0 1599
261 127 194 5 0 599
386 357 369 190 0 1399
80 47 194 112 0 1999
15 195 109 289 0 399
355 156 482 95 0 1399
116 413 189 299 0 1599
107 291 250 333 0 999
232 335 319 243 0 1199
212 163 183 322 0 599
61 263 182 205 0 1399
131 365 172 217 0 1399
302 415 476 420 0 1199
406 207 260 244 0 799
483 277 429 407 0 1599
183 30 41 73 0 399
276 157 324 26 0 799
205 226 152 93 0 1399
9 3 0 181 0 199
212 391 270 265 0 1799
204 110 278 224 0 799
13 321 142 378 0 1199
82 344 187 260 0 1799
285 101 209 210 0 1799
137 67 260 4 0 399
99 88 223 26 0 999
2 12 48 151 0 199
55 154 150 68 0 399
302 412 305 227 0 1599
323 142 352 300 0 1999
0 10 171 28 0 199
233 314 303 199 0 799
28 164 175 127 0 399
296 400 169 341 0 1199
252 354 281 197 0 1199
160 471 348 470 0 1999
197 171 204 352 0 799
286 474 279 297 0 1599
128 456 80 316 0 1199
189 77 217 235 0 799
101 147 236 98 0 1599
50 217 225 206 0 599
11 7 105 94 0 199
9 1 50 149 0 199
4 10 170 29 0 199
466 416 359 334 0 1799
295 84 167 28 0 599
171 197 216 333 0 599
194 71 85 151 0 1199
166 31 111 155 0 1199
267 117 211 246 0 599
93 142 256 167 0 1799
227 380 224 198 0 1999
376 233 424 368 0 1599
55 326 163 397 0 1599
121 249 156 97 0 599
121 51 210 147 0 1399
187 301 355 286 0 1399
332 59 493 39 0 1999
197 4 174 168 0 399
233 155 300 271 0 599
184 317 39 355 0 1999
221 253 318 337 0 1799
210 282 138 168 0 1199
10 5 191 2 0 199
29 440 179 411 0 1599
172 334 347 323 0 799
14 6 81 118 0 199
265 295 390 358 0 1199
113 188 270 157 0 1399
313 254 392 363 0 999
241 327 375 275 0 1599
269 406 221 271 0 1999
120 236 261 191 0 1599
1 14 163 36 0 199
102 278 227 222 0 999
45 54 131 154 0 999
208 133 225 299 0 1199
189 52 135 185 0 1199
481 158 338 113 0 1399
253 327 126 386 0 1199
229 301 165 416 0 1799
230 182 307 76 0 1799
116 457 150 306 0 1599
24 185 124 274 0 399
220 264 134 363 0 1799
139 258 304 280 0 1999
11 3 134 65 0 199
118 170 81 318 0 599
137 252 157 418 0 1399
16 159 106 248 0 399
260 306 260 118 0 799
10 1 74 125 0 199
3 15 27 172 0 199
153 183 68 286 0 1999
2 8 82 117 0 199
214 277 40 268 0 1199
239 282 307 402 0 999
455 76 292 51 0 1399
380 321 388 140 0 1599
74 268 235 243 0 1599
271 204 304 360 0 1199
253 88 231 249 0 1999
320 13 243 123 0 799
59 129 222 104 0 399
282 148 168 223 0 1399
343 165 179 180 0 1799
460 13 428 162 0 1999
143 325 317 338 0 999
14 370 23 198 0 1399
270 116 89 108 0 599
218 64 297 170 0 1799
323 159 466 202 0 1599
249 73 427 62 0 1399
76 115 244 94 0 399
356 143 267 241 0 1199
134 41 230 132 0 1199
235 431 336 347 0 1399
398 423 264 368 0 1199
249 139 288 289 0 599
388 444 263 381 0 1599
267 200 424 226 0 1199
240 440 150 349 0 1799
5 10 185 6 0 199
42 171 38 352 0 399
259 233 273 64 0 1799
44 159 145 71 0 399
456 250 313 210 0 1399
9 4 193 2 0 199
367 131 196 113 0 1399
115 99 151 244 0 999
218 128 197 293 0 1599
160 423 125 275 0 1199
42 155 87 293 0 399
321 95 235 194 0 999
428 354 308 285 0 1799
0 10 132 67 0 199
428 375 385 237 0 1999
487 71 360 10 0 1999
366 326 304 452 0 1199
218 97 313 190 0 999
241 403 239 219 0 1599
366 42 496 100 0 1999
13 1 93 106 0 199
460 52 415 193 0 1599
312 232 177 181 0 1599
366 315 286 414 0 1199
53 409 171 338 0 999
195 190 180 21 0 599
206 208 292 105 0 1399
9 6 152 47 0 199
315 229 342 389 0 999
272 95 318 238 0 1599
441 328 457 161 0 1999
272 255 238 106 0 1999
138 264 157 432 0 599
45 215 133 116 0 599
8 10 168 31 0 199
220 138 348 87 0 599
306 307 493 308 0 1799
377 295 473 212 0 1799
192 111 236 246 0 1199
280 369 103 379 0 1999
455 396 348 474 0 1599
2 18 69 130 0 199
456 169 492 320 0 1599
312 476 212 390 0 1199
306 210 232 315 0 1399
1 19 73 126 0 199
160 34 25 87 0 399
24 178 93 63 0 399
43 341 51 166 0 599
236 283 379 328 0 1399
310 414 279 261 0 1199
396 49 365 205 0 799
8 468 75 347 0 1199
239 204 109 155 0 799
288 84 226 211 0 599
8 2 101 98 0 199
172 228 297 292 0 999
259 361 215 217 0 1999
384 370 251 424 0 1799
456 262 371 166 0 1399
127 216 173 356 0 1799
272 48 223 188 0 599
6 326 65 450 0 1799
279 177 139 221 0 799
161 40 303 83 0 399
23 116 78 250 0 1999
217 353 107 430 0 1399
118 284 78 432 0 799
396 347 264 396 0 1599
278 249 260 79 0 1799
2 12 173 26 0 199
150 237 7 282 0 1399
453 56 464 234 0 1599
391 426 358 274 0 1599
128 381 243 445 0 799
324 405 358 251 0 1799
147 145 115 294 0 1399
114 283 47 163 0 1599
34 165 183 130 0 1799
229 349 342 420 0 799
2 11 141 58 0 199
465 190 339 135 0 1199
309 103 359 240 0 999
415 408 257 382 0 1799
384 192 318 314 0 799
270 329 178 242 0 1599
222 93 171 228 0 999
96 197 42 324 0 1199
274 232 155 164 0 1799
235 313 267 160 0 1799
492 318 357 371 0 1999
355 118 246 48 0 1199
11 1 163 36 0 199
135 311 157 474 0 999
294 400 122 413 0 1399
158 251 247 154 0 1799
125 85 18 166 0 399
246 249 175 367 0 799
93 116 79 288 0 1399
186 45 303 114 0 999
155 32 246 125 0 599
22 380 56 229 0 1799
82 174 54 21 0 599
149 24 149 213 0 799
292 345 394 259 0 999
411 130 246 107 0 1399
210 201 306 286 0 1599
358 177 432 289 0 999
117 92 94 254 0 399
280 83 280 271 0 599
237 342 390 312 0 1199
9 7 48 151 0 199
257 161 186 269 0 599
153 110 167 279 0 799
11 7 51 148 0 199
260 232 122 280 0 1999
178 33 225 173 0 399
98 83 79 245 0 399
11 5 132 67 0 199
288 204 421 259 0 1999
138 385 315 396 0 999
8 6 8 191 0 199
66 279 236 297 0 1399
452 394 336 464 0 1999
137 83 272 33 0 599
322 280 298 437 0 1399
190 226 313 163 0 1999
96 312 239 276 0 999
348 181 432 78 0 1599
306 171 202 248 0 1999
7 5 134 65 0 199
230 112 358 52 0 1999
4 7 125 74 0 199
217 53 69 93 0 1199
71 144 67 323 0 399
13 171 108 82 0 399
73 134 93 301 0 399
111 255 288 246 0 1599
152 246 135 78 0 599
231 192 114 126 0 1999
16 171 26 346 0 399
128 60 280 24 0 399
205 134 226 301 0 999
181 122 60 186 0 799
42 360 40 176 0 1199
228 45 304 152 0 799
159 404 203 267 0 1999
181 230 333 264 0 599
11 367 104 275 0 1399
222 170 142 278 0 1599
6 204 190 200 0 399
121 318 276 350 0 1599
3 17 51 148 0 199
159 339 343 335 0 1599
301 103 316 269 0 999
124 305 254 363 0 999
8 3 66 133 0 199
262 38 415 2 0 1799
218 492 296 384 0 1999
271 323 306 170 0 1599
416 86 324 182 0 1599
331 232 498 211 0 999
154 192 334 195 0 999
397 200 390 376 0 1599
56 155 202 118 0 1599
131 222 115 57 0 1199
294 14 332 157 0 599
143 91 160 263 0 599
223 221 363 176 0 1799
355 186 187 199 0 1999
50 145 150 232 0 399
353 411 390 265 0 1799
204 34 99 110 0 599
108 104 161 235 0 799
150 239 330 235 0 999
330 250 223 327 0 1199
46 314 127 412 0 599
130 261 210 364 0 799
64 93 122 219 0 1399
212 245 138 140 0 1199
3 10 83 116 0 199
112 73 28 174 0 399
5 7 151 48 0 199
298 403 149 442 0 1399
58 129 200 84 0 399
350 151 251 237 0 1199
67 334 173 259 0 799
153 67 89 188 0 599
352 245 495 285 0 1199
179 285 78 372 0 1199
294 25 464 40 0 1199
186 138 258 27 0 1399
58 197 154 289 0 1799
243 102 132 25 0 599
286 261 134 230 0 1999
125 31 52 146 0 1199
11 191 132 126 0 399
447 158 315 101 0 1199
116 306 237 248 0 1799
262 314 397 367 0 1999
5 8 92 107 0 199
96 333 222 388 0 799
79 110 171 13 0 399
170 204 306 157 0 999
279 304 261 138 0 999
62 157 195 111 0 399
261 131 162 43 0 1399
256 17 231 181 0 1599
233 180 63 193 0 799
316 243 342 400 0 1999
424 67 274 38 0 1999
167 238 114 103 0 1799
47 152 19 309 0 399
336 108 165 120 0 1399
253 46 215 191 0 1999
338 485 464 424 0 1599
169 38 145 202 0 999
61 143 212 108 0 399
77 124 79 303 0 399
299 278 149 315 0 1999
8 2 195 4 0 199
53 268 136 370 0 1999
328 25 314 194 0 1599
2 194 95 289 0 399
98 211 104 29 0 999
69 178 211 141 0 1999
124 373 12 442 0 1599
336 26 310 183 0 599
157 374 330 358 0 799
342 69 386 208 0 1999
268 131 196 15 0 599
56 154 128 38 0 399
163 221 150 397 0 599
168 72 227 201 0 799
401 201 225 192 0 999
221 199 253 355 0 1199
261 352 420 323 0 1399
336 56 334 235 0 599
88 427 3 324 0 999
24 193 0 36 0 399
29 152 105 257 0 399
181 402 294 336 0 799
161 232 264 315 0 999
479 337 355 397 0 1199
8 3 86 113 0 199
49 177 119 293 0 799
176 14 222 154 0 399
410 197 376 344 0 1599
437 107 298 59 0 1799
96 77 193 166 0 599
19 1 159 40 0 199
140 60 0 108 0 399
312 156 226 63 0 999
89 203 140 340 0 1199
108 64 100 240 0 799
144 250 273 195 0 1199
450 363 463 188 0 1799
364 202 307 333 0 1599
264 101 193 218 0 1399
66 159 125 285 0 799
8 3 139 60 0 199
197 135 261 260 0 1399
33 199 45 26 0 599
279 23 463 22 0 599
55 128 237 129 0 399
424 320 340 223 0 1399
6 5 15 184 0 199
209 13 331 77 0 1599
11 7 50 149 0 199
144 292 15 346 0 1799
188 191 159 32 0 599
353 167 441 68 0 1399
430 437 262 422 0 1999
166 169 101 51 0 1999
47 155 33 327 0 399
249 324 329 423 0 1199
10 3 112 87 0 199
10 250 31 417 0 1199
209 150 50 121 0 599
271 170 107 149 0 1999
32 187 158 240 0 399
15 353 140 292 0 799
301 20 165 72 0 1799
18 2 0 163 0 199
372 202 440 83 0 999
406 287 404 473 0 1799
382 279 361 444 0 1799
384 203 246 160 0 1199
133 257 250 323 0 599
433 37 328 121 0 1799
108 28 245 75 0 799
371 337 260 261 0 1799
307 330 378 216 0 1599
56 333 215 313 0 799
241 243 426 247 0 1399
12 1 30 169 0 199
230 141 344 67 0 599
346 198 170 211 0 1399
194 26 266 138 0 799
212 369 181 215 0 1999
125 75 265 119 0 399
164 23 333 41 0 399
102 84 251 47 0 399
201 75 284 171 0 599
69 337 153 432 0 999
118 80 128 255 0 999
2 9 17 182 0 199
194 436 220 276 0 1199
301 8 439 56 0 999
5 8 88 111 0 199
9 3 75 124 0 199
153 67 195 213 0 1199
160 26 310 63 0 599
350 456 196 486 0 1999
5 231 28 392 0 1999
353 281 241 206 0 1399
2 16 119 80 0 199
100 82 87 258 0 599
146 429 203 301 0 1599
157 195 324 183 0 1799
140 167 310 150 0 799
8 12 71 128 0 199
279 55 273 230 0 1399
142 109 317 99 0 799
23 176 168 216 0 799
228 104 151 2 0 999
76 278 222 239 0 599
15 194 54 344 0 399
68 294 154 387 0 1399
338 371 167 361 0 1999
399 71 284 5 0 1799
76 126 254 120 0 399
218 258 341 323 0 1199
8 5 156 43 0 199
112 71 189 177 0 399
53 167 201 127 0 1999
169 391 119 254 0 1399
193 180 371 174 0 1399
216 165 359 201 0 1599
152 35 296 78 0 399
156 37 246 136 0 1199
245 350 330 444 0 799
195 105 119 213 0 1599
238 157 381 197 0 1599
299 282 135 306 0 999
472 237 403 349 0 1999
83 108 148 228 0 399
104 23 9 114 0 599
108 259 22 157 0 599
413 344 264 378 0 1599
214 191 109 112 0 1399
198 208 369 196 0 1399
123 289 306 285 0 999
30 457 116 354 0 1999
369 428 399 277 0 1599
279 165 360 268 0 1999
191 123 243 258 0 599
104 106 124 272 0 1999
280 476 435 443 0 1999
144 287 234 385 0 1799
232 355 345 280 0 1399
76 131 39 283 0 399
228 161 178 299 0 599
209 237 331 175 0 1199
95 408 147 272 0 999
2 11 143 56 0 199
13 78 141 133 0 1999
121 17 168 155 0 1399
152 358 324 342 0 1999
193 100 157 248 0 1399
192 23 299 104 0 599
50 58 220 39 0 999
296 99 376 207 0 599
40 230 86 367 0 1399
87 168 4 64 0 1599
22 208 97 95 0 1599
6 4 51 148 0 199
132 340 283 372 0 1399
303 27 374 145 0 1799
294 253 264 100 0 1199
4 10 170 29 0 199
236 94 259 258 0 1799
110 69 155 203 0 799
5 11 64 135 0 199
188 405 336 374 0 799
61 370 192 312 0 1199
394 137 468 23 0 1799
117 150 62 17 0 599
19 190 175 223 0 399
121 58 56 182 0 1999
10 3 131 68 0 199
220 149 296 257 0 599
23 14 77 144 0 599
87 257 47 405 0 1999
2 10 63 136 0 199
402 368 275 425 0 1199
23 363 116 455 0 1799
266 233 248 68 0 1599
306 497 426 431 0 1799
291 321 206 218 0 1199
282 471 403 403 0 1999
168 79 188 248 0 1999
338 162 152 160 0 799
116 76 303 75 0 399
310 171 485 157 0 1999
238 269 324 366 0 799
242 169 364 235 0 999
343 232 360 68 0 1999
380 272 204 260 0 1599
88 124 245 92 0 599
148 36 176 192 0 399
33 156 14 326 0 399
410 268 241 252 0 1799
150 42 126 204 0 799
400 138 255 174 0 1799
94 233 228 182 0 799
12 3 137 62 0 199
109 59 249 107 0 1599
300 134 407 52 0 999
230 247 303 355 0 1999
150 144 310 120 0 1199
260 22 180 123 0 599
115 102 214 20 0 399
387 191 365 357 0 799
389 452 268 394 0 1999
67 270 219 301 0 799
327 275 352 436 0 1999
414 346 279 298 0 1799
95 316 185 410 0 599
428 351 324 274 0 1999
207 131 377 114 0 599
105 178 145 33 0 1599
318 222 494 215 0 999
242 27 274 176 0 1199
308 308 384 418 0 1199
161 206 122 61 0 999
138 52 89 190 0 1399
219 380 203 217 0 1999
10 5 190 9 0 199
392 66 256 18 0 1599
335 344 153 351 0 1599
383 107 322 230 0 799
10 1 183 16 0 199
260 80 123 38 0 999
374 273 290 169 0 1399
258 122 204 247 0 599
183 95 277 190 0 1799
20 355 64 215 0 999
262 412 124 369 0 1399
335 50 236 130 0 1999
35 145 9 307 0 799
190 17 51 67 0 399
75 334 257 335 0 1999
204 54 179 214 0 999
94 119 124 277 0 999
121 269 137 97 0 1199
490 224 392 310 0 1599
255 93 101 64 0 599
389 283 449 404 0 1399
15 3 136 63 0 199
13 1 72 127 0 199
1 254 166 275 0 1399
67 86 224 118 0 799
210 227 147 345 0 1999
458 397 285 387 0 1599
4 10 85 114 0 199
422 242 385 90 0 1399
314 230 236 124 0 799
108 257 170 383 0 1799
444 71 454 240 0 799
177 336 122 203 0 999
92 459 263 473 0 799
198 385 193 203 0 1999
106 89 272 76 0 399
173 208 309 158 0 1399
127 256 213 354 0 599
278 349 454 361 0 1399
344 148 427 43 0 799
337 421 321 250 0 1799
315 255 320 72 0 1999
28 322 64 471 0 1799
235 109 321 209 0 799
195 426 114 322 0 1599
139 123 222 226 0 799
52 184 3 52 0 599
325 211 404 104 0 799
154 311 167 138 0 1399
180 144 322 181 0 1799
59 349 131 465 0 1199
465 58 383 159 0 1999
287 424 245 280 0 1799
338 306 253 404 0 1399
43 261 126 367 0 999
364 66 250 140 0 1599
48 163 64 0 0 399
172 53 164 226 0 1199
155 224 17 174 0 1399
7 410 103 319 0 1199
277 173 268 348 0 799
27 182 131 101 0 1999
106 240 175 125 0 1599
299 162 392 71 0 999
69 228 118 367 0 599
310 129 283 281 0 1999
151 255 197 113 0 1999
210 287 172 144 0 799
199 253 235 104 0 999
1 9 44 155 0 199
130 477 279 440 0 1399
334 402 268 285 0 1399
124 203 251 264 0 599
184 316 257 432 0 999
17 1 77 122 0 199
260 225 293 69 0 1199
95 89 181 187 0 399
346 174 435 273 0 799
33 363 219 365 0 1999
54 135 202 99 0 599
232 148 246 315 0 599
470 309 300 323 0 999
325 387 436 313 0 1399
5 130 0 308 0 799
115 160 72 303 0 1399
168 345 59 266 0 999
0 11 164 35 0 199
247 132 203 276 0 599
232 156 414 155 0 599
184 135 72 59 0 1799
192 211 124 329 0 1799
262 266 188 376 0 799
12 2 116 83 0 199
101 213 240 164 0 799
125 81 221 173 0 399
190 134 340 170 0 799
246 267 183 142 0 1799
121 99 128 280 0 1199
7 5 43 156 0 199
274 142 362 43 0 999
169 34 148 194 0 399
70 325 3 208 0 599
57 84 1 217 0 799
0 11 41 158 0 199
8 12 94 105 0 199
245 186 117 243 0 1599
208 220 185 384 0 999
339 227 303 77 0 799
127 236 288 263 0 1399
307 264 135 271 0 1599
300 146 331 300 0 999
7 4 193 2 0 199
76 337 253 348 0 1399
323 242 137 245 0 1599
154 224 272 291 0 599
146 122 189 267 0 799
299 105 373 0 0 599
6 5 127 72 0 199
314 10 280 162 0 799
125 74 200 186 0 1199
155 301 126 145 0 1799
5 5 55 144 0 199
3 7 178 21 0 199
1 13 44 155 0 199
265 361 358 271 0 999
140 77 88 204 0 799
337 334 466 280 0 1599
190 409 226 256 0 1199
272 195 317 338 0 1399
472 154 393 52 0 1799
123 351 41 452 0 1799
2 9 62 137 0 199
354 118 472 181 0 1799
221 249 259 397 0 799
149 34 317 49 0 399
48 134 230 128 0 799
220 188 285 307 0 1999
346 354 159 352 0 999
359 236 467 156 0 1399
106 103 78 262 0 399
6 5 98 101 0 199
49 356 136 256 0 1199
4 7 156 43 0 199
14 146 73 16 0 599
276 375 242 224 0 1599
42 144 196 114 0 399
257 222 422 246 0 1199
364 266 362 447 0 1799
355 4 191 23 0 799
110 385 245 332 0 999
422 10 347 119 0 1999
192 17 80 94 0 1599
19 334 164 300 0 1599
6 10 28 171 0 199
135 243 34 321 0 1399
335 231 220 303 0 999
232 148 216 315 0 599
170 181 343 170 0 1799
1 11 34 165 0 199
266 128 274 309 0 599
130 327 277 366 0 1799
293 274 136 242 0 799
6 4 157 42 0 199
363 101 469 23 0 1199
252 44 152 125 0 599
293 225 284 404 0 1999
340 204 355 378 0 1399
95 338 20 451 0 999
200 350 69 404 0 999
7 4 107 92 0 199
46 173 227 181 0 799
96 92 158 214 0 399
244 127 348 207 0 599
61 304 212 271 0 1399
58 231 101 90 0 1399
309 90 465 67 0 1599
280 219 281 405 0 1199
331 183 192 141 0 1399
10 1 162 37 0 199
50 163 190 208 0 799
274 289 257 451 0 1199
238 423 113 364 0 999
427 380 482 252 0 1999
167 42 26 82 0 399
212 164 369 136 0 1399
227 146 299 35 0 799
56 189 70 363 0 599
145 44 112 200 0 399
270 92 267 276 0 599
305 294 369 179 0 1999
61 125 154 218 0 399
160 171 69 74 0 1399
103 111 62 254 0 399
439 9 301 55 0 1599
204 223 40 247 0 999
94 95 277 89 0 399
205 162 198 340 0 1999
134 53 94 192 0 399
141 50 212 168 0 399
409 124 299 202 0 1799
250 248 78 231 0 1799
74 224 201 285 0 1999
3 7 6 193 0 199
2 209 36 64 0 399
140 255 26 324 0 1199
236 49 402 36 0 799
121 208 167 341 0 1199
212 108 35 98 0 1799
161 212 100 336 0 1199
306 387 314 214 0 1599
48 149 201 177 0 399
479 240 439 386 0 999
62 416 166 341 0 1399
349 77 336 248 0 799
203 169 123 278 0 599
298 153 414 86 0 1999
74 136 111 287 0 399
229 313 221 136 0 999
270 268 168 347 0 999
193 155 330 111 0 1399
307 205 268 353 0 1799
264 345 383 277 0 1999
10 3 33 166 0 199
117 64 46 174 0 399
91 40 203 115 0 1999
274 239 131 283 0 799
348 315 492 359 0 1799
85 111 172 212 0 399
319 292 420 208 0 799
228 492 101 438 0 1399
378 278 338 130 0 1999
134 272 248 201 0 999
97 86 225 141 0 399
258 121 290 273 0 599
351 60 178 50 0 1599
182 55 63 119 0 799
36 153 57 319 0 399
255 164 266 342 0 1199
45 318 38 497 0 599
148 294 1 252 0 999
6 5 17 182 0 199
169 212 10 185 0 999
216 275 118 358 0 1999
86 317 220 268 0 1199
50 313 193 273 0 1199
1 12 70 129 0 199
263 47 153 116 0 599
223 308 94 364 0 1999
209 177 252 37 0 599
103 365 132 210 0 1599
45 290 63 456 0 999
226 159 394 141 0 599
372 274 406 421 0 999
149 62 316 42 0 399
275 374 164 450 0 1599
436 392 466 236 0 1599
393 408 243 377 0 1199
15 3 156 43 0 199
425 227 320 147 0 1399
314 151 455 103 0 1599
322 173 145 177 0 1599
213 150 300 53 0 1399
169 27 152 198 0 399
423 386 297 324 0 1399
81 104 81 292 0 1799
221 235 332 312 0 799
337 10 297 155 0 1999
344 131 347 317 0 1199
79 122 13 245 0 399
134 39 266 94 0 799
165 376 101 496 0 1799
47 60 92 194 0 1599
351 260 450 349 0 1399
92 96 219 157 0 399
5 17 58 145 0 599
15 5 62 137 0 199
192 178 249 310 0 999
182 245 11 255 0 1599
321 197 204 127 0 1399
197 136 218 298 0 1599
80 317 153 432 0 599
46 287 54 107 0 599
130 3 254 62 0 1599
87 160 128 305 0 1799
415 235 313 317 0 1999
435 288 462 449 0 999
289 403 180 473 0 999
381 174 215 194 0 999
180 29 361 32 0 599
316 261 406 360 0 1999
210 290 337 238 0 1799
151 421 115 274 0 1799
6 7 175 24 0 199
169 30 346 20 0 399
331 162 220 88 0 799
169 40 343 45 0 799
12 3 65 134 0 199
3 8 69 130 0 199
486 254 330 223 0 1399
47 315 180 263 0 599
239 209 311 93 0 1999
367 144 185 138 0 999
0 12 133 66 0 199
376 190 458 84 0 799
5 7 4 193 0 199
6 283 53 424 0 1399
222 169 175 35 0 1999
7 3 124 75 0 199
234 465 140 375 0 1399
252 8 391 53 0 799
265 177 162 261 0 1399
107 331 49 208 0 1799
16 4 50 149 0 199
343 196 160 190 0 799
103 98 281 97 0 1599
2 9 119 80 0 199
147 191 329 198 0 1399
226 217 337 290 0 1799
174 199 120 69 0 599
19 331 176 305 0 999
88 371 160 484 0 799
231 305 163 421 0 799
75 140 153 35 0 399
480 240 467 74 0 1399
104 288 33 404 0 999
248 311 155 215 0 799
143 211 304 189 0 999
205 441 356 471 0 1399
230 264 138 359 0 1399
364 163 212 128 0 1599
10 179 37 336 0 599
3 12 137 62 0 199
2 18 88 111 0 199
88 101 255 123 0 399
320 304 269 442 0 1799
125 242 176 376 0 1199
292 111 431 160 0 1799
161 290 79 187 0 1199
176 75 50 132 0 799
193 246 49 288 0 1799
397 240 293 321 0 1999
85 430 145 301 0 1999
4 8 85 114 0 199
135 75 303 57 0 399
30 51 123 142 0 599
103 101 51 237 0 1199
264 314 313 178 0 999
166 206 219 74 0 599
291 23 120 9 0 1399
144 59 90 190 0 399
214 316 159 184 0 999
24 14 60 163 0 1799
174 7 150 164 0 399
106 202 50 75 0 1399
223 193 271 60 0 999
281 32 409 90 0 599
175 380 157 213 0 799
238 135 287 3 0 799
301 61 123 56 0 599
247 171 204 30 0 1999
13 3 164 35 0 199
442 396 440 210 0 1999
1 11 11 188 0 199
26 189 131 267 0 399
3 7 91 108 0 199
488 93 420 211 0 1399
232 96 347 25 0 799
465 200 463 16 0 1399
133 421 119 247 0 1199
410 318 454 455 0 999
189 12 282 104 0 399
295 111 166 170 0 1999
438 252 437 438 0 999
116 41 266 7 0 599
315 159 219 251 0 799
80 328 51 168 0 599
303 348 250 484 0 1999
433 207 286 243 0 1399
307 102 403 194 0 599
85 184 204 122 0 799
357 467 224 419 0 1799
241 340 202 488 0 1999
58 302 200 347 0 599
33 174 4 20 0 399
91 233 110 73 0 599
8 4 55 144 0 199
176 259 257 153 0 1999
82 363 257 373 0 1199
257 387 406 352 0 1599
483 66 390 154 0 1999
406 153 297 75 0 1999
217 225 397 218 0 1399
182 212 125 342 0 599
154 59 252 146 0 399
262 91 256 273 0 599
249 102 309 229 0 1999
10 5 85 114 0 199
237 276 115 217 0 1199
78 253 92 80 0 1999
376 118 195 116 0 1399
294 420 228 307 0 1799
346 116 364 281 0 1799
459 108 302 86 0 1599
97 231 60 82 0 1599
248 12 161 114 0 1399
21 93 61 236 0 1799
213 165 295 264 0 599
261 125 84 115 0 599
135 154 183 23 0 1199
146 373 170 209 0 999
211 43 233 206 0 999
143 318 159 155 0 1199
232 331 201 181 0 1599
315 166 199 98 0 1399
245 155 424 145 0 1799
321 117 391 235 0 1599
237 150 165 264 0 599
136 436 285 473 0 1199
7 4 52 147 0 199
288 72 327 220 0 1399
161 240 32 182 0 1199
255 155 106 192 0 1999
156 28 55 111 0 399
8 8 120 79 0 199
183 61 123 190 0 599
344 150 452 72 0 1999
245 297 249 115 0 1999
164 246 44 183 0 1799
272 487 204 367 0 1399
237 251 250 75 0 1799
239 117 242 301 0 1799
237 3 228 173 0 999
350 250 449 337 0 799
64 145 156 242 0 399
271 230 175 147 0 1599
143 34 232 131 0 1799
53 160 21 313 0 399
277 228 388 160 0 799
409 113 304 33 0 999
232 25 77 58 0 1799
256 71 77 80 0 1399
449 344 278 330 0 1599
217 258 147 371 0 799
143 224 166 385 0 599
231 369 327 280 0 1399
224 86 130 180 0 1999
31 176 119 273 0 399
12 8 120 79 0 199
236 192 305 310 0 1799
388 439 204 437 0 1799
78 99 172 194 0 1599
169 35 73 126 0 1799
262 59 341 168 0 599
209 334 49 358 0 1799
213 169 176 321 0 599
221 106 87 156 0 1399
337 82 330 263 0 999
157 407 317 379 0 1599
235 165 66 151 0 999
142 100 61 198 0 1399
348 271 206 227 0 1799
244 292 363 357 0 799
266 117 290 277 0 599
63 334 73 158 0 599
46 159 64 322 0 399
292 92 195 176 0 599
460 94 289 79 0 799
150 425 221 307 0 799
271 353 423 386 0 999
197 196 214 362 0 1599
294 267 269 429 0 1999
135 390 293 365 0 799
68 37 119 174 0 999
273 196 354 89 0 999
265 143 340 37 0 599
341 50 341 235 0 799
330 248 198 300 0 1599
7 3 102 97 0 199
55 235 187 292 0 599
139 56 45 149 0 399
122 33 25 122 0 599
222 358 96 418 0 799
191 4 208 175 0 999
373 319 241 270 0 1399
303 58 326 223 0 999
116 86 254 133 0 1399
76 120 111 264 0 999
314 379 260 245 0 999
7 4 162 37 0 199
125 324 278 294 0 1199
326 493 156 482 0 1199
379 250 227 279 0 1999
18 2 109 90 0 199
39 140 177 99 0 399
149 218 314 237 0 599
139 134 85 261 0 799
352 345 196 316 0 1599
52 203 190 162 0 799
275 98 358 203 0 1399
268 124 436 137 0 999
206 284 368 257 0 1399
418 244 327 341 0 1199
176 399 114 275 0 1799
252 150 195 282 0 599
327 255 482 226 0 1999
346 270 439 364 0 1799
51 271 63 438 0 599
297 202 412 268 0 1199
198 21 130 136 0 799
6 10 50 149 0 199
294 374 448 403 0 1799
35 208 59 365 0 799
85 138 109 300 0 1399
89 120 224 164 0 399
193 266 201 95 0 1599
100 110 246 152 0 399
189 164 80 85 0 999
21 167 59 317 0 399
197 260 82 328 0 799
106 81 288 86 0 399
362 268 392 113 0 1399
70 249 238 269 0 999
331 150 348 314 0 1199
17 193 135 123 0 399
72 399 154 302 0 1599
400 201 477 92 0 1399
177 29 326 68 0 1999
347 97 320 256 0 1199
311 267 309 444 0 1399
463 99 288 111 0 1799
147 68 122 226 0 399
222 376 141 482 0 999
189 421 184 243 0 1399
67 143 166 232 0 399
208 308 65 270 0 1799
11 4 17 182 0 199
444 268 375 150 0 999
239 93 103 145 0 799
382 40 240 1 0 1399
11 83 43 232 0 1399
129 236 264 188 0 1199
163 172 61 259 0 799
248 282 270 118 0 1599
274 116 343 235 0 799
362 223 304 96 0 799
199 289 253 159 0 799
376 440 353 275 0 1599
436 410 438 225 0 1399
150 211 210 335 0 599
10 194 65 322 0 999
266 367 142 431 0 1799
349 98 391 239 0 799
181 120 76 199 0 1399
2 13 67 132 0 199
301 301 435 353 0 1199
198 362 28 344 0 799
46 224 198 257 0 1399
96 488 178 384 0 1999
8 6 27 172 0 199
268 272 449 270 0 1399
264 76 261 258 0 1799
396 356 453 229 0 1199
8 7 117 82 0 199
254 238 138 308 0 799
477 175 323 145 0 1599
11 5 49 150 0 199
183 174 5 164 0 1799
56 321 161 405 0 1199
216 88 78 138 0 1999
147 54 175 215 0 399
161 226 54 146 0 1199
179 31 252 146 0 399
165 245 27 195 0 799
260 232 86 220 0 799
34 149 214 152 0 399
317 389 140 401 0 1799
255 217 240 390 0 1999
67 152 250 150 0 1199
80 262 231 225 0 1999
208 333 336 276 0 799
57 247 175 315 0 799
321 209 214 128 0 799
290 352 368 244 0 1999
100 105 243 147 0 399
188 219 328 173 0 599
230 289 369 243 0 799
154 277 170 105 0 1799
317 360 264 490 0 1599
156 117 196 265 0 1799
476 344 468 169 0 1399
176 137 10 114 0 1199
316 269 173 225 0 1199
306 122 168 72 0 1199
10 182 148 136 0 399
1 19 148 51 0 199
180 120 33 161 0 1199
172 14 251 121 0 399
9 4 127 72 0 199
303 413 400 325 0 1399
47 64 121 178 0 1799
382 2 421 149 0 799
200 85 291 182 0 1799
13 3 48 151 0 199
46 174 126 66 0 1199
28 169 212 172 0 399
26 491 4 328 0 799
123 44 21 123 0 799
71 201 83 28 0 999
188 152 184 332 0 799
305 240 382 138 0 799
459 285 362 199 0 1799
97 253 130 406 0 799
6 8 103 96 0 199
55 471 225 458 0 999
153 373 150 193 0 1399
54 41 227 56 0 599
346 269 188 290 0 1199
391 288 405 114 0 999
168 23 304 66 0 399
248 437 195 309 0 1999
62 73 171 152 0 1799
136 354 213 465 0 1999
242 158 97 196 0 999
0 14 141 58 0 199
53 164 77 321 0 399
183 454 266 352 0 1199
25 350 197 338 0 599
0 10 113 86 0 199
319 484 444 425 0 1399
174 359 198 202 0 1199
320 460 431 384 0 1399
473 289 381 380 0 1799
10 10 119 80 0 199
338 198 422 300 0 1599
10 318 124 391 0 599
247 334 335 431 0 799
399 65 435 216 0 1399
4 195 101 113 0 1599
177 145 64 75 0 599
342 2 385 144 0 599
152 352 84 471 0 1799
214 364 109 447 0 799
443 254 381 132 0 1799
35 158 143 79 0 399
106 78 122 246 0 399
355 206 287 89 0 1999
8 5 21 178 0 199
123 156 258 104 0 1199
135 202 12 137 0 599
315 145 190 208 0 1999
165 29 321 0 0 1799
230 329 275 193 0 1999
120 60 215 149 0 799
292 248 170 310 0 1199
309 38 428 108 0 1199
409 188 296 254 0 1199
121 46 193 161 0 1599
160 36 344 31 0 1799
144 60 315 48 0 599
271 297 84 298 0 1599
9 4 2 183 0 199
337 280 476 330 0 1999
51 35 53 222 0 599
120 90 61 219 0 399
6 8 180 19 0 199
407 106 486 213 0 1399
259 58 389 115 0 1199
300 297 411 227 0 1199
140 315 319 317 0 1999
61 141 58 317 0 1399
6 5 50 149 0 199
120 363 160 215 0 999
212 333 126 426 0 799
12 1 14 185 0 199
147 116 8 67 0 1799
239 16 262 181 0 1799
65 142 1 265 0 799
250 412 85 431 0 1199
150 39 142 220 0 399
144 311 325 319 0 1999
314 288 330 117 0 1799
113 262 35 365 0 1199
124 279 257 231 0 1199
228 170 121 252 0 1399
287 267 179 338 0 1799
5 348 89 253 0 1599
2 8 99 100 0 199
331 172 257 61 0 1199
428 336 240 335 0 999
121 67 134 242 0 399
261 400 171 309 0 1599
57 232 120 110 0 1999
122 268 96 430 0 1999
141 76 297 101 0 399
174 298 172 475 0 1399
215 455 82 399 0 999
207 23 112 109 0 999
1 13 70 129 0 199
316 282 442 344 0 1599
128 178 275 140 0 1399
393 95 459 208 0 1799
234 64 416 70 0 1599
188 184 353 162 0 999
5 13 82 117 0 199
47 352 208 324 0 1999
164 38 148 210 0 399
9 6 145 54 0 199
458 97 454 274 0 1599
109 249 74 397 0 1399
303 174 289 7 0 799
170 142 125 284 0 1799
250 8 351 95 0 1999
143 167 11 114 0 599
101 111 244 154 0 399
254 153 418 177 0 599
435 180 327 109 0 799
195 64 303 142 0 1799
224 65 124 154 0 1599
309 374 438 433 0 1799
95 106 157 225 0 399
69 483 193 424 0 1799
290 150 419 209 0 1199
113 100 274 124 0 399
291 189 304 355 0 1799
195 207 309 138 0 599
224 282 195 437 0 1599
216 46 98 113 0 1799
289 41 191 130 0 599
483 158 449 4 0 1399
337 216 213 279 0 1599
146 380 285 332 0 1799
279 194 190 286 0 1999
8 8 116 83 0 199
273 16 280 192 0 1199
259 281 207 149 0 799
329 178 481 141 0 1999
211 167 323 241 0 799
320 60 476 92 0 1199
0 10 148 51 0 199
55 451 202 488 0 1999
486 400 371 472 0 1799
315 57 162 83 0 599
325 104 309 267 0 1599
95 98 161 221 0 399
181 177 321 224 0 1799
146 352 145 172 0 999
151 171 66 275 0 999
187 388 233 246 0 1799
264 234 428 259 0 1399
3 32 8 213 0 599
6 8 89 110 0 199
130 190 205 299 0 1999
71 166 258 164 0 799
102 387 165 267 0 1199
148 261 286 311 0 599
94 47 188 138 0 799
10 6 109 90 0 199
220 272 58 294 0 1199
249 256 415 269 0 1999
88 112 272 116 0 1599
373 373 363 198 0 1399
17 181 175 207 0 399
174 403 238 280 0 1999
6 7 134 65 0 199
283 33 312 183 0 599
171 3 139 155 0 399
268 99 185 203 0 1999
263 34 392 93 0 599
85 393 140 262 0 1999
199 118 31 129 0 1599
272 43 459 45 0 1199
32 287 215 290 0 999
326 56 497 74 0 999
11 282 184 297 0 599
71 114 26 252 0 799
359 197 332 359 0 1399
211 104 97 37 0 1599
142 461 88 330 0 1199
195 223 190 407 0 1399
28 158 137 235 0 399
63 269 241 260 0 1799
339 94 466 156 0 1199
281 212 143 257 0 1199
114 42 84 199 0 999
403 453 335 334 0 1399
177 241 190 417 0 1399
197 259 188 87 0 1399
90 170 162 277 0 999
10 3 14 185 0 199
201 188 37 210 0 599
134 164 245 86 0 999
122 76 134 250 0 399
213 112 206 288 0 1199
69 145 245 137 0 399
378 15 425 151 0 1999
5 186 42 42 0 399
14 107 93 5 0 799
278 119 447 104 0 599
78 132 184 50 0 399
331 291 326 117 0 999
416 217 255 195 0 1599
43 153 201 183 0 399
166 3 293 59 0 1199
230 356 153 247 0 1999
5 9 176 23 0 199
187 74 310 139 0 1799
187 324 241 459 0 799
373 161 205 180 0 1399
4 12 48 151 0 199
84 106 230 149 0 599
178 211 106 325 0 599
176 73 147 223 0 1199
3 8 179 20 0 199
157 44 240 140 0 1199
377 210 289 309 0 799
12 2 62 137 0 199
14 384 44 229 0 999
165 83 120 225 0 1399
294 151 158 203 0 1399
64 45 3 170 0 999
157 385 326 373 0 1799
107 241 237 297 0 1199
135 237 92 91 0 599
111 57 177 179 0 799
291 67 279 243 0 1599
12 1 182 17 0 199
421 294 237 296 0 1799
271 307 144 246 0 1199
204 235 301 321 0 1599
119 199 72 61 0 1799
117 488 77 342 0 1799
449 237 370 339 0 1799
121 271 266 315 0 599
432 416 300 365 0 1399
117 221 246 271 0 599
339 457 268 345 0 1799
177 211 135 66 0 599
140 197 306 219 0 999
255 329 215 181 0 1599
26 56 44 223 0 599
355 413 437 316 0 1799
222 180 312 275 0 599
260 186 343 85 0 1199
269 61 436 75 0 1399
315 51 167 20 0 599
51 180 80 339 0 599
114 151 69 290 0 999
225 17 170 145 0 1399
225 317 155 434 0 1799
485 154 446 294 0 1599
108 99 230 32 0 399
347 289 217 344 0 1799
13 3 84 115 0 199
370 18 290 127 0 999
205 338 128 445 0 999
282 231 372 325 0 1399
100 450 137 299 0 799
103 288 138 138 0 1199
2 9 34 165 0 199
30 362 205 373 0 1199
432 180 280 216 0 1599
331 18 363 169 0 1999
175 209 320 168 0 799
216 179 389 194 0 599
331 294 315 124 0 1799
154 68 100 199 0 599
382 123 249 72 0 999
220 350 379 320 0 1399
169 329 54 403 0 1799
187 331 31 303 0 1599
166 115 328 88 0 799
80 461 144 338 0 1999
8 4 89 110 0 199
225 331 319 423 0 799
327 214 432 288 0 1199
308 44 338 202 0 799
369 221 354 57 0 999
27 190 27 371 0 399
404 194 293 270 0 1399
449 289 385 166 0 1799
198 343 356 318 0 1599
227 127 197 283 0 1599
441 432 253 433 0 1199
125 72 301 67 0 399
351 327 401 460 0 1799
489 297 355 250 0 1399
105 438 146 296 0 1599
258 309 79 317 0 1199
197 307 164 151 0 1399
11 3 174 25 0 199
88 488 238 452 0 799
97 304 44 172 0 799
111 198 254 244 0 1599
109 99 192 200 0 399
2 12 174 25 0 199
242 77 162 181 0 599
183 24 85 109 0 399
336 407 337 225 0 1199
3 9 10 189 0 199
116 267 26 169 0 599
468 74 485 244 0 1799
125 79 43 185 0 399
392 85 266 145 0 999
228 124 84 161 0 999
271 274 152 206 0 1199
339 117 243 202 0 1399
105 91 62 234 0 399
456 201 312 242 0 1599
12 8 46 153 0 199
175 58 237 179 0 799
464 66 372 162 0 1599
236 319 391 287 0 1999
9 9 93 106 0 199
396 356 429 200 0 999
153 57 329 45 0 399
83 112 75 293 0 399
364 252 421 383 0 1599
9 7 19 180 0 199
186 202 111 98 0 999
322 118 402 226 0 799
4 6 104 95 0 199
150 373 281 431 0 1599
170 106 325 139 0 1999
272 197 294 358 0 1599
124 166 230 91 0 599
436 370 270 352 0 1199
245 73 404 53 0 599
215 38 390 34 0 1199
18 177 107 271 0 799
122 44 57 163 0 1999
463 429 465 246 0 1399
16 98 105 195 0 799
262 427 264 241 0 1399
165 25 2 0 0 399
281 240 270 62 0 1199
252 132 262 309 0 999
419 428 430 251 0 1799
430 333 253 340 0 999
83 326 162 217 0 1399
6 4 97 102 0 199
90 114 84 295 0 1799
13 5 147 52 0 199
7 4 116 83 0 199
81 110 182 188 0 799
89 164 185 257 0 1199
245 141 129 71 0 799
137 77 239 160 0 999
158 162 202 19 0 1399
79 239 45 389 0 1599
37 423 204 404 0 1999
392 13 486 98 0 1199
471 27 287 29 0 799
199 170 108 72 0 1599
405 249 240 270 0 1199
78 54 90 221 0 599
399 229 283 299 0 1599
150 495 208 365 0 1399
179 2 14 18 0 399
432 339 300 284 0 1199
375 51 418 187 0 999
155 240 201 377 0 1999
136 382 281 341 0 799
293 315 121 302 0 1799
140 79 310 70 0 399
304 106 341 257 0 799
11 4 193 2 0 199
306 200 306 381 0 1399
203 174 212 353 0 599
223 351 42 357 0 1799
366 431 250 360 0 1199
404 237 249 208 0 1799
300 326 448 288 0 1999
125 197 99 36 0 599
30 305 165 356 0 999
47 289 115 409 0 1599
39 187 120 89 0 999
255 12 312 143 0 1399
189 265 346 234 0 1199
192 353 242 487 0 1399
47 16 106 140 0 1599
219 35 356 86 0 1199
129 361 41 261 0 1999
370 376 237 324 0 1399
113 84 227 11 0 399
92 96 238 136 0 399
219 163 48 146 0 1199
3 11 58 141 0 199
169 466 24 432 0 1999
266 496 290 331 0 1399
334 365 155 357 0 1199
303 246 193 177 0 799
120 337 162 484 0 799
12 4 125 74 0 199
132 79 265 133 0 399
161 375 222 248 0 799
64 146 174 68 0 399
254 103 82 91 0 999
449 221 433 393 0 1999
39 301 99 420 0 1799
303 198 441 248 0 999
330 234 312 404 0 1599
108 358 249 396 0 1799
292 116 172 47 0 599
321 251 348 411 0 999
25 343 107 446 0 599
237 160 156 58 0 799
268 10 96 25 0 999
179 232 196 63 0 599
83 359 64 199 0 1399
104 231 207 146 0 999
93 298 190 207 0 599
147 129 152 310 0 1199
112 268 267 239 0 1999
272 64 349 168 0 999
110 91 198 188 0 399
122 459 214 372 0 799
422 237 248 232 0 1199
249 76 370 143 0 1799
252 248 352 332 0 1999
99 129 221 196 0 1799
381 98 231 69 0 799
312 151 210 236 0 1999
1 11 129 70 0 199
333 316 433 405 0 1599
2 8 61 138 0 199
449 286 367 179 0 1999
240 184 135 264 0 999
166 13 82 114 0 799
247 158 230 329 0 1399
164 321 340 318 0 1199
123 137 264 180 0 1599
178 166 92 64 0 799
174 156 295 218 0 1799
416 285 417 470 0 999
186 386 307 321 0 799
191 17 157 167 0 399
285 401 240 261 0 1399
16 2 113 86 0 199
67 66 182 139 0 599
263 183 135 236 0 1399
265 197 285 31 0 1199
97 113 58 262 0 399
6 4 99 100 0 199
84 224 199 154 0 599
71 232 12 361 0 1399
64 220 62 403 0 999
148 168 34 243 0 599
220 289 32 288 0 1599
5 9 62 137 0 199
389 124 220 106 0 1999
281 260 228 395 0 1799
366 235 381 71 0 1599
204 265 22 264 0 1599
358 323 257 410 0 1799
69 129 163 35 0 399
53 300 46 119 0 1399
41 193 171 242 0 999
288 300 109 298 0 1399
272 239 407 291 0 1199
192 112 167 272 0 1399
4 9 152 47 0 199
245 282 301 411 0 1199
162 21 312 54 0 399
17 166 190 176 0 399
148 283 81 402 0 1799
109 478 33 365 0 1999
207 354 77 305 0 1999
479 86 412 198 0 799
287 210 124 189 0 1399
283 101 261 258 0 1399
163 228 249 326 0 1399
288 80 397 6 0 1399
0 286 25 446 0 599
443 143 492 11 0 1399
220 153 201 318 0 599
191 323 271 219 0 799
273 270 254 430 0 1599
400 440 432 288 0 1599
65 101 39 256 0 1799
188 387 214 225 0 999
378 179 222 156 0 1599
287 138 317 296 0 1799
32 195 166 143 0 1399
10 2 59 140 0 199
278 38 249 195 0 1199
0 11 69 130 0 199
138 98 60 204 0 799
288 443 403 371 0 1599
274 56 220 191 0 999
57 170 217 146 0 1399
0 16 153 46 0 199
335 166 414 64 0 1999
9 367 120 435 0 999
98 456 116 285 0 1799
1 12 53 146 0 199
306 266 250 397 0 999
30 401 94 282 0 1999
177 42 350 27 0 1399
157 19 329 35 0 799
70 367 29 219 0 1999
180 161 357 173 0 1599
243 43 417 36 0 599
105 236 153 377 0 799
59 341 242 339 0 1399
7 5 148 51 0 199
308 27 366 150 0 1199
299 215 346 83 0 1399
350 213 233 284 0 999
223 351 405 355 0 799
453 82 288 63 0 1799
390 46 212 55 0 1399
7 3 31 168 0 199
49 249 191 292 0 599
180 30 260 136 0 399
413 138 393 299 0 1999
395 107 462 228 0 799
122 275 30 180 0 1199
416 96 474 226 0 1199
257 202 136 267 0 999
249 337 296 478 0 1599
192 180 135 54 0 1799
2 186 75 71 0 399
289 120 390 204 0 1999
175 428 113 307 0 1199
85 329 255 318 0 1399
354 19 190 4 0 799
7 5 125 74 0 199
290 297 384 392 0 799
252 12 77 26 0 1799
250 191 373 127 0 1199
241 339 345 259 0 1199
105 323 209 407 0 1999
1 10 125 74 0 199
176 137 119 268 0 599
106 266 230 205 0 599
46 157 19 315 0 399
85 93 266 97 0 1399
202 274 384 267 0 1399
19 63 68 202 0 799
3 11 187 12 0 199
4 6 75 124 0 199
30 214 116 111 0 999
39 262 66 106 0 1599
153 288 341 287 0 1199
460 416 362 330 0 1999
44 136 41 321 0 1599
336 223 231 140 0 1799
3 8 56 143 0 199
381 143 331 281 0 1999
228 204 216 32 0 799
40 171 219 163 0 399
352 289 494 248 0 1999
465 281 367 196 0 1399
83 134 190 208 0 399
228 19 265 166 0 599
152 36 138 210 0 399
110 436 225 364 0 999
44 326 108 448 0 799
110 291 35 179 0 1999
232 308 200 464 0 1199
2 185 54 50 0 399
91 262 219 318 0 1399
83 301 86 115 0 1799
105 110 212 186 0 399
292 420 354 296 0 1599
297 45 274 207 0 1799
0 16 16 183 0 199
112 262 102 440 0 1199
100 432 68 275 0 1399
37 99 105 218 0 599
224 307 60 327 0 1799
157 294 133 458 0 1799
5 9 92 107 0 199
354 39 387 192 0 1399
155 119 228 235 0 1799
132 267 189 389 0 799
52 163 222 148 0 799
122 232 256 286 0 1199
309 270 386 374 0 1199
9 11 105 94 0 199
9 6 169 30 0 199
6 5 152 47 0 199
129 305 206 203 0 1399
266 429 273 247 0 1599
204 79 194 257 0 1399
143 272 292 302 0 799
117 48 80 192 0 1199
259 338 318 213 0 1399
16 144 57 284 0 999
35 164 38 342 0 399
9 2 59 140 0 199
131 52 48 150 0 399
440 313 312 262 0 1599
24 187 34 356 0 399
184 205 330 166 0 1199
207 377 135 263 0 799
323 22 463 63 0 1599
305 400 132 416 0 1599
165 28 297 85 0 399
341 134 166 138 0 1599
94 111 48 254 0 399
107 219 3 139 0 1199
239 314 342 229 0 1399
390 272 445 142 0 1799
70 107 94 262 0 799
216 144 269 10 0 599
49 343 99 204 0 599
215 334 251 487 0 799
267 124 89 114 0 599
64 108 49 280 0 599
261 172 202 50 0 1999
1 12 20 179 0 199
118 95 248 40 0 399
252 212 363 287 0 799
179 197 197 28 0 599
35 176 123 269 0 799
114 258 291 256 0 999
264 273 434 284 0 1599
71 120 240 102 0 399
237 390 372 444 0 1999
121 291 1 350 0 599
78 134 166 232 0 399
462 276 408 405 0 999
309 344 145 320 0 1399
6 5 189 0 0 199
172 75 122 206 0 799
432 38 356 149 0 1799
11 3 87 112 0 199
174 282 165 452 0 1799
41 150 214 134 0 399
201 279 83 340 0 1799
293 253 238 119 0 1399
451 154 393 33 0 799
11 5 112 87 0 199
171 160 120 297 0 599
237 161 282 27 0 1399
11 161 187 168 0 599
483 206 374 285 0 1399
3 8 145 54 0 199
299 207 367 94 0 1399
238 281 270 436 0 1599
31 336 71 484 0 599
98 285 234 333 0 999
64 207 157 121 0 1599
313 201 148 179 0 1799
288 178 144 221 0 999
179 428 305 487 0 1199
210 189 61 159 0 1599
386 255 297 156 0 999
34 150 77 291 0 399
167 369 32 413 0 999
270 91 370 2 0 799
27 170 120 74 0 399
48 151 114 28 0 399
76 467 98 308 0 1999
11 66 124 137 0 599
86 99 161 209 0 399
138 220 3 172 0 599
2 8 116 83 0 199
258 309 108 273 0 1799
212 101 242 256 0 799
275 10 104 18 0 1199
475 357 425 495 0 1199
128 71 57 189 0 399
218 200 315 289 0 1199
374 82 294 189 0 1799
210 52 123 144 0 999
6 5 107 92 0 199
152 401 234 498 0 799
84 170 81 353 0 1599
151 325 226 438 0 1199
280 51 423 95 0 1599
204 11 88 78 0 1199
143 182 322 189 0 999
49 185 188 225 0 599
218 321 206 145 0 1799
208 355 90 290 0 1199
154 157 341 156 0 599
211 180 340 121 0 599
233 386 146 285 0 999
252 87 269 259 0 799
118 256 135 423 0 1199
278 69 152 124 0 799
100 85 69 239 0 399
14 196 51 45 0 399
0 12 46 153 0 199
95 109 216 45 0 1799
343 275 203 232 0 999
214 162 84 213 0 599
372 454 469 372 0 1399
208 367 151 499 0 1599
370 270 237 219 0 1599
106 318 266 339 0 1399
370 491 228 446 0 1999
5 15 90 109 0 199
149 298 201 167 0 1199
287 175 381 269 0 1199
158 81 246 179 0 999
94 185 170 298 0 1599
90 125 208 188 0 1999
35 227 148 152 0 1599
334 325 150 329 0 1399
50 333 197 296 0 599
223 257 235 430 0 999
186 468 70 405 0 1799
219 316 296 422 0 799
445 347 407 199 0 1999
430 121 335 33 0 1199
2 11 90 109 0 199
465 24 396 144 0 1599
485 387 331 358 0 1799
58 136 140 242 0 399
479 250 481 436 0 999
454 346 305 378 0 1399
230 146 271 294 0 1799
92 158 139 299 0 1999
116 283 264 243 0 999
210 177 301 271 0 1999
72 220 132 339 0 1799
16 205 104 301 0 999
342 72 162 78 0 1999
15 133 106 43 0 1399
245 142 64 135 0 599
23 70 108 174 0 1599
253 394 407 419 0 1999
418 237 459 95 0 1999
97 327 233 276 0 999
134 386 310 393 0 1399
450 148 383 269 0 1599
386 119 461 9 0 799
236 37 115 99 0 1999
177 200 293 133 0 1599
125 367 91 222 0 1399
146 255 180 103 0 1399
172 232 49 292 0 599
378 288 218 312 0 1999
72 265 164 178 0 1999
112 153 279 175 0 1999
415 122 318 30 0 1999
228 140 66 113 0 599
9 2 158 41 0 199
314 36 320 216 0 1199
11 106 26 270 0 1199
118 226 121 48 0 1799
203 155 222 325 0 599
499 150 361 197 0 1999
85 150 219 200 0 1399
227 232 83 195 0 1999
82 283 103 443 0 1999
65 118 167 199 0 399
334 43 469 96 0 999
414 397 275 445 0 1199
9 11 136 63 0 199
169 236 61 317 0 1199
77 116 253 107 0 399
423 95 392 250 0 799
403 251 454 117 0 999
291 151 340 12 0 1199
329 19 272 143 0 1399
151 225 143 398 0 599
178 209 312 260 0 799
177 139 157 303 0 799
55 243 226 230 0 1999
261 333 107 298 0 1399
316 240 380 125 0 999
291 296 264 448 0 799
7 4 160 39 0 199
92 415 181 317 0 1999
12 1 151 48 0 199
14 4 170 29 0 199
255 443 83 427 0 1199
93 26 222 80 0 799
321 288 341 119 0 1199
125 75 73 209 0 399
397 164 323 52 0 999
273 109 186 12 0 799
90 218 96 397 0 999
81 398 72 224 0 1199
132 51 106 208 0 399
72 117 75 303 0 399
198 218 133 338 0 1399
383 164 304 57 0 1799
3 8 21 178 0 199
248 329 188 206 0 1199
152 119 336 117 0 599
6 7 39 160 0 199
364 98 183 101 0 1599
294 218 297 33 0 1199
474 44 299 54 0 1399
248 412 224 257 0 1799
297 202 237 73 0 1599
397 66 293 150 0 1799
69 78 229 102 0 1399
133 118 114 288 0 1999
199 257 107 162 0 999
169 171 315 134 0 999
201 173 90 245 0 599
421 213 313 291 0 1599
6 167 94 268 0 1599
223 212 250 60 0 1999
162 236 292 295 0 599
352 480 255 389 0 1999
12 8 183 16 0 199
86 103 75 281 0 399
65 55 121 183 0 1199
86 299 85 483 0 1199
154 94 185 248 0 599
177 29 43 79 0 1199
52 228 198 269 0 1399
266 274 157 349 0 1199
3 7 120 79 0 199
9 6 25 174 0 199
93 97 168 210 0 799
258 259 401 215 0 799
337 358 162 354 0 1599
453 279 446 103 0 1399
451 322 385 440 0 1399
22 245 83 127 0 1199
113 274 208 367 0 599
314 452 446 401 0 1399
268 321 126 274 0 799
2 172 150 203 0 599
12 1 26 173 0 199
68 95 175 16 0 599
65 62 93 219 0 799
252 141 223 296 0 599
293 241 196 331 0 1799
55 148 216 130 0 799
411 312 350 185 0 1399
70 430 181 353 0 1199
404 240 398 62 0 1599
298 216 392 122 0 1999
289 38 184 121 0 999
10 3 32 167 0 199
133 294 273 251 0 1199
83 228 14 113 0 999
316 111 463 143 0 799
20 402 168 364 0 1999
328 13 385 141 0 1599
17 1 51 148 0 199
189 282 21 299 0 1199
180 21 180 205 0 1399
146 135 43 220 0 1399
251 370 352 454 0 1599
364 156 218 195 0 1799
380 240 431 368 0 999
447 4 279 20 0 999
60 143 102 282 0 399
280 240 161 171 0 1999
136 14 10 73 0 1399
5 445 71 322 0 1799
149 242 83 122 0 599
125 166 94 9 0 599
1 15 1 198 0 199
40 169 149 245 0 399
222 98 93 157 0 1999
289 185 245 320 0 1399
284 174 220 55 0 999
208 165 102 243 0 599
390 67 383 249 0 1599
120 138 275 108 0 999
9 4 140 59 0 199
202 118 78 177 0 1399
268 207 444 218 0 799
73 463 244 446 0 1599
324 225 293 73 0 1999
5 8 27 172 0 199
245 165 68 154 0 1199
445 230 466 65 0 1399
233 349 216 182 0 799
65 198 161 287 0 799
149 452 274 389 0 1799
179 335 187 164 0 1399
165 266 226 138 0 1999
127 254 103 90 0 599
103 76 26 184 0 799
429 211 270 240 0 1199
93 195 275 194 0 999
231 73 142 172 0 799
117 178 55 295 0 799
230 394 49 399 0 1999
13 2 129 70 0 199
286 299 207 193 0 1199
254 260 301 402 0 1399
253 274 147 356 0 999
358 424 411 298 0 999
483 26 451 182 0 1399
235 340 393 317 0 1599
312 270 431 336 0 1399
265 225 443 216 0 1799
352 482 331 318 0 1799
71 206 7 91 0 1199
285 196 459 208 0 1399
167 41 333 63 0 799
405 226 299 307 0 1599
91 262 70 104 0 799
467 352 464 167 0 1799
25 249 178 284 0 1199
90 107 125 251 0 399
176 96 331 127 0 1599
186 167 23 144 0 1799
34 127 121 35 0 1599
6 10 137 62 0 199
486 171 466 12 0 1599
144 190 300 218 0 799
102 290 8 198 0 799
3 189 116 117 0 999
122 123 170 262 0 1199
167 254 105 128 0 1399
52 18 184 65 0 599
93 436 251 466 0 1799
493 309 425 428 0 1799
258 131 364 48 0 1199
43 163 210 146 0 799
133 276 294 249 0 599
166 195 158 368 0 799
153 209 174 375 0 599
480 238 297 233 0 1999
297 320 335 470 0 999
261 249 225 394 0 1399
440 381 455 213 0 1599
452 7 438 181 0 1399
119 192 252 136 0 1999
14 175 86 68 0 399
199 321 170 166 0 1599
58 156 206 120 0 399
304 322 485 327 0 1599
105 282 277 293 0 1199
144 312 207 433 0 1199
56 331 34 497 0 599
133 446 314 451 0 1799
98 16 213 89 0 1199
374 290 206 273 0 999
381 65 290 161 0 999
192 217 134 87 0 599
124 90 242 22 0 799
64 134 198 84 0 399
78 325 87 146 0 1399
10 3 98 101 0 199
92 151 31 31 0 799
455 239 465 418 0 1799
144 65 68 174 0 399
99 484 215 417 0 799
193 184 223 342 0 1399
121 136 298 144 0 799
102 195 217 131 0 799
173 18 24 52 0 799
209 139 131 29 0 1199
236 406 244 227 0 1399
183 181 260 71 0 999
125 435 183 312 0 999
434 172 447 345 0 1599
0 10 144 55 0 199
3 12 78 121 0 199
259 12 404 51 0 599
72 141 52 306 0 399
84 56 244 33 0 999
8 2 170 29 0 199
171 376 226 245 0 999
21 278 123 364 0 1799
63 124 236 138 0 399
173 112 95 217 0 1599
18 2 105 94 0 199
26 178 98 66 0 399
415 317 389 479 0 1599
246 100 312 218 0 1199
276 407 372 315 0 1799
134 175 127 351 0 1199
207 414 335 354 0 999
5 8 35 164 0 199
332 413 383 276 0 999
154 413 232 306 0 1599
231 167 258 5 0 599
31 156 112 262 0 399
468 130 419 260 0 1399
132 81 289 105 0 799
88 273 182 182 0 799
357 70 195 91 0 799
213 191 67 234 0 1399
137 64 256 0 0 399
1 12 79 120 0 199
87 115 49 263 0 399
335 382 343 205 0 1199
440 465 386 331 0 1799
51 130 205 157 0 399
24 292 193 312 0 1399
393 390 263 439 0 1999
0 15 126 73 0 199
201 336 305 261 0 1199
473 259 370 178 0 1599
356 176 499 136 0 1799
104 155 220 92 0 799
5 5 148 51 0 199
353 388 242 466 0 1199
169 99 6 117 0 599
181 329 261 438 0 999
114 283 126 111 0 599
122 209 68 343 0 1799
152 149 248 240 0 1599
125 92 73 221 0 399
362 161 429 44 0 1799
0 18 59 140 0 199
12 4 132 67 0 199
158 106 333 119 0 799
106 107 275 91 0 399
133 268 274 311 0 599
242 225 152 128 0 1599
85 118 173 217 0 1199
403 303 221 302 0 1399
230 304 348 374 0 1599
211 146 211 332 0 999
179 202 160 367 0 599
279 200 372 288 0 799
402 369 469 247 0 1599
306 273 337 427 0 1599
185 250 52 304 0 1199
79 169 198 236 0 799
302 457 399 370 0 999
247 288 247 103 0 1999
338 417 154 413 0 1799
340 177 334 352 0 1999
132 70 248 142 0 399
118 61 90 220 0 1199
2 14 21 178 0 199
322 347 183 301 0 1999
1 17 111 88 0 199
11 260 137 320 0 999
370 122 468 203 0 1399
303 139 446 175 0 1399
447 187 432 358 0 1599
442 353 391 220 0 1799
408 221 492 124 0 1999
1 10 75 124 0 199
274 128 263 300 0 1399
277 92 277 281 0 1599
158 130 140 301 0 1799
87 200 264 193 0 1399
232 132 119 207 0 1999
248 368 163 468 0 1399
45 107 88 252 0 799
457 244 353 159 0 1599
467 212 447 45 0 1999
456 299 349 220 0 1799
30 157 53 321 0 399
128 228 176 92 0 1599
230 140 88 94 0 1999
448 265 348 184 0 1599
106 275 253 311 0 1599
204 200 274 316 0 799
87 54 24 176 0 799
168 368 41 308 0 1399
243 246 259 419 0 799
360 450 419 324 0 1799
159 82 255 172 0 999
17 54 52 207 0 599
459 30 429 185 0 1199
172 0 150 164 0 399
139 42 213 156 0 1399
391 176 424 28 0 799
1 13 157 42 0 199
87 276 35 412 0 1799
406 192 262 235 0 999
14 371 85 255 0 1599
217 97 318 184 0 1999
411 126 363 259 0 1599
6 5 86 113 0 199
315 268 265 403 0 799
260 41 144 113 0 599
176 323 34 278 0 1599
307 259 471 235 0 799
261 105 96 85 0 999
397 303 224 293 0 1399
0 20 59 140 0 199
122 191 309 192 0 599
133 306 313 313 0 1199
278 412 262 245 0 1399
105 148 249 193 0 799
142 384 158 219 0 999
299 248 415 321 0 1999
185 187 337 151 0 1599
232 57 373 105 0 1199
264 268 431 247 0 1199
135 28 148 200 0 1199
373 184 310 310 0 799
58 133 129 21 0 399
177 290 98 400 0 799
308 67 132 80 0 1999
287 306 226 188 0 1599
22 169 127 249 0 399
138 64 17 131 0 399
82 187 4 288 0 1199
294 259 404 338 0 799
432 91 260 82 0 799
105 104 143 251 0 399
256 369 159 457 0 1999
246 339 426 346 0 1599
141 441 175 292 0 999
0 11 95 104 0 199
11 1 154 45 0 199
122 189 301 198 0 599
16 183 147 127 0 399
34 170 90 41 0 1399
287 22 156 70 0 799
374 138 293 243 0 1199
6 4 155 44 0 199
172 54 355 59 0 799
186 281 365 286 0 1799
447 266 289 238 0 1799
298 232 444 199 0 1799
107 81 215 161 0 399
119 313 116 493 0 1399
288 320 254 165 0 1399
25 434 57 279 0 799
196 311 337 271 0 1199
3 11 16 183 0 199
158 199 341 195 0 1199
13 3 187 12 0 199
239 406 201 261 0 1199
260 376 171 476 0 1799
249 377 234 203 0 1799
133 208 133 23 0 1999
56 43 173 114 0 1399
12 1 12 187 0 199
1 186 23 351 0 399
342 373 462 442 0 1199
301 463 195 385 0 1999
35 110 201 93 0 1999
219 224 165 359 0 1599
3 8 158 41 0 199
124 80 308 76 0 399
318 261 338 92 0 799
35 319 213 329 0 1999
42 171 137 261 0 399
30 178 35 361 0 399
186 55 35 18 0 599
227 138 258 293 0 999
106 248 34 132 0 1599
10 10 37 162 0 199
426 90 348 197 0 1399
218 245 169 379 0 1199
66 113 193 165 0 399
225 300 319 389 0 1999
14 6 31 168 0 199
40 151 205 137 0 399
271 121 170 201 0 599
4 123 16 295 0 599
141 143 1 190 0 999
499 66 383 134 0 1399
64 295 184 227 0 599
253 63 373 4 0 1799
32 488 151 426 0 1799
260 309 384 372 0 1599
13 1 135 64 0 199
4 9 35 164 0 199
416 480 322 389 0 1799
14 4 64 135 0 199
122 277 104 116 0 1999
139 352 289 388 0 1399
10 1 6 185 0 199
19 194 193 205 0 399
23 180 84 300 0 399
329 248 222 176 0 1999
214 98 109 180 0 599
8 2 47 152 0 199
290 132 429 181 0 1599
285 211 129 179 0 1199
191 192 185 374 0 599
482 223 414 334 0 1199
266 165 195 281 0 1599
187 298 132 432 0 799
20 489 42 323 0 1399
89 343 228 383 0 1799
261 99 209 231 0 799
173 37 105 153 0 1999
6 290 13 472 0 599
172 19 62 92 0 399
292 380 301 205 0 1599
216 173 377 198 0 599
91 155 203 229 0 1199
67 282 234 268 0 1599
238 113 221 284 0 599
101 169 234 121 0 999
322 438 244 333 0 1799
269 46 358 138 0 1199
114 88 295 93 0 1599
291 243 254 395 0 1399
415 469 300 403 0 1399
284 188 225 313 0 1199
317 236 483 253 0 1599
252 323 112 274 0 1599
386 236 481 329 0 1999
219 126 155 2 0 999
5 6 89 110 0 199
136 70 153 239 0 399
221 170 351 112 0 599
51 255 120 372 0 799
266 199 257 25 0 799
433 282 383 144 0 999
182 290 264 387 0 1799
142 326 309 307 0 1599
0 186 59 315 0 799
243 55 307 174 0 1799
312 107 371 236 0 999
142 158 150 335 0 999
185 32 96 122 0 399
262 38 293 191 0 1599
153 53 271 123 0 399
178 197 141 48 0 999
107 81 202 174 0 399
145 196 285 241 0 799
228 218 355 158 0 1399
174 334 254 225 0 999
343 62 453 138 0 599
188 23 58 80 0 399
299 197 248 60 0 1999
129 60 74 192 0 799
76 323 246 336 0 1199
166 44 317 79 0 399
10 2 31 168 0 199
102 299 260 330 0 1999
12 4 109 90 0 199
296 88 305 268 0 599
3 9 159 40 0 199
95 116 225 59 0 399
173 278 55 346 0 1399
210 167 331 102 0 599
8 3 151 48 0 199
202 232 278 124 0 1199
237 53 204 204 0 1599
0 10 45 154 0 199
13 7 90 109 0 199
160 141 297 189 0 1599
180 177 309 120 0 599
260 272 194 390 0 799
47 30 225 33 0 1199
247 222 314 102 0 799
161 24 281 89 0 399
164 40 276 116 0 799
71 173 210 123 0 1399
153 46 102 174 0 799
463 158 396 275 0 1799
155 142 173 313 0 1999
295 290 347 422 0 999
236 346 337 266 0 1399
202 359 338 412 0 1599
412 225 317 317 0 1599
427 357 280 395 0 999
261 394 291 245 0 1199
420 243 314 168 0 1999
335 406 210 462 0 1599
55 257 199 297 0 1199
469 151 441 304 0 999
218 314 348 370 0 1199
106 76 254 115 0 999
54 292 164 367 0 599
135 310 60 198 0 1999
385 359 387 176 0 1799
37 21 167 77 0 799
57 152 185 212 0 1399
150 313 329 317 0 1599
315 214 474 189 0 1799
49 366 166 299 0 1399
6 6 187 12 0 199
183 6 61 73 0 399
254 266 295 119 0 799
280 271 300 103 0 1799
127 92 237 161 0 399
125 164 223 79 0 1199
229 84 226 269 0 1399
81 301 255 310 0 1799
212 119 284 7 0 1799
33 444 146 370 0 1999
284 17 445 43 0 1999
14 175 154 126 0 399
121 171 285 148 0 1399
402 488 476 374 0 1999
6 5 154 45 0 199
149 241 12 197 0 599
223 67 206 239 0 999
124 87 268 46 0 399
90 53 239 13 0 1199
237 8 377 57 0 799
356 206 371 375 0 1999
13 2 122 77 0 199
228 364 191 214 0 999
127 61 300 46 0 399
189 375 250 251 0 999
96 114 49 255 0 399
372 362 475 280 0 1799
271 190 121 225 0 1999
409 377 462 243 0 1799
32 341 105 447 0 1199
1 14 123 76 0 199
7 7 22 177 0 199
8 5 52 147 0 199
242 119 397 152 0 1399
74 139 207 89 0 399
221 394 234 221 0 1399
211 382 197 215 0 1599
144 47 320 38 0 1199
153 250 325 266 0 1399
89 117 269 125 0 399
88 40 42 181 0 999
299 352 232 473 0 1799
353 50 182 33 0 999
411 497 272 453 0 1399
332 46 428 139 0 1799
437 407 254 405 0 1799
129 457 90 312 0 1999
439 231 413 74 0 1399
326 33 212 105 0 1799
111 333 246 385 0 999
0 12 111 88 0 199
36 346 133 430 0 599
252 57 113 102 0 1399
339 412 311 252 0 1399
287 82 271 250 0 999
227 292 242 124 0 1999
149 260 332 259 0 999
24 183 123 273 0 1199
239 203 372 150 0 1199
10 173 68 45 0 599
136 244 315 253 0 1999
13 204 128 268 0 399
265 247 327 122 0 999
180 101 214 248 0 1999
274 85 322 218 0 799
161 50 98 174 0 399
471 181 383 281 0 1999
68 491 173 407 0 799
397 299 294 223 0 1399
192 148 339 109 0 799
10 1 68 131 0 199
357 313 276 415 0 1799
183 429 286 349 0 1799
101 76 267 97 0 799
402 115 300 30 0 1599
340 355 297 211 0 1999
108 166 147 315 0 1599
2 8 8 191 0 199
18 167 192 160 0 399
275 223 213 96 0 1799
416 311 410 488 0 1599
12 3 103 96 0 199
268 155 327 284 0 999
9 6 15 184 0 199
344 191 172 176 0 799
291 217 318 379 0 1399
109 52 132 210 0 799
223 161 64 187 0 1799
389 232 316 347 0 1799
236 398 80 366 0 1999
355 470 283 354 0 1399
320 428 421 344 0 1399
153 82 261 5 0 799
74 112 9 228 0 599
440 315 373 432 0 999
216 170 361 126 0 1399
111 272 223 348 0 1399
100 220 261 202 0 1799
135 461 302 444 0 1199
22 339 139 407 0 1999
433 147 346 245 0 999
57 110 132 221 0 1799
331 235 457 288 0 1799
18 345 50 189 0 999
1 15 47 152 0 199
169 60 228 186 0 799
189 62 263 167 0 1199
73 325 190 394 0 1999
419 257 431 80 0 1799
12 2 41 158 0 199
269 404 419 442 0 1799
331 258 284 120 0 1599
100 296 37 420 0 599
319 202 175 244 0 999
177 158 126 28 0 1199
111 222 280 205 0 999
46 162 220 157 0 1399
97 162 195 252 0 999
96 117 230 169 0 1399
187 24 129 153 0 399
51 364 108 492 0 1599
207 376 56 412 0 1599
236 453 418 454 0 1199
135 422 222 321 0 1799
271 240 402 182 0 1999
477 66 312 80 0 1199
315 70 354 217 0 1399
349 204 453 281 0 1599
390 126 237 161 0 1199
115 88 19 177 0 399
169 290 146 127 0 999
50 167 107 43 0 399
138 246 139 426 0 999
339 248 155 243 0 1199
154 399 341 400 0 1799
23 181 151 128 0 599
437 241 381 370 0 1799
12 1 55 144 0 199
120 67 290 84 0 399
202 475 282 371 0 1399
13 1 7 180 0 199
93 292 214 358 0 1999
94 195 209 259 0 799
335 236 276 362 0 799
5 9 8 191 0 199
33 119 121 28 0 599
173 107 77 194 0 1399
358 261 251 342 0 1799
240 288 204 439 0 1799
1 11 92 107 0 199
77 56 69 227 0 799
320 470 447 411 0 1599
245 207 424 203 0 1399
337 399 286 265 0 1399
471 10 303 30 0 999
168 210 6 191 0 599
6 14 7 192 0 199
295 63 304 240 0 1599
201 472 21 478 0 1799
345 95 271 202 0 1399
440 377 444 192 0 1199
1 9 60 139 0 199
80 254 19 382 0 999
209 59 233 219 0 799
185 118 110 7 0 1799
267 301 196 414 0 1999
143 27 84 155 0 1799
307 72 170 28 0 799
94 123 143 255 0 399
139 366 141 187 0 1199
253 408 163 312 0 1799
165 43 302 94 0 399
107 119 122 291 0 599
118 70 271 35 0 399
212 261 316 346 0 1599
400 197 410 20 0 1599
4 8 122 77 0 199
165 34 17 72 0 599
201 282 151 148 0 1799
158 319 293 269 0 1999
281 99 119 75 0 1199
153 119 279 56 0 1799
11 2 96 103 0 199
272 224 300 69 0 1799
165 21 167 205 0 399
378 170 308 53 0 1799
85 115 128 260 0 399
191 184 45 226 0 999
136 50 163 209 0 399
0 20 85 114 0 199
51 111 20 266 0 1199
372 306 286 406 0 1199
381 483 456 371 0 1799
82 119 235 83 0 399
142 92 126 255 0 999
147 247 120 95 0 599
60 139 172 65 0 599
147 234 304 202 0 1199
145 438 55 349 0 799
202 437 28 451 0 1399
2 9 40 159 0 199
0 13 131 68 0 199
131 260 272 303 0 599
193 184 368 198 0 799
172 202 312 153 0 999
298 163 141 135 0 1199
171 214 111 340 0 599
156 194 155 377 0 1599
218 290 125 195 0 799
152 37 336 42 0 399
242 57 112 115 0 1399
68 217 142 327 0 999
50 152 212 126 0 399
135 167 243 94 0 599
188 62 129 188 0 1399
34 97 163 45 0 1999
359 209 248 284 0 799
395 151 238 183 0 999
236 277 69 298 0 1399
25 137 159 188 0 1799
175 65 26 27 0 599
286 230 141 266 0 1399
152 58 227 170 0 599
9 2 186 13 0 199
104 316 174 434 0 799
2 9 29 170 0 199
157 45 237 151 0 1599
261 270 149 197 0 799
131 86 141 257 0 399
217 311 198 143 0 999
212 220 59 246 0 999
269 108 427 133 0 1199
62 238 42 71 0 1399
273 270 414 222 0 1199
450 387 288 365 0 1799
12 1 120 79 0 199
368 310 347 468 0 1799
142 89 111 237 0 1599
89 130 122 276 0 399
242 63 255 234 0 1799
494 439 324 424 0 1599
143 74 193 205 0 399
460 115 282 122 0 799
287 244 180 172 0 799
4 9 86 113 0 199
174 33 294 100 0 399
193 431 142 297 0 1399
91 114 17 229 0 799
75 137 54 302 0 399
204 377 188 208 0 1999
262 339 98 316 0 1999
162 52 32 106 0 399
6 12 79 120 0 199
98 222 21 111 0 799
273 40 339 162 0 999
42 145 112 28 0 399
139 258 56 363 0 599
174 361 51 423 0 1199
312 240 168 205 0 1799
171 212 54 140 0 1999
126 269 64 143 0 599
0 117 174 104 0 799
187 229 176 397 0 599
99 218 43 350 0 999
84 287 158 175 0 599
397 229 483 329 0 1199
197 194 26 211 0 599
237 171 334 85 0 1799
419 443 429 270 0 1799
11 5 141 58 0 199
