500 500 1000 10000 174 2000
208 258 84 321 811 2000
296 179 420 117 1612 2000
254 48 408 17 813 2000
168 377 186 212 1815 2000
358 114 290 225 1619 2000
126 110 152 272 1010 2000
151 253 250 173 1219 2000
246 433 90 410 1419 2000
271 129 290 298 1010 2000
318 270 226 179 1215 2000
83 129 130 268 212 2000
274 41 314 189 410 2000
434 129 293 81 1409 2000
323 253 346 91 813 2000
291 70 478 71 810 2000
48 301 55 120 810 2000
241 151 357 221 1012 2000
412 195 245 179 1815 2000
177 340 19 365 1015 2000
65 268 52 94 1811 2000
112 266 123 436 1617 2000
183 158 116 272 617 2000
309 60 480 43 1610 2000
327 302 376 432 1819 2000
8 4 36 163 12 2000
130 247 175 104 810 2000
239 284 386 325 1210 2000
134 60 73 187 210 2000
214 40 124 137 1611 2000
85 495 67 332 1617 2000
3 12 81 118 15 2000
0 16 102 97 16 2000
5 13 31 168 18 2000
64 239 237 249 1015 2000
1 10 137 62 11 2000
264 181 154 250 1019 2000
161 327 279 388 1219 2000
187 97 115 213 1410 2000
61 340 131 225 1813 2000
145 485 69 375 1012 2000
10 4 114 85 14 2000
104 86 228 150 210 2000
112 111 234 178 1809 2000
343 76 383 219 615 2000
298 76 293 256 1613 2000
68 32 22 173 1611 2000
116 72 233 143 210 2000
140 271 314 259 1212 2000
360 31 431 148 1610 2000
217 293 58 269 1215 2000
93 93 132 240 212 2000
224 177 334 103 814 2000
40 149 162 212 213 2000
154 99 227 211 1413 2000
198 164 286 71 817 2000
405 342 250 316 1017 2000
4 195 79 87 615 2000
6 4 31 168 10 2000
2 30 67 146 417 2000
142 259 292 293 814 2000
153 249 158 427 415 2000
125 66 58 184 213 2000
447 222 491 365 1811 2000
467 410 407 283 1411 2000
208 155 110 65 410 2000
111 355 188 457 1219 2000
10 2 164 35 12 2000
159 195 329 211 1412 2000
334 216 248 113 1609 2000
73 366 23 497 1017 2000
22 165 66 22 211 2000
382 286 471 191 1014 2000
337 176 381 320 1610 2000
326 234 210 167 1615 2000
271 286 118 312 619 2000
355 279 402 138 1810 2000
290 146 373 46 1615 2000
392 185 336 316 1411 2000
106 311 132 470 1013 2000
141 287 155 459 1012 2000
321 228 269 95 613 2000
249 197 168 90 1810 2000
127 83 271 41 612 2000
93 358 113 189 609 2000
120 193 294 179 810 2000
89 245 7 348 413 2000
171 300 83 200 1210 2000
202 226 92 152 614 2000
31 165 64 10 210 2000
10 6 40 159 16 2000
161 54 96 172 215 2000
69 126 234 104 211 2000
155 279 115 133 1812 2000
476 341 497 173 1809 2000
8 2 114 85 10 2000
129 89 154 243 1219 2000
470 282 381 188 1615 2000
428 71 377 201 1417 2000
89 302 221 246 410 2000
149 198 44 281 810 2000
230 214 271 361 1410 2000
250 236 77 242 1619 2000
169 47 136 202 1810 2000
6 198 117 271 614 2000
199 109 150 241 817 2000
136 49 271 99 213 2000
180 86 57 22 811 2000
261 182 325 60 1612 2000
208 220 164 365 1609 2000
119 287 71 420 817 2000
11 2 69 130 13 2000
8 3 121 78 11 2000
41 103 199 73 610 2000
102 74 136 224 614 2000
187 120 15 104 1210 2000
133 251 211 148 817 2000
357 303 437 402 1219 2000
282 135 218 13 812 2000
196 289 264 170 611 2000
88 255 181 159 1009 2000
221 31 238 198 614 2000
105 261 128 417 1619 2000
60 81 164 1 414 2000
233 423 108 487 809 2000
131 418 260 361 812 2000
100 329 92 151 1612 2000
302 155 416 225 1214 2000
22 134 48 292 1814 2000
136 205 48 303 812 2000
264 396 338 289 1617 2000
491 463 497 284 1613 2000
211 186 128 287 414 2000
293 52 390 143 410 2000
398 217 226 205 814 2000
192 128 33 98 1209 2000
122 337 297 331 1417 2000
432 214 256 219 817 2000
109 263 178 144 1810 2000
213 293 329 360 1615 2000
346 359 342 182 1817 2000
103 279 199 188 411 2000
238 485 164 371 1610 2000
118 201 213 290 414 2000
310 352 404 442 1414 2000
85 75 265 81 612 2000
339 166 216 222 1819 2000
282 253 270 77 1210 2000
105 287 280 283 419 2000
388 373 306 270 1013 2000
409 325 395 153 1812 2000
5 11 154 45 16 2000
484 284 406 389 1215 2000
5 11 155 44 16 2000
31 64 108 171 814 2000
299 90 358 219 810 2000
238 285 223 453 1015 2000
387 295 476 197 1211 2000
415 220 337 323 1017 2000
150 299 74 190 1813 2000
399 29 416 191 1619 2000
97 23 57 162 419 2000
40 192 152 115 1209 2000
20 262 200 259 1615 2000
340 107 455 37 613 2000
381 172 350 326 1413 2000
291 128 191 217 609 2000
35 178 163 233 215 2000
202 361 230 201 810 2000
118 78 105 253 210 2000
61 57 134 167 415 2000
180 199 228 59 1210 2000
82 325 31 188 1210 2000
280 400 320 261 1219 2000
0 12 122 77 12 2000
332 481 158 492 1013 2000
99 213 247 252 411 2000
134 221 22 145 1610 2000
57 154 198 108 211 2000
0 11 46 153 11 2000
161 152 1 128 1614 2000
1 9 30 169 10 2000
246 406 238 230 1014 2000
5 6 189 10 11 2000
188 70 44 105 819 2000
59 432 119 309 1815 2000
10 70 10 258 1010 2000
274 404 440 419 1617 2000
131 261 231 172 409 2000
456 225 278 217 1612 2000
80 410 8 296 612 2000
7 4 170 29 11 2000
345 7 168 19 409 2000
159 111 100 241 809 2000
86 146 86 334 610 2000
416 295 367 434 1210 2000
281 61 441 86 1613 2000
8 136 87 240 1615 2000
249 72 256 246 1417 2000
235 84 91 127 1011 2000
265 67 282 238 1810 2000
207 103 136 220 1410 2000
60 272 149 368 813 2000
241 138 74 159 1610 2000
332 326 211 259 1410 2000
418 197 249 215 1011 2000
16 57 181 41 617 2000
290 295 198 392 1409 2000
68 427 191 488 814 2000
27 290 120 378 1417 2000
294 32 339 176 809 2000
257 117 206 247 1617 2000
156 118 270 191 411 2000
120 85 253 30 410 2000
251 39 259 219 610 2000
355 149 360 332 1010 2000
91 214 144 82 1013 2000
187 205 327 253 610 2000
208 416 128 308 1410 2000
385 239 467 341 1014 2000
178 65 355 75 1411 2000
6 8 183 0 14 2000
281 289 118 309 1215 2000
262 359 128 413 1210 2000
341 220 177 240 814 2000
23 371 58 223 815 2000
82 114 14 234 210 2000
127 448 201 341 1817 2000
263 357 157 432 1217 2000
12 8 56 143 20 2000
145 68 54 160 215 2000
79 276 226 308 1419 2000
458 168 464 343 1217 2000
25 186 74 48 611 2000
219 256 101 191 1015 2000
142 390 45 481 1410 2000
377 194 219 163 1009 2000
133 54 180 194 211 2000
358 15 476 86 1409 2000
481 123 374 43 811 2000
321 15 334 190 1010 2000
450 325 282 308 1813 2000
2 209 115 277 217 2000
256 240 409 205 1010 2000
282 66 268 238 1812 2000
13 3 176 23 16 2000
288 86 230 207 419 2000
246 201 212 348 1017 2000
16 4 189 10 20 2000
88 446 155 332 1217 2000
9 3 31 168 12 2000
53 124 178 186 611 2000
97 90 117 257 211 2000
165 292 30 341 1614 2000
42 198 149 272 1217 2000
243 163 104 208 1814 2000
145 63 21 127 210 2000
323 365 452 309 1613 2000
490 314 459 164 1617 2000
208 431 93 357 1809 2000
118 70 284 48 210 2000
303 319 295 499 1410 2000
48 170 152 95 419 2000
52 228 165 298 815 2000
25 306 164 260 613 2000
121 264 136 428 619 2000
19 287 148 231 1613 2000
190 382 220 226 1012 2000
5 11 131 68 16 2000
198 256 251 391 1810 2000
247 412 297 283 1819 2000
188 21 324 68 615 2000
114 245 136 411 410 2000
210 194 62 230 1414 2000
6 10 24 175 16 2000
186 159 258 266 1819 2000
102 97 115 268 1214 2000
249 66 121 7 1011 2000
161 228 109 364 410 2000
253 100 382 154 1015 2000
408 157 273 211 1809 2000
9 2 120 79 11 2000
416 482 240 492 1012 2000
235 349 170 472 1010 2000
214 189 345 245 1811 2000
310 78 149 50 409 2000
1 15 26 173 16 2000
301 78 160 125 1610 2000
260 116 76 121 409 2000
298 420 138 448 1410 2000
305 113 128 119 1615 2000
357 193 189 214 1609 2000
402 84 232 102 1810 2000
422 256 416 436 1412 2000
488 319 491 133 1409 2000
113 218 284 200 1409 2000
134 45 51 141 219 2000
79 366 191 294 1614 2000
328 104 471 68 1619 2000
397 121 216 128 1810 2000
132 175 300 164 1819 2000
246 301 186 425 1614 2000
201 346 188 172 611 2000
97 210 210 276 1819 2000
214 117 67 81 1815 2000
293 224 420 276 1819 2000
11 124 150 170 1013 2000
162 207 334 218 1015 2000
272 323 193 219 1015 2000
60 306 232 322 1410 2000
11 279 48 133 415 2000
9 9 91 108 18 2000
85 330 0 426 617 2000
25 405 47 243 1814 2000
259 126 406 165 1612 2000
442 286 434 111 1615 2000
403 42 386 210 1813 2000
11 4 177 22 15 2000
77 271 232 304 1810 2000
356 371 439 265 1409 2000
109 271 263 306 809 2000
153 389 139 215 610 2000
136 261 311 274 810 2000
283 123 385 209 1010 2000
57 256 153 163 1809 2000
40 170 135 77 210 2000
91 115 57 262 817 2000
253 473 83 458 1613 2000
8 265 83 156 1614 2000
300 197 191 120 1612 2000
470 389 402 278 1419 2000
37 179 154 111 413 2000
159 224 246 122 1409 2000
225 166 129 258 1210 2000
240 224 358 294 1410 2000
214 313 195 480 1612 2000
260 115 305 256 812 2000
153 66 227 171 219 2000
2 11 37 162 13 2000
140 298 97 155 612 2000
430 415 358 302 1813 2000
137 189 117 24 813 2000
90 96 167 205 212 2000
245 296 356 226 617 2000
106 297 268 270 609 2000
308 229 173 278 1614 2000
150 232 85 348 417 2000
266 287 254 463 1210 2000
2 12 20 179 14 2000
11 271 130 211 1619 2000
247 274 62 273 1612 2000
186 47 120 168 611 2000
489 113 430 233 1619 2000
117 247 236 180 1812 2000
174 2 318 46 610 2000
141 72 139 255 213 2000
6 7 114 85 13 2000
59 330 192 275 410 2000
5 10 119 80 15 2000
59 314 136 205 412 2000
9 6 35 164 15 2000
151 255 256 181 419 2000
117 141 272 174 610 2000
205 182 280 78 1019 2000
176 199 279 118 414 2000
20 117 184 94 611 2000
344 160 342 347 1609 2000
155 246 324 226 1809 2000
310 225 163 184 1210 2000
83 94 263 88 412 2000
111 215 126 384 614 2000
8 3 28 171 11 2000
289 330 328 186 1015 2000
185 193 224 340 1412 2000
247 415 359 489 1412 2000
226 164 237 342 409 2000
256 96 237 258 1617 2000
330 251 448 190 1419 2000
133 84 234 162 219 2000
201 111 111 17 1414 2000
263 276 350 372 1815 2000
10 1 50 149 11 2000
499 157 393 80 1215 2000
3 10 106 93 13 2000
335 265 271 382 817 2000
272 100 248 257 417 2000
256 65 190 183 414 2000
2 14 0 195 16 2000
57 195 180 131 811 2000
279 180 445 163 1815 2000
30 36 183 70 411 2000
352 112 198 146 610 2000
243 402 291 271 1019 2000
9 4 154 45 13 2000
130 224 75 96 1615 2000
183 98 237 231 1411 2000
142 232 321 234 1617 2000
210 292 343 241 1414 2000
190 139 363 155 1809 2000
136 217 100 70 615 2000
98 460 214 388 1010 2000
62 137 112 272 213 2000
331 209 236 302 1810 2000
370 82 339 237 1412 2000
285 187 396 111 1611 2000
54 186 188 235 415 2000
48 154 130 258 612 2000
168 21 159 201 209 2000
95 303 189 214 815 2000
88 101 212 36 1409 2000
261 218 388 160 1813 2000
3 13 166 33 16 2000
361 210 355 392 1610 2000
454 411 302 446 1011 2000
196 44 196 225 817 2000
335 50 287 190 410 2000
311 261 289 99 1414 2000
166 51 67 133 217 2000
120 191 151 38 814 2000
327 233 416 332 610 2000
267 301 179 205 1814 2000
123 60 15 135 215 2000
5 15 39 160 20 2000
412 388 242 403 1613 2000
292 115 370 226 1409 2000
107 257 179 368 415 2000
482 143 470 319 1210 2000
238 267 386 234 1417 2000
353 199 314 348 1010 2000
460 487 429 337 1017 2000
162 108 212 243 813 2000
223 74 192 227 414 2000
415 389 409 216 1219 2000
156 205 130 365 412 2000
122 294 238 359 417 2000
277 363 433 338 1617 2000
18 2 70 129 20 2000
88 291 255 308 414 2000
122 82 139 251 212 2000
67 112 14 238 219 2000
159 446 52 370 1815 2000
311 316 327 485 1413 2000
263 142 220 285 812 2000
223 77 347 12 409 2000
312 446 322 267 1209 2000
301 207 234 328 1810 2000
132 68 148 231 1219 2000
224 229 203 69 1017 2000
296 231 142 197 1610 2000
138 50 194 182 610 2000
4 11 55 144 15 2000
267 453 323 328 1217 2000
251 117 143 36 809 2000
215 423 382 437 1217 2000
155 262 162 442 611 2000
0 13 95 104 13 2000
171 10 214 148 217 2000
350 230 176 245 1209 2000
3 7 24 175 10 2000
7 4 142 57 11 2000
83 346 91 173 1817 2000
4 7 51 148 11 2000
348 421 444 329 1210 2000
7 6 182 17 13 2000
79 132 79 319 211 2000
179 195 349 212 811 2000
230 216 133 134 1219 2000
164 237 351 238 410 2000
31 261 217 264 809 2000
452 349 394 475 1614 2000
158 28 45 101 212 2000
165 195 135 40 1613 2000
74 143 215 103 217 2000
212 96 394 103 409 2000
391 58 494 140 1013 2000
88 85 214 142 615 2000
58 96 98 239 415 2000
274 67 163 141 1413 2000
206 269 58 300 619 2000
193 15 250 144 212 2000
165 251 314 283 417 2000
4 16 29 170 20 2000
135 145 272 99 1215 2000
139 331 40 244 1412 2000
185 494 184 310 1413 2000
336 220 167 200 1209 2000
83 294 140 172 1419 2000
488 108 435 242 1211 2000
134 295 248 362 1817 2000
306 299 387 401 1015 2000
312 148 240 261 1613 2000
325 35 227 124 1211 2000
113 68 265 39 217 2000
147 222 74 109 412 2000
95 286 80 457 412 2000
216 81 241 245 1409 2000
5 7 42 157 12 2000
136 223 129 41 1009 2000
319 336 418 421 1614 2000
274 303 326 169 1212 2000
118 434 110 258 1814 2000
4 9 114 85 13 2000
441 114 339 33 615 2000
8 7 102 97 15 2000
389 112 264 174 1011 2000
105 109 257 82 819 2000
252 97 138 32 1019 2000
37 154 110 44 215 2000
12 4 82 117 16 2000
314 215 421 287 1419 2000
2 11 109 90 13 2000
115 424 60 295 1214 2000
255 449 300 305 809 2000
191 164 165 2 410 2000
189 24 33 49 217 2000
273 37 173 116 419 2000
162 50 115 189 212 2000
171 233 352 241 1209 2000
338 240 306 88 1414 2000
246 374 391 410 1217 2000
205 147 38 167 811 2000
171 353 25 393 1812 2000
303 105 220 211 409 2000
122 239 285 260 814 2000
52 160 171 93 212 2000
230 68 87 27 1814 2000
73 229 67 56 419 2000
297 277 360 152 610 2000
365 287 339 449 1410 2000
5 418 153 458 810 2000
4 10 43 156 14 2000
357 45 394 192 1014 2000
252 343 158 254 615 2000
186 124 12 139 1609 2000
55 56 155 137 1417 2000
75 217 135 90 411 2000
86 434 239 469 1010 2000
6 4 67 132 10 2000
464 300 361 383 1812 2000
129 119 301 135 610 2000
210 44 271 167 1014 2000
3 9 187 6 12 2000
40 107 126 9 414 2000
168 215 174 33 410 2000
143 218 90 351 412 2000
130 55 15 119 219 2000
335 221 169 243 1010 2000
378 146 218 169 1615 2000
202 272 62 233 1619 2000
199 329 55 369 1014 2000
375 188 328 330 1809 2000
127 236 303 243 615 2000
36 157 101 37 213 2000
302 460 358 333 1215 2000
3 75 182 71 415 2000
9 88 144 138 1813 2000
152 319 167 485 1817 2000
66 196 158 287 415 2000
253 191 196 317 815 2000
4 399 49 265 619 2000
421 291 421 477 1012 2000
114 85 295 91 211 2000
9 2 65 134 11 2000
296 191 210 292 611 2000
171 212 84 112 1411 2000
174 292 216 434 1014 2000
159 184 119 325 1417 2000
367 255 393 410 1617 2000
373 421 194 412 1010 2000
347 317 178 329 817 2000
209 165 113 255 1812 2000
221 230 245 393 1011 2000
164 248 0 268 1414 2000
185 0 227 143 213 2000
166 39 100 152 619 2000
94 99 103 279 209 2000
0 14 57 142 14 2000
58 134 158 45 809 2000
273 66 244 225 410 2000
224 240 372 277 813 2000
351 117 392 255 819 2000
472 122 291 129 1810 2000
87 108 108 275 810 2000
152 139 184 295 1610 2000
346 344 245 264 1217 2000
13 2 35 164 15 2000
229 279 74 312 1010 2000
318 323 374 195 1214 2000
366 189 452 288 1413 2000
460 285 302 255 1610 2000
261 95 244 263 813 2000
321 321 152 309 1617 2000
30 339 63 183 609 2000
375 315 403 475 1810 2000
99 13 107 193 610 2000
336 417 238 327 1610 2000
179 182 299 119 615 2000
233 311 411 322 1209 2000
152 198 164 374 1410 2000
12 1 32 167 13 2000
312 383 473 361 1815 2000
372 236 252 303 1611 2000
75 114 147 229 211 2000
6 8 150 49 14 2000
185 360 202 198 619 2000
62 225 214 262 609 2000
407 66 464 198 1809 2000
195 255 204 81 1215 2000
246 153 317 36 810 2000
264 246 225 101 614 2000
158 222 58 141 417 2000
221 75 141 184 809 2000
167 3 342 16 210 2000
178 23 228 158 213 2000
390 150 263 89 610 2000
480 272 471 96 813 2000
9 2 120 79 11 2000
179 193 172 374 1010 2000
5 11 170 29 16 2000
17 1 74 125 18 2000
177 368 11 349 613 2000
318 173 407 73 1009 2000
131 314 232 399 812 2000
181 33 242 155 415 2000
258 207 289 357 617 2000
52 393 4 253 1610 2000
191 171 103 267 1014 2000
318 264 258 391 1611 2000
264 455 245 286 1210 2000
5 5 44 155 10 2000
271 194 109 171 1413 2000
11 3 72 127 14 2000
167 220 157 396 812 2000
387 72 328 201 1210 2000
249 140 392 99 414 2000
170 254 231 134 817 2000
5 6 20 179 11 2000
144 222 293 262 1209 2000
327 69 192 122 1810 2000
160 350 74 255 1217 2000
189 59 135 191 612 2000
18 81 152 31 814 2000
71 460 240 476 1813 2000
37 63 187 98 1213 2000
331 250 385 385 609 2000
379 390 231 350 810 2000
225 346 386 318 1009 2000
4 11 174 25 15 2000
180 376 136 234 1012 2000
335 332 345 158 1214 2000
14 1 45 154 15 2000
373 145 295 37 612 2000
7 174 32 18 217 2000
33 8 93 136 410 2000
413 291 239 302 1613 2000
34 37 186 10 619 2000
358 73 370 246 1013 2000
9 240 36 394 1817 2000
364 122 333 270 1619 2000
222 223 225 42 1614 2000
366 272 220 231 811 2000
138 233 132 53 812 2000
6 338 128 272 1010 2000
11 189 40 345 413 2000
151 25 282 79 1613 2000
74 59 72 242 1013 2000
259 305 231 465 1810 2000
180 215 116 340 1409 2000
255 98 223 254 1210 2000
197 295 226 137 1611 2000
89 386 186 300 615 2000
2 12 168 31 14 2000
126 220 234 300 1410 2000
55 180 166 110 617 2000
162 186 103 314 1611 2000
182 38 211 194 413 2000
128 250 277 220 1619 2000
298 187 326 346 1811 2000
209 74 196 249 810 2000
10 3 97 102 13 2000
200 19 373 5 1011 2000
8 3 92 107 11 2000
67 209 153 106 409 2000
58 138 127 253 214 2000
43 332 108 456 1409 2000
29 200 201 187 1013 2000
199 179 253 50 415 2000
438 287 417 120 1210 2000
240 66 169 176 417 2000
24 105 107 3 1813 2000
8 3 128 71 11 2000
150 37 184 188 213 2000
412 26 254 0 614 2000
212 201 45 223 1009 2000
368 197 227 151 611 2000
354 64 428 169 419 2000
152 4 201 139 614 2000
413 181 436 16 1810 2000
359 155 475 85 1012 2000
7 13 116 83 20 2000
112 345 40 238 1819 2000
390 277 443 409 1813 2000
214 129 137 235 1815 2000
181 359 191 181 1810 2000
98 117 190 26 215 2000
168 217 326 243 814 2000
318 250 376 124 1014 2000
146 276 159 101 1810 2000
210 27 124 128 1811 2000
124 417 223 331 1813 2000
1 34 113 107 1413 2000
85 243 254 231 817 2000
80 79 245 98 1614 2000
249 494 400 460 1413 2000
137 248 292 215 410 2000
34 178 35 363 212 2000
415 307 260 338 1012 2000
430 63 349 168 1212 2000
349 180 475 119 1411 2000
281 94 319 242 412 2000
13 3 149 50 16 2000
242 83 223 250 412 2000
392 297 468 187 1212 2000
348 38 482 89 413 2000
230 161 70 134 611 2000
205 197 365 174 1215 2000
101 159 77 323 1410 2000
348 96 376 249 1217 2000
0 10 64 135 10 2000
371 297 416 159 1615 2000
10 218 110 306 610 2000
158 38 107 173 212 2000
33 181 81 317 214 2000
197 15 227 171 212 2000
10 6 114 85 16 2000
0 15 151 48 15 2000
135 74 139 257 211 2000
108 240 250 193 409 2000
275 475 260 301 809 2000
423 304 274 269 1614 2000
283 280 437 305 1819 2000
145 485 71 374 1213 2000
196 15 95 100 812 2000
78 95 204 40 617 2000
81 100 11 211 217 2000
271 470 294 305 810 2000
216 295 39 285 1811 2000
251 376 144 295 1610 2000
185 180 210 17 810 2000
289 14 360 122 619 2000
115 131 227 59 614 2000
4 7 92 107 11 2000
289 377 192 468 1410 2000
396 22 304 115 813 2000
370 335 229 291 1413 2000
307 63 139 46 413 2000
151 49 271 117 210 2000
179 208 182 23 1210 2000
359 230 349 54 1212 2000
370 109 196 116 1417 2000
242 322 404 298 1012 2000
34 218 12 375 419 2000
315 483 274 336 1810 2000
461 16 406 145 1214 2000
103 247 232 304 1812 2000
60 326 172 393 1219 2000
208 136 200 316 1810 2000
222 21 46 31 1212 2000
222 208 285 86 813 2000
105 404 288 406 1413 2000
182 204 95 104 411 2000
1 14 13 186 15 2000
150 41 302 76 211 2000
206 184 122 289 409 2000
10 2 64 135 12 2000
113 101 31 205 612 2000
328 247 293 393 617 2000
169 22 113 149 1015 2000
362 256 242 192 1814 2000
316 175 346 17 810 2000
315 116 348 271 1610 2000
59 477 218 448 1810 2000
107 115 163 243 1014 2000
336 78 356 241 415 2000
264 328 138 388 1412 2000
126 227 221 320 410 2000
236 34 165 152 809 2000
210 173 244 327 410 2000
221 326 202 164 617 2000
14 182 90 294 210 2000
1 27 161 56 409 2000
146 45 270 104 215 2000
267 301 306 446 614 2000
144 57 166 218 215 2000
415 173 342 59 1611 2000
163 221 71 126 411 2000
271 14 190 112 1019 2000
195 121 132 243 1213 2000
103 245 78 91 419 2000
167 384 184 215 1612 2000
178 221 47 277 1811 2000
295 28 251 167 615 2000
144 180 140 357 417 2000
12 2 34 165 14 2000
15 3 40 159 18 2000
56 80 232 67 809 2000
32 401 62 244 1011 2000
110 157 267 183 615 2000
204 202 37 181 610 2000
258 397 222 247 1612 2000
396 356 338 487 809 2000
176 345 197 180 1212 2000
142 250 30 179 815 2000
474 207 481 31 1415 2000
47 162 194 204 209 2000
47 213 169 277 612 2000
134 147 310 152 1017 2000
190 272 205 99 1810 2000
176 400 81 493 1410 2000
7 3 71 128 10 2000
6 210 93 110 811 2000
367 312 478 244 1819 2000
9 172 76 58 217 2000
293 89 272 251 415 2000
280 46 209 163 1010 2000
13 1 133 66 14 2000
402 249 231 264 812 2000
357 318 381 158 1214 2000
333 265 219 334 1215 2000
110 191 151 338 410 2000
204 123 115 31 617 2000
12 2 39 160 14 2000
481 234 367 307 1011 2000
136 217 149 42 410 2000
87 310 215 253 613 2000
423 279 304 339 819 2000
205 365 62 410 610 2000
314 266 145 280 1615 2000
5 8 98 101 13 2000
70 52 192 117 411 2000
284 83 419 134 412 2000
10 4 21 178 14 2000
22 377 126 293 1610 2000
105 274 77 432 412 2000
161 117 212 254 1410 2000
71 156 240 171 1614 2000
105 179 144 32 1812 2000
379 135 201 145 1810 2000
261 423 161 337 1012 2000
357 229 187 215 1014 2000
214 323 147 201 1409 2000
121 261 3 331 1410 2000
425 71 251 60 1613 2000
65 439 220 472 1810 2000
65 46 41 210 410 2000
9 1 142 57 10 2000
142 101 249 20 1210 2000
185 153 114 271 1609 2000
404 90 250 115 1219 2000
5 6 99 100 11 2000
191 48 160 196 1419 2000
280 87 320 235 1210 2000
119 233 274 209 419 2000
173 154 208 3 1212 2000
252 291 144 364 1817 2000
32 173 190 142 209 2000
4 172 62 42 610 2000
149 247 54 163 419 2000
208 136 192 305 813 2000
403 298 257 263 1817 2000
263 309 182 416 1810 2000
70 29 188 92 617 2000
125 84 50 198 609 2000
403 211 345 86 815 2000
10 1 31 168 11 2000
283 20 364 127 410 2000
114 383 242 325 1612 2000
167 140 143 295 1019 2000
129 125 225 35 1412 2000
45 383 103 257 1814 2000
162 15 242 120 613 2000
20 232 57 90 419 2000
206 286 271 170 1617 2000
36 27 215 34 1612 2000
159 25 140 192 612 2000
236 188 92 149 815 2000
16 188 104 92 614 2000
100 270 238 227 417 2000
483 257 449 105 1812 2000
16 167 46 320 215 2000
163 340 63 254 1612 2000
384 252 372 424 1814 2000
195 174 296 261 410 2000
95 75 222 17 413 2000
7 4 71 128 11 2000
155 210 38 282 1809 2000
28 201 163 245 619 2000
250 15 191 139 1815 2000
422 437 437 269 1415 2000
189 414 317 474 1610 2000
250 288 373 349 1414 2000
56 136 70 308 212 2000
71 498 58 332 1419 2000
135 56 281 15 211 2000
92 220 254 201 1617 2000
429 261 309 329 1810 2000
97 470 271 484 1610 2000
108 248 112 67 1213 2000
261 398 146 330 1815 2000
324 120 227 208 813 2000
43 187 112 301 415 2000
207 241 128 135 813 2000
8 5 187 12 13 2000
300 354 474 340 1410 2000
267 372 242 212 1013 2000
150 312 143 490 813 2000
142 480 309 459 1010 2000
5 6 87 112 11 2000
262 74 377 8 817 2000
317 245 447 189 1812 2000
64 315 69 136 414 2000
232 495 260 336 1811 2000
43 148 217 153 219 2000
257 386 397 434 1210 2000
81 118 182 34 1013 2000
224 80 152 195 811 2000
210 7 118 94 1819 2000
136 426 298 452 1410 2000
155 157 230 48 1414 2000
230 36 102 95 1611 2000
239 249 255 78 1611 2000
6 14 134 65 20 2000
189 223 221 69 1012 2000
212 174 97 238 819 2000
97 293 88 116 1412 2000
7 6 35 164 13 2000
297 329 421 392 811 2000
244 386 321 497 1010 2000
459 197 326 250 1412 2000
191 197 336 239 411 2000
449 106 316 162 1809 2000
4 11 27 172 15 2000
396 302 231 325 1010 2000
344 287 243 209 1819 2000
119 92 39 195 215 2000
186 173 227 27 1811 2000
396 41 261 87 1017 2000
43 145 96 10 210 2000
137 346 31 423 1815 2000
154 292 333 282 1609 2000
175 231 140 83 415 2000
445 352 329 417 1417 2000
135 44 0 88 219 2000
158 266 223 387 1812 2000
340 156 334 331 817 2000
75 381 84 203 1611 2000
112 27 214 114 1009 2000
174 17 357 23 609 2000
135 297 227 201 1010 2000
248 423 286 274 1811 2000
406 175 383 11 1411 2000
150 324 303 359 1010 2000
2 10 127 72 12 2000
205 179 215 354 413 2000
123 73 298 86 210 2000
0 14 107 92 14 2000
297 266 407 339 1015 2000
333 110 194 160 1809 2000
136 234 288 266 1814 2000
426 117 357 235 1411 2000
87 113 57 271 210 2000
13 3 87 112 16 2000
216 145 276 274 1809 2000
63 331 231 350 411 2000
203 147 228 309 411 2000
151 349 13 397 1812 2000
118 68 7 143 212 2000
132 336 188 208 1814 2000
211 246 150 120 1411 2000
152 130 151 316 1611 2000
156 54 127 213 210 2000
229 221 322 135 1219 2000
160 293 63 203 1411 2000
345 230 240 304 1019 2000
242 255 261 91 615 2000
186 112 76 41 1617 2000
123 352 157 197 1009 2000
178 94 2 91 1219 2000
365 11 202 33 413 2000
142 77 109 223 219 2000
38 353 90 480 1019 2000
7 4 123 76 11 2000
111 75 138 234 212 2000
85 112 177 17 211 2000
242 198 80 172 1010 2000
389 343 331 468 1215 2000
366 141 189 147 615 2000
188 244 297 170 1215 2000
149 256 286 212 1017 2000
94 56 43 184 1619 2000
144 289 314 305 1212 2000
6 4 56 143 10 2000
205 68 262 195 1614 2000
198 87 335 40 814 2000
27 325 111 221 1410 2000
20 168 144 104 210 2000
264 255 388 310 1019 2000
482 352 445 208 1617 2000
242 293 322 400 1411 2000
60 119 3 249 611 2000
296 73 360 192 1815 2000
443 448 318 394 1819 2000
222 84 56 62 610 2000
299 303 308 126 1812 2000
92 319 215 255 611 2000
158 236 47 313 1410 2000
232 239 160 356 609 2000
0 12 166 33 12 2000
60 112 191 169 1410 2000
282 132 265 302 1211 2000
340 347 250 248 1809 2000
159 366 13 405 1013 2000
32 178 219 179 210 2000
82 293 39 147 1009 2000
497 265 386 188 1410 2000
164 463 131 309 1811 2000
366 284 275 192 1615 2000
140 73 157 241 213 2000
91 97 48 242 210 2000
208 191 217 363 1817 2000
61 131 64 313 1213 2000
13 1 157 42 14 2000
180 94 1 84 1209 2000
196 167 232 319 810 2000
317 135 213 217 1412 2000
445 314 307 265 1811 2000
48 322 24 163 415 2000
347 26 490 72 1009 2000
104 152 228 93 1615 2000
7 6 163 36 13 2000
107 247 256 277 419 2000
321 302 210 376 1013 2000
10 1 65 134 11 2000
21 281 77 148 409 2000
257 231 275 65 614 2000
88 122 5 227 210 2000
318 286 140 297 1609 2000
179 91 289 169 1010 2000
94 281 171 392 410 2000
328 26 277 164 409 2000
56 133 113 261 213 2000
246 203 174 86 1409 2000
478 349 299 342 1612 2000
35 311 135 225 1812 2000
0 15 98 101 15 2000
24 392 181 416 1617 2000
157 197 153 20 417 2000
222 246 170 381 811 2000
182 491 248 368 1409 2000
8 3 176 23 11 2000
1 15 178 9 16 2000
412 334 404 153 1209 2000
143 50 55 149 211 2000
45 301 136 397 411 2000
154 35 3 73 209 2000
431 307 327 223 1410 2000
18 177 188 168 219 2000
300 113 266 267 810 2000
115 291 186 403 815 2000
97 268 212 202 1817 2000
1 15 79 120 16 2000
38 166 7 323 1810 2000
170 19 186 192 209 2000
285 136 275 305 1419 2000
198 294 381 293 1814 2000
236 72 275 212 819 2000
13 16 127 83 1017 2000
67 170 221 145 1419 2000
20 313 38 474 1819 2000
214 287 148 408 1411 2000
6 8 189 6 14 2000
418 410 307 487 1810 2000
26 41 168 82 615 2000
62 333 16 476 609 2000
335 32 290 175 410 2000
126 63 228 150 209 2000
187 354 95 267 619 2000
11 1 167 32 12 2000
44 347 200 315 410 2000
32 358 8 195 411 2000
110 348 271 321 1810 2000
497 96 481 268 1610 2000
149 208 220 96 615 2000
193 345 55 295 1010 2000
40 151 76 0 611 2000
76 14 233 42 813 2000
114 279 57 405 615 2000
1 10 85 114 11 2000
195 468 103 375 1413 2000
58 261 83 102 1614 2000
1 9 89 110 10 2000
147 211 195 74 813 2000
81 98 189 23 615 2000
86 313 248 340 1009 2000
338 323 227 396 1614 2000
177 244 187 422 810 2000
103 109 238 60 214 2000
132 215 130 36 1017 2000
325 38 490 18 1013 2000
336 362 331 183 1014 2000
458 132 295 107 610 2000
7 8 151 48 15 2000
7 4 34 165 11 2000
68 164 141 50 1611 2000
169 14 100 128 215 2000
138 278 244 351 819 2000
8 4 142 57 12 2000
29 163 144 236 210 2000
284 220 149 169 1412 2000
14 1 124 75 15 2000
186 359 16 372 1415 2000
26 342 152 280 1810 2000
465 269 358 193 1615 2000
247 370 116 425 1212 2000
7 5 39 162 409 2000
108 246 281 231 1410 2000
169 205 211 342 819 2000
310 187 425 114 1210 2000
149 229 6 183 409 2000
274 476 413 430 1213 2000
351 182 289 63 1817 2000
14 1 59 140 15 2000
92 99 233 55 1013 2000
10 2 166 33 12 2000
48 179 163 253 1809 2000
309 55 133 48 1615 2000
61 236 200 286 609 2000
119 96 122 278 613 2000
11 3 176 23 14 2000
275 432 168 353 1212 2000
271 455 221 324 1217 2000
477 186 470 367 1610 2000
8 7 32 167 15 2000
297 202 432 256 1409 2000
19 1 116 83 20 2000
81 146 256 140 617 2000
108 373 249 418 812 2000
255 198 232 36 1413 2000
121 260 289 273 1417 2000
60 13 150 107 414 2000
295 98 465 79 1809 2000
8 5 80 119 13 2000
88 127 244 100 215 2000
288 85 269 253 611 2000
115 84 167 213 217 2000
236 191 278 333 814 2000
61 192 163 115 619 2000
199 228 33 210 1214 2000
355 260 182 252 1817 2000
121 108 251 55 1415 2000
308 213 432 156 1817 2000
57 337 148 434 1410 2000
336 305 354 471 1214 2000
104 255 119 86 414 2000
214 372 39 383 1812 2000
342 176 474 123 1613 2000
158 129 322 153 810 2000
130 205 232 289 1212 2000
45 194 203 171 617 2000
153 38 241 137 211 2000
179 229 17 246 419 2000
127 267 264 221 415 2000
181 399 183 218 815 2000
456 24 400 152 614 2000
95 34 205 111 1411 2000
200 13 314 84 213 2000
199 283 367 270 817 2000
120 84 30 182 210 2000
82 261 220 216 1415 2000
1 239 51 104 413 2000
131 359 65 239 1012 2000
8 5 98 101 13 2000
11 3 80 119 14 2000
152 109 131 267 1419 2000
319 254 146 238 1409 2000
357 186 470 113 1612 2000
257 227 354 319 1609 2000
417 146 355 21 611 2000
44 245 99 119 1417 2000
214 306 75 264 1617 2000
232 404 416 400 1410 2000
232 245 357 183 1811 2000
25 129 91 242 419 2000
457 351 428 191 1209 2000
104 85 130 248 209 2000
330 221 289 74 1210 2000
0 10 56 143 10 2000
7 5 99 100 12 2000
237 255 108 205 1219 2000
196 233 376 225 810 2000
49 318 227 321 1817 2000
314 337 435 403 1011 2000
121 271 247 210 411 2000
265 280 101 303 1411 2000
138 161 8 218 1811 2000
5 342 141 299 1419 2000
314 81 247 203 1809 2000
34 152 118 257 1209 2000
118 268 9 189 1410 2000
312 393 216 308 1817 2000
201 402 155 259 1009 2000
130 387 185 255 1811 2000
128 58 211 160 813 2000
357 247 196 219 1609 2000
128 286 167 144 417 2000
11 5 125 74 16 2000
90 59 82 237 412 2000
444 297 356 197 1210 2000
318 284 243 171 1810 2000
40 295 86 156 1413 2000
395 66 410 234 1815 2000
2 13 144 55 15 2000
7 5 112 87 12 2000
304 194 332 354 1410 2000
356 106 411 235 1814 2000
334 141 168 164 1009 2000
273 360 255 194 1614 2000
35 299 101 418 813 2000
170 195 36 244 1415 2000
115 138 68 280 1809 2000
5 15 29 170 20 2000
18 2 84 115 20 2000
115 267 253 310 417 2000
16 195 117 112 414 2000
167 21 130 172 210 2000
72 486 243 471 1012 2000
63 339 120 208 1010 2000
57 389 31 236 819 2000
214 155 218 335 814 2000
123 284 238 355 412 2000
2 177 67 55 211 2000
0 14 38 161 14 2000
10 359 105 266 810 2000
2 12 165 34 14 2000
139 249 20 181 811 2000
1 11 41 158 12 2000
141 16 231 109 1015 2000
187 27 74 98 214 2000
12 3 28 171 15 2000
95 311 256 335 1613 2000
139 217 254 151 817 2000
17 208 27 383 613 2000
341 321 400 451 809 2000
173 250 224 387 1210 2000
88 194 75 18 809 2000
88 147 235 187 611 2000
2 9 102 97 11 2000
2 10 13 186 12 2000
106 447 232 384 1409 2000
5 5 179 20 10 2000
2 12 105 94 14 2000
293 240 295 53 1409 2000
44 137 110 15 410 2000
187 251 123 376 1609 2000
473 454 315 433 1019 2000
42 307 70 463 1614 2000
210 120 162 253 417 2000
126 249 125 434 412 2000
343 4 493 43 1809 2000
2 12 120 79 14 2000
0 16 92 107 16 2000
116 278 108 459 809 2000
393 260 341 124 810 2000
231 173 287 305 1810 2000
14 282 168 316 610 2000
13 1 54 145 14 2000
69 131 233 151 214 2000
1 10 76 123 11 2000
55 170 113 291 619 2000
31 91 99 208 1613 2000
9 287 118 209 811 2000
287 91 179 167 1014 2000
247 487 339 396 1615 2000
130 253 207 144 412 2000
351 206 183 191 615 2000
399 168 265 213 1419 2000
19 175 187 195 1010 2000
472 83 414 210 1413 2000
154 238 277 173 1410 2000
276 316 240 168 614 2000
160 29 218 160 209 2000
2 16 92 107 18 2000
7 4 24 175 11 2000
43 249 26 79 411 2000
83 126 154 8 209 2000
7 8 136 63 15 2000
421 262 468 399 1214 2000
58 92 77 254 1217 2000
348 246 176 257 1215 2000
48 279 196 315 1614 2000
21 79 93 194 411 2000
259 50 131 110 410 2000
296 33 394 121 412 2000
198 93 322 29 410 2000
5 9 111 88 14 2000
460 70 286 61 815 2000
110 79 32 184 215 2000
134 49 18 116 215 2000
172 99 262 194 613 2000
371 265 449 155 1010 2000
165 267 244 161 813 2000
402 138 474 254 1010 2000
38 115 12 276 1411 2000
200 15 166 162 617 2000
174 180 108 295 1217 2000
24 14 142 81 413 2000
264 321 117 357 615 2000
392 199 476 301 1612 2000
273 85 279 267 1010 2000
307 248 224 143 1610 2000
338 14 164 25 413 2000
202 134 193 304 819 2000
152 59 44 138 211 2000
230 289 253 454 1610 2000
57 248 231 243 619 2000
103 135 189 42 819 2000
497 32 376 95 1214 2000
190 305 59 253 615 2000
372 270 201 252 1209 2000
178 212 59 143 1010 2000
281 302 303 459 1019 2000
136 221 49 317 615 2000
4 239 185 246 810 2000
421 283 405 115 1414 2000
232 77 345 143 1019 2000
25 189 129 269 214 2000
141 20 226 123 1610 2000
91 111 190 29 1217 2000
78 22 118 170 610 2000
186 478 107 369 1010 2000
165 475 251 382 819 2000
98 186 206 115 419 2000
197 9 144 144 210 2000
388 87 208 96 609 2000
262 398 403 355 1414 2000
331 220 246 117 810 2000
289 98 360 210 615 2000
112 1 240 58 1013 2000
277 71 451 80 815 2000
299 353 159 304 1209 2000
225 28 283 154 1614 2000
7 3 167 32 10 2000
166 41 271 125 209 2000
269 242 410 197 1212 2000
181 48 124 177 412 2000
131 52 120 226 613 2000
11 165 74 44 214 2000
85 118 90 298 1413 2000
29 490 35 313 615 2000
110 7 120 185 1610 2000
271 89 94 78 1410 2000
403 321 264 370 1410 2000
13 330 94 437 1610 2000
223 256 45 259 617 2000
461 52 395 167 1417 2000
7 422 129 481 1817 2000
15 372 41 215 1015 2000
115 208 169 333 1419 2000
420 42 296 107 809 2000
66 387 160 300 1417 2000
243 341 165 231 610 2000
10 4 112 87 14 2000
303 267 174 326 610 2000
363 389 282 282 1410 2000
96 435 248 403 1214 2000
1 13 57 142 14 2000
334 253 398 130 1411 2000
314 104 199 32 1211 2000
237 200 127 278 810 2000
221 310 274 442 1013 2000
85 157 199 83 1810 2000
250 120 67 126 409 2000
109 287 129 455 1410 2000
198 9 217 173 215 2000
148 268 54 181 417 2000
221 382 332 460 1409 2000
45 340 201 370 412 2000
442 102 476 251 1215 2000
156 68 154 249 1215 2000
347 454 168 463 1610 2000
154 214 294 169 413 2000
15 5 108 91 20 2000
1 10 117 82 11 2000
189 239 115 353 1010 2000
5 6 2 191 11 2000
72 133 18 264 213 2000
450 295 481 147 1019 2000
266 47 307 194 1610 2000
228 229 186 366 619 2000
313 187 309 8 1615 2000
359 283 267 187 1810 2000
0 16 155 44 16 2000
128 82 306 90 612 2000
58 156 3 285 214 2000
276 443 442 421 1210 2000
264 252 180 356 1010 2000
127 121 82 260 614 2000
256 306 288 461 1211 2000
410 123 313 41 619 2000
451 298 463 124 1212 2000
281 69 258 230 1814 2000
60 132 238 126 214 2000
58 147 120 264 219 2000
244 235 140 156 615 2000
177 367 116 239 809 2000
272 240 373 325 612 2000
166 22 170 206 210 2000
206 174 368 193 417 2000
70 362 22 224 1412 2000
3 15 173 26 18 2000
66 166 65 349 1014 2000
11 1 136 63 12 2000
359 201 480 134 1010 2000
211 383 119 474 1215 2000
202 277 148 144 611 2000
385 217 292 121 809 2000
11 3 0 177 14 2000
262 483 226 335 814 2000
2 8 22 177 10 2000
2 9 101 98 11 2000
2 14 120 79 16 2000
157 199 321 184 1619 2000
285 121 346 243 415 2000
182 225 197 398 410 2000
163 350 282 418 1011 2000
273 365 132 323 1215 2000
310 259 419 333 1015 2000
111 309 284 322 1812 2000
328 231 316 398 1419 2000
383 177 389 359 610 2000
149 436 330 442 1811 2000
7 188 39 33 211 2000
12 3 85 114 15 2000
187 179 252 299 813 2000
233 95 151 198 413 2000
112 97 265 69 217 2000
239 190 157 87 1013 2000
181 359 152 202 612 2000
195 276 14 280 1413 2000
196 416 314 487 809 2000
289 153 423 202 1215 2000
212 29 258 166 1415 2000
33 150 100 34 215 2000
173 205 194 43 415 2000
3 10 102 97 13 2000
91 126 159 237 219 2000
4 178 67 56 413 2000
222 70 404 72 1014 2000
462 117 409 245 1817 2000
186 391 48 344 1013 2000
14 6 15 184 20 2000
303 254 314 431 810 2000
5 11 132 67 16 2000
4 7 110 89 11 2000
46 167 74 12 215 2000
7 3 177 22 10 2000
139 70 214 180 213 2000
205 378 31 391 1411 2000
213 377 327 307 614 2000
178 200 146 356 1010 2000
493 380 385 299 1009 2000
2 13 42 157 15 2000
181 307 290 232 1014 2000
246 412 88 442 1410 2000
228 185 306 76 611 2000
383 345 402 175 809 2000
85 98 22 214 1419 2000
304 383 418 455 1212 2000
415 369 311 289 1814 2000
87 132 81 305 219 2000
111 48 190 158 1409 2000
6 12 126 73 18 2000
173 376 322 336 1009 2000
255 127 101 94 811 2000
140 71 305 93 211 2000
223 270 168 144 1017 2000
13 3 98 101 16 2000
268 367 388 426 1419 2000
71 489 178 417 1219 2000
222 223 173 353 1819 2000
483 212 370 137 1610 2000
378 214 491 144 1215 2000
250 152 141 72 409 2000
96 147 88 323 414 2000
284 88 213 200 1615 2000
104 264 20 359 819 2000
314 15 184 71 1212 2000
20 181 103 279 217 2000
4 8 132 67 12 2000
243 60 372 3 1612 2000
119 190 154 343 810 2000
146 67 139 245 213 2000
34 183 206 174 217 2000
152 428 169 257 1010 2000
306 18 329 180 413 2000
176 17 222 152 217 2000
217 171 345 114 413 2000
202 144 333 89 1012 2000
137 149 210 265 1209 2000
5 8 153 46 13 2000
329 158 338 334 1013 2000
5 6 173 26 11 2000
47 160 53 339 213 2000
356 97 466 166 619 2000
149 24 332 19 1610 2000
116 210 131 378 815 2000
149 114 242 205 1214 2000
9 4 107 92 13 2000
132 445 75 321 1817 2000
100 111 165 225 619 2000
442 424 344 341 1617 2000
8 3 30 169 11 2000
73 111 233 135 214 2000
253 381 203 247 1414 2000
20 159 189 169 219 2000
19 253 52 101 1613 2000
239 422 241 239 1013 2000
344 287 203 332 1212 2000
323 216 312 38 1009 2000
171 373 181 197 612 2000
264 252 239 415 1410 2000
468 440 347 373 1810 2000
44 141 186 98 213 2000
113 92 177 209 217 2000
371 220 212 242 617 2000
137 44 161 204 414 2000
339 79 481 125 1010 2000
169 252 5 267 619 2000
498 21 349 60 1210 2000
119 96 72 232 215 2000
250 191 406 159 1610 2000
11 4 140 59 15 2000
28 222 3 380 415 2000
11 190 63 319 217 2000
0 13 37 162 13 2000
1 17 120 79 18 2000
226 169 386 195 812 2000
130 263 222 168 1011 2000
358 167 472 102 1419 2000
76 34 211 88 409 2000
389 238 216 244 1819 2000
322 438 395 324 1211 2000
256 285 272 450 1017 2000
269 297 338 412 1014 2000
251 41 141 120 809 2000
287 94 326 234 619 2000
3 12 109 90 15 2000
383 176 439 47 1413 2000
159 164 334 151 810 2000
35 175 41 357 210 2000
256 112 354 202 1810 2000
11 2 90 109 13 2000
245 128 118 69 412 2000
201 164 30 177 1614 2000
169 289 104 167 1611 2000
303 93 340 245 409 2000
345 435 415 318 1611 2000
278 295 207 412 1210 2000
339 306 352 133 812 2000
35 435 81 296 1613 2000
152 126 130 289 1613 2000
65 414 167 497 1013 2000
162 272 338 282 1812 2000
125 30 51 144 410 2000
117 238 71 96 1210 2000
277 147 416 97 1209 2000
1 11 18 181 12 2000
479 351 402 453 1219 2000
459 136 281 146 810 2000
101 369 122 204 612 2000
442 118 348 31 817 2000
5 11 144 55 16 2000
203 198 272 317 810 2000
160 50 112 190 210 2000
152 414 32 346 1410 2000
185 32 368 26 609 2000
248 329 270 494 611 2000
8 8 64 135 16 2000
67 47 226 20 1412 2000
124 21 153 179 1411 2000
31 113 69 256 417 2000
0 10 108 91 10 2000
83 102 236 132 215 2000
432 125 342 216 1817 2000
111 251 19 160 1215 2000
35 395 102 274 1010 2000
116 72 53 197 210 2000
267 464 402 416 1015 2000
285 247 292 73 1217 2000
92 160 63 317 1812 2000
389 412 326 289 1212 2000
120 399 275 375 619 2000
345 39 165 31 1010 2000
314 55 274 202 1011 2000
227 203 335 283 610 2000
75 274 147 386 414 2000
55 160 166 88 215 2000
420 79 283 128 1612 2000
242 223 330 324 1409 2000
306 325 405 240 1614 2000
47 168 190 208 215 2000
55 296 52 113 412 2000
31 179 129 89 210 2000
167 48 337 61 215 2000
175 29 20 60 612 2000
128 400 39 302 1611 2000
335 33 325 211 1810 2000
152 303 75 411 1813 2000
217 259 238 424 1412 2000
244 396 135 476 809 2000
288 163 359 46 1210 2000
364 175 191 165 615 2000
489 195 396 286 1414 2000
224 166 45 164 417 2000
463 68 352 146 609 2000
267 103 247 272 809 2000
355 237 208 199 1213 2000
8 331 151 287 1811 2000
93 431 231 477 1414 2000
165 127 249 230 1611 2000
426 195 354 82 1813 2000
127 59 289 83 212 2000
71 129 244 144 610 2000
140 149 26 223 1610 2000
261 300 114 332 619 2000
193 11 221 169 212 2000
228 322 235 499 1014 2000
15 247 166 213 413 2000
64 242 166 329 409 2000
196 186 370 172 610 2000
319 194 346 32 609 2000
258 56 115 12 811 2000
7 8 20 179 15 2000
280 141 300 308 1411 2000
465 81 384 185 1613 2000
8 8 147 52 16 2000
293 160 179 235 1809 2000
233 353 295 475 1414 2000
93 123 197 48 819 2000
17 1 76 123 18 2000
109 200 282 210 1015 2000
2 10 99 100 12 2000
159 55 118 198 214 2000
4 7 82 117 11 2000
263 267 387 327 614 2000
385 317 383 132 811 2000
442 147 412 304 1811 2000
367 250 308 120 1809 2000
477 424 313 409 1419 2000
142 42 277 91 214 2000
92 308 267 316 1615 2000
256 170 142 244 610 2000
127 83 275 123 210 2000
92 98 270 108 1010 2000
319 34 353 188 810 2000
183 49 268 150 612 2000
8 185 18 6 209 2000
226 124 316 221 1211 2000
309 230 273 377 1415 2000
336 247 187 210 1612 2000
301 171 419 105 1014 2000
1 13 57 142 14 2000
174 238 219 379 1012 2000
248 379 283 225 1409 2000
84 34 65 199 1814 2000
244 171 116 118 617 2000
187 59 350 80 1414 2000
170 337 106 461 1210 2000
133 318 68 432 1819 2000
137 223 86 359 411 2000
290 131 249 269 1019 2000
127 143 277 105 610 2000
352 115 403 249 1813 2000
489 101 363 41 1412 2000
153 186 120 30 1009 2000
273 239 95 228 1609 2000
304 274 468 296 1012 2000
17 117 144 175 413 2000
52 88 146 180 1812 2000
110 170 162 306 1010 2000
132 183 173 321 1819 2000
3 8 188 11 11 2000
9 13 39 166 415 2000
317 171 135 165 1410 2000
150 85 82 204 611 2000
65 85 50 254 1414 2000
196 215 81 285 1413 2000
156 84 160 266 1812 2000
201 123 369 138 415 2000
100 84 205 5 214 2000
188 252 339 287 1412 2000
233 115 319 22 419 2000
171 172 102 57 414 2000
304 391 332 233 1212 2000
134 83 124 254 217 2000
9 19 45 164 817 2000
248 303 113 357 1409 2000
102 112 38 232 214 2000
17 1 177 22 18 2000
287 253 396 173 1209 2000
126 478 259 423 1410 2000
355 170 174 164 1811 2000
324 311 142 316 1011 2000
0 18 153 46 18 2000
253 3 150 84 1414 2000
136 250 322 249 411 2000
389 240 263 182 1614 2000
319 206 491 215 1417 2000
178 396 272 490 610 2000
162 32 263 117 212 2000
398 201 239 226 1214 2000
409 3 230 8 1414 2000
331 177 225 254 1215 2000
120 183 160 38 1413 2000
118 182 65 316 811 2000
402 318 329 424 819 2000
125 271 221 363 610 2000
162 89 170 265 1614 2000
157 226 106 361 812 2000
154 224 336 221 413 2000
62 132 158 40 210 2000
10 3 99 100 13 2000
465 271 372 179 1613 2000
360 136 411 271 612 2000
277 128 376 217 1210 2000
183 6 61 73 209 2000
350 235 289 111 1013 2000
109 284 36 176 617 2000
225 154 206 316 1817 2000
46 315 75 158 412 2000
344 290 463 359 1410 2000
159 129 192 280 1414 2000
456 219 389 100 812 2000
157 236 271 310 410 2000
24 444 207 439 610 2000
54 251 241 250 410 2000
156 61 233 165 217 2000
4 14 104 95 18 2000
114 91 45 209 211 2000
233 254 246 84 615 2000
315 138 352 286 1413 2000
223 346 394 360 1013 2000
263 294 102 320 611 2000
97 55 38 177 1617 2000
328 118 183 75 1810 2000
78 121 230 154 613 2000
191 289 298 208 1010 2000
451 9 283 22 1217 2000
316 361 283 209 1813 2000
219 160 125 66 810 2000
75 418 208 466 1817 2000
60 150 196 97 1209 2000
361 199 394 46 1012 2000
346 21 247 110 410 2000
115 241 286 225 1611 2000
287 11 188 96 1414 2000
376 79 216 100 1417 2000
143 159 226 61 1217 2000
450 26 301 56 819 2000
262 382 332 266 1812 2000
119 91 283 115 210 2000
326 320 410 215 1609 2000
347 72 318 231 1610 2000
191 261 89 179 614 2000
321 297 348 145 819 2000
287 104 304 275 810 2000
244 108 229 282 1209 2000
267 115 351 12 1211 2000
161 219 257 126 809 2000
246 265 413 251 617 2000
55 146 148 51 410 2000
478 82 438 230 1010 2000
230 164 92 209 815 2000
139 175 90 37 1611 2000
10 2 5 184 12 2000
18 147 38 310 615 2000
120 124 303 125 614 2000
10 1 109 90 11 2000
2 12 81 118 14 2000
401 11 279 75 1012 2000
408 42 313 135 1010 2000
15 491 106 399 815 2000
275 213 136 257 815 2000
105 377 260 411 1209 2000
135 282 185 145 1011 2000
293 259 326 414 1410 2000
172 364 253 264 1217 2000
394 297 342 163 1212 2000
145 416 145 228 1610 2000
107 456 231 395 613 2000
7 319 109 400 415 2000
157 154 304 113 1610 2000
361 368 208 399 814 2000
254 135 80 121 410 2000
10 1 27 172 11 2000
66 298 87 131 610 2000
116 382 201 476 1619 2000
84 263 212 207 1214 2000
102 176 155 41 1010 2000
16 4 46 153 20 2000
412 285 403 464 1210 2000
69 482 211 439 1013 2000
180 37 195 203 217 2000
280 124 240 267 1615 2000
138 138 37 218 1217 2000
236 201 119 271 611 2000
10 3 22 177 13 2000
117 333 181 214 1215 2000
74 127 12 4 613 2000
83 76 249 93 615 2000
248 281 114 330 1815 2000
11 7 165 34 18 2000
111 58 118 232 1417 2000
393 463 410 292 1410 2000
249 69 408 44 1014 2000
480 330 371 406 1213 2000
164 40 12 74 212 2000
191 318 301 392 1214 2000
2 8 17 182 10 2000
109 80 272 58 213 2000
378 432 348 276 1412 2000
154 27 107 161 217 2000
466 409 372 314 1809 2000
319 69 373 194 419 2000
166 277 159 101 615 2000
457 355 389 244 1619 2000
102 233 13 333 1009 2000
28 17 123 106 414 2000
255 268 419 288 814 2000
458 159 382 266 1415 2000
44 234 104 357 1215 2000
126 222 102 58 1810 2000
232 99 97 50 814 2000
92 216 229 267 610 2000
15 284 124 362 1011 2000
52 30 236 33 811 2000
137 346 96 492 1811 2000
147 44 219 161 1009 2000
139 301 47 214 819 2000
212 219 302 121 1610 2000
45 124 196 88 611 2000
255 47 194 174 1410 2000
361 14 246 83 1214 2000
235 147 364 205 411 2000
99 249 279 250 817 2000
197 136 98 225 810 2000
72 285 209 234 1210 2000
30 69 192 47 814 2000
194 255 368 250 1419 2000
486 232 319 212 1211 2000
249 483 378 424 1810 2000
284 349 455 332 1610 2000
319 236 277 375 1817 2000
475 67 337 113 614 2000
17 217 35 51 614 2000
63 134 179 207 1809 2000
330 286 457 343 1014 2000
243 244 240 420 619 2000
191 174 93 86 412 2000
207 211 303 300 813 2000
140 158 152 331 1613 2000
137 140 135 326 410 2000
172 189 244 76 1813 2000
137 217 285 177 1410 2000
6 337 89 442 810 2000
243 365 186 493 1213 2000
324 427 310 257 1614 2000
197 230 336 186 1415 2000
8 6 180 19 14 2000
39 191 106 72 1012 2000
124 248 158 397 415 2000
241 209 147 115 1410 2000
240 315 267 471 1415 2000
46 80 207 106 811 2000
320 239 402 345 1210 2000
7 13 148 51 20 2000
185 16 38 58 209 2000
91 122 181 27 213 2000
71 151 144 39 1213 2000
107 77 252 38 214 2000
260 129 84 137 814 2000
462 21 320 65 1612 2000
55 288 234 279 810 2000
230 401 183 263 1013 2000
335 160 177 191 1809 2000
153 183 129 20 811 2000
370 58 365 242 809 2000
11 1 118 81 12 2000
148 246 57 344 809 2000
162 51 110 180 217 2000
151 439 143 261 1812 2000
10 4 40 159 14 2000
266 287 419 321 1811 2000
0 11 86 113 11 2000
347 371 387 226 813 2000
249 106 233 279 609 2000
207 152 329 90 414 2000
93 112 269 100 810 2000
209 341 359 379 1010 2000
152 221 304 257 410 2000
283 286 120 264 1813 2000
9 6 179 20 15 2000
342 301 266 406 1417 2000
22 179 53 331 215 2000
220 243 191 89 1415 2000
28 333 89 210 414 2000
237 121 268 271 1217 2000
333 294 456 234 1015 2000
180 189 247 306 414 2000
183 39 346 59 1615 2000
407 150 254 186 1809 2000
90 243 138 383 1610 2000
91 279 251 304 1613 2000
323 237 240 131 1209 2000
420 269 429 92 1212 2000
171 195 298 253 413 2000
76 125 176 210 213 2000
99 89 171 201 214 2000
291 28 127 52 1210 2000
7 4 101 98 11 2000
163 357 5 387 1810 2000
267 115 294 271 415 2000
130 39 263 91 1013 2000
65 264 210 306 1811 2000
18 144 153 196 411 2000
181 161 281 244 815 2000
279 299 351 416 1609 2000
106 113 181 9 219 2000
11 115 82 5 817 2000
231 139 346 213 1609 2000
339 221 499 245 1814 2000
311 368 174 326 1819 2000
219 218 319 299 1017 2000
1 13 58 141 14 2000
199 184 216 351 414 2000
1 9 189 8 10 2000
314 7 328 178 1813 2000
117 138 287 124 414 2000
82 70 229 108 413 2000
275 285 202 175 1615 2000
83 294 149 171 1009 2000
6 9 66 133 15 2000
88 228 214 168 1812 2000
163 28 340 26 219 2000
51 227 236 230 1010 2000
181 175 259 68 813 2000
166 236 10 209 415 2000
134 8 207 120 1213 2000
372 167 424 304 1409 2000
448 107 372 216 1813 2000
228 232 365 280 1213 2000
11 3 112 87 14 2000
91 253 135 392 815 2000
332 143 247 247 1409 2000
9 5 15 184 14 2000
266 368 88 363 815 2000
257 463 278 298 1812 2000
232 142 409 149 1014 2000
191 227 56 179 1215 2000
312 440 202 365 1613 2000
202 347 344 386 1817 2000
233 273 182 135 809 2000
99 116 3 29 215 2000
5 13 149 50 18 2000
189 194 329 240 412 2000
396 278 304 369 1215 2000
129 85 174 228 610 2000
259 48 322 169 1614 2000
161 213 328 192 1410 2000
62 118 199 160 419 2000
4 9 46 153 13 2000
155 289 181 450 811 2000
135 52 194 174 217 2000
465 367 393 258 1617 2000
222 249 369 217 1819 2000
9 459 164 483 1619 2000
5 15 65 134 20 2000
114 75 290 70 217 2000
69 150 117 281 219 2000
424 196 292 141 1611 2000
74 107 146 216 217 2000
89 335 206 401 1615 2000
443 305 336 228 1414 2000
64 308 211 270 413 2000
317 453 179 410 1617 2000
63 279 28 427 1615 2000
111 35 271 8 411 2000
236 109 173 225 1819 2000
190 29 214 184 219 2000
381 186 425 43 1811 2000
297 227 334 376 1812 2000
101 162 102 342 617 2000
209 136 149 264 1610 2000
68 318 48 153 413 2000
252 256 424 249 819 2000
116 358 260 398 1814 2000
113 91 290 80 1410 2000
1 117 93 213 1810 2000
291 117 313 283 1010 2000
177 158 28 192 615 2000
287 261 275 94 819 2000
75 358 12 484 609 2000
448 258 327 198 1617 2000
250 100 180 218 1410 2000
234 468 73 490 815 2000
121 433 20 347 811 2000
23 355 166 400 1010 2000
220 241 153 355 1817 2000
188 212 142 77 1217 2000
201 181 243 44 819 2000
18 134 93 244 413 2000
6 8 180 19 14 2000
44 210 109 324 419 2000
0 12 182 7 12 2000
457 98 480 260 1013 2000
7 114 15 293 611 2000
21 164 150 218 1015 2000
195 389 365 403 1414 2000
272 29 289 200 1210 2000
325 235 256 123 1617 2000
232 135 246 308 1411 2000
9 1 32 167 10 2000
82 123 228 82 211 2000
179 199 118 76 1414 2000
210 378 261 240 1209 2000
274 379 324 243 1612 2000
37 152 98 272 217 2000
427 36 353 151 1809 2000
413 292 278 340 1815 2000
187 402 335 371 619 2000
232 196 277 332 817 2000
292 123 150 169 1610 2000
130 307 245 241 1817 2000
214 136 186 295 811 2000
5 7 89 110 12 2000
398 355 323 465 1413 2000
98 37 122 198 613 2000
228 155 311 256 1214 2000
2 16 87 112 18 2000
173 279 258 176 1810 2000
33 146 203 155 219 2000
24 302 47 463 614 2000
24 159 31 335 215 2000
179 146 150 300 1815 2000
11 173 83 57 210 2000
396 416 490 327 1215 2000
196 190 352 221 411 2000
21 461 193 475 1812 2000
231 306 244 478 1413 2000
330 277 214 205 810 2000
135 158 233 248 410 2000
82 234 179 321 1014 2000
120 287 232 363 1610 2000
157 464 166 286 1811 2000
6 7 72 127 13 2000
173 22 326 56 211 2000
108 111 226 172 219 2000
5 7 33 166 12 2000
96 228 216 295 1611 2000
171 215 15 184 411 2000
464 376 352 302 1812 2000
238 69 395 38 1610 2000
146 250 296 288 1010 2000
359 236 429 354 810 2000
6 5 4 191 11 2000
96 379 200 460 1813 2000
110 16 1 91 1014 2000
137 393 172 247 1217 2000
21 166 81 39 211 2000
126 476 257 420 1211 2000
126 20 287 47 610 2000
97 464 254 442 1819 2000
177 27 347 11 212 2000
98 176 56 322 1010 2000
162 55 333 65 217 2000
77 127 157 233 212 2000
45 29 13 180 815 2000
114 166 24 68 1410 2000
90 93 196 172 1013 2000
13 2 51 148 15 2000
62 138 84 305 409 2000
45 52 222 63 410 2000
202 182 200 367 411 2000
448 48 271 56 1213 2000
255 301 439 299 1012 2000
121 82 33 179 213 2000
358 321 452 406 1019 2000
131 256 64 377 410 2000
299 432 304 258 1419 2000
28 168 116 263 415 2000
323 244 404 146 1419 2000
351 359 195 382 1619 2000
12 349 2 175 1214 2000
129 69 171 211 614 2000
174 74 52 137 413 2000
80 470 256 467 1219 2000
342 201 427 101 1013 2000
11 4 143 56 15 2000
48 180 104 52 614 2000
66 285 199 232 812 2000
322 233 226 142 611 2000
32 211 46 378 1817 2000
9 5 166 33 14 2000
283 93 430 135 1209 2000
199 71 17 65 610 2000
71 62 43 215 1017 2000
75 113 105 271 210 2000
174 129 243 11 611 2000
271 26 132 71 814 2000
331 443 225 362 1611 2000
355 263 443 359 1414 2000
326 344 278 480 1414 2000
169 217 195 60 415 2000
355 127 195 155 610 2000
211 141 345 195 1810 2000
201 143 45 168 417 2000
115 208 95 376 410 2000
168 151 322 186 1409 2000
28 166 189 191 212 2000
303 381 149 351 1814 2000
120 193 249 133 1009 2000
383 260 269 329 1015 2000
151 127 238 228 1810 2000
0 12 2 197 12 2000
186 194 241 64 1213 2000
395 376 306 279 812 2000
148 265 179 115 1417 2000
236 155 327 248 1214 2000
364 204 470 122 610 2000
180 3 13 19 215 2000
123 269 293 258 417 2000
42 169 213 153 211 2000
197 112 173 275 1011 2000
441 341 297 380 1215 2000
176 92 3 84 817 2000
200 161 20 165 1214 2000
217 117 364 154 1014 2000
375 203 409 58 1619 2000
286 102 413 156 1617 2000
200 151 144 18 1409 2000
249 317 422 332 610 2000
247 133 366 64 610 2000
17 3 180 19 20 2000
83 44 206 107 412 2000
333 219 234 133 1213 2000
116 356 184 241 1215 2000
1 17 31 168 18 2000
308 133 440 184 615 2000
114 260 249 206 1209 2000
53 303 22 457 1613 2000
141 259 73 139 1010 2000
196 40 302 117 815 2000
111 293 174 417 411 2000
166 250 310 205 1609 2000
340 361 224 291 812 2000
349 230 190 259 1610 2000
450 115 372 216 1819 2000
316 32 186 89 1211 2000
22 183 110 88 215 2000
209 297 109 378 817 2000
211 40 119 129 1817 2000
6 14 88 111 20 2000
358 7 497 47 1019 2000
181 29 89 125 210 2000
7 4 71 128 11 2000
390 176 451 304 1609 2000
184 201 173 371 1017 2000
160 261 243 359 617 2000
17 1 69 130 18 2000
249 452 246 267 1610 2000
250 283 364 218 1819 2000
5 10 158 41 15 2000
356 238 210 271 1219 2000
158 100 51 19 610 2000
198 154 185 320 1219 2000
273 333 421 371 1812 2000
95 267 257 292 411 2000
277 197 110 218 1410 2000
180 278 332 314 1410 2000
398 110 321 3 1414 2000
243 240 73 258 1610 2000
361 423 239 361 1014 2000
295 431 157 481 1810 2000
0 18 130 69 18 2000
312 109 369 237 1013 2000
196 5 257 133 209 2000
62 253 160 338 1015 2000
228 121 345 193 1409 2000
211 177 360 138 1810 2000
300 172 220 279 1211 2000
254 74 210 218 1810 2000
7 3 27 172 10 2000
209 68 234 229 1212 2000
135 212 238 129 812 2000
211 262 354 307 1210 2000
364 208 203 185 1014 2000
363 244 264 329 1614 2000
8 3 72 127 11 2000
295 262 116 268 613 2000
136 52 282 14 214 2000
446 127 429 289 1019 2000
248 463 101 423 1411 2000
162 310 311 349 1810 2000
338 250 386 113 813 2000
6 5 97 102 11 2000
16 268 108 177 1615 2000
311 344 305 163 1011 2000
236 103 344 30 1817 2000
310 373 336 212 1411 2000
242 283 340 366 1817 2000
290 217 301 393 1011 2000
255 355 118 404 1812 2000
287 56 300 226 1015 2000
3 76 179 88 410 2000
399 451 386 275 1609 2000
7 4 156 43 11 2000
171 44 276 124 1013 2000
218 331 175 191 1015 2000
167 333 9 307 1014 2000
21 176 156 126 213 2000
53 156 180 94 209 2000
430 212 439 33 1410 2000
2 13 184 15 15 2000
39 175 190 208 214 2000
39 29 205 47 614 2000
11 3 91 108 14 2000
183 233 253 347 614 2000
209 364 322 432 1817 2000
185 245 359 235 1414 2000
88 290 14 403 411 2000
7 4 128 71 11 2000
205 146 148 15 410 2000
84 172 155 282 417 2000
240 158 85 192 1609 2000
303 149 436 200 1414 2000
445 167 352 261 811 2000
54 118 109 251 610 2000
9 196 19 369 215 2000
49 160 185 107 209 2000
159 222 48 145 410 2000
133 223 277 183 1414 2000
270 240 172 326 614 2000
344 213 207 257 1417 2000
86 82 198 9 413 2000
192 3 163 161 611 2000
112 246 162 382 612 2000
323 181 473 219 1010 2000
202 271 332 330 1009 2000
61 198 174 270 1813 2000
451 207 307 162 1609 2000
143 335 128 162 610 2000
357 247 263 156 1613 2000
271 117 252 285 1211 2000
305 304 439 253 1413 2000
273 132 446 147 410 2000
114 65 163 199 1015 2000
103 454 227 390 810 2000
306 300 248 427 813 2000
322 174 475 208 1611 2000
336 451 339 268 1612 2000
334 37 298 185 1214 2000
191 255 45 213 1010 2000
344 386 376 239 1219 2000
137 73 322 69 409 2000
298 89 293 263 1019 2000
175 6 105 117 217 2000
164 195 216 327 414 2000
432 216 451 56 1219 2000
428 84 348 192 1410 2000
83 129 224 174 212 2000
102 82 107 261 214 2000
237 44 206 200 611 2000
13 175 83 57 210 2000
380 356 468 260 1414 2000
214 107 167 243 615 2000
25 363 137 286 409 2000
82 206 138 336 612 2000
44 164 143 75 210 2000
221 79 125 167 1814 2000
426 401 257 420 1610 2000
30 74 169 26 411 2000
467 255 320 294 1412 2000
364 130 206 158 1012 2000
32 360 101 472 1217 2000
198 268 296 178 610 2000
34 204 85 341 610 2000
154 353 276 286 1009 2000
62 80 15 212 1219 2000
251 136 371 68 410 2000
307 113 371 230 817 2000
394 243 227 264 1610 2000
0 10 132 67 10 2000
63 146 210 178 219 2000
84 228 43 372 413 2000
173 164 352 171 1612 2000
399 58 254 15 1610 2000
19 1 28 171 20 2000
318 446 386 329 813 2000
202 218 163 365 1012 2000
422 76 446 240 1410 2000
208 94 332 154 1814 2000
5 6 65 134 11 2000
63 144 248 142 211 2000
243 136 206 287 410 2000
95 334 8 426 619 2000
147 36 257 109 215 2000
93 148 202 218 1019 2000
231 387 316 283 809 2000
124 93 36 186 217 2000
441 348 333 426 1612 2000
3 15 81 118 18 2000
7 6 100 99 13 2000
265 333 233 176 1609 2000
357 143 265 52 815 2000
165 464 309 424 1614 2000
177 11 85 107 210 2000
11 112 11 300 410 2000
386 68 260 15 819 2000
76 219 79 400 414 2000
85 118 187 195 219 2000
357 481 203 447 1410 2000
228 154 208 321 411 2000
93 90 8 188 215 2000
134 180 61 70 815 2000
376 18 199 20 1219 2000
391 23 280 93 417 2000
213 166 88 103 410 2000
69 429 195 490 1211 2000
115 256 276 279 414 2000
161 197 247 98 413 2000
96 333 267 341 1819 2000
10 5 127 72 15 2000
39 355 187 395 610 2000
105 230 11 322 1612 2000
201 363 275 249 610 2000
1 14 46 153 15 2000
263 258 89 272 1610 2000
65 148 39 307 213 2000
73 257 138 141 817 2000
256 118 160 207 413 2000
131 289 139 468 1211 2000
13 2 53 146 15 2000
123 106 266 144 1817 2000
76 214 122 356 610 2000
333 365 383 227 1410 2000
269 65 123 22 809 2000
14 6 153 46 20 2000
223 117 48 104 1410 2000
122 263 272 227 412 2000
71 214 171 126 1210 2000
306 96 251 226 413 2000
83 399 166 301 1217 2000
0 11 19 180 11 2000
14 6 186 13 20 2000
252 369 354 288 1015 2000
96 252 272 261 813 2000
68 14 112 151 1617 2000
14 264 38 99 409 2000
458 327 309 363 1413 2000
305 399 414 329 1219 2000
0 11 137 62 11 2000
10 10 121 78 20 2000
231 68 151 173 613 2000
113 378 228 306 1011 2000
200 93 156 237 410 2000
202 254 104 173 1219 2000
236 64 352 134 1412 2000
170 20 50 86 212 2000
469 383 301 403 1410 2000
189 118 74 191 810 2000
307 335 483 338 1619 2000
7 4 155 44 11 2000
158 30 116 176 210 2000
139 214 84 83 412 2000
198 239 198 427 1210 2000
30 220 30 405 1613 2000
9 2 36 163 11 2000
42 177 42 365 1610 2000
181 255 320 206 1810 2000
71 180 56 14 1817 2000
374 261 326 396 1415 2000
357 148 273 43 1409 2000
255 251 91 268 1217 2000
377 161 335 16 1211 2000
259 241 149 314 1615 2000
156 173 23 227 1011 2000
219 90 50 102 1017 2000
77 246 9 365 1811 2000
70 294 27 437 1812 2000
119 262 152 417 810 2000
394 119 417 280 1614 2000
409 290 292 220 1011 2000
71 304 195 239 1009 2000
289 245 237 113 1014 2000
460 246 326 300 1010 2000
59 298 22 156 1819 2000
226 155 210 323 414 2000
271 88 147 24 1210 2000
302 276 172 330 614 2000
280 237 119 212 1612 2000
134 303 67 424 1610 2000
14 1 187 12 15 2000
93 99 208 172 210 2000
276 329 343 446 1614 2000
12 3 107 92 15 2000
284 131 255 283 617 2000
160 343 321 361 619 2000
263 162 184 271 1210 2000
2 13 170 29 15 2000
313 192 356 338 609 2000
115 95 234 164 210 2000
310 382 340 224 1410 2000
364 173 211 147 1819 2000
282 104 137 142 415 2000
172 455 283 383 1015 2000
86 84 267 88 1613 2000
484 465 348 414 1811 2000
145 48 235 145 211 2000
210 323 269 449 1413 2000
16 4 161 38 20 2000
236 323 237 141 615 2000
274 187 211 62 810 2000
23 52 208 49 810 2000
413 409 262 446 1010 2000
262 59 243 221 617 2000
144 41 264 100 1419 2000
206 164 291 60 809 2000
198 273 250 400 1019 2000
67 167 67 355 1010 2000
85 86 210 23 1610 2000
241 479 138 397 1213 2000
199 260 246 128 619 2000
264 184 150 109 1209 2000
327 346 145 342 1612 2000
104 164 235 220 811 2000
233 234 364 288 1413 2000
161 9 123 156 413 2000
77 86 4 202 1009 2000
362 213 493 159 1013 2000
183 107 0 113 1609 2000
151 37 56 130 210 2000
213 116 70 73 812 2000
116 275 291 262 1210 2000
294 250 150 292 612 2000
5 8 155 44 13 2000
189 261 25 281 1814 2000
156 257 36 321 414 2000
78 420 205 360 1211 2000
415 315 330 409 1219 2000
153 485 125 330 1615 2000
354 88 371 258 1611 2000
2 9 36 163 11 2000
252 443 382 494 1817 2000
472 65 349 0 1610 2000
377 148 233 106 1212 2000
285 112 195 210 810 2000
184 215 180 36 1015 2000
172 39 358 38 211 2000
108 150 235 91 1412 2000
197 208 104 299 414 2000
10 3 180 19 13 2000
154 117 238 13 810 2000
15 1 5 174 16 2000
144 236 48 143 409 2000
113 171 185 287 610 2000
207 186 190 353 814 2000
182 32 82 116 214 2000
108 105 94 270 219 2000
195 6 89 88 1210 2000
99 350 2 438 1813 2000
386 132 236 167 1613 2000
360 191 231 241 1819 2000
100 292 227 353 610 2000
191 213 25 236 409 2000
179 25 197 194 811 2000
62 131 164 214 213 2000
245 148 112 96 1013 2000
265 484 348 383 814 2000
68 113 218 144 217 2000
315 38 203 105 1019 2000
226 264 93 218 1619 2000
130 77 96 230 211 2000
372 276 306 398 1010 2000
184 188 204 355 411 2000
79 198 134 66 611 2000
4 16 123 76 20 2000
178 333 178 146 1011 2000
368 189 298 304 1413 2000
246 183 382 138 1817 2000
141 144 95 277 1819 2000
297 163 131 185 1810 2000
5 5 31 168 10 2000
28 176 147 107 210 2000
330 169 484 138 1813 2000
135 380 209 492 812 2000
4 10 146 53 14 2000
229 343 222 162 610 2000
35 273 99 150 1211 2000
37 177 164 234 214 2000
184 399 252 282 1413 2000
135 256 149 428 412 2000
7 4 167 32 11 2000
158 30 120 180 210 2000
118 171 14 87 410 2000
10 1 167 32 11 2000
212 178 279 294 415 2000
301 99 157 62 417 2000
4 11 127 72 15 2000
115 427 193 319 1012 2000
159 219 111 356 1613 2000
8 12 87 112 20 2000
86 380 208 441 1215 2000
46 426 163 493 614 2000
137 5 255 66 419 2000
248 265 268 424 1819 2000
357 58 413 189 1411 2000
299 296 432 244 1013 2000
10 332 69 205 1812 2000
52 135 76 299 410 2000
227 178 111 106 1610 2000
160 98 84 210 610 2000
317 340 494 346 1415 2000
95 269 200 195 419 2000
229 51 57 65 1012 2000
270 88 425 55 1010 2000
46 266 4 123 1213 2000
103 299 157 165 1410 2000
138 100 311 85 1010 2000
295 19 466 29 817 2000
212 236 234 70 1410 2000
54 323 203 362 410 2000
218 442 378 419 1215 2000
347 438 395 301 1013 2000
5 73 115 4 1219 2000
420 469 368 338 1415 2000
236 216 215 54 1615 2000
217 47 342 108 1012 2000
9 2 183 16 11 2000
326 288 444 358 1410 2000
242 165 310 45 810 2000
468 197 316 230 1813 2000
140 469 242 383 1210 2000
182 33 359 27 215 2000
117 95 260 52 212 2000
257 235 266 410 614 2000
125 88 256 34 213 2000
185 181 128 51 811 2000
18 312 177 338 813 2000
204 160 101 240 415 2000
313 395 363 260 1613 2000
88 389 52 240 1013 2000
302 481 231 366 1612 2000
9 375 111 294 415 2000
251 279 99 308 1617 2000
197 118 219 284 1210 2000
240 55 351 127 1815 2000
129 224 84 360 1017 2000
224 164 295 46 409 2000
461 238 387 353 1809 2000
181 402 64 330 1409 2000
18 244 64 111 419 2000
431 185 328 261 1219 2000
53 159 218 180 212 2000
288 211 372 310 1815 2000
117 182 265 219 613 2000
175 197 228 328 1014 2000
239 265 343 185 1014 2000
168 68 344 56 610 2000
454 202 391 77 1410 2000
424 329 260 354 1809 2000
470 199 334 242 1819 2000
343 203 408 80 1410 2000
195 144 17 134 810 2000
186 168 117 52 413 2000
165 431 165 244 811 2000
173 189 196 351 813 2000
401 159 246 193 1209 2000
1 15 127 72 16 2000
375 356 250 418 1411 2000
78 64 226 104 1010 2000
45 174 92 42 219 2000
336 235 303 85 1015 2000
198 27 62 76 613 2000
347 240 375 79 609 2000
169 41 136 196 210 2000
356 361 177 370 810 2000
480 258 401 152 1213 2000
28 130 198 144 1014 2000
135 201 300 217 817 2000
334 162 464 104 610 2000
367 412 215 385 1819 2000
173 246 116 114 1809 2000
299 107 189 176 1619 2000
247 125 301 256 413 2000
4 7 144 55 11 2000
415 342 236 347 814 2000
349 24 369 192 1610 2000
215 287 215 103 614 2000
169 352 309 304 810 2000
242 313 152 216 1811 2000
192 221 324 172 617 2000
143 50 108 196 217 2000
52 134 106 266 212 2000
237 256 262 416 1013 2000
50 142 200 180 610 2000
337 47 174 69 813 2000
48 184 134 281 815 2000
226 182 226 368 612 2000
210 112 167 253 1414 2000
161 246 247 346 1612 2000
177 259 16 235 1613 2000
479 69 443 219 1012 2000
117 71 246 12 210 2000
7 7 34 165 14 2000
297 396 155 350 1610 2000
134 164 196 40 1012 2000
102 374 60 228 1010 2000
421 326 271 364 1210 2000
14 246 27 75 614 2000
46 299 30 472 1409 2000
388 197 251 249 1009 2000
14 200 117 284 1211 2000
185 399 174 222 610 2000
464 195 441 34 1214 2000
193 129 360 148 1412 2000
126 334 18 411 813 2000
218 331 96 272 617 2000
322 130 373 267 610 2000
10 5 140 59 15 2000
86 162 43 18 1211 2000
160 43 295 95 611 2000
218 111 314 19 410 2000
272 108 432 79 409 2000
347 166 246 86 1817 2000
205 153 32 168 1410 2000
226 154 49 148 415 2000
53 370 108 244 617 2000
289 184 402 252 1817 2000
467 292 389 184 1212 2000
253 342 303 206 1212 2000
168 334 83 438 1609 2000
287 206 134 174 613 2000
225 346 328 268 1817 2000
499 133 410 231 1211 2000
236 140 159 36 817 2000
171 255 354 257 1213 2000
240 153 315 257 1019 2000
250 144 135 80 419 2000
210 181 341 131 1417 2000
63 323 211 362 411 2000
11 9 57 142 20 2000
140 120 134 300 1012 2000
235 179 195 327 1410 2000
72 115 29 257 213 2000
63 221 231 232 419 2000
227 191 156 307 1611 2000
327 396 301 237 1413 2000
45 143 153 223 210 2000
123 189 247 254 809 2000
6 7 38 161 13 2000
288 307 151 257 1811 2000
304 457 490 459 1610 2000
129 140 191 13 1009 2000
251 263 75 251 1810 2000
185 357 239 484 1617 2000
238 134 222 307 809 2000
240 490 230 315 813 2000
294 202 124 219 1211 2000
391 344 460 229 1614 2000
10 304 148 258 614 2000
33 222 6 382 1811 2000
288 174 214 281 817 2000
93 213 162 94 610 2000
342 60 284 181 419 2000
298 194 393 284 1213 2000
451 109 474 274 1010 2000
358 253 412 126 1017 2000
415 133 268 91 1209 2000
4 7 73 126 11 2000
271 274 334 151 1612 2000
343 206 213 261 1013 2000
402 311 220 317 810 2000
96 285 249 250 810 2000
213 292 46 278 617 2000
161 207 270 128 1010 2000
434 157 283 187 617 2000
91 250 74 416 615 2000
444 139 377 17 1409 2000
197 201 222 361 413 2000
5 5 145 54 10 2000
183 41 170 212 614 2000
315 104 399 5 615 2000
273 301 346 416 1410 2000
104 255 176 148 1419 2000
139 47 22 118 1810 2000
39 178 67 331 217 2000
341 159 389 294 815 2000
230 175 401 188 1214 2000
326 384 277 249 1814 2000
211 292 358 333 1210 2000
59 256 22 404 1413 2000
4 7 22 177 11 2000
168 223 186 52 1409 2000
179 75 331 107 614 2000
402 357 456 225 1612 2000
149 267 248 178 1810 2000
133 80 178 218 215 2000
47 490 71 326 1610 2000
227 111 240 287 809 2000
171 216 13 190 414 2000
130 254 117 78 809 2000
157 154 2 187 1610 2000
311 59 183 112 1617 2000
427 224 353 334 1614 2000
6 4 154 45 10 2000
143 91 174 249 1209 2000
35 107 84 246 1010 2000
82 228 218 271 1219 2000
214 287 89 233 1419 2000
336 271 392 138 609 2000
47 29 164 99 1611 2000
245 352 326 249 1214 2000
304 173 394 74 1409 2000
124 81 269 125 209 2000
234 484 134 401 1215 2000
223 211 162 339 809 2000
330 17 319 189 615 2000
219 139 331 210 415 2000
103 221 284 216 1812 2000
198 112 332 157 1619 2000
340 152 330 328 1812 2000
73 490 111 340 1610 2000
84 121 182 202 219 2000
177 197 64 121 409 2000
79 370 242 391 1214 2000
419 137 300 68 1010 2000
3 7 146 53 10 2000
147 42 188 190 209 2000
87 100 13 207 217 2000
237 257 288 393 1211 2000
285 444 335 308 1212 2000
253 299 300 160 1812 2000
97 109 251 143 210 2000
143 111 267 47 610 2000
177 188 287 114 414 2000
481 13 443 163 1810 2000
110 76 242 130 212 2000
326 264 320 442 1014 2000
132 141 144 315 812 2000
48 11 121 122 1614 2000
235 386 104 442 1411 2000
172 92 86 193 411 2000
141 69 288 28 210 2000
101 109 81 277 210 2000
4 154 13 333 1810 2000
10 4 82 117 14 2000
213 212 264 340 1019 2000
119 152 278 123 410 2000
332 189 326 11 1214 2000
401 329 349 463 1812 2000
2 9 35 164 11 2000
0 18 111 88 18 2000
346 161 376 315 1214 2000
96 123 234 82 219 2000
330 65 186 107 1612 2000
213 237 227 406 815 2000
334 198 441 116 1209 2000
488 371 362 431 1212 2000
161 191 130 41 817 2000
134 54 248 128 210 2000
250 166 156 261 809 2000
214 263 213 85 1819 2000
62 251 193 199 1015 2000
216 318 363 284 1617 2000
99 339 240 301 1219 2000
176 216 40 168 1414 2000
134 128 311 139 1010 2000
321 11 343 173 1814 2000
173 364 10 388 1411 2000
239 278 167 165 1413 2000
182 401 131 269 1815 2000
122 462 221 374 1211 2000
39 178 219 179 217 2000
213 185 262 47 411 2000
211 155 319 231 614 2000
76 321 136 449 810 2000
90 66 250 38 1410 2000
303 4 346 146 1013 2000
7 5 92 107 12 2000
331 138 189 179 615 2000
340 60 322 223 417 2000
241 185 84 209 817 2000
239 35 395 58 1219 2000
322 84 157 65 1814 2000
62 102 207 59 610 2000
369 53 329 202 1209 2000
87 134 19 251 1013 2000
30 255 177 218 1214 2000
136 239 34 321 414 2000
158 34 220 161 1209 2000
329 175 368 33 817 2000
208 157 212 341 410 2000
414 429 273 389 1817 2000
105 110 46 230 619 2000
209 55 361 87 1814 2000
483 245 353 300 813 2000
362 303 187 315 1011 2000
13 7 51 148 20 2000
17 1 168 31 18 2000
265 244 198 365 1610 2000
197 374 275 263 1809 2000
150 38 181 191 214 2000
163 478 213 342 1212 2000
77 59 109 216 809 2000
186 216 307 148 409 2000
334 89 315 255 1813 2000
72 127 189 63 217 2000
294 137 305 314 810 2000
256 434 198 308 1414 2000
303 402 219 303 1415 2000
246 292 184 168 1412 2000
132 89 287 60 414 2000
492 246 477 72 1609 2000
155 62 327 71 217 2000
251 154 310 32 617 2000
121 166 214 261 810 2000
303 377 439 334 819 2000
222 134 364 95 417 2000
68 145 215 107 213 2000
107 238 87 404 1212 2000
256 207 200 75 810 2000
12 6 25 174 18 2000
93 110 91 293 213 2000
218 366 43 377 612 2000
200 317 106 226 1013 2000
297 129 186 59 817 2000
186 90 155 248 409 2000
446 356 452 177 1213 2000
248 347 372 292 619 2000
48 161 101 295 211 2000
425 441 411 269 1812 2000
272 72 338 185 419 2000
428 103 286 148 1411 2000
410 407 290 475 1610 2000
483 227 304 237 1209 2000
263 159 345 260 1615 2000
193 20 193 201 217 2000
142 266 260 197 411 2000
131 134 93 275 1019 2000
339 438 447 358 1610 2000
171 335 203 491 1810 2000
6 4 77 122 10 2000
13 3 1 174 16 2000
416 306 276 354 1010 2000
197 443 268 326 1810 2000
299 214 346 354 1011 2000
144 202 134 28 614 2000
254 128 295 266 419 2000
48 197 133 95 1811 2000
167 11 346 1 1609 2000
58 134 238 126 210 2000
158 94 106 230 610 2000
410 23 451 168 1212 2000
105 294 11 204 414 2000
5 5 30 169 10 2000
286 265 430 310 609 2000
129 67 192 192 210 2000
210 213 375 190 1210 2000
43 138 119 243 217 2000
224 197 148 84 609 2000
66 297 220 322 1019 2000
259 332 268 153 1610 2000
116 90 43 205 210 2000
2 14 3 196 16 2000
169 175 232 50 1410 2000
1 19 83 116 20 2000
3 11 95 104 14 2000
393 189 207 187 1010 2000
255 195 157 283 1412 2000
3 15 97 102 18 2000
138 254 315 244 811 2000
122 87 76 226 213 2000
285 160 320 306 617 2000
39 144 89 11 215 2000
43 88 200 61 414 2000
212 118 71 70 809 2000
8 6 74 125 14 2000
172 303 350 300 617 2000
237 256 153 152 1210 2000
234 138 123 63 1012 2000
124 142 42 43 1617 2000
332 122 151 120 815 2000
288 74 374 175 411 2000
294 157 208 62 1817 2000
113 306 268 278 615 2000
314 387 338 228 1015 2000
457 95 466 270 1014 2000
156 157 316 185 810 2000
147 173 237 78 1213 2000
350 309 185 332 1610 2000
14 2 78 121 16 2000
140 60 166 222 210 2000
133 426 100 271 1610 2000
112 94 64 234 210 2000
237 258 71 277 1013 2000
190 136 376 137 811 2000
91 237 221 179 1410 2000
5 13 33 166 18 2000
82 119 237 149 213 2000
6 10 42 157 16 2000
159 173 81 65 1812 2000
329 225 154 238 610 2000
216 246 227 420 1613 2000
224 124 149 16 415 2000
68 385 255 383 1009 2000
376 39 430 164 1819 2000
244 117 85 145 1411 2000
150 69 154 244 619 2000
135 175 292 143 1609 2000
246 58 93 89 1414 2000
315 104 363 235 619 2000
82 60 251 79 1810 2000
95 404 224 456 617 2000
464 41 281 39 1413 2000
158 53 36 118 611 2000
51 117 125 226 815 2000
124 240 79 101 1014 2000
430 300 252 301 1619 2000
14 174 184 191 811 2000
157 289 56 373 1613 2000
264 456 229 303 1410 2000
94 82 277 87 610 2000
85 55 11 166 813 2000
346 14 232 86 1812 2000
111 350 147 197 609 2000
244 133 151 225 1013 2000
178 35 269 123 219 2000
160 483 323 460 1212 2000
316 271 212 356 1409 2000
121 254 174 389 410 2000
223 94 296 206 1413 2000
163 265 50 190 1010 2000
6 14 73 126 20 2000
276 432 144 488 1810 2000
106 133 280 128 619 2000
347 125 300 259 1617 2000
46 158 182 110 214 2000
376 159 437 283 1413 2000
111 306 196 410 1409 2000
127 249 48 351 417 2000
219 193 246 349 415 2000
142 176 0 217 1215 2000
211 325 48 350 610 2000
288 132 441 162 815 2000
76 291 6 173 410 2000
6 6 186 13 12 2000
211 278 303 183 1011 2000
5 5 15 184 10 2000
138 308 16 370 1414 2000
83 101 58 262 1812 2000
78 335 13 456 1612 2000
64 259 141 370 810 2000
155 289 316 311 815 2000
402 289 290 365 1610 2000
215 331 292 227 817 2000
322 37 262 163 812 2000
161 54 154 230 215 2000
380 34 364 202 1014 2000
124 68 162 218 210 2000
220 122 234 295 411 2000
144 233 318 243 414 2000
174 246 33 199 1010 2000
25 113 92 233 1611 2000
71 454 237 441 1819 2000
150 69 318 80 219 2000
288 92 228 217 813 2000
190 136 139 266 1617 2000
286 343 292 162 1811 2000
139 354 174 204 1813 2000
136 426 29 350 1615 2000
356 189 284 76 1413 2000
38 25 170 72 619 2000
97 113 271 99 210 2000
155 152 86 37 814 2000
357 238 459 157 615 2000
2 355 173 339 611 2000
476 76 372 161 1609 2000
23 171 204 164 210 2000
13 2 103 96 15 2000
56 153 224 172 211 2000
164 20 88 123 1219 2000
156 236 69 139 1414 2000
134 63 281 104 1210 2000
460 174 459 359 1012 2000
81 345 62 176 610 2000
324 162 269 286 1219 2000
226 75 357 19 1011 2000
46 195 137 293 1009 2000
68 125 158 223 810 2000
150 454 206 321 1209 2000
287 26 364 137 410 2000
199 22 361 41 1417 2000
304 177 356 48 1817 2000
116 441 232 370 1811 2000
156 43 113 189 209 2000
415 214 451 365 1811 2000
216 313 399 317 1011 2000
62 402 242 403 1217 2000
258 281 413 257 1419 2000
4 153 123 213 619 2000
200 291 159 431 617 2000
258 374 298 225 809 2000
0 16 6 193 16 2000
363 37 267 122 817 2000
143 353 269 415 1410 2000
39 206 208 192 1015 2000
238 249 371 299 1015 2000
165 95 260 6 1014 2000
232 332 368 384 1410 2000
355 389 399 252 1617 2000
330 320 178 357 1609 2000
116 100 141 263 610 2000
267 92 112 58 1409 2000
279 380 423 339 1813 2000
24 242 50 404 610 2000
271 339 288 175 1217 2000
450 185 321 126 810 2000
260 218 111 184 1215 2000
103 187 88 360 1410 2000
98 362 194 453 1611 2000
67 76 177 145 619 2000
147 303 328 310 610 2000
223 191 247 350 415 2000
325 381 277 241 1410 2000
5 10 101 98 15 2000
211 195 161 332 411 2000
209 283 144 406 610 2000
377 176 456 71 1214 2000
201 156 363 137 617 2000
430 247 358 132 1811 2000
10 25 87 136 410 2000
5 10 166 33 15 2000
234 146 148 49 415 2000
271 219 115 251 1010 2000
230 39 159 155 1011 2000
4 8 167 32 12 2000
2 188 16 360 612 2000
4 11 136 63 15 2000
90 91 256 76 217 2000
397 268 320 370 1419 2000
147 289 284 238 1810 2000
4 9 122 77 13 2000
101 93 251 55 210 2000
74 292 58 464 1810 2000
70 290 230 267 415 2000
190 179 342 215 410 2000
376 123 443 7 615 2000
156 396 242 495 1213 2000
384 303 403 136 1212 2000
109 47 281 30 409 2000
107 107 183 215 214 2000
50 1 101 134 414 2000
308 217 241 101 1415 2000
232 92 368 137 417 2000
210 183 280 297 414 2000
311 272 276 118 1009 2000
339 339 428 247 817 2000
253 360 320 480 1411 2000
63 86 162 1 414 2000
281 183 163 250 1613 2000
136 294 90 436 610 2000
413 241 456 383 1213 2000
265 176 221 32 1610 2000
380 210 494 137 1611 2000
67 283 181 209 1010 2000
267 68 191 175 1415 2000
303 179 161 225 1010 2000
364 332 305 457 1414 2000
361 188 190 200 1015 2000
4 9 55 144 13 2000
65 142 127 23 217 2000
95 225 202 297 419 2000
238 289 187 423 1013 2000
269 207 396 269 809 2000
258 16 433 29 610 2000
215 186 355 138 410 2000
440 46 464 210 1010 2000
73 439 35 289 610 2000
44 308 139 401 1810 2000
488 283 364 342 1815 2000
203 246 156 380 1817 2000
141 230 227 128 410 2000
271 399 130 442 1814 2000
233 161 100 115 419 2000
450 129 459 307 1811 2000
243 44 71 55 615 2000
50 166 68 337 409 2000
185 203 166 33 809 2000
70 189 103 337 1417 2000
7 4 15 184 11 2000
245 420 121 356 1610 2000
245 80 294 218 611 2000
76 109 198 172 213 2000
83 123 178 216 210 2000
132 255 256 318 1011 2000
315 74 281 228 810 2000
85 297 197 374 409 2000
211 185 220 362 1012 2000
161 26 347 27 211 2000
178 213 222 356 1011 2000
350 346 367 177 1812 2000
3 15 40 159 18 2000
204 293 357 328 810 2000
99 185 239 232 411 2000
188 216 186 39 419 2000
154 232 313 203 1010 2000
126 83 289 59 211 2000
45 193 69 348 1219 2000
169 207 229 332 413 2000
232 322 291 193 1810 2000
247 84 315 204 1610 2000
2 18 98 101 20 2000
327 136 346 302 1013 2000
148 254 127 422 409 2000
132 415 134 230 611 2000
128 484 165 335 1012 2000
268 115 137 172 410 2000
45 162 142 254 209 2000
148 412 138 233 809 2000
54 166 51 347 614 2000
11 1 75 124 12 2000
400 295 466 415 1212 2000
48 415 189 371 1413 2000
16 172 112 264 210 2000
292 73 139 106 1212 2000
8 6 150 49 14 2000
245 319 300 190 1414 2000
6 5 78 121 11 2000
224 49 74 83 414 2000
11 5 179 20 16 2000
117 71 19 161 210 2000
78 468 254 475 1615 2000
292 86 244 221 1615 2000
197 403 52 365 815 2000
178 30 243 153 210 2000
1 10 29 170 11 2000
223 207 272 347 1209 2000
115 352 212 265 1214 2000
20 466 147 405 1810 2000
4 7 49 150 11 2000
73 149 159 251 1810 2000
35 123 127 220 1209 2000
47 158 178 102 211 2000
390 446 253 497 1410 2000
120 74 200 182 210 2000
260 161 114 198 1815 2000
168 235 346 242 1013 2000
257 390 218 245 1214 2000
206 186 262 53 1609 2000
387 375 473 274 811 2000
8 2 176 23 10 2000
16 176 162 138 1414 2000
231 134 266 285 412 2000
305 55 437 104 417 2000
56 145 209 117 617 2000
444 87 302 124 1419 2000
17 1 75 124 18 2000
127 255 81 398 409 2000
318 126 351 279 1012 2000
118 19 209 112 1214 2000
71 461 162 365 1211 2000
1 15 88 111 16 2000
262 322 321 200 817 2000
1 17 57 142 18 2000
74 357 115 209 1009 2000
262 266 308 403 1215 2000
170 47 258 140 217 2000
155 310 276 242 1809 2000
194 175 262 55 410 2000
194 190 96 279 411 2000
182 25 46 68 619 2000
123 56 173 189 615 2000
20 231 172 197 812 2000
177 248 304 300 619 2000
380 3 324 135 810 2000
148 53 304 84 211 2000
10 4 175 24 14 2000
45 295 221 304 1213 2000
217 298 358 250 1409 2000
331 299 292 150 1010 2000
208 224 288 330 1012 2000
171 490 115 362 814 2000
7 432 82 321 812 2000
443 236 324 300 1415 2000
133 157 261 97 610 2000
239 307 94 348 612 2000
11 114 194 111 812 2000
440 220 281 249 1410 2000
339 284 486 322 1013 2000
220 214 373 242 817 2000
125 281 247 215 1410 2000
231 394 224 213 1610 2000
163 36 109 168 412 2000
190 138 218 296 1012 2000
177 245 228 382 610 2000
219 377 316 289 813 2000
285 330 173 256 1612 2000
89 99 199 177 610 2000
364 332 426 456 1812 2000
288 359 265 193 1409 2000
253 27 434 23 1613 2000
10 3 173 26 13 2000
250 125 168 18 1409 2000
32 314 0 463 417 2000
105 268 261 300 410 2000
263 309 185 208 1219 2000
226 321 289 205 1419 2000
239 250 61 259 1011 2000
209 285 312 204 1014 2000
162 193 299 235 1019 2000
246 240 79 254 817 2000
173 209 164 388 1410 2000
267 172 296 331 1610 2000
347 200 333 374 1210 2000
452 299 323 240 1610 2000
287 235 101 238 1209 2000
371 248 466 338 1813 2000
318 156 323 336 1213 2000
64 171 144 277 1612 2000
159 321 230 207 813 2000
227 153 336 231 411 2000
150 186 194 42 1010 2000
5 6 45 154 11 2000
188 194 331 154 415 2000
416 467 322 380 1817 2000
10 271 18 93 1612 2000
285 424 167 358 814 2000
114 134 257 96 1217 2000
380 80 219 103 1414 2000
149 249 166 81 1613 2000
474 192 411 315 1812 2000
289 309 305 474 1617 2000
12 165 26 338 1411 2000
182 183 182 2 1817 2000
164 166 20 210 1810 2000
344 285 267 394 1212 2000
25 18 66 160 1015 2000
178 35 286 112 213 2000
382 240 290 144 1010 2000
455 196 386 79 1612 2000
190 11 34 36 217 2000
133 48 16 110 219 2000
7 3 133 66 10 2000
468 451 439 299 1817 2000
226 233 111 160 810 2000
383 245 228 215 1613 2000
9 9 39 160 18 2000
273 189 437 212 1211 2000
83 300 182 215 414 2000
217 334 397 330 1214 2000
305 39 427 104 411 2000
327 283 281 422 1213 2000
94 209 209 141 1015 2000
86 432 47 284 1211 2000
150 162 15 110 411 2000
190 177 262 65 814 2000
259 56 154 138 1011 2000
158 56 247 151 214 2000
56 217 181 159 1415 2000
176 346 255 454 1211 2000
453 153 284 167 815 2000
406 249 283 189 1015 2000
66 135 17 271 213 2000
203 10 343 49 219 2000
10 201 82 308 219 2000
354 134 360 309 1217 2000
53 435 103 297 1810 2000
40 58 118 167 811 2000
15 212 197 213 1815 2000
269 30 292 195 1610 2000
469 12 404 126 1019 2000
369 351 214 381 1613 2000
148 39 302 14 219 2000
310 11 168 57 410 2000
44 137 215 152 412 2000
335 49 442 125 815 2000
66 145 200 198 211 2000
106 351 71 497 1417 2000
229 392 384 425 1210 2000
200 267 355 298 812 2000
403 51 278 110 1414 2000
237 112 109 172 1210 2000
68 233 251 227 1809 2000
246 135 223 298 412 2000
322 258 365 116 1613 2000
46 138 98 6 214 2000
1 19 85 114 20 2000
139 433 116 272 614 2000
275 93 146 43 1219 2000
320 217 267 345 1817 2000
330 207 150 214 1811 2000
428 129 336 34 611 2000
204 497 350 454 1409 2000
233 318 147 420 1210 2000
393 49 328 165 1617 2000
246 366 424 377 809 2000
173 374 303 316 1210 2000
176 33 249 143 215 2000
123 257 262 297 819 2000
45 181 128 76 610 2000
478 190 353 251 1412 2000
344 22 463 82 419 2000
290 214 416 155 1613 2000
390 131 260 186 613 2000
180 463 70 388 1413 2000
251 252 282 98 613 2000
3 12 147 52 15 2000
135 59 243 139 210 2000
345 0 448 83 412 2000
121 459 283 433 1010 2000
227 350 126 268 615 2000
8 5 50 149 13 2000
8 10 159 40 18 2000
127 329 117 156 815 2000
5 6 145 54 11 2000
0 12 155 44 12 2000
64 124 62 310 210 2000
335 261 157 255 1414 2000
40 241 136 149 410 2000
123 208 43 314 1212 2000
161 422 98 297 810 2000
226 491 121 415 1017 2000
378 314 289 218 813 2000
39 145 150 218 214 2000
331 166 427 76 812 2000
8 261 153 222 814 2000
81 247 260 242 1814 2000
205 329 205 143 1012 2000
251 160 78 149 814 2000
249 134 64 131 410 2000
97 5 125 161 1814 2000
296 367 119 355 1409 2000
97 89 256 116 212 2000
6 195 50 334 215 2000
65 116 245 123 611 2000
86 318 68 481 1217 2000
439 100 370 218 1411 2000
77 318 18 189 1210 2000
305 171 364 42 1010 2000
173 134 230 7 1614 2000
434 387 427 213 1417 2000
7 8 109 90 15 2000
233 403 380 371 1219 2000
69 234 228 263 410 2000
467 216 307 187 1809 2000
490 272 314 263 1213 2000
280 276 360 377 1217 2000
201 61 120 161 1617 2000
192 136 364 149 1613 2000
13 168 196 173 410 2000
205 403 42 428 1410 2000
9 11 32 167 20 2000
3 186 91 87 211 2000
228 286 371 243 1012 2000
210 279 355 239 1413 2000
172 381 75 472 1210 2000
14 147 38 308 613 2000
36 174 165 233 210 2000
149 64 304 94 213 2000
245 457 206 309 811 2000
98 290 215 224 815 2000
281 354 424 390 1419 2000
323 291 285 432 1619 2000
284 24 458 37 411 2000
232 318 73 291 1412 2000
25 260 74 121 1210 2000
270 275 329 151 1815 2000
60 25 155 109 1419 2000
345 274 364 438 1415 2000
359 431 398 283 1611 2000
145 96 20 157 412 2000
50 141 3 275 217 2000
203 296 295 391 1011 2000
9 4 113 86 13 2000
64 105 172 24 1009 2000
143 68 245 153 211 2000
450 410 369 305 1012 2000
246 384 146 296 1410 2000
1 15 14 185 16 2000
132 266 299 288 409 2000
247 145 226 305 817 2000
136 175 47 76 1610 2000
38 182 176 228 1014 2000
117 48 131 217 1015 2000
30 59 60 217 410 2000
63 93 46 255 819 2000
99 71 101 250 1217 2000
421 149 313 69 1810 2000
104 135 264 162 611 2000
51 147 135 43 210 2000
224 147 177 284 414 2000
77 205 196 145 1219 2000
300 293 180 232 617 2000
5 6 192 7 11 2000
240 389 266 236 1819 2000
238 133 300 250 1019 2000
242 231 273 381 1017 2000
361 331 245 403 1810 2000
396 264 288 193 1619 2000
137 368 304 380 619 2000
391 140 248 186 609 2000
11 4 110 89 15 2000
121 157 260 113 415 2000
351 36 357 217 1811 2000
8 5 34 165 13 2000
371 424 280 330 1813 2000
275 340 223 208 1214 2000
99 91 5 6 819 2000
380 17 470 108 1417 2000
276 175 204 289 1212 2000
236 233 289 363 1415 2000
90 250 57 94 1609 2000
194 9 41 41 213 2000
300 186 258 330 612 2000
14 6 52 147 20 2000
5 182 42 324 219 2000
174 281 297 339 1017 2000
6 5 192 3 11 2000
1 9 103 96 10 2000
137 18 38 107 410 2000
337 438 422 337 1612 2000
14 4 161 38 18 2000
302 75 181 7 1009 2000
395 424 255 380 1214 2000
30 234 133 153 1414 2000
276 356 431 323 1810 2000
94 147 192 237 810 2000
450 444 331 374 1609 2000
97 194 101 378 1210 2000
257 84 81 72 810 2000
236 278 101 225 1810 2000
0 11 37 162 11 2000
171 125 291 57 1410 2000
99 300 255 328 414 2000
3 259 59 128 1611 2000
142 77 304 60 219 2000
134 297 104 455 1210 2000
3 341 176 356 610 2000
84 379 252 362 1413 2000
144 483 307 463 1815 2000
139 70 138 258 209 2000
12 3 124 75 15 2000
110 103 63 241 213 2000
236 177 142 87 414 2000
271 276 189 379 613 2000
1 15 179 10 16 2000
126 267 136 88 1009 2000
464 336 490 177 1213 2000
10 87 136 148 1411 2000
85 114 96 290 611 2000
53 157 110 288 210 2000
4 14 112 87 18 2000
238 226 262 390 1810 2000
310 239 292 78 1419 2000
436 383 320 448 1017 2000
118 185 251 129 1409 2000
98 75 106 255 1210 2000
169 475 99 359 1012 2000
0 14 139 60 14 2000
100 8 123 172 411 2000
119 388 256 339 1212 2000
415 233 387 74 1211 2000
245 244 259 72 1612 2000
144 244 82 365 415 2000
195 382 39 409 1015 2000
274 98 255 268 809 2000
255 280 285 123 1011 2000
222 133 222 322 609 2000
169 218 336 202 615 2000
319 77 195 134 417 2000
221 238 258 384 615 2000
172 107 352 101 412 2000
127 54 242 120 217 2000
18 94 41 252 417 2000
54 75 207 40 410 2000
68 207 251 212 810 2000
2 9 176 23 11 2000
120 305 213 209 1809 2000
222 382 111 305 1810 2000
160 62 7 34 1617 2000
438 125 420 291 814 2000
11 5 72 127 16 2000
55 128 29 283 217 2000
168 282 319 318 811 2000
201 194 350 157 1612 2000
229 181 162 301 811 2000
476 189 490 14 1409 2000
72 359 62 182 1411 2000
226 85 229 270 410 2000
159 108 43 39 1813 2000
360 26 270 124 1410 2000
424 10 312 79 817 2000
111 305 66 439 1619 2000
293 445 287 265 1412 2000
64 216 210 251 417 2000
48 131 192 166 219 2000
55 227 6 365 811 2000
4 199 1 385 609 2000
179 155 296 84 1810 2000
82 128 81 315 210 2000
318 269 170 230 611 2000
244 181 391 147 1817 2000
454 80 463 257 1812 2000
269 189 383 264 1609 2000
32 344 58 185 1613 2000
40 360 126 453 819 2000
43 411 143 326 813 2000
381 131 340 274 1014 2000
254 355 267 187 1817 2000
365 244 325 99 1013 2000
60 78 152 169 815 2000
5 6 146 53 11 2000
61 215 14 353 1213 2000
234 71 175 193 617 2000
161 243 43 306 1217 2000
337 70 386 209 810 2000
386 219 282 134 1009 2000
1 14 74 125 15 2000
8 3 54 145 11 2000
264 158 215 292 1615 2000
336 403 342 230 1019 2000
2 14 182 11 16 2000
273 72 234 219 1212 2000
44 33 187 78 410 2000
199 180 296 98 1419 2000
107 84 18 176 217 2000
20 179 32 346 219 2000
128 74 134 254 212 2000
193 113 57 65 614 2000
115 370 279 393 1411 2000
305 362 233 479 1409 2000
42 163 226 162 213 2000
78 147 194 210 619 2000
0 11 175 24 11 2000
240 453 340 369 1214 2000
12 1 194 5 13 2000
118 413 272 444 1813 2000
335 117 355 285 1810 2000
55 144 239 149 209 2000
42 142 8 292 214 2000
139 479 258 410 1410 2000
7 154 52 288 1019 2000
6 6 28 171 12 2000
58 351 242 347 810 2000
179 191 363 195 1810 2000
27 60 140 132 613 2000
355 307 284 193 1213 2000
164 428 314 395 815 2000
60 141 157 231 611 2000
185 430 48 474 1417 2000
236 307 75 289 1819 2000
187 362 183 181 1813 2000
168 13 314 48 217 2000
329 45 246 143 417 2000
88 119 204 50 213 2000
38 302 36 116 1410 2000
276 101 395 170 410 2000
21 130 42 293 1214 2000
394 285 324 402 1811 2000
298 239 318 403 814 2000
17 385 52 235 813 2000
2 11 186 13 13 2000
285 106 211 219 1011 2000
209 176 317 256 410 2000
181 19 176 199 1213 2000
156 277 32 214 1011 2000
2 8 130 69 10 2000
100 83 146 220 215 2000
149 104 315 124 412 2000
87 271 11 164 1215 2000
21 136 131 57 1809 2000
250 168 394 131 1217 2000
165 130 22 89 414 2000
46 262 100 391 815 2000
374 265 397 430 1610 2000
402 285 342 404 1019 2000
184 389 129 260 814 2000
6 6 133 66 12 2000
325 156 334 328 1417 2000
46 378 167 441 1814 2000
140 317 197 189 613 2000
2 10 9 190 12 2000
409 242 295 316 1610 2000
50 392 226 389 1619 2000
2 16 31 168 18 2000
266 107 347 214 1210 2000
46 171 62 336 217 2000
72 325 0 211 1612 2000
261 355 399 310 815 2000
8 178 147 227 210 2000
167 99 316 131 1617 2000
282 208 291 36 817 2000
303 165 239 287 1812 2000
135 214 221 316 410 2000
171 208 225 76 412 2000
325 201 149 212 811 2000
286 352 264 186 1010 2000
3 10 138 61 13 2000
116 374 38 482 1412 2000
97 417 121 256 1613 2000
331 264 270 390 1811 2000
347 432 375 279 1817 2000
33 184 58 340 217 2000
104 60 158 191 1213 2000
208 161 348 117 414 2000
399 137 249 176 1209 2000
349 61 325 224 411 2000
176 302 359 299 1412 2000
95 140 63 295 611 2000
41 138 120 238 219 2000
383 141 314 255 1615 2000
130 207 277 248 1210 2000
236 38 223 211 1012 2000
86 16 203 80 817 2000
72 236 14 366 610 2000
222 143 68 109 410 2000
127 266 103 103 1011 2000
328 260 461 315 610 2000
202 51 255 177 1419 2000
246 209 204 65 1612 2000
7 6 165 34 13 2000
324 280 349 439 1414 2000
221 216 94 278 1409 2000
62 287 65 107 1015 2000
261 196 130 142 613 2000
50 366 180 317 419 2000
134 41 317 43 1013 2000
11 2 44 155 13 2000
181 228 220 372 1415 2000
178 362 227 496 1615 2000
329 356 166 376 1415 2000
162 100 156 278 614 2000
226 469 362 419 1612 2000
35 161 201 139 210 2000
46 92 99 225 612 2000
14 1 145 54 15 2000
201 153 74 94 1012 2000
80 103 229 138 1214 2000
3 12 49 150 15 2000
321 235 393 351 1810 2000
183 207 276 112 1010 2000
292 454 285 278 1615 2000
96 118 228 65 413 2000
303 258 390 156 609 2000
329 228 385 353 617 2000
385 255 261 195 1814 2000
198 234 62 186 1814 2000
140 272 105 128 1219 2000
139 149 191 285 1810 2000
296 241 209 149 1819 2000
306 77 381 186 414 2000
243 18 267 178 814 2000
166 128 339 113 1410 2000
164 179 281 250 810 2000
67 426 151 327 615 2000
230 222 195 376 1609 2000
213 306 70 351 810 2000
0 18 33 166 18 2000
205 168 67 119 1411 2000
305 250 377 366 1210 2000
223 427 201 268 1217 2000
162 433 193 280 1614 2000
185 26 361 23 219 2000
350 28 450 111 415 2000
317 280 276 136 1813 2000
198 196 22 203 415 2000
255 287 298 142 610 2000
296 186 381 83 610 2000
225 301 379 267 1010 2000
244 160 335 250 817 2000
296 58 379 159 1814 2000
21 173 76 306 210 2000
11 195 127 124 811 2000
319 456 208 379 1610 2000
7 8 141 58 15 2000
53 72 108 203 812 2000
200 95 328 155 810 2000
123 264 143 96 410 2000
414 101 235 106 1614 2000
319 223 430 298 1812 2000
339 165 467 220 1615 2000
426 182 340 284 1410 2000
3 8 39 160 11 2000
47 264 219 273 1817 2000
156 372 317 349 1814 2000
205 219 326 161 819 2000
315 163 419 81 1012 2000
271 217 214 85 1609 2000
290 165 297 345 1811 2000
459 206 323 154 1610 2000
225 116 358 172 1809 2000
248 270 117 327 1810 2000
15 147 95 255 1810 2000
229 416 52 426 1011 2000
341 57 403 182 1611 2000
95 90 136 232 615 2000
366 106 186 113 811 2000
333 90 379 228 1214 2000
146 213 174 373 410 2000
345 187 402 314 1014 2000
123 81 104 246 214 2000
98 81 57 228 410 2000
54 70 188 121 1213 2000
242 313 319 423 1411 2000
64 142 220 111 1611 2000
172 220 349 227 1814 2000
190 479 19 469 1417 2000
49 168 19 317 219 2000
358 229 247 153 1011 2000
437 398 304 343 1610 2000
398 226 237 244 819 2000
211 422 123 331 1819 2000
247 112 180 232 1811 2000
186 12 289 88 419 2000
3 17 127 72 20 2000
172 20 104 140 210 2000
234 231 290 102 1413 2000
155 22 27 83 1409 2000
236 130 398 106 1412 2000
330 143 350 311 810 2000
181 205 163 42 1217 2000
264 170 289 12 815 2000
147 218 179 374 410 2000
11 4 28 171 15 2000
188 23 174 192 1015 2000
95 229 63 380 815 2000
176 390 208 243 1219 2000
181 200 130 65 412 2000
394 67 410 237 812 2000
222 292 310 192 1410 2000
437 67 295 25 1414 2000
495 119 431 236 1617 2000
392 149 398 331 810 2000
384 300 248 349 1613 2000
290 102 162 159 413 2000
133 128 62 245 810 2000
66 252 100 98 1010 2000
351 94 309 239 611 2000
23 192 96 78 1411 2000
8 194 162 162 1812 2000
11 208 141 261 615 2000
359 139 341 300 819 2000
108 100 236 39 1209 2000
429 115 338 213 1609 2000
89 300 147 421 1419 2000
255 226 92 201 810 2000
390 393 411 231 1415 2000
33 349 147 284 1219 2000
137 285 287 247 1410 2000
198 0 319 65 212 2000
383 170 494 248 609 2000
15 142 99 42 1214 2000
38 161 161 97 211 2000
215 249 383 229 1810 2000
83 102 231 67 215 2000
252 23 248 207 810 2000
440 319 403 465 1015 2000
11 3 183 16 14 2000
194 232 163 385 614 2000
1 12 157 42 13 2000
76 361 206 312 619 2000
5 15 53 146 20 2000
328 93 186 50 1013 2000
390 452 234 420 1010 2000
331 179 148 178 1414 2000
139 241 186 100 1410 2000
395 213 278 277 817 2000
124 78 125 265 210 2000
253 312 333 413 1817 2000
92 116 215 181 210 2000
434 255 269 235 1013 2000
98 295 68 137 410 2000
395 319 245 358 1609 2000
182 179 277 272 410 2000
211 172 211 351 1019 2000
204 166 84 107 819 2000
186 227 335 261 1815 2000
260 72 265 255 610 2000
131 55 282 20 212 2000
79 333 236 305 413 2000
234 218 95 267 1010 2000
85 149 89 331 1012 2000
2 12 79 120 14 2000
186 199 264 308 1811 2000
220 288 154 167 1211 2000
330 353 413 255 1817 2000
337 97 409 213 610 2000
43 52 66 218 1809 2000
211 234 338 175 1212 2000
66 130 242 141 1611 2000
121 398 165 259 1415 2000
196 101 347 131 1417 2000
8 10 72 127 18 2000
102 116 203 32 1213 2000
186 321 15 333 1415 2000
25 266 191 246 412 2000
222 268 86 316 1014 2000
438 109 437 296 1210 2000
107 462 283 469 1415 2000
161 45 251 143 210 2000
165 340 78 238 1409 2000
482 236 315 250 1617 2000
128 28 61 150 409 2000
142 135 38 50 1009 2000
61 293 188 236 614 2000
44 129 191 166 414 2000
145 225 160 59 417 2000
214 186 65 225 610 2000
364 162 248 94 1414 2000
292 84 383 176 1615 2000
138 70 306 90 1410 2000
71 338 249 348 410 2000
305 292 175 237 1013 2000
163 98 329 118 412 2000
60 288 143 192 419 2000
2 99 5 284 410 2000
408 194 467 64 1609 2000
9 7 68 131 16 2000
218 190 365 231 610 2000
157 314 329 298 1610 2000
3 17 149 50 20 2000
2 10 121 78 12 2000
356 139 305 9 1817 2000
270 270 269 458 809 2000
8 5 55 144 13 2000
353 245 230 185 815 2000
263 34 118 68 1019 2000
112 73 289 84 1210 2000
48 255 191 301 1409 2000
39 19 69 174 813 2000
33 152 89 277 217 2000
288 215 465 213 1019 2000
310 236 193 174 819 2000
267 109 259 284 415 2000
256 291 402 334 609 2000
286 416 181 340 1617 2000
301 107 307 280 1219 2000
320 166 249 276 1617 2000
13 315 80 193 409 2000
176 112 154 271 1617 2000
164 261 274 330 1819 2000
170 301 329 331 1009 2000
379 70 207 56 812 2000
3 17 69 130 20 2000
188 151 330 195 812 2000
217 315 298 210 1012 2000
469 127 307 153 1010 2000
251 259 378 198 1010 2000
471 225 332 181 1615 2000
250 160 95 129 1012 2000
359 315 423 200 1619 2000
67 129 135 249 210 2000
341 288 422 188 1817 2000
192 112 22 125 1615 2000
305 367 173 414 819 2000
262 193 265 7 1809 2000
171 228 98 115 412 2000
312 274 269 132 1213 2000
195 322 39 350 814 2000
63 209 147 105 1410 2000
316 93 472 63 812 2000
262 443 115 483 1811 2000
47 153 137 249 212 2000
0 12 109 92 409 2000
4 455 67 331 611 2000
87 100 120 254 211 2000
258 228 366 150 612 2000
180 121 364 126 1009 2000
259 121 166 209 817 2000
216 64 97 130 813 2000
150 27 329 17 609 2000
235 159 310 263 419 2000
250 345 125 401 1017 2000
416 182 254 159 1613 2000
226 158 315 60 411 2000
352 318 474 382 1412 2000
263 328 323 207 1417 2000
319 436 497 444 812 2000
375 395 251 335 1414 2000
5 6 121 78 11 2000
2 9 164 35 11 2000
37 176 152 106 213 2000
364 388 254 312 1812 2000
131 147 34 56 610 2000
10 8 38 161 18 2000
465 160 329 210 1212 2000
223 64 97 125 611 2000
295 87 303 268 1209 2000
106 8 275 25 1412 2000
152 206 18 151 809 2000
79 230 162 134 1819 2000
302 429 421 362 812 2000
82 129 218 179 412 2000
13 3 185 14 16 2000
323 158 313 335 1811 2000
246 430 184 311 817 2000
137 350 294 381 810 2000
335 76 440 2 1019 2000
277 103 309 260 1609 2000
32 233 122 144 1019 2000
393 140 396 322 613 2000
121 358 11 287 1417 2000
94 131 252 158 613 2000
157 22 93 137 219 2000
268 339 363 246 1210 2000
69 82 163 172 814 2000
241 228 126 294 617 2000
113 84 252 40 215 2000
59 128 210 162 213 2000
208 80 374 97 1615 2000
31 180 72 328 609 2000
302 438 299 253 1810 2000
353 346 494 303 1214 2000
9 98 164 74 1019 2000
224 173 199 12 412 2000
106 215 0 288 1019 2000
152 235 252 147 410 2000
431 138 468 282 1817 2000
326 258 259 379 1410 2000
207 92 57 59 1015 2000
226 321 221 140 1612 2000
3 7 70 129 10 2000
242 206 369 264 1613 2000
72 259 164 351 814 2000
77 333 262 329 809 2000
53 138 168 66 211 2000
439 356 364 468 1011 2000
299 195 271 354 1611 2000
34 16 89 149 1410 2000
31 133 67 285 1010 2000
57 103 172 177 1609 2000
153 33 64 130 212 2000
135 396 256 463 1610 2000
269 279 438 264 614 2000
137 290 35 208 814 2000
374 323 210 348 1809 2000
75 279 80 98 1412 2000
254 117 429 125 1415 2000
4 7 30 169 11 2000
225 108 242 275 414 2000
34 205 72 56 611 2000
16 2 137 62 18 2000
126 55 272 90 217 2000
1 169 168 188 1012 2000
118 207 252 153 810 2000
372 234 430 361 813 2000
341 34 471 92 410 2000
386 3 336 137 1214 2000
243 184 268 347 1210 2000
247 258 234 433 1610 2000
138 127 42 214 1415 2000
11 1 165 34 12 2000
6 4 115 84 10 2000
191 309 378 310 1810 2000
403 496 305 409 1813 2000
198 56 249 193 1810 2000
390 411 424 257 1610 2000
55 264 91 112 1210 2000
2 12 11 188 14 2000
211 31 376 45 819 2000
34 395 171 347 1813 2000
197 180 38 151 410 2000
288 260 320 108 614 2000
266 119 149 186 414 2000
159 359 135 195 610 2000
241 104 236 285 1612 2000
331 355 498 375 811 2000
109 70 148 210 219 2000
257 204 364 128 1415 2000
342 283 440 369 1614 2000
381 31 214 15 1215 2000
232 289 152 181 810 2000
31 126 214 132 609 2000
6 9 176 23 15 2000
208 320 69 276 1615 2000
76 209 201 267 615 2000
283 213 115 228 815 2000
99 219 224 155 1209 2000
9 169 25 1 1414 2000
352 419 281 306 814 2000
413 368 455 225 1413 2000
423 335 440 164 1410 2000
209 275 148 395 1217 2000
297 50 242 181 412 2000
303 301 360 171 1611 2000
108 145 132 309 810 2000
17 181 202 182 1012 2000
170 374 189 210 815 2000
384 141 208 148 1815 2000
75 138 245 127 217 2000
163 151 240 262 1010 2000
122 298 272 333 1213 2000
143 374 303 397 615 2000
168 314 57 386 1215 2000
170 305 344 291 1610 2000
38 190 211 177 1812 2000
16 195 105 98 412 2000
370 118 185 120 1211 2000
65 121 77 295 212 2000
270 97 147 158 814 2000
54 301 220 288 1419 2000
267 159 230 306 1814 2000
230 70 377 31 1412 2000
117 98 16 180 215 2000
320 150 359 299 610 2000
61 63 163 150 409 2000
212 57 89 118 414 2000
340 101 189 139 609 2000
326 179 197 238 810 2000
154 240 153 427 1410 2000
2 184 43 329 212 2000
173 211 16 241 411 2000
70 116 137 235 212 2000
278 356 306 197 811 2000
84 408 165 301 1010 2000
303 331 342 477 1213 2000
484 286 430 416 1014 2000
255 138 266 315 1210 2000
68 117 237 133 213 2000
150 205 115 357 611 2000
315 106 274 246 1817 2000
0 16 164 35 16 2000
294 165 389 75 613 2000
94 263 27 146 414 2000
125 127 76 266 1010 2000
31 303 115 200 811 2000
2 9 158 41 11 2000
228 177 275 311 617 2000
293 207 457 188 1215 2000
2 258 96 351 1611 2000
228 337 387 311 1813 2000
10 4 78 121 14 2000
37 173 207 155 210 2000
164 216 59 142 419 2000
51 134 214 114 615 2000
261 176 239 12 1212 2000
178 268 43 219 1014 2000
170 15 24 54 213 2000
10 8 56 143 18 2000
364 436 495 493 1810 2000
31 182 181 213 217 2000
13 5 75 124 18 2000
81 120 115 271 213 2000
156 30 262 110 212 2000
111 68 255 33 219 2000
207 44 314 120 1415 2000
362 148 494 93 811 2000
219 87 170 222 1814 2000
52 320 5 180 811 2000
277 94 188 189 414 2000
76 190 181 107 1810 2000
199 153 47 190 409 2000
80 251 149 134 412 2000
250 22 133 93 1810 2000
161 173 346 176 610 2000
4 9 143 56 13 2000
71 78 227 110 810 2000
412 182 302 113 1219 2000
250 186 186 64 1412 2000
260 178 85 168 1613 2000
240 294 385 335 1412 2000
12 6 47 152 18 2000
10 4 146 53 14 2000
169 261 238 144 612 2000
119 242 171 375 1413 2000
302 122 293 302 1209 2000
91 22 28 138 1019 2000
68 206 205 157 1012 2000
359 43 444 141 415 2000
130 375 33 464 1612 2000
424 299 316 376 1813 2000
439 335 374 213 811 2000
19 73 163 115 612 2000
193 339 347 314 1219 2000
65 118 238 128 215 2000
78 184 206 124 1410 2000
61 171 98 318 1814 2000
173 14 122 150 211 2000
164 385 29 333 1411 2000
50 338 120 455 411 2000
228 263 169 134 1210 2000
129 275 292 252 1012 2000
98 93 62 238 217 2000
81 106 237 137 211 2000
476 154 427 292 1211 2000
192 11 29 35 211 2000
157 135 48 57 811 2000
199 236 277 345 1411 2000
183 203 200 33 411 2000
107 483 173 362 1611 2000
175 350 246 464 1813 2000
353 418 187 441 1809 2000
28 96 60 250 612 2000
2 12 153 46 14 2000
295 83 381 184 411 2000
2 13 93 106 15 2000
159 46 205 189 1009 2000
30 182 204 194 212 2000
107 235 274 247 1619 2000
86 190 238 159 1615 2000
266 117 359 212 810 2000
160 240 70 331 1217 2000
131 199 301 215 1812 2000
165 241 215 375 1814 2000
294 223 340 365 810 2000
166 268 225 140 811 2000
103 431 83 264 1611 2000
249 230 376 173 1214 2000
104 263 128 427 410 2000
342 262 166 273 1611 2000
426 153 378 14 1811 2000
66 320 77 490 417 2000
224 149 64 123 412 2000
194 190 242 325 1215 2000
297 410 441 455 1409 2000
346 214 313 360 1219 2000
138 113 281 153 1015 2000
202 446 30 435 1615 2000
368 262 376 89 1217 2000
331 186 452 119 1610 2000
204 278 86 217 819 2000
264 118 164 35 415 2000
306 78 477 95 1810 2000
0 13 37 162 13 2000
121 176 117 360 1210 2000
399 316 498 406 1409 2000
238 143 349 220 410 2000
397 86 416 250 615 2000
273 94 114 122 1811 2000
178 219 331 186 812 2000
105 112 7 29 217 2000
1 12 90 109 13 2000
298 82 196 163 1215 2000
7 6 121 78 13 2000
181 10 86 96 617 2000
168 57 74 142 1419 2000
205 203 34 215 415 2000
145 47 317 33 212 2000
252 135 267 308 410 2000
43 124 178 177 1610 2000
71 139 11 266 411 2000
10 10 117 82 20 2000
213 214 158 342 615 2000
147 269 289 230 417 2000
304 243 310 66 1415 2000
373 158 426 28 1815 2000
10 1 22 177 11 2000
27 118 31 298 1214 2000
162 101 4 75 814 2000
10 127 50 276 1409 2000
220 43 279 165 1017 2000
257 358 285 197 1409 2000
438 91 331 165 617 2000
285 216 300 43 810 2000
176 34 84 130 210 2000
140 146 104 299 809 2000
335 257 178 286 1012 2000
359 37 457 118 819 2000
119 288 20 206 1817 2000
256 50 326 168 610 2000
370 292 335 445 1410 2000
257 403 318 279 813 2000
144 36 264 97 817 2000
270 417 169 339 1419 2000
249 323 397 283 610 2000
250 68 417 49 612 2000
436 275 291 233 1811 2000
406 174 266 222 1810 2000
240 196 204 48 1814 2000
220 294 216 109 1209 2000
360 254 287 365 1814 2000
96 236 215 167 610 2000
117 78 275 55 217 2000
327 268 242 174 619 2000
137 151 163 308 1615 2000
458 174 344 107 817 2000
115 78 49 200 410 2000
61 330 183 393 1813 2000
144 97 207 222 1210 2000
203 458 361 488 1610 2000
301 196 339 345 611 2000
169 166 158 343 1210 2000
246 2 190 135 409 2000
366 117 376 295 810 2000
44 171 109 57 219 2000
51 401 92 253 809 2000
166 172 120 305 1619 2000
81 128 114 276 1817 2000
91 104 72 274 209 2000
73 123 250 112 610 2000
109 99 144 252 210 2000
11 1 57 142 12 2000
26 196 73 330 417 2000
231 127 359 74 817 2000
150 245 50 160 613 2000
248 170 283 322 1211 2000
23 303 77 435 1012 2000
99 352 281 351 1815 2000
37 294 79 431 1419 2000
71 427 139 308 1611 2000
25 190 60 338 215 2000
122 122 276 156 1410 2000
78 163 136 42 619 2000
271 431 397 491 1812 2000
394 485 357 333 1809 2000
63 135 178 204 214 2000
312 236 429 165 1810 2000
147 68 323 61 215 2000
344 231 172 215 1610 2000
231 286 312 180 611 2000
117 114 221 199 1009 2000
226 295 285 422 1212 2000
281 377 292 202 1412 2000
263 410 246 246 1817 2000
305 308 365 431 1815 2000
3 11 138 61 14 2000
15 3 90 109 18 2000
38 162 213 149 210 2000
111 85 297 87 610 2000
79 151 4 45 1217 2000
161 474 112 336 1811 2000
28 237 145 303 615 2000
282 234 420 282 1012 2000
183 114 116 232 1813 2000
238 185 274 35 812 2000
255 192 355 280 810 2000
141 50 137 234 1210 2000
208 232 58 194 1410 2000
185 168 164 0 1009 2000
255 164 295 23 1817 2000
289 93 182 174 1010 2000
159 128 180 290 1415 2000
21 173 200 182 210 2000
389 349 417 198 1619 2000
156 39 335 47 211 2000
384 342 250 293 815 2000
46 321 50 137 410 2000
142 241 9 190 814 2000
4 300 128 363 1211 2000
118 397 111 225 1419 2000
181 337 46 284 1410 2000
4 11 16 183 15 2000
11 3 174 25 14 2000
29 466 96 350 1415 2000
191 295 308 367 809 2000
241 133 186 3 813 2000
120 157 132 333 1210 2000
101 170 228 111 1212 2000
46 344 124 445 1219 2000
158 460 337 453 1412 2000
150 323 306 290 1809 2000
359 236 301 366 1210 2000
151 184 310 160 1815 2000
88 96 147 221 614 2000
324 132 380 261 1213 2000
200 81 268 192 619 2000
200 132 141 254 817 2000
199 97 253 224 417 2000
1 12 141 58 13 2000
11 2 148 51 13 2000
309 175 410 258 1414 2000
237 128 205 285 1409 2000
24 188 123 268 819 2000
260 338 405 376 1215 2000
94 329 182 427 1212 2000
46 84 17 241 1412 2000
152 254 110 397 1213 2000
207 346 306 431 1614 2000
128 141 283 170 814 2000
333 280 196 231 1212 2000
261 244 249 415 1815 2000
463 221 430 375 1211 2000
300 225 444 180 609 2000
191 103 19 114 415 2000
260 352 154 430 614 2000
160 158 127 313 610 2000
7 13 134 65 20 2000
143 263 98 121 411 2000
89 119 192 204 210 2000
5 181 184 174 1012 2000
228 304 409 309 1812 2000
69 145 143 255 614 2000
10 479 18 300 1811 2000
186 271 210 112 1815 2000
77 214 247 230 412 2000
9 2 57 142 11 2000
304 78 297 254 415 2000
276 403 273 220 1612 2000
111 163 80 317 813 2000
175 114 215 263 1009 2000
318 15 447 67 617 2000
456 281 366 184 1811 2000
104 300 75 150 419 2000
0 17 130 71 414 2000
275 173 274 353 1617 2000
347 271 422 162 1814 2000
219 198 274 72 1417 2000
269 215 404 261 1217 2000
241 292 418 296 617 2000
44 168 141 257 212 2000
167 22 247 131 209 2000
5 13 67 132 18 2000
166 13 34 60 219 2000
193 494 59 440 1610 2000
81 244 117 397 609 2000
112 405 142 249 812 2000
48 150 179 93 210 2000
382 411 403 245 1411 2000
377 55 247 113 1010 2000
10 10 128 71 20 2000
397 399 267 448 819 2000
1 10 82 117 11 2000
82 129 179 219 211 2000
48 219 104 96 619 2000
189 470 104 376 1019 2000
203 55 147 185 612 2000
213 366 110 286 1415 2000
159 27 169 203 212 2000
35 159 196 181 815 2000
324 396 353 237 1010 2000
63 183 68 367 809 2000
12 6 140 59 18 2000
70 121 233 101 215 2000
261 391 332 279 815 2000
220 272 360 318 612 2000
6 12 98 101 18 2000
227 159 220 339 411 2000
188 21 344 54 209 2000
267 154 409 197 1013 2000
212 178 118 85 411 2000
238 171 395 147 1017 2000
234 147 124 73 414 2000
54 124 109 255 1012 2000
13 2 132 67 15 2000
123 264 273 228 812 2000
351 123 384 276 1412 2000
360 192 287 76 809 2000
116 360 196 252 1010 2000
288 395 390 314 1415 2000
198 127 248 256 1019 2000
298 295 352 428 1011 2000
261 40 361 121 617 2000
104 147 16 47 410 2000
38 40 155 108 413 2000
151 38 254 118 615 2000
362 417 489 475 1413 2000
130 30 269 79 1010 2000
384 7 227 38 810 2000
84 117 234 78 609 2000
158 202 234 97 417 2000
324 72 364 215 415 2000
58 293 37 131 1015 2000
145 43 300 10 210 2000
160 114 138 280 1410 2000
24 163 72 28 215 2000
64 337 235 347 1817 2000
378 329 414 176 1409 2000
447 431 494 294 1814 2000
274 50 303 206 1213 2000
13 200 139 259 213 2000
221 160 370 128 1417 2000
13 1 152 47 14 2000
75 104 115 250 412 2000
205 182 385 190 810 2000
43 214 145 135 1817 2000
206 162 75 212 417 2000
12 174 94 278 212 2000
131 415 272 453 1219 2000
280 146 248 302 1410 2000
15 1 34 165 16 2000
62 267 154 176 1815 2000
2 8 6 193 10 2000
146 81 282 129 414 2000
57 299 156 209 1209 2000
281 120 408 182 609 2000
52 146 168 214 214 2000
462 251 294 271 1610 2000
102 215 131 65 1819 2000
241 109 253 286 409 2000
294 89 314 257 410 2000
185 221 334 191 419 2000
7 3 75 124 10 2000
81 13 173 109 1010 2000
184 222 311 164 413 2000
128 346 267 388 1617 2000
217 371 206 198 614 2000
99 287 90 109 1211 2000
31 122 127 205 619 2000
434 38 470 190 1410 2000
265 450 442 442 1413 2000
8 10 181 18 18 2000
5 27 157 60 813 2000
46 221 194 258 1413 2000
13 5 53 146 18 2000
236 370 148 277 1617 2000
253 50 249 234 410 2000
149 185 30 120 1414 2000
7 13 102 97 20 2000
180 288 316 340 1010 2000
236 150 243 322 1619 2000
130 206 262 260 1812 2000
3 8 127 72 11 2000
104 47 160 177 412 2000
178 32 304 94 210 2000
203 113 70 62 1014 2000
266 118 437 104 413 2000
337 189 371 37 1012 2000
66 169 172 87 810 2000
215 2 58 30 1413 2000
178 489 144 344 1819 2000
0 12 88 111 12 2000
395 264 456 138 1011 2000
410 229 355 359 1813 2000
220 170 297 279 1812 2000
123 73 292 92 1010 2000
369 53 202 70 1414 2000
240 255 221 86 1610 2000
7 4 55 144 11 2000
361 381 445 278 1611 2000
97 206 29 324 1612 2000
116 284 47 170 1615 2000
151 480 152 298 1415 2000
70 301 109 152 410 2000
156 222 137 62 419 2000
77 31 226 70 610 2000
488 461 334 434 1417 2000
128 427 79 289 1011 2000
337 224 151 226 1210 2000
320 163 148 179 1610 2000
271 190 341 301 1817 2000
425 174 286 221 1612 2000
398 212 244 185 1617 2000
52 109 220 127 412 2000
245 155 393 122 417 2000
226 403 396 384 1809 2000
17 164 1 332 814 2000
286 201 304 362 1019 2000
247 303 386 256 612 2000
243 235 414 249 813 2000
252 80 177 184 819 2000
106 434 250 395 1615 2000
61 82 164 160 1417 2000
284 324 370 222 1810 2000
289 217 341 82 1611 2000
325 194 188 240 1015 2000
193 186 62 129 810 2000
292 221 399 301 1811 2000
218 323 45 309 1411 2000
67 382 179 455 1413 2000
107 261 289 256 1611 2000
302 253 135 269 1815 2000
191 300 190 478 1019 2000
94 214 133 363 1810 2000
150 188 35 254 1217 2000
306 26 221 130 809 2000
415 255 306 185 1219 2000
385 192 242 154 617 2000
306 364 300 189 817 2000
304 213 199 130 1610 2000
188 222 106 123 417 2000
49 317 103 451 1410 2000
290 22 238 158 1810 2000
185 4 71 79 209 2000
131 350 64 234 615 2000
488 396 346 433 1619 2000
392 49 458 168 613 2000
438 340 311 279 1410 2000
123 284 241 214 1210 2000
455 257 339 322 817 2000
287 348 183 269 1415 2000
379 198 253 257 1413 2000
152 176 315 201 1410 2000
100 179 178 71 1612 2000
341 173 332 3 1219 2000
48 135 31 301 215 2000
140 319 153 487 1817 2000
57 276 5 147 1017 2000
129 58 136 238 211 2000
260 44 90 31 415 2000
150 189 205 323 1409 2000
282 15 456 30 1809 2000
3 9 174 25 12 2000
272 181 174 269 1612 2000
160 79 329 62 812 2000
185 279 185 92 1211 2000
347 13 188 39 413 2000
181 287 36 243 1209 2000
13 1 73 126 14 2000
3 10 107 92 13 2000
333 275 264 390 1014 2000
108 109 132 266 217 2000
56 25 187 80 412 2000
280 319 453 334 1210 2000
83 185 141 315 610 2000
209 109 103 36 1619 2000
123 251 300 253 819 2000
311 370 453 328 1214 2000
243 270 230 95 1610 2000
11 9 74 125 20 2000
150 157 46 238 1013 2000
182 339 115 457 1013 2000
72 17 9 142 410 2000
23 60 76 193 412 2000
20 213 102 108 611 2000
299 101 386 5 1215 2000
187 120 313 61 1813 2000
289 47 262 203 815 2000
286 147 243 9 1417 2000
224 104 253 263 1410 2000
24 102 141 31 1410 2000
366 16 225 63 610 2000
4 7 65 134 11 2000
131 378 276 416 1015 2000
419 136 301 66 1210 2000
212 368 168 225 1611 2000
378 131 392 305 1610 2000
216 312 46 325 815 2000
195 101 366 119 809 2000
179 94 83 11 1419 2000
303 68 118 66 1811 2000
231 414 399 435 1809 2000
100 213 222 150 613 2000
69 317 211 364 409 2000
108 352 288 348 1814 2000
294 185 467 199 1811 2000
286 99 141 58 812 2000
66 366 138 251 1211 2000
242 379 411 359 1409 2000
307 190 271 339 1413 2000
7 6 46 153 13 2000
10 178 0 0 210 2000
188 32 73 102 1213 2000
53 158 205 193 211 2000
319 62 456 10 609 2000
366 351 395 201 1819 2000
5 8 90 109 13 2000
488 167 466 6 1015 2000
66 98 161 4 409 2000
355 289 432 391 1619 2000
367 29 311 162 1609 2000
417 274 388 120 1415 2000
4 7 91 108 11 2000
103 269 174 387 409 2000
207 110 245 256 814 2000
16 321 162 359 1214 2000
327 348 348 185 814 2000
243 243 417 250 817 2000
362 31 273 130 410 2000
66 108 134 225 1613 2000
13 5 142 57 18 2000
322 187 359 338 1610 2000
315 75 360 218 1010 2000
55 114 218 89 1210 2000
67 252 13 379 1417 2000
58 372 134 260 610 2000
129 460 183 325 609 2000
392 17 224 1 1614 2000
21 235 178 267 809 2000
181 322 218 472 1811 2000
145 258 58 158 1411 2000
290 91 283 272 1610 2000
156 132 200 273 413 2000
344 306 485 346 817 2000
165 27 184 192 214 2000
325 71 412 169 813 2000
152 36 232 144 210 2000
99 265 72 107 813 2000
0 383 3 207 619 2000
193 13 368 0 210 2000
434 228 266 215 1217 2000
6 7 126 73 13 2000
12 3 45 154 15 2000
445 97 405 241 1814 2000
235 150 119 83 1815 2000
37 149 144 72 214 2000
389 179 212 175 1617 2000
30 176 103 61 210 2000
82 107 221 152 814 2000
161 154 174 322 1017 2000
146 420 235 330 1619 2000
327 439 190 393 815 2000
420 233 276 189 1610 2000
365 325 459 418 811 2000
17 3 71 128 20 2000
76 141 144 28 217 2000
139 106 268 54 617 2000
242 149 241 334 412 2000
274 166 450 159 1215 2000
240 342 357 275 1014 2000
54 325 94 181 1214 2000
51 141 199 179 212 2000
385 64 240 21 1610 2000
196 5 187 183 211 2000
389 297 477 201 1014 2000
4 16 37 162 20 2000
8 4 108 91 12 2000
154 209 96 79 410 2000
316 150 153 172 1613 2000
237 154 385 190 414 2000
59 353 125 474 811 2000
248 368 154 273 1609 2000
356 275 401 418 1610 2000
135 252 63 368 410 2000
125 329 50 442 1410 2000
144 44 71 156 1213 2000
159 491 237 384 1213 2000
157 404 190 258 619 2000
300 444 432 392 1014 2000
88 373 197 295 1411 2000
221 346 357 394 814 2000
272 473 353 367 1811 2000
63 133 11 267 212 2000
68 30 7 153 614 2000
479 115 340 159 1615 2000
352 439 486 486 1817 2000
325 235 413 332 1213 2000
273 216 124 254 1011 2000
183 152 66 84 613 2000
161 37 97 161 210 2000
19 331 152 383 1613 2000
11 1 75 124 12 2000
29 63 194 45 415 2000
64 151 245 149 215 2000
203 142 136 22 1411 2000
300 53 463 79 1009 2000
174 176 333 148 1211 2000
45 319 223 326 1213 2000
232 237 256 401 1210 2000
199 185 331 131 1812 2000
297 87 302 269 411 2000
418 217 277 179 1819 2000
338 405 467 345 1809 2000
348 42 314 196 1810 2000
274 242 392 312 1810 2000
298 89 323 243 619 2000
253 411 192 287 813 2000
116 111 257 63 1809 2000
308 187 386 82 1015 2000
226 277 336 199 810 2000
50 319 94 462 1411 2000
8 2 30 169 10 2000
0 12 112 87 12 2000
70 199 209 248 810 2000
157 39 213 171 210 2000
44 405 58 234 613 2000
491 449 418 334 1010 2000
42 161 126 264 211 2000
442 257 453 425 1419 2000
164 376 82 271 1611 2000
11 7 121 78 18 2000
9 9 117 82 18 2000
215 402 237 235 1809 2000
155 135 281 198 409 2000
318 470 214 390 1414 2000
151 66 262 136 217 2000
254 156 107 117 612 2000
66 115 208 154 217 2000
218 203 322 123 1614 2000
113 486 242 426 1409 2000
433 254 494 378 1013 2000
29 47 128 135 411 2000
273 221 435 247 1810 2000
7 6 173 26 13 2000
291 286 174 219 1214 2000
152 309 136 141 1614 2000
457 253 408 388 1814 2000
252 387 410 418 1009 2000
8 3 168 31 11 2000
292 199 402 278 1809 2000
10 6 136 63 16 2000
453 410 400 279 1614 2000
463 362 303 389 1811 2000
58 49 167 124 414 2000
338 288 491 255 1412 2000
69 129 29 277 610 2000
235 284 294 156 1011 2000
432 334 324 263 1619 2000
222 50 94 103 1617 2000
317 228 359 91 1419 2000
351 141 231 210 1209 2000
252 245 362 320 1413 2000
174 457 58 388 1013 2000
243 333 231 161 1014 2000
66 137 218 170 213 2000
404 37 419 210 1210 2000
415 132 269 175 1409 2000
240 168 388 133 415 2000
4 8 168 31 12 2000
218 337 351 281 1409 2000
101 317 9 404 1619 2000
477 315 476 128 1410 2000
87 211 168 107 813 2000
433 240 346 337 1214 2000
329 225 473 265 614 2000
93 197 92 381 1213 2000
295 200 235 324 814 2000
196 16 381 15 212 2000
238 115 221 282 814 2000
325 374 241 273 1413 2000
100 345 244 386 613 2000
122 366 71 229 1010 2000
8 8 41 158 16 2000
69 137 118 276 210 2000
171 283 72 195 1611 2000
190 136 67 73 1812 2000
409 151 298 81 1217 2000
435 173 285 211 1410 2000
87 94 249 75 217 2000
125 402 174 272 619 2000
183 103 204 269 1611 2000
219 270 281 391 1815 2000
40 363 201 337 611 2000
165 209 46 145 1215 2000
7 5 93 106 12 2000
419 200 469 335 1013 2000
112 15 241 71 1413 2000
305 384 404 298 1013 2000
214 220 348 271 1213 2000
251 471 350 382 1410 2000
116 302 115 124 1619 2000
6 5 87 112 11 2000
356 282 259 198 1617 2000
414 350 471 220 1611 2000
210 154 48 175 815 2000
452 424 339 351 1412 2000
278 331 363 430 1614 2000
182 176 245 302 1609 2000
440 72 275 95 1010 2000
364 31 405 178 1610 2000
217 174 44 187 412 2000
312 30 337 188 815 2000
10 10 124 75 20 2000
145 57 293 19 212 2000
9 112 23 287 1809 2000
263 95 126 145 411 2000
454 130 492 279 811 2000
274 319 314 466 1811 2000
199 14 111 105 1819 2000
388 174 201 173 610 2000
269 228 408 268 1019 2000
179 394 186 217 814 2000
11 5 151 48 16 2000
13 5 167 32 18 2000
39 244 165 182 410 2000
157 179 328 162 610 2000
229 373 155 482 815 2000
381 290 216 312 1011 2000
221 307 201 476 1209 2000
382 172 281 89 1814 2000
35 175 175 219 214 2000
48 366 126 260 614 2000
9 9 167 32 18 2000
192 7 342 45 1210 2000
293 344 464 360 1811 2000
484 140 312 124 1410 2000
84 309 174 405 1212 2000
57 449 156 362 1012 2000
28 204 111 98 1209 2000
275 150 240 6 619 2000
304 104 319 277 1410 2000
242 335 192 202 1815 2000
2 14 178 7 16 2000
409 214 405 394 1214 2000
368 101 452 206 1809 2000
161 229 175 394 419 2000
151 183 10 228 612 2000
8 462 166 483 1219 2000
94 118 28 238 212 2000
35 359 132 277 819 2000
258 124 348 27 411 2000
291 325 202 424 1810 2000
247 19 99 52 1217 2000
122 192 116 17 1217 2000
279 264 144 314 1413 2000
305 310 392 402 1419 2000
8 183 22 8 209 2000
311 89 179 33 1010 2000
188 352 129 482 1609 2000
302 334 136 312 1810 2000
25 94 196 107 1214 2000
224 371 74 404 1815 2000
2 10 133 66 12 2000
60 393 177 331 1019 2000
197 61 235 207 1014 2000
252 214 103 253 1410 2000
165 57 256 155 809 2000
178 319 194 486 1415 2000
56 125 221 111 219 2000
185 51 337 17 1812 2000
156 372 212 499 1215 2000
174 33 14 60 611 2000
34 364 143 288 413 2000
323 31 351 182 819 2000
439 59 329 137 1410 2000
284 187 149 241 1809 2000
303 45 199 129 1410 2000
50 141 6 280 215 2000
384 221 254 164 1411 2000
79 109 247 89 210 2000
261 172 396 119 1610 2000
194 208 255 336 1209 2000
431 251 465 97 1410 2000
202 358 160 217 1615 2000
101 189 99 376 809 2000
190 11 115 125 209 2000
1 15 27 172 16 2000
20 289 62 152 1419 2000
185 180 252 292 1419 2000
73 103 98 266 610 2000
50 246 34 75 1611 2000
64 194 223 167 1012 2000
4 7 99 100 11 2000
110 105 55 233 215 2000
62 230 180 159 409 2000
192 298 72 239 819 2000
264 257 208 127 1612 2000
14 177 85 69 219 2000
397 382 225 365 1809 2000
280 300 378 390 1810 2000
92 262 256 239 411 2000
215 330 299 430 814 2000
3 199 164 181 419 2000
162 361 126 209 810 2000
397 139 451 273 610 2000
114 127 252 178 1409 2000
318 80 471 52 817 2000
174 387 360 386 611 2000
398 335 228 348 1815 2000
215 436 282 315 1610 2000
229 165 218 337 415 2000
231 265 74 292 1814 2000
211 301 311 385 1014 2000
88 119 82 296 615 2000
9 7 171 28 16 2000
90 100 154 220 214 2000
1 11 92 107 12 2000
0 21 182 23 414 2000
279 304 210 192 1417 2000
112 63 81 220 410 2000
234 148 90 104 1410 2000
140 321 170 480 1009 2000
179 268 190 445 810 2000
106 289 268 263 410 2000
223 5 298 111 417 2000
116 110 87 262 417 2000
484 86 477 268 1209 2000
458 248 456 425 1619 2000
95 158 206 235 1610 2000
143 30 112 178 1019 2000
187 30 87 117 611 2000
136 384 12 324 1414 2000
42 31 117 144 410 2000
36 196 67 38 809 2000
233 168 276 314 1409 2000
56 423 226 441 1610 2000
143 90 227 195 609 2000
324 134 355 291 1010 2000
464 174 488 14 1814 2000
340 76 286 206 614 2000
88 128 78 305 1611 2000
148 233 53 144 414 2000
278 60 462 62 1812 2000
398 340 467 450 1619 2000
98 108 245 149 210 2000
98 71 11 173 609 2000
195 435 70 498 1410 2000
179 392 239 273 1019 2000
4 9 116 83 13 2000
105 281 285 276 1613 2000
233 59 291 182 1617 2000
313 364 162 330 1413 2000
131 115 57 230 409 2000
271 343 219 214 1217 2000
348 70 243 153 1410 2000
106 332 280 346 610 2000
287 335 173 402 817 2000
170 394 339 413 1010 2000
68 131 85 299 213 2000
183 170 313 117 615 2000
242 479 283 337 1815 2000
51 167 195 123 1010 2000
205 106 204 290 1413 2000
42 161 219 153 213 2000
108 103 47 230 410 2000
299 491 331 334 1209 2000
105 103 274 87 1213 2000
255 303 100 336 1410 2000
128 59 12 130 211 2000
164 89 348 85 410 2000
3 7 33 166 10 2000
418 179 330 81 812 2000
4 7 171 28 11 2000
70 128 158 28 210 2000
210 184 318 257 417 2000
176 25 352 34 213 2000
146 147 69 36 1210 2000
313 466 283 308 1210 2000
490 197 468 31 1210 2000
225 201 129 112 1613 2000
290 43 341 178 1612 2000
364 249 242 311 814 2000
143 34 319 46 410 2000
284 131 237 265 1017 2000
67 157 244 165 413 2000
16 2 194 5 18 2000
12 2 38 161 14 2000
180 94 144 241 1615 2000
378 300 298 399 819 2000
47 318 142 230 1015 2000
1 15 79 120 16 2000
253 240 259 60 1212 2000
10 1 58 141 11 2000
126 57 282 30 215 2000
6 5 131 68 11 2000
39 276 19 117 1819 2000
181 265 359 273 612 2000
328 392 470 435 1613 2000
342 56 494 92 1410 2000
76 147 245 165 611 2000
104 51 258 26 1019 2000
8 3 92 107 11 2000
245 128 123 62 410 2000
50 160 68 326 214 2000
177 26 302 82 217 2000
11 3 161 38 14 2000
64 179 180 107 410 2000
0 13 91 108 13 2000
104 80 91 248 1617 2000
161 240 234 125 810 2000
183 133 16 114 1012 2000
37 117 223 119 610 2000
123 366 277 331 1009 2000
90 266 142 402 610 2000
269 295 383 367 612 2000
236 49 159 161 1009 2000
336 324 309 484 811 2000
61 120 162 200 217 2000
256 33 230 191 414 2000
57 226 235 233 613 2000
29 181 11 344 417 2000
58 140 112 274 210 2000
289 192 217 306 1612 2000
181 215 83 304 811 2000
458 207 321 255 1813 2000
322 88 359 235 1814 2000
0 11 169 30 11 2000
52 66 227 60 417 2000
26 339 140 409 1214 2000
140 421 16 484 1411 2000
184 78 358 87 815 2000
432 301 258 315 1610 2000
1 10 77 122 11 2000
95 94 118 252 217 2000
175 224 104 108 1811 2000
118 92 243 155 210 2000
1 10 179 20 11 2000
288 67 417 127 1409 2000
156 34 226 152 210 2000
335 159 227 239 610 2000
198 5 123 117 211 2000
331 133 445 63 1014 2000
15 122 192 112 1011 2000
208 481 224 313 1614 2000
203 191 59 236 409 2000
265 199 429 214 1619 2000
65 294 126 421 1610 2000
233 138 140 42 1009 2000
191 110 103 15 1415 2000
226 307 247 465 1419 2000
499 182 465 331 1815 2000
99 246 198 335 810 2000
2 8 40 159 10 2000
120 155 151 311 1811 2000
94 46 259 64 415 2000
99 136 32 18 1413 2000
188 108 188 291 815 2000
365 82 214 54 1419 2000
236 388 212 226 1412 2000
47 158 188 114 213 2000
338 24 176 48 612 2000
199 249 152 108 1810 2000
0 186 111 111 212 2000
327 318 419 405 1419 2000
398 418 377 253 1812 2000
299 239 334 389 1213 2000
84 119 7 9 211 2000
298 63 396 154 1009 2000
277 293 259 124 1611 2000
115 273 258 229 411 2000
284 148 218 35 1619 2000
391 291 401 122 1219 2000
346 418 165 421 1814 2000
10 179 63 43 209 2000
297 168 445 133 615 2000
232 257 377 293 1017 2000
182 366 192 193 1215 2000
248 137 345 221 1017 2000
27 72 124 159 414 2000
83 14 52 172 1009 2000
248 293 232 122 1811 2000
217 108 159 237 611 2000
0 11 177 22 11 2000
172 28 16 60 210 2000
170 232 37 184 417 2000
116 98 263 135 214 2000
178 200 217 60 819 2000
232 128 348 191 819 2000
242 141 350 221 410 2000
158 291 178 130 1417 2000
363 279 347 452 809 2000
173 119 262 215 413 2000
79 281 257 274 413 2000
240 347 315 235 1011 2000
222 295 330 215 1610 2000
271 86 360 176 1819 2000
397 13 258 63 809 2000
122 428 120 249 1217 2000
276 304 104 320 1410 2000
168 49 332 32 217 2000
190 2 285 88 417 2000
352 311 410 180 1409 2000
3 487 134 431 811 2000
428 346 321 269 1814 2000
1 17 57 142 18 2000
248 229 394 190 1813 2000
216 172 376 201 409 2000
0 337 122 270 1009 2000
4 7 149 50 11 2000
128 241 15 309 1817 2000
287 30 205 133 613 2000
38 357 2 204 1809 2000
2 16 44 155 18 2000
215 152 338 87 410 2000
150 305 328 312 1013 2000
319 258 292 418 1811 2000
55 238 221 259 1011 2000
6 7 166 33 13 2000
145 233 112 389 809 2000
12 177 10 360 613 2000
98 263 266 243 410 2000
80 275 222 232 1813 2000
319 36 303 209 609 2000
136 450 78 320 1810 2000
363 325 446 222 1412 2000
287 193 371 297 1810 2000
300 357 476 366 1013 2000
226 332 323 241 610 2000
197 55 80 121 1215 2000
299 332 270 482 1819 2000
240 154 240 337 1215 2000
114 166 235 99 1810 2000
10 26 92 127 415 2000
171 10 80 100 217 2000
2 9 1 196 11 2000
132 52 266 102 214 2000
27 215 129 134 1215 2000
365 245 494 193 1617 2000
358 277 292 395 1214 2000
179 154 50 95 810 2000
220 327 177 471 611 2000
2 10 10 189 12 2000
96 214 87 391 1012 2000
93 114 187 205 213 2000
0 10 92 107 10 2000
232 477 231 289 1409 2000
185 137 79 55 1410 2000
61 24 44 186 1019 2000
194 184 271 78 815 2000
11 9 98 101 20 2000
377 188 428 318 1417 2000
391 97 282 25 1617 2000
259 350 277 182 1212 2000
85 129 175 223 214 2000
347 123 335 290 1219 2000
210 143 224 317 810 2000
302 178 140 157 1615 2000
17 458 75 327 1009 2000
329 176 147 182 1210 2000
262 349 138 414 1409 2000
63 317 158 226 1812 2000
175 387 122 252 1010 2000
231 257 196 406 614 2000
133 57 218 156 214 2000
32 65 171 113 1811 2000
283 129 338 261 1211 2000
243 198 266 32 1409 2000
207 252 317 174 1610 2000
42 170 154 96 212 2000
42 146 192 110 612 2000
176 54 155 220 1611 2000
264 492 445 484 809 2000
37 318 195 290 812 2000
358 348 218 389 1217 2000
179 147 296 81 415 2000
420 209 439 375 1813 2000
437 324 345 237 1419 2000
72 132 174 218 210 2000
447 266 494 404 1413 2000
68 121 195 183 209 2000
363 29 236 85 1615 2000
464 107 397 226 1612 2000
8 7 106 93 15 2000
421 437 374 296 1810 2000
77 134 182 52 211 2000
268 123 262 303 1612 2000
35 156 170 206 213 2000
0 11 151 48 11 2000
227 41 173 175 1410 2000
388 112 471 12 1615 2000
39 329 158 269 1619 2000
14 2 117 82 16 2000
392 225 261 173 1415 2000
328 139 404 246 1015 2000
311 207 463 173 1412 2000
33 86 23 263 1411 2000
246 129 299 263 1011 2000
261 355 242 189 813 2000
23 235 81 356 419 2000
125 264 46 373 1210 2000
4 10 62 137 14 2000
105 159 199 64 409 2000
130 264 33 355 1810 2000
53 23 209 55 610 2000
32 315 147 384 414 2000
213 265 150 139 1209 2000
277 348 403 410 810 2000
422 395 285 343 1009 2000
351 120 292 242 617 2000
244 298 260 128 1412 2000
8 2 178 21 10 2000
64 148 248 150 212 2000
170 240 211 100 817 2000
356 85 254 1 1612 2000
10 5 15 184 15 2000
165 197 103 320 413 2000
160 385 1 410 1614 2000
195 10 200 194 209 2000
45 206 86 353 810 2000
40 317 199 287 609 2000
270 476 257 306 1615 2000
225 164 396 180 1411 2000
473 341 411 467 1410 2000
165 23 8 50 214 2000
374 457 396 298 1817 2000
277 289 323 147 610 2000
7 5 179 20 12 2000
281 352 130 390 1009 2000
23 407 48 245 1211 2000
301 83 274 242 1412 2000
371 194 340 42 1815 2000
182 2 59 63 214 2000
143 192 290 231 1612 2000
212 12 343 64 415 2000
315 449 315 261 1410 2000
212 12 246 164 1412 2000
11 9 75 124 20 2000
248 75 332 174 1015 2000
4 187 173 207 209 2000
481 122 460 289 1610 2000
305 189 123 186 1613 2000
343 487 256 393 1617 2000
9 9 54 145 18 2000
232 161 88 118 611 2000
153 53 297 93 214 2000
84 149 108 313 1210 2000
6 5 177 22 11 2000
107 78 107 263 213 2000
361 215 336 57 815 2000
167 90 168 274 1413 2000
4 8 110 89 12 2000
451 48 306 89 1612 2000
215 264 300 360 1417 2000
17 186 126 114 217 2000
61 126 128 246 211 2000
124 20 150 175 1617 2000
127 327 131 152 819 2000
155 45 174 214 210 2000
161 186 335 195 1015 2000
50 349 217 327 1409 2000
211 320 371 346 1612 2000
383 349 461 455 1814 2000
150 146 325 158 411 2000
474 120 447 280 1211 2000
424 325 278 290 1417 2000
319 155 145 162 817 2000
338 492 374 344 1814 2000
109 72 56 200 217 2000
31 406 214 411 1210 2000
202 414 323 351 1414 2000
490 99 306 94 1009 2000
17 3 116 83 20 2000
38 181 200 164 219 2000
110 77 16 170 211 2000
3 9 52 147 12 2000
1 208 161 235 211 2000
459 325 412 466 1810 2000
334 78 167 92 417 2000
65 341 162 253 413 2000
83 287 227 246 413 2000
42 155 173 208 1214 2000
54 165 177 109 219 2000
201 383 82 447 1215 2000
277 382 159 317 1415 2000
238 168 382 129 415 2000
186 312 76 388 612 2000
208 357 206 176 615 2000
110 197 131 355 619 2000
397 221 458 341 1217 2000
132 419 73 294 814 2000
270 328 413 287 1014 2000
81 195 213 251 1810 2000
336 223 258 118 615 2000
288 254 271 83 610 2000
137 247 254 311 1617 2000
142 203 0 245 414 2000
202 374 134 256 612 2000
213 237 262 102 1014 2000
318 263 293 419 617 2000
189 167 318 109 1611 2000
252 116 248 291 1619 2000
174 406 310 458 610 2000
84 204 29 71 610 2000
347 169 371 9 1014 2000
250 22 219 172 417 2000
193 317 268 204 610 2000
274 97 444 112 1413 2000
196 337 350 310 1017 2000
273 301 376 218 612 2000
475 324 306 341 1212 2000
40 258 130 165 1615 2000
156 421 169 246 810 2000
2 14 153 46 16 2000
358 28 315 170 813 2000
116 271 116 83 410 2000
216 134 306 232 610 2000
0 16 33 166 16 2000
171 244 259 147 1813 2000
200 258 377 246 809 2000
257 346 245 171 1811 2000
60 103 123 221 1017 2000
395 489 252 448 1814 2000
124 360 166 219 1215 2000
216 167 335 236 410 2000
459 152 342 216 617 2000
55 138 171 203 217 2000
94 60 122 211 419 2000
6 9 145 54 15 2000
147 113 24 49 411 2000
243 350 387 311 1415 2000
88 101 188 15 1212 2000
189 330 251 451 1415 2000
175 6 353 9 217 2000
5 6 76 123 11 2000
428 98 393 247 614 2000
36 164 103 52 419 2000
171 413 262 321 815 2000
314 273 311 95 1017 2000
134 248 47 342 1217 2000
275 249 196 140 1810 2000
364 187 269 103 1019 2000
428 354 259 373 1410 2000
319 198 409 293 1013 2000
299 66 476 70 1417 2000
144 360 71 473 1012 2000
172 301 226 426 1019 2000
12 3 142 57 15 2000
228 206 215 381 1810 2000
394 323 243 286 1210 2000
235 314 112 253 1214 2000
151 250 324 238 1413 2000
354 176 347 4 1219 2000
11 7 76 123 18 2000
225 149 345 88 417 2000
9 2 23 176 11 2000
116 173 271 205 611 2000
238 142 52 143 411 2000
356 98 475 167 1010 2000
162 28 210 166 212 2000
276 56 279 237 1014 2000
132 399 280 434 615 2000
287 34 107 40 812 2000
171 111 234 237 809 2000
4 16 22 177 20 2000
86 313 44 168 1011 2000
35 149 188 180 214 2000
382 109 273 29 609 2000
241 477 181 348 1209 2000
121 432 223 347 611 2000
343 119 460 187 813 2000
173 212 242 92 1409 2000
44 137 130 42 217 2000
328 427 293 281 1017 2000
27 175 64 24 1410 2000
265 384 406 337 1610 2000
13 3 143 56 16 2000
369 382 236 329 812 2000
78 140 14 23 817 2000
8 12 175 0 20 2000
330 234 322 411 813 2000
174 240 345 250 817 2000
162 158 129 306 1617 2000
267 28 264 204 619 2000
114 226 97 398 1209 2000
3 43 72 155 417 2000
6 5 146 53 11 2000
245 181 235 354 815 2000
229 349 321 253 1010 2000
316 268 472 291 1219 2000
470 300 396 414 1410 2000
149 283 279 225 1410 2000
232 413 124 490 1813 2000
29 160 77 19 209 2000
339 292 457 227 1815 2000
115 96 299 99 211 2000
246 301 77 282 1610 2000
156 207 2 242 609 2000
362 170 491 111 1810 2000
137 182 149 8 812 2000
243 444 167 341 1819 2000
333 79 159 89 614 2000
67 32 218 64 615 2000
155 255 7 288 817 2000
137 73 194 203 411 2000
238 311 304 433 1610 2000
35 86 80 228 611 2000
221 283 376 259 819 2000
430 4 290 47 815 2000
243 133 133 202 419 2000
495 2 388 82 1411 2000
11 2 107 92 13 2000
321 118 138 120 1013 2000
60 375 136 263 1210 2000
186 26 126 152 212 2000
67 343 97 186 411 2000
343 258 268 370 1411 2000
368 310 214 278 1412 2000
333 288 438 204 1009 2000
53 306 21 157 617 2000
253 10 227 172 810 2000
330 238 289 386 1609 2000
364 82 315 218 1613 2000
12 3 124 75 15 2000
43 168 114 52 211 2000
8 5 193 6 13 2000
159 178 281 114 812 2000
216 173 373 142 1610 2000
356 209 195 236 1610 2000
158 117 24 172 609 2000
307 153 226 253 1217 2000
327 194 231 101 1009 2000
301 255 426 311 1617 2000
435 250 327 169 1009 2000
300 31 141 5 1013 2000
169 65 143 226 411 2000
77 87 142 207 1613 2000
283 137 312 289 817 2000
214 112 43 102 1617 2000
8 4 42 157 411 2000
325 417 356 260 1010 2000
217 47 101 119 1010 2000
381 244 285 337 1409 2000
304 138 361 9 1412 2000
183 28 186 210 213 2000
115 102 137 261 217 2000
211 206 359 173 1017 2000
207 169 143 294 809 2000
262 472 304 335 1619 2000
0 14 171 28 14 2000
7 6 75 124 13 2000
215 368 341 311 615 2000
3 7 167 32 10 2000
4 10 54 145 14 2000
104 83 276 94 215 2000
34 70 169 116 1217 2000
209 42 66 85 412 2000
239 286 374 332 1017 2000
250 269 343 359 1815 2000
393 256 354 112 1415 2000
351 291 488 239 809 2000
159 84 246 181 414 2000
326 248 358 404 1810 2000
2 13 68 131 15 2000
85 128 41 269 213 2000
408 42 293 114 811 2000
146 236 310 215 1213 2000
251 488 387 441 1815 2000
22 170 130 249 1611 2000
221 334 217 152 1212 2000
240 10 107 65 1810 2000
460 155 317 196 814 2000
318 54 136 48 1810 2000
316 391 146 400 1419 2000
223 352 190 196 1409 2000
189 63 74 127 419 2000
191 265 206 438 1410 2000
220 143 274 12 1813 2000
260 75 324 196 1013 2000
89 411 134 271 813 2000
348 129 198 92 1411 2000
174 205 175 20 1612 2000
341 218 174 234 1415 2000
107 91 179 203 214 2000
222 261 345 324 812 2000
123 56 184 174 219 2000
294 303 462 323 1610 2000
138 259 139 442 1614 2000
162 316 282 379 1215 2000
96 239 189 144 810 2000
407 288 463 157 1811 2000
35 474 135 386 1610 2000
133 377 311 387 1810 2000
231 113 338 39 817 2000
7 201 73 321 212 2000
267 214 222 75 1614 2000
247 160 159 257 1813 2000
201 196 337 249 1409 2000
203 150 271 39 1019 2000
214 241 309 325 1819 2000
83 113 266 112 614 2000
296 145 171 199 619 2000
201 444 274 329 810 2000
38 473 108 355 1610 2000
384 358 345 210 1211 2000
498 106 418 207 1617 2000
113 194 109 14 414 2000
26 379 175 419 1009 2000
229 96 53 108 1210 2000
1 11 148 51 12 2000
1 13 126 73 14 2000
259 143 321 26 819 2000
114 65 164 194 219 2000
163 49 245 153 212 2000
254 483 223 335 1819 2000
300 288 271 133 614 2000
106 193 50 320 615 2000
320 97 346 259 810 2000
67 140 226 165 414 2000
194 312 100 221 1213 2000
344 190 313 33 1410 2000
170 487 283 415 1413 2000
58 107 150 200 1813 2000
278 120 327 250 419 2000
273 325 441 305 1010 2000
3 454 101 364 1210 2000
360 227 227 179 1017 2000
160 59 238 160 219 2000
113 54 177 178 810 2000
168 331 120 191 810 2000
250 249 95 273 1419 2000
334 48 245 140 817 2000
95 93 124 252 210 2000
376 201 338 350 611 2000
5 6 156 43 11 2000
15 181 47 337 210 2000
6 6 42 157 12 2000
326 201 358 49 1214 2000
199 54 78 122 609 2000
152 55 76 162 215 2000
116 361 243 300 810 2000
432 107 468 256 1413 2000
180 112 265 216 409 2000
415 113 326 14 1010 2000
301 73 268 227 411 2000
53 138 215 165 209 2000
253 476 160 386 1815 2000
267 196 320 68 1817 2000
431 234 291 187 1411 2000
19 307 169 278 1619 2000
299 400 304 218 1411 2000
421 368 362 243 1614 2000
157 280 319 261 1817 2000
365 210 409 351 1413 2000
59 337 186 283 817 2000
225 58 157 179 609 2000
49 146 176 206 611 2000
29 260 104 147 810 2000
19 179 20 362 1014 2000
106 210 22 115 819 2000
33 165 215 171 210 2000
221 345 159 462 1219 2000
141 282 140 102 1817 2000
229 123 246 290 1414 2000
6 8 5 192 14 2000
48 371 145 453 619 2000
179 197 205 44 419 2000
93 216 255 197 1817 2000
357 283 403 148 817 2000
210 27 160 160 1815 2000
146 55 133 229 211 2000
433 226 268 248 1411 2000
169 198 134 349 812 2000
10 8 73 126 18 2000
0 11 181 18 11 2000
31 23 163 76 813 2000
248 393 417 403 1419 2000
289 101 196 197 1209 2000
111 77 239 137 210 2000
147 39 37 108 1219 2000
37 97 160 162 1410 2000
201 428 133 307 1809 2000
246 121 113 70 414 2000
247 124 360 52 613 2000
244 152 88 179 415 2000
91 290 19 178 814 2000
252 296 379 353 614 2000
85 64 1 164 414 2000
261 291 401 337 1012 2000
215 356 234 187 1610 2000
44 139 134 232 215 2000
93 24 68 184 1013 2000
241 118 196 259 412 2000
164 274 38 333 813 2000
408 156 238 141 1213 2000
295 342 346 475 1614 2000
0 13 122 77 13 2000
9 11 108 91 20 2000
223 12 92 69 410 2000
36 224 137 136 1209 2000
1 11 121 78 12 2000
140 65 182 210 211 2000
411 157 379 314 1209 2000
110 172 102 350 1012 2000
231 46 310 151 414 2000
168 10 193 171 612 2000
172 37 136 190 209 2000
223 274 147 385 1011 2000
10 6 76 123 16 2000
463 126 413 264 1210 2000
427 268 266 248 1417 2000
133 223 305 212 815 2000
168 214 205 365 1810 2000
42 315 99 186 812 2000
62 117 49 283 219 2000
189 147 95 62 819 2000
307 134 449 88 1610 2000
270 77 128 35 814 2000
286 265 314 108 1813 2000
24 191 94 78 215 2000
15 3 181 18 18 2000
385 122 415 271 1819 2000
49 223 172 158 1010 2000
439 365 302 416 1010 2000
262 103 165 14 812 2000
274 169 110 145 810 2000
143 374 244 454 1817 2000
240 452 354 387 1219 2000
157 366 166 186 1009 2000
140 63 149 241 211 2000
375 275 289 374 1613 2000
1 10 146 53 11 2000
28 414 84 286 1814 2000
172 156 19 130 819 2000
2 10 14 185 12 2000
286 188 259 350 1209 2000
269 260 125 295 1419 2000
166 474 257 382 815 2000
154 189 131 355 1009 2000
242 293 114 237 1614 2000
86 125 206 192 211 2000
7 7 26 173 14 2000
81 35 241 63 1810 2000
74 368 0 254 610 2000
0 10 36 163 10 2000
315 65 196 127 417 2000
210 319 390 326 611 2000
208 401 150 271 810 2000
333 231 226 150 1410 2000
128 81 214 184 209 2000
3 13 94 105 16 2000
142 309 7 259 1413 2000
113 95 277 115 614 2000
86 215 43 71 1411 2000
295 340 468 353 812 2000
100 293 261 318 412 2000
150 361 276 421 1612 2000
116 273 289 288 810 2000
10 5 167 32 15 2000
197 307 257 428 1217 2000
7 9 44 155 16 2000
278 159 239 15 1015 2000
133 230 289 261 1811 2000
97 447 227 391 1812 2000
26 180 5 13 610 2000
271 107 430 80 1012 2000
199 294 136 415 1614 2000
21 478 106 378 613 2000
77 282 174 196 1415 2000
10 2 136 63 12 2000
190 318 46 359 1613 2000
191 150 166 311 1612 2000
162 149 134 302 1017 2000
5 6 109 90 11 2000
326 359 462 316 1819 2000
419 276 461 132 1612 2000
156 37 54 124 209 2000
14 4 178 21 18 2000
166 279 321 251 615 2000
209 397 198 219 1209 2000
211 224 141 335 1417 2000
135 347 33 268 1617 2000
75 115 20 243 815 2000
22 134 74 270 1410 2000
298 353 297 171 1815 2000
30 354 128 263 409 2000
38 147 152 218 213 2000
213 375 138 271 819 2000
160 404 156 220 1010 2000
326 380 474 415 1615 2000
258 321 311 195 1019 2000
386 285 217 304 1610 2000
144 65 305 37 209 2000
203 227 60 189 1617 2000
140 51 236 144 209 2000
201 475 46 443 1211 2000
213 349 261 210 811 2000
468 42 288 41 817 2000
449 115 485 267 1010 2000
340 419 166 408 1813 2000
143 332 239 239 1809 2000
33 70 87 205 1409 2000
177 269 308 322 1814 2000
112 281 167 414 410 2000
102 109 273 125 211 2000
406 138 460 4 1010 2000
181 22 263 123 215 2000
89 333 263 318 1609 2000
143 262 230 364 1009 2000
0 11 116 83 11 2000
271 54 126 10 1809 2000
149 70 184 214 219 2000
61 306 43 135 1409 2000
224 126 101 187 1014 2000
86 103 184 20 217 2000
17 192 185 171 209 2000
44 154 40 336 212 2000
13 300 62 168 1817 2000
328 107 313 279 1811 2000
199 95 51 54 809 2000
317 461 346 306 1414 2000
358 252 376 415 1217 2000
499 351 490 176 1814 2000
42 227 35 406 1612 2000
267 234 203 355 1413 2000
4 6 80 119 10 2000
174 200 77 111 1412 2000
234 139 276 276 1819 2000
5 13 145 54 18 2000
183 190 4 200 609 2000
68 26 238 39 415 2000
438 188 319 124 1215 2000
0 13 183 16 13 2000
368 204 269 118 813 2000
256 496 166 402 1414 2000
265 229 423 201 1012 2000
146 140 311 116 1209 2000
478 408 317 384 1213 2000
361 243 479 178 1215 2000
86 283 199 358 1210 2000
496 86 499 267 1014 2000
321 217 166 185 1611 2000
274 394 160 461 1617 2000
29 82 108 191 810 2000
118 419 9 339 1809 2000
302 68 436 113 419 2000
102 12 255 47 610 2000
158 199 1 172 1214 2000
172 255 155 88 1214 2000
46 184 115 72 817 2000
18 309 180 335 1210 2000
10 3 190 9 13 2000
323 199 392 83 1613 2000
6 12 167 32 18 2000
247 324 299 197 1019 2000
192 247 132 368 1017 2000
95 47 31 167 614 2000
32 152 58 309 815 2000
313 407 191 474 809 2000
176 35 242 148 219 2000
83 184 230 148 1415 2000
268 425 152 490 1817 2000
261 400 224 253 814 2000
65 138 216 104 213 2000
92 109 84 282 217 2000
441 255 360 155 1217 2000
73 195 227 162 411 2000
94 300 227 250 815 2000
109 310 123 136 810 2000
2 16 175 24 18 2000
52 155 140 254 611 2000
366 292 442 405 809 2000
180 265 95 164 812 2000
241 80 146 172 611 2000
372 130 358 300 614 2000
443 427 386 299 1213 2000
100 114 106 292 214 2000
344 126 397 254 1617 2000
294 56 398 140 610 2000
86 174 137 302 419 2000
18 2 22 177 20 2000
161 183 99 64 1217 2000
121 244 161 392 410 2000
23 168 65 21 209 2000
121 95 91 246 417 2000
316 243 229 344 810 2000
83 108 216 58 1415 2000
442 276 309 330 1611 2000
485 277 345 233 1014 2000
117 187 294 194 1014 2000
98 94 269 111 210 2000
7 9 88 111 16 2000
225 127 112 199 413 2000
240 198 313 90 1617 2000
3 7 135 64 10 2000
193 18 132 140 215 2000
195 151 47 116 415 2000
174 11 137 159 213 2000
213 196 238 33 410 2000
246 424 181 306 1215 2000
136 58 196 184 212 2000
198 203 105 298 810 2000
98 256 135 108 813 2000
181 386 184 205 814 2000
158 199 26 256 609 2000
177 6 197 169 215 2000
328 275 400 168 1019 2000
196 196 317 136 417 2000
317 47 307 218 1617 2000
416 67 437 225 1019 2000
223 270 224 456 1011 2000
307 237 274 83 1611 2000
209 231 249 83 1010 2000
127 80 48 180 619 2000
284 147 136 116 1819 2000
237 124 160 13 410 2000
336 407 442 488 1811 2000
259 127 388 183 413 2000
205 320 104 236 613 2000
256 316 188 196 1810 2000
8 3 187 12 11 2000
98 30 215 92 1619 2000
234 225 204 68 611 2000
389 330 499 256 1214 2000
101 355 113 183 1014 2000
4 14 149 50 18 2000
312 70 332 235 1213 2000
373 236 349 396 1614 2000
3 10 24 175 13 2000
320 182 372 319 809 2000
85 85 71 252 1617 2000
149 113 59 18 413 2000
178 390 85 481 1814 2000
334 144 359 306 1211 2000
226 252 141 153 1414 2000
171 131 219 272 809 2000
121 66 67 199 211 2000
3 205 80 94 210 2000
363 172 497 219 1017 2000
364 340 226 383 1217 2000
27 182 72 41 412 2000
392 306 443 441 1412 2000
282 89 124 59 410 2000
204 154 386 155 1215 2000
297 46 327 201 1013 2000
88 257 228 212 1413 2000
174 203 132 345 1214 2000
2 286 111 360 815 2000
125 171 193 51 1810 2000
133 225 149 397 610 2000
55 78 139 183 1809 2000
27 169 152 110 214 2000
320 235 246 130 1819 2000
254 372 429 364 1215 2000
307 442 447 489 1811 2000
387 15 222 39 809 2000
299 121 437 171 610 2000
10 5 173 26 15 2000
299 414 199 335 1819 2000
480 344 457 186 1217 2000
128 164 223 76 1615 2000
240 96 340 177 817 2000
175 218 272 300 1819 2000
189 348 253 229 1815 2000
10 2 52 147 12 2000
298 264 215 367 1412 2000
280 18 374 109 413 2000
260 375 212 235 1210 2000
75 292 83 112 410 2000
139 406 14 352 1019 2000
88 405 179 498 1214 2000
156 221 174 58 1417 2000
257 310 301 447 617 2000
338 242 406 127 815 2000
304 204 130 214 1414 2000
94 103 221 157 217 2000
382 223 209 238 1610 2000
232 168 184 33 815 2000
16 2 115 84 18 2000
98 162 90 341 411 2000
138 257 170 413 410 2000
230 208 189 60 1609 2000
33 332 214 325 410 2000
141 214 148 42 1419 2000
254 301 274 469 1610 2000
136 214 222 312 614 2000
23 165 75 301 210 2000
239 197 412 203 819 2000
6 7 156 43 13 2000
382 412 399 241 1410 2000
189 4 131 129 615 2000
129 250 182 118 1413 2000
239 487 68 495 819 2000
8 7 82 117 15 2000
1 14 90 109 15 2000
343 329 223 397 1010 2000
21 210 21 27 615 2000
301 324 451 293 1417 2000
248 118 210 267 811 2000
247 92 384 141 1612 2000
350 360 200 323 811 2000
5 313 85 212 1617 2000
71 210 83 381 1815 2000
4 10 13 186 14 2000
64 228 226 202 1410 2000
435 407 286 439 1217 2000
4 219 57 91 1417 2000
316 269 236 170 1019 2000
149 405 140 235 1619 2000
214 152 322 225 1217 2000
10 2 107 92 12 2000
297 97 200 7 411 2000
208 470 315 388 1609 2000
220 266 106 338 1812 2000
164 47 136 204 213 2000
291 28 410 98 1409 2000
147 38 279 93 611 2000
135 384 26 314 1819 2000
76 136 234 108 212 2000
334 314 246 217 1613 2000
350 227 373 64 1212 2000
171 181 160 354 1814 2000
433 298 493 426 1210 2000
226 323 166 202 1017 2000
129 358 8 293 812 2000
396 264 429 109 1810 2000
343 313 172 325 1615 2000
403 348 253 312 1212 2000
200 11 215 183 211 2000
220 23 109 101 1809 2000
121 290 225 372 412 2000
217 57 239 220 413 2000
122 269 248 329 812 2000
181 150 260 41 1210 2000
2 14 11 188 16 2000
84 104 197 29 210 2000
295 441 339 298 811 2000
12 1 187 12 13 2000
384 191 332 54 1409 2000
42 141 159 75 215 2000
182 177 38 137 414 2000
19 1 168 31 20 2000
420 139 247 123 1809 2000
0 14 157 42 14 2000
335 164 428 73 1214 2000
177 61 75 147 1010 2000
198 436 334 481 1617 2000
96 159 80 329 412 2000
256 134 281 296 1211 2000
193 7 172 175 809 2000
358 398 202 430 1810 2000
183 216 149 62 1210 2000
96 200 221 140 1613 2000
197 0 138 129 810 2000
438 204 271 216 1619 2000
166 221 205 370 410 2000
326 249 448 310 1015 2000
226 425 313 326 1212 2000
325 327 149 334 1215 2000
494 218 349 261 1010 2000
57 150 43 325 209 2000
393 323 248 287 1217 2000
67 199 160 109 415 2000
17 3 85 114 20 2000
381 256 232 292 1413 2000
178 11 348 30 209 2000
424 295 342 193 1614 2000
332 235 334 422 609 2000
159 176 242 278 1013 2000
185 74 316 127 814 2000
355 169 423 289 1410 2000
382 381 223 409 1811 2000
204 100 212 275 415 2000
10 236 95 336 813 2000
197 217 330 272 610 2000
61 166 175 241 609 2000
75 83 125 212 419 2000
279 37 243 187 1412 2000
78 279 167 369 1019 2000
255 331 158 419 1213 2000
127 84 22 166 211 2000
40 340 192 307 1613 2000
186 302 203 131 1810 2000
146 223 231 322 414 2000
329 404 355 243 1011 2000
299 158 240 278 1419 2000
191 4 183 180 414 2000
4 16 150 49 20 2000
161 54 237 161 215 2000
251 240 238 408 617 2000
304 250 417 316 819 2000
107 250 7 164 412 2000
133 138 300 150 619 2000
95 102 219 37 209 2000
265 158 167 245 1013 2000
137 132 59 24 412 2000
169 133 351 138 1211 2000
301 459 384 353 809 2000
87 122 263 133 211 2000
444 238 444 57 1217 2000
226 160 386 133 411 2000
110 95 23 195 211 2000
222 235 288 355 812 2000
7 3 157 42 10 2000
168 41 133 193 211 2000
146 73 279 119 219 2000
286 269 213 155 611 2000
79 23 175 110 415 2000
431 61 363 176 1215 2000
123 23 235 96 1213 2000
375 239 374 427 809 2000
185 301 191 119 1010 2000
146 35 325 33 217 2000
89 104 229 59 213 2000
162 27 96 150 209 2000
126 354 233 274 1211 2000
359 266 419 138 1210 2000
18 2 109 90 20 2000
198 12 304 94 210 2000
65 170 66 352 615 2000
218 121 360 76 1411 2000
28 66 146 134 612 2000
326 156 439 227 1414 2000
286 323 134 355 1614 2000
86 295 246 319 414 2000
287 370 158 311 810 2000
73 350 235 324 1210 2000
466 10 435 162 1215 2000
146 286 325 288 1617 2000
260 231 226 79 1212 2000
216 113 31 112 1612 2000
30 202 65 354 811 2000
1 176 97 87 1013 2000
38 118 215 110 813 2000
423 350 263 325 1013 2000
294 86 376 193 809 2000
203 307 328 244 610 2000
173 209 156 42 1414 2000
55 334 97 192 814 2000
4 7 118 81 11 2000
21 168 80 39 410 2000
316 175 139 165 1811 2000
2 16 15 184 18 2000
5 6 58 141 11 2000
11 9 121 78 20 2000
40 50 210 37 415 2000
270 99 169 186 1210 2000
220 275 338 345 1610 2000
355 36 483 91 1015 2000
355 160 222 210 1415 2000
176 204 165 30 1213 2000
165 422 47 351 1809 2000
185 207 7 196 409 2000
8 5 24 175 13 2000
157 32 204 164 219 2000
183 201 335 170 415 2000
177 351 251 237 1410 2000
201 300 298 391 1610 2000
229 43 325 135 1810 2000
250 195 337 293 1013 2000
167 327 171 147 1414 2000
162 143 89 30 1612 2000
12 8 173 26 20 2000
95 265 116 433 1209 2000
92 104 262 122 210 2000
110 149 211 227 619 2000
7 4 161 38 11 2000
460 313 343 249 1817 2000
102 103 19 205 213 2000
311 281 191 344 1215 2000
178 27 78 110 215 2000
76 229 103 391 609 2000
198 113 180 276 1817 2000
8 8 130 69 16 2000
89 191 203 119 612 2000
11 188 58 52 1015 2000
325 186 403 293 1013 2000
0 12 32 167 12 2000
376 299 218 322 1417 2000
150 272 36 337 1219 2000
265 167 307 311 1412 2000
179 270 353 261 615 2000
258 346 316 225 1219 2000
8 6 61 138 14 2000
207 166 298 69 410 2000
401 284 386 448 1019 2000
16 29 148 82 1813 2000
113 75 229 7 214 2000
10 50 89 154 815 2000
107 248 56 111 1210 2000
154 40 30 104 1410 2000
300 109 253 250 410 2000
286 451 167 389 1417 2000
181 222 201 390 1210 2000
286 255 149 306 1610 2000
469 306 326 351 1210 2000
267 15 275 195 610 2000
281 205 161 142 815 2000
223 90 257 237 1417 2000
4 8 47 152 12 2000
82 37 194 112 1411 2000
122 65 75 205 211 2000
191 152 91 68 414 2000
2 12 140 59 14 2000
28 164 28 348 214 2000
28 359 81 224 410 2000
254 402 224 244 1810 2000
105 379 176 265 813 2000
189 180 346 208 1013 2000
238 418 61 425 1014 2000
304 340 378 445 1219 2000
212 52 221 231 1810 2000
345 335 449 255 1814 2000
281 434 403 498 1612 2000
126 39 23 124 1210 2000
309 294 458 255 810 2000
36 223 58 385 1614 2000
128 216 86 69 809 2000
267 305 208 427 1217 2000
87 239 17 126 1215 2000
20 133 49 293 1409 2000
212 182 299 280 1213 2000
93 139 173 247 1010 2000
306 52 371 166 419 2000
76 139 178 58 215 2000
380 26 428 165 1611 2000
133 175 313 167 610 2000
121 88 165 233 209 2000
161 374 334 389 1210 2000
196 26 226 181 1213 2000
283 105 128 138 1810 2000
202 323 121 216 1610 2000
122 229 75 367 1813 2000
3 15 140 59 18 2000
164 31 17 65 217 2000
364 80 403 229 1010 2000
99 104 153 237 1811 2000
338 284 167 270 1613 2000
329 102 450 35 810 2000
386 59 370 226 615 2000
183 191 167 362 1611 2000
11 2 38 161 13 2000
5 8 82 117 13 2000
172 338 179 157 1410 2000
329 308 360 151 810 2000
138 148 299 128 417 2000
469 180 310 153 1212 2000
252 145 89 170 410 2000
104 209 190 302 1019 2000
131 50 282 20 217 2000
5 10 111 88 15 2000
197 256 317 191 1413 2000
67 347 60 171 815 2000
25 173 146 106 1010 2000
216 319 291 429 1413 2000
395 212 426 367 1212 2000
139 353 77 226 1209 2000
134 64 54 170 212 2000
197 443 91 363 1412 2000
317 64 340 227 812 2000
169 107 58 35 415 2000
94 110 154 234 214 2000
118 135 295 127 1813 2000
211 109 270 229 1619 2000
147 35 314 23 419 2000
130 229 142 55 412 2000
319 212 157 237 1411 2000
58 157 236 160 217 2000
377 153 354 318 1810 2000
3 15 46 153 18 2000
347 42 244 127 810 2000
46 164 115 283 210 2000
67 126 55 297 215 2000
114 67 220 142 217 2000
248 162 85 184 413 2000
256 184 260 359 819 2000
312 50 223 147 612 2000
217 143 356 93 809 2000
47 264 232 261 410 2000
35 171 213 161 210 2000
181 234 174 53 1610 2000
238 80 160 189 811 2000
148 248 198 377 1219 2000
292 36 192 120 1414 2000
103 100 126 262 213 2000
279 274 443 291 617 2000
347 111 365 281 1410 2000
124 95 76 226 219 2000
200 16 87 86 415 2000
228 160 82 125 417 2000
370 193 322 326 1417 2000
199 241 175 405 610 2000
269 212 423 182 1214 2000
10 2 130 69 12 2000
427 365 286 320 1812 2000
5 6 175 24 11 2000
185 214 5 206 410 2000
4 12 12 187 16 2000
153 155 56 71 1217 2000
345 220 312 373 1212 2000
346 199 311 55 619 2000
110 91 50 212 617 2000
338 133 424 230 1015 2000
2 9 87 112 11 2000
386 132 244 174 1014 2000
246 163 289 18 410 2000
52 186 69 350 1217 2000
195 475 315 408 1611 2000
120 91 122 276 211 2000
434 374 407 218 1615 2000
6 10 40 159 16 2000
67 312 84 483 410 2000
86 112 263 101 210 2000
380 135 222 162 613 2000
273 40 207 155 617 2000
266 337 274 158 1811 2000
3 9 56 143 12 2000
383 336 433 197 1009 2000
28 499 39 331 1019 2000
486 446 306 442 1014 2000
125 197 35 99 1010 2000
395 181 364 336 1812 2000
165 21 187 185 212 2000
323 131 495 145 1012 2000
287 260 137 298 810 2000
293 383 266 221 809 2000
153 165 78 273 1215 2000
294 223 359 101 611 2000
453 69 330 125 819 2000
166 235 101 358 1210 2000
101 372 168 254 1413 2000
39 179 194 212 1810 2000
98 27 206 104 1813 2000
325 114 292 265 1214 2000
192 96 294 177 415 2000
195 270 219 106 1610 2000
312 265 485 281 1409 2000
251 142 419 126 814 2000
411 407 486 298 1014 2000
115 307 229 381 1810 2000
407 406 486 304 1417 2000
306 305 276 152 1015 2000
467 478 298 488 1819 2000
95 112 174 3 410 2000
245 95 152 188 1412 2000
181 180 21 208 410 2000
18 221 115 307 615 2000
260 305 170 210 613 2000
112 105 157 247 611 2000
5 6 113 86 11 2000
258 54 278 223 1609 2000
15 1 169 30 16 2000
238 250 329 157 614 2000
202 393 161 250 1614 2000
388 296 303 392 1217 2000
203 345 184 177 1211 2000
6 12 89 110 18 2000
353 205 457 282 817 2000
166 29 161 213 209 2000
32 144 171 186 1217 2000
186 469 4 475 810 2000
229 387 238 208 1410 2000
189 434 345 403 1811 2000
310 136 377 15 1810 2000
44 143 100 276 609 2000
326 360 150 363 1219 2000
24 164 142 96 212 2000
111 420 33 313 1413 2000
385 320 385 132 1610 2000
1 13 148 51 14 2000
6 5 149 50 11 2000
177 210 179 28 814 2000
103 152 193 249 1811 2000
497 88 390 12 615 2000
294 378 263 224 1213 2000
444 109 350 204 1409 2000
12 382 161 416 1615 2000
102 116 258 145 813 2000
36 174 168 230 210 2000
61 128 193 81 619 2000
313 50 473 24 812 2000
133 201 52 303 1215 2000
192 321 346 352 1813 2000
278 121 246 277 1210 2000
143 51 238 144 210 2000
423 432 299 491 1415 2000
189 30 121 141 219 2000
332 181 341 359 611 2000
103 87 248 47 1613 2000
243 197 264 359 1215 2000
26 290 191 274 1617 2000
225 129 62 152 1012 2000
73 116 85 289 213 2000
12 1 97 102 13 2000
39 314 83 457 1411 2000
223 131 252 289 411 2000
113 32 163 169 611 2000
191 21 40 56 212 2000
7 4 47 152 11 2000
300 295 325 134 1212 2000
43 199 176 245 1619 2000
55 135 140 32 210 2000
315 119 160 150 1012 2000
270 213 416 246 1019 2000
379 195 392 20 610 2000
327 454 476 420 1815 2000
178 192 247 82 419 2000
135 205 280 243 1615 2000
149 173 224 286 610 2000
160 238 257 148 411 2000
284 225 297 55 1415 2000
289 407 346 278 1412 2000
186 129 167 289 1819 2000
312 241 487 247 617 2000
197 282 352 256 1817 2000
339 204 455 275 1411 2000
289 377 230 248 1410 2000
353 41 489 93 1410 2000
3 10 171 28 13 2000
266 456 86 459 1615 2000
238 349 424 346 609 2000
444 196 320 137 815 2000
178 163 275 252 1612 2000
65 291 197 242 1617 2000
143 51 15 111 210 2000
75 74 2 182 1817 2000
164 43 35 97 215 2000
20 177 147 231 217 2000
196 9 143 139 1015 2000
319 407 160 435 1611 2000
1 12 67 132 13 2000
17 238 52 84 609 2000
173 28 180 208 211 2000
4 6 75 124 10 2000
75 140 185 67 215 2000
119 98 34 194 217 2000
111 68 240 118 219 2000
94 104 47 242 813 2000
217 234 148 352 1811 2000
440 182 264 177 1617 2000
213 288 89 353 1809 2000
87 407 211 467 614 2000
352 401 343 229 1817 2000
10 1 31 168 11 2000
102 204 108 377 1619 2000
188 317 185 131 1009 2000
245 328 259 499 1013 2000
4 6 128 71 10 2000
12 6 156 43 18 2000
342 232 340 45 1609 2000
216 108 292 1 815 2000
76 268 162 367 413 2000
285 242 289 422 1214 2000
324 319 410 421 810 2000
175 337 146 491 1215 2000
291 293 453 269 612 2000
204 272 191 106 1219 2000
211 7 167 142 1619 2000
4 16 81 118 20 2000
42 417 74 261 1210 2000
131 83 146 252 214 2000
90 195 239 229 615 2000
238 241 205 393 613 2000
187 190 1 187 609 2000
4 7 43 156 11 2000
194 161 237 18 412 2000
7 9 0 185 16 2000
383 254 429 391 1015 2000
146 60 306 88 210 2000
486 202 334 165 809 2000
281 288 116 268 1413 2000
238 194 322 298 1010 2000
199 175 114 274 1814 2000
15 5 131 68 20 2000
14 6 35 164 20 2000
222 203 295 319 609 2000
41 284 226 287 810 2000
156 129 260 208 615 2000
417 192 283 237 1419 2000
40 170 36 354 210 2000
6 7 110 89 13 2000
1 10 39 160 11 2000
84 58 96 232 1012 2000
1 9 173 26 10 2000
348 359 355 182 1614 2000
271 169 400 223 815 2000
284 359 133 393 1413 2000
7 7 48 151 14 2000
468 453 461 271 1009 2000
23 176 67 316 814 2000
398 403 233 419 1817 2000
40 290 29 114 1611 2000
358 21 387 171 1019 2000
457 233 408 93 809 2000
176 11 247 121 217 2000
160 294 41 226 1611 2000
349 271 255 358 817 2000
224 168 349 222 819 2000
180 231 41 189 1017 2000
44 197 200 229 1210 2000
275 369 221 494 1619 2000
168 38 327 67 610 2000
380 118 348 274 1410 2000
367 176 221 143 1819 2000
11 22 96 116 619 2000
255 79 241 246 417 2000
307 31 368 157 1211 2000
165 20 273 97 213 2000
255 260 247 85 1415 2000
141 166 196 300 1809 2000
296 285 231 162 1610 2000
309 251 275 102 1615 2000
205 414 367 438 1212 2000
10 6 49 150 16 2000
116 71 293 81 211 2000
136 61 200 182 213 2000
6 5 164 35 11 2000
381 159 347 5 1810 2000
288 383 228 254 1809 2000
461 89 355 164 817 2000
313 310 468 343 1610 2000
15 1 62 137 16 2000
325 15 213 86 1615 2000
200 259 109 171 1819 2000
102 209 140 60 1011 2000
175 57 222 194 614 2000
57 52 147 151 1809 2000
121 57 280 32 1014 2000
99 288 262 304 1819 2000
361 280 193 297 1013 2000
156 274 299 317 1412 2000
256 210 358 287 1619 2000
112 65 252 110 1013 2000
6 10 76 123 16 2000
103 82 247 123 213 2000
207 258 108 342 615 2000
158 98 327 83 614 2000
280 262 328 400 1812 2000
119 131 286 152 1810 2000
362 255 181 247 1409 2000
188 31 118 147 1212 2000
467 29 366 111 1615 2000
157 62 119 203 219 2000
250 173 337 273 611 2000
39 159 107 39 210 2000
107 29 285 40 409 2000
355 112 306 250 611 2000
174 9 3 19 217 2000
244 56 294 185 819 2000
51 176 145 263 617 2000
348 31 490 77 810 2000
201 162 314 235 412 2000
35 205 58 41 1211 2000
242 269 64 270 619 2000
10 173 82 284 215 2000
350 188 391 40 1609 2000
318 199 295 34 1210 2000
168 177 354 175 1210 2000
357 162 281 52 812 2000
186 281 353 269 1019 2000
303 440 263 294 1212 2000
23 243 123 328 1613 2000
132 325 314 330 1811 2000
483 49 466 215 1215 2000
317 61 207 136 813 2000
35 175 217 171 212 2000
476 92 379 178 1615 2000
27 350 109 452 414 2000
50 265 141 168 810 2000
414 468 251 448 1215 2000
0 12 14 185 12 2000
244 144 381 194 411 2000
110 290 5 373 1410 2000
13 1 80 119 14 2000
102 261 35 140 810 2000
83 235 195 308 413 2000
82 105 180 14 609 2000
188 2 299 70 819 2000
187 114 163 279 1409 2000
295 253 273 88 1211 2000
267 189 215 62 819 2000
71 113 196 52 1412 2000
384 125 387 309 611 2000
250 112 390 71 417 2000
145 47 239 139 212 2000
97 125 265 145 610 2000
263 277 93 259 610 2000
40 148 56 320 210 2000
66 146 101 295 214 2000
62 280 11 142 1209 2000
171 75 68 160 1810 2000
144 35 43 113 219 2000
117 131 174 2 1812 2000
48 37 104 160 1019 2000
73 311 75 497 1810 2000
278 227 410 279 1614 2000
240 201 151 291 619 2000
12 269 164 237 814 2000
221 358 226 184 1819 2000
199 203 367 216 1217 2000
256 252 300 389 817 2000
4 56 59 190 409 2000
215 143 383 163 1410 2000
140 230 119 68 415 2000
318 51 489 68 410 2000
127 56 122 234 215 2000
238 323 277 173 609 2000
49 166 156 242 215 2000
433 206 357 99 1815 2000
261 470 174 378 1019 2000
175 194 347 208 412 2000
337 277 224 204 1812 2000
2 9 133 66 11 2000
189 313 125 198 819 2000
154 475 301 443 1419 2000
256 40 258 221 415 2000
152 27 144 198 219 2000
83 232 169 134 1214 2000
157 421 112 278 610 2000
167 378 77 477 1809 2000
334 162 263 49 1414 2000
365 12 474 90 1811 2000
282 239 275 67 1819 2000
250 135 117 80 410 2000
93 99 240 58 210 2000
350 160 329 327 1810 2000
281 254 350 372 611 2000
134 53 183 189 213 2000
238 168 79 193 1014 2000
74 201 26 63 1212 2000
251 211 228 367 1619 2000
40 139 176 182 219 2000
289 164 151 213 1411 2000
16 70 56 219 1609 2000
137 380 215 487 1013 2000
19 162 21 345 613 2000
28 153 102 260 217 2000
15 5 113 86 20 2000
173 241 255 345 1012 2000
158 204 179 368 1613 2000
401 130 394 302 1019 2000
268 223 213 353 613 2000
461 150 378 246 1819 2000
75 99 9 221 1810 2000
88 115 222 70 219 2000
228 65 372 21 410 2000
11 3 110 89 14 2000
241 156 229 332 410 2000
43 96 224 101 1612 2000
93 103 183 198 413 2000
47 122 131 217 1419 2000
121 215 53 96 1611 2000
272 253 265 434 1610 2000
4 8 153 46 12 2000
17 172 108 74 209 2000
47 203 229 204 1215 2000
247 229 115 285 1010 2000
202 151 371 134 412 2000
124 90 255 37 214 2000
282 271 177 197 1419 2000
173 284 52 342 1819 2000
10 313 11 496 814 2000
176 353 247 245 1419 2000
128 55 166 201 1214 2000
317 335 194 275 1215 2000
10 4 28 171 14 2000
328 298 311 470 1209 2000
270 238 154 168 1812 2000
264 64 417 29 1010 2000
202 307 100 220 609 2000
98 107 273 117 213 2000
278 194 236 47 1609 2000
272 127 206 247 412 2000
7 5 127 72 12 2000
481 297 461 464 1611 2000
92 107 87 285 215 2000
204 127 323 63 615 2000
79 117 166 218 210 2000
493 58 486 230 1019 2000
491 220 430 97 1214 2000
383 390 394 214 1811 2000
93 94 88 276 211 2000
302 98 172 152 1014 2000
38 180 189 148 815 2000
173 434 261 341 617 2000
6 259 52 399 412 2000
369 243 296 351 817 2000
53 249 89 106 819 2000
198 465 31 447 1813 2000
1 183 93 276 1613 2000
294 268 467 279 1014 2000
52 132 107 3 214 2000
112 231 60 363 414 2000
350 490 405 364 1617 2000
3 17 33 166 20 2000
13 3 36 163 16 2000
15 171 139 109 212 2000
184 253 184 441 810 2000
327 69 383 201 610 2000
294 190 272 31 817 2000
119 416 220 330 1411 2000
237 272 138 186 1813 2000
92 123 222 70 215 2000
60 200 173 274 811 2000
105 83 11 177 210 2000
1 9 159 40 10 2000
361 27 454 115 1617 2000
494 149 490 332 1811 2000
77 209 199 266 819 2000
290 279 194 367 1214 2000
297 271 194 356 1410 2000
90 94 270 86 1010 2000
102 106 246 147 1613 2000
11 282 112 198 1013 2000
107 466 66 319 1610 2000
268 472 130 429 1617 2000
5 224 38 76 617 2000
250 220 431 223 1014 2000
180 44 56 104 1014 2000
371 36 469 121 1015 2000
96 197 270 190 617 2000
152 9 184 166 1009 2000
211 88 196 260 1811 2000
1 9 112 87 10 2000
351 103 171 95 1010 2000
56 130 167 55 212 2000
207 352 250 492 615 2000
259 483 311 354 817 2000
174 287 304 343 1212 2000
475 347 382 261 1219 2000
398 141 291 220 812 2000
192 144 198 324 612 2000
288 84 348 213 1609 2000
307 158 383 271 1009 2000
170 292 156 459 1617 2000
236 134 219 304 411 2000
104 82 17 181 212 2000
224 362 350 424 1810 2000
2 122 153 90 1215 2000
4 9 152 47 13 2000
364 255 313 389 1013 2000
8 3 169 30 11 2000
10 1 115 84 11 2000
483 26 422 152 1011 2000
221 200 284 326 1009 2000
235 140 137 230 410 2000
1 10 93 106 11 2000
320 289 232 384 1415 2000
247 210 169 101 1411 2000
63 26 184 94 609 2000
72 124 181 44 1609 2000
80 19 252 2 1809 2000
11 4 128 71 15 2000
9 2 26 173 11 2000
54 155 159 233 215 2000
8 2 178 21 10 2000
312 156 383 46 817 2000
278 345 144 292 1811 2000
160 234 329 249 1414 2000
166 30 14 64 212 2000
285 167 250 311 1219 2000
262 129 323 247 1019 2000
145 49 217 161 1814 2000
327 242 311 415 609 2000
145 390 1 346 810 2000
213 133 335 72 415 2000
37 203 85 339 1414 2000
223 166 258 319 410 2000
133 136 28 53 410 2000
142 268 102 125 815 2000
168 248 86 352 1812 2000
331 80 465 134 810 2000
183 486 27 463 1019 2000
373 337 252 403 811 2000
59 182 154 268 1017 2000
268 104 274 281 1615 2000
6 6 190 9 12 2000
182 156 144 297 419 2000
319 436 275 294 1612 2000
323 189 495 201 614 2000
288 432 232 309 1219 2000
260 324 249 497 614 2000
325 52 303 218 410 2000
191 68 133 198 810 2000
172 42 200 198 214 2000
192 147 213 311 613 2000
26 115 89 240 1610 2000
337 353 207 304 819 2000
358 2 374 170 1814 2000
340 280 248 372 1814 2000
274 29 178 118 1013 2000
148 220 88 101 419 2000
280 317 366 418 611 2000
360 464 199 489 1412 2000
423 216 383 68 1210 2000
10 6 82 117 16 2000
161 167 97 43 610 2000
40 334 111 442 1619 2000
61 345 151 443 1410 2000
84 108 186 194 210 2000
287 178 287 366 1210 2000
352 311 299 446 1210 2000
6 7 88 111 13 2000
5 6 50 149 11 2000
224 138 258 285 1217 2000
106 3 69 154 410 2000
81 162 83 339 619 2000
83 325 266 327 813 2000
274 322 117 293 1012 2000
123 284 15 360 1214 2000
496 207 440 77 1212 2000
105 84 21 189 209 2000
191 277 282 372 612 2000
3 15 59 140 18 2000
50 279 32 450 1809 2000
218 159 186 315 410 2000
116 23 255 65 617 2000
223 15 207 183 1814 2000
62 495 26 348 1015 2000
369 217 260 142 1014 2000
420 384 243 386 1619 2000
261 212 304 72 615 2000
56 161 57 341 217 2000
295 69 464 59 419 2000
174 388 278 468 614 2000
1 10 129 70 11 2000
212 274 274 148 610 2000
446 200 271 208 1215 2000
175 38 1 27 213 2000
327 32 168 61 410 2000
50 347 80 190 1811 2000
174 31 43 83 1415 2000
331 46 213 112 414 2000
375 167 439 43 1410 2000
143 300 39 216 1210 2000
271 323 161 249 1014 2000
288 181 142 224 609 2000
127 54 143 219 217 2000
3 11 53 146 14 2000
111 163 201 64 1609 2000
71 233 26 89 409 2000
312 269 386 380 613 2000
225 322 131 407 1419 2000
330 120 308 283 813 2000
4 178 113 253 214 2000
160 334 330 353 809 2000
7 154 39 5 617 2000
131 355 263 411 610 2000
352 223 474 164 1817 2000
156 281 121 132 1214 2000
147 48 284 6 219 2000
101 25 70 173 419 2000
173 200 178 381 812 2000
9 11 158 41 20 2000
381 126 306 232 1417 2000
149 65 188 210 214 2000
99 139 205 220 411 2000
241 312 214 472 1411 2000
64 156 229 135 612 2000
456 138 336 206 1810 2000
231 306 136 394 615 2000
450 360 284 382 1410 2000
7 9 40 159 16 2000
147 415 230 314 614 2000
298 449 480 451 1214 2000
133 163 65 50 1617 2000
147 256 158 83 414 2000
130 296 17 371 610 2000
8 2 100 99 10 2000
293 17 223 126 819 2000
275 96 361 199 1409 2000
313 260 309 76 1610 2000
253 489 245 318 1619 2000
372 190 222 152 1810 2000
322 109 238 214 1409 2000
318 489 386 372 1013 2000
148 424 277 367 1812 2000
298 86 207 182 1611 2000
31 188 79 48 410 2000
71 74 182 6 1019 2000
285 163 261 327 1410 2000
207 158 337 99 609 2000
316 346 426 419 1215 2000
124 220 130 398 1814 2000
124 102 233 178 413 2000
21 159 165 119 1414 2000
178 14 28 51 411 2000
71 357 207 304 809 2000
197 4 203 187 609 2000
143 259 18 313 419 2000
197 245 197 61 1414 2000
11 4 117 82 15 2000
256 408 331 298 813 2000
157 298 251 209 1815 2000
234 69 258 229 414 2000
215 263 41 248 1209 2000
372 187 220 218 615 2000
441 82 488 222 1011 2000
126 89 182 216 215 2000
349 316 314 163 1210 2000
69 84 195 27 615 2000
245 268 183 390 1614 2000
186 398 33 433 1810 2000
331 190 348 24 1815 2000
191 12 227 165 209 2000
296 91 295 275 613 2000
104 46 245 88 415 2000
332 368 329 183 1810 2000
487 283 432 416 1810 2000
392 231 250 187 1212 2000
147 56 250 140 1811 2000
100 362 62 219 1217 2000
67 401 211 361 1814 2000
313 123 398 21 811 2000
497 295 341 327 1410 2000
102 65 179 174 1612 2000
388 409 444 279 1212 2000
15 5 172 27 20 2000
4 6 155 44 10 2000
268 108 164 31 817 2000
415 151 348 268 1414 2000
5 13 102 97 18 2000
261 454 156 372 1411 2000
463 74 334 134 1409 2000
203 392 142 266 611 2000
367 319 309 190 1211 2000
165 20 288 76 219 2000
4 12 12 187 16 2000
0 16 150 49 16 2000
368 324 284 223 813 2000
322 294 174 333 1211 2000
0 15 82 117 15 2000
3 17 35 164 20 2000
110 205 260 168 1011 2000
81 104 216 154 213 2000
275 158 374 248 1809 2000
353 123 356 308 610 2000
240 460 304 337 1211 2000
158 453 74 348 1409 2000
162 379 42 313 1212 2000
297 457 202 369 1215 2000
284 294 223 176 1619 2000
308 105 140 92 1017 2000
484 81 430 215 1210 2000
299 249 228 135 1213 2000
141 305 322 297 1609 2000
303 313 223 204 1609 2000
23 131 170 171 1611 2000
162 133 212 266 615 2000
69 144 228 164 219 2000
188 475 108 368 1811 2000
257 392 423 371 1811 2000
163 283 40 348 1410 2000
6 4 128 71 10 2000
147 73 19 131 1412 2000
294 77 262 233 410 2000
291 481 281 302 1609 2000
127 223 273 266 809 2000
240 396 219 229 1010 2000
262 180 186 287 1615 2000
26 184 95 65 210 2000
159 117 331 104 813 2000
187 308 367 311 615 2000
350 135 204 175 1612 2000
94 98 59 247 214 2000
143 406 187 269 1817 2000
331 247 325 74 819 2000
347 199 476 140 1410 2000
303 197 251 333 1010 2000
252 439 68 435 1610 2000
333 3 339 181 1414 2000
307 56 451 98 1612 2000
136 200 304 180 1010 2000
205 174 168 325 410 2000
302 190 310 361 1219 2000
51 151 213 177 610 2000
180 162 180 347 413 2000
132 493 0 446 1019 2000
180 219 164 51 414 2000
394 451 241 415 1809 2000
297 91 182 161 413 2000
417 94 346 211 1610 2000
280 364 146 419 809 2000
213 248 384 232 611 2000
86 103 172 8 217 2000
156 213 40 285 1210 2000
130 269 127 93 1819 2000
142 178 97 317 614 2000
3 17 52 147 20 2000
83 434 119 285 1413 2000
342 407 183 381 1413 2000
230 307 123 231 1815 2000
276 355 123 387 1413 2000
87 122 243 155 209 2000
146 337 101 477 1413 2000
8 8 135 64 16 2000
477 56 342 8 1815 2000
171 235 177 410 817 2000
334 348 330 164 1410 2000
162 382 338 389 1615 2000
378 139 204 124 1409 2000
22 393 104 294 617 2000
166 64 162 247 1211 2000
224 82 371 116 1217 2000
3 9 100 99 12 2000
234 175 365 232 410 2000
358 226 430 112 612 2000
145 64 252 144 211 2000
91 128 72 297 410 2000
69 425 101 272 813 2000
116 499 280 484 1019 2000
124 285 185 158 810 2000
267 108 368 21 1610 2000
235 134 128 215 1210 2000
253 428 305 292 1610 2000
106 190 212 269 413 2000
203 252 189 427 1409 2000
133 439 239 360 1613 2000
142 28 305 12 819 2000
181 189 209 33 1414 2000
82 106 204 172 210 2000
118 26 301 22 411 2000
231 314 408 316 619 2000
94 269 93 81 1009 2000
145 380 108 234 1015 2000
413 157 495 53 1012 2000
432 35 495 158 812 2000
118 92 134 264 210 2000
50 271 212 288 1019 2000
60 433 188 494 1809 2000
4 76 5 263 1410 2000
106 178 123 342 817 2000
117 180 245 239 1811 2000
210 238 57 266 1617 2000
170 40 70 128 210 2000
15 1 169 30 16 2000
57 85 224 68 1814 2000
140 349 224 247 812 2000
101 393 168 274 1412 2000
22 154 158 201 415 2000
81 114 245 89 209 2000
181 94 257 206 410 2000
21 182 93 293 615 2000
83 321 128 187 419 2000
183 138 98 232 1419 2000
283 78 394 3 412 2000
57 149 129 37 214 2000
145 183 50 276 1010 2000
236 142 365 85 1812 2000
20 288 162 247 1215 2000
287 458 229 332 1614 2000
455 202 295 177 1813 2000
281 222 239 367 1811 2000
157 230 289 286 410 2000
350 195 313 53 1419 2000
117 80 100 248 613 2000
209 161 363 188 817 2000
211 244 240 89 814 2000
19 74 26 256 1409 2000
24 99 92 218 1811 2000
358 295 257 209 1411 2000
315 150 265 289 1009 2000
41 235 100 364 1010 2000
10 2 0 179 12 2000
379 185 345 30 1609 2000
217 65 49 44 409 2000
165 213 115 342 1619 2000
304 214 273 364 1217 2000
84 309 109 146 1610 2000
166 345 232 467 1210 2000
294 97 281 265 617 2000
237 126 173 6 414 2000
84 177 263 173 1015 2000
381 45 228 14 1014 2000
226 336 242 169 1215 2000
90 240 4 339 1613 2000
55 184 35 20 1214 2000
49 334 214 315 1214 2000
134 397 62 280 1809 2000
12 275 134 342 609 2000
361 293 494 348 1010 2000
403 260 268 208 1811 2000
51 461 34 299 1619 2000
254 297 245 467 1019 2000
198 224 118 328 1014 2000
10 8 129 70 18 2000
63 84 166 2 1413 2000
4 11 41 158 15 2000
80 133 17 11 213 2000
236 242 309 130 1213 2000
34 152 187 183 214 2000
59 117 200 70 610 2000
151 136 163 305 1417 2000
5 15 107 92 20 2000
0 15 103 96 15 2000
125 343 93 189 1412 2000
359 238 193 225 1019 2000
267 191 418 158 1814 2000
153 434 336 438 1411 2000
70 181 152 282 1815 2000
109 403 26 299 1611 2000
163 281 61 366 1611 2000
310 240 336 397 1615 2000
98 329 249 362 1614 2000
84 126 252 137 1619 2000
130 100 310 109 1209 2000
17 264 44 110 617 2000
187 60 107 161 617 2000
297 92 231 210 414 2000
61 69 225 88 1215 2000
9 6 58 141 15 2000
264 198 311 340 1209 2000
166 0 79 97 1014 2000
112 105 72 246 217 2000
169 46 16 16 215 2000
220 102 220 291 409 2000
226 296 95 353 610 2000
156 40 202 178 214 2000
264 259 447 254 810 2000
0 11 100 99 11 2000
103 351 211 272 811 2000
385 144 291 51 1811 2000
161 84 212 222 1009 2000
16 2 112 87 18 2000
219 240 136 346 1009 2000
132 184 269 236 409 2000
158 385 167 207 611 2000
184 117 256 5 1614 2000
12 52 131 122 809 2000
220 197 102 126 1809 2000
456 174 397 49 1414 2000
111 239 251 284 1613 2000
335 200 184 172 619 2000
277 135 314 282 1014 2000
377 160 345 315 1411 2000
42 146 44 332 210 2000
328 197 468 150 1011 2000
440 17 468 176 1811 2000
194 224 70 286 1012 2000
148 152 100 15 1213 2000
151 41 71 147 212 2000
176 123 290 188 619 2000
108 97 169 223 211 2000
318 59 363 199 613 2000
429 282 371 153 1811 2000
324 333 371 192 1210 2000
12 2 188 11 14 2000
39 339 127 239 1810 2000
142 351 183 204 1210 2000
226 145 104 207 814 2000
234 19 242 198 1411 2000
174 231 338 253 412 2000
266 393 448 391 1614 2000
316 232 464 265 1217 2000
52 143 160 70 217 2000
384 104 490 186 1010 2000
293 402 401 473 1819 2000
459 291 314 257 1619 2000
46 52 137 149 610 2000
17 474 22 291 1610 2000
1 12 161 38 13 2000
254 303 126 358 1815 2000
168 268 135 113 1010 2000
247 114 423 122 414 2000
173 21 268 114 210 2000
135 70 298 54 619 2000
312 98 395 204 1209 2000
3 12 99 100 15 2000
191 460 281 361 1809 2000
428 158 337 62 1211 2000
262 201 218 336 1819 2000
149 117 320 109 419 2000
44 365 138 459 410 2000
17 174 119 91 213 2000
48 165 75 323 213 2000
182 161 298 224 1019 2000
394 127 475 231 613 2000
487 228 418 343 814 2000
414 336 237 325 1010 2000
178 105 252 216 1413 2000
414 140 247 124 1615 2000
364 190 298 69 811 2000
129 82 29 169 211 2000
185 25 149 177 210 2000
138 41 211 147 219 2000
189 217 112 107 411 2000
168 411 149 247 1415 2000
72 158 109 302 1617 2000
73 61 192 126 1014 2000
241 129 352 197 419 2000
129 79 69 203 214 2000
78 338 216 289 811 2000
240 122 253 293 1814 2000
47 43 117 152 419 2000
134 83 13 143 217 2000
55 429 103 288 1209 2000
77 64 96 226 617 2000
281 69 153 127 1812 2000
375 14 451 121 615 2000
422 109 311 39 617 2000
116 67 64 198 215 2000
436 419 347 323 1413 2000
142 65 181 213 211 2000
192 406 175 242 1617 2000
164 183 315 217 1813 2000
335 224 324 48 1411 2000
43 299 147 380 413 2000
397 329 465 208 809 2000
266 321 406 272 1009 2000
6 5 85 114 11 2000
361 268 388 106 1809 2000
312 404 139 418 1211 2000
395 404 317 294 1610 2000
88 78 100 254 1410 2000
133 56 276 16 215 2000
281 10 100 17 410 2000
135 352 92 214 1417 2000
413 483 272 443 1617 2000
219 107 185 260 811 2000
95 127 225 78 419 2000
309 223 435 161 1810 2000
356 315 257 226 1610 2000
216 176 386 163 415 2000
9 11 125 74 20 2000
80 143 180 55 1210 2000
268 121 348 13 410 2000
269 228 189 120 810 2000
100 91 99 275 1013 2000
178 19 10 40 209 2000
416 162 235 165 1814 2000
116 99 172 226 215 2000
9 10 158 47 412 2000
4 12 81 118 16 2000
10 4 98 101 14 2000
103 106 190 14 219 2000
83 136 238 160 219 2000
146 322 30 395 1609 2000
96 433 242 400 1019 2000
257 71 259 248 419 2000
406 135 306 49 812 2000
37 88 177 135 611 2000
146 195 82 314 1415 2000
157 251 325 238 417 2000
17 170 13 351 213 2000
360 405 252 327 1212 2000
130 451 315 449 1411 2000
165 109 274 188 1410 2000
39 215 163 151 1410 2000
246 91 109 142 410 2000
169 17 345 27 212 2000
384 451 478 362 1415 2000
28 411 194 431 1612 2000
110 113 85 267 1019 2000
128 51 136 222 219 2000
22 191 164 148 213 2000
218 354 141 248 1615 2000
0 11 162 37 11 2000
9 9 91 108 18 2000
375 285 242 333 1217 2000
0 10 137 62 10 2000
165 40 220 174 209 2000
440 210 291 246 1613 2000
90 338 67 494 819 2000
171 329 203 175 612 2000
462 226 370 130 1810 2000
99 90 267 107 613 2000
335 329 393 460 1609 2000
0 14 132 67 14 2000
368 146 402 300 1410 2000
306 226 423 157 1812 2000
173 178 38 127 1212 2000
11 9 34 165 20 2000
161 225 175 394 815 2000
171 264 84 170 1417 2000
117 38 59 166 412 2000
15 3 136 63 18 2000
167 431 167 245 612 2000
98 119 212 52 217 2000
329 70 481 35 1011 2000
408 145 336 36 1417 2000
227 95 244 262 1814 2000
104 108 72 265 1609 2000
65 276 126 156 1817 2000
232 79 356 20 1415 2000
184 175 233 41 615 2000
250 323 287 171 1809 2000
404 247 373 93 1413 2000
169 85 161 256 1619 2000
260 254 267 73 610 2000
0 15 173 26 15 2000
99 109 16 4 210 2000
304 367 119 370 1610 2000
7 11 49 150 18 2000
122 360 6 290 1012 2000
87 116 31 243 215 2000
40 236 188 271 415 2000
63 136 245 139 213 2000
303 472 403 386 1612 2000
10 8 74 125 18 2000
121 159 104 330 1010 2000
84 263 169 160 810 2000
10 5 89 110 15 2000
176 226 31 190 417 2000
338 276 293 416 1213 2000
19 65 127 140 1615 2000
206 21 364 42 619 2000
273 407 337 282 1209 2000
155 315 250 405 1213 2000
322 296 209 221 1010 2000
1 9 113 86 10 2000
7 7 24 175 14 2000
252 277 147 201 1417 2000
148 345 295 306 1212 2000
485 342 432 470 1817 2000
193 335 100 240 1410 2000
187 22 266 128 213 2000
145 391 293 351 610 2000
197 43 96 128 612 2000
119 68 277 42 1214 2000
11 3 186 13 14 2000
190 38 91 122 815 2000
288 409 457 395 1415 2000
86 111 196 186 1813 2000
315 469 231 370 1615 2000
278 406 149 350 1613 2000
136 230 170 76 1810 2000
305 59 255 194 813 2000
84 324 80 140 1010 2000
225 176 301 73 1019 2000
0 141 60 14 1411 2000
161 49 273 125 210 2000
8 6 21 178 14 2000
136 365 30 444 1813 2000
250 83 223 245 1809 2000
198 81 178 248 611 2000
202 147 233 302 412 2000
103 108 286 104 211 2000
99 133 77 296 1613 2000
141 133 298 162 1012 2000
215 297 56 326 1010 2000
181 208 76 291 810 2000
111 99 221 21 210 2000
230 81 68 58 1813 2000
217 361 322 278 1010 2000
214 325 300 424 1013 2000
97 363 265 347 1014 2000
59 153 18 295 815 2000
98 224 172 115 1615 2000
90 344 141 479 1012 2000
5 6 147 52 11 2000
183 153 201 320 1213 2000
109 254 277 241 1017 2000
78 300 23 434 409 2000
409 162 360 32 1419 2000
88 254 76 83 1215 2000
233 168 233 357 1009 2000
185 3 308 63 415 2000
187 45 292 123 1215 2000
10 3 62 137 13 2000
329 298 213 229 1813 2000
141 209 287 167 1010 2000
134 159 56 54 615 2000
196 121 194 303 414 2000
48 265 166 335 1210 2000
246 115 324 12 1817 2000
243 443 387 482 1615 2000
198 187 379 184 1214 2000
191 196 54 145 410 2000
269 141 451 139 614 2000
143 147 323 140 411 2000
13 7 155 44 20 2000
494 0 323 10 1617 2000
259 345 399 302 815 2000
157 310 37 241 1809 2000
85 103 189 187 210 2000
101 114 242 156 215 2000
371 338 374 160 1417 2000
163 301 173 470 819 2000
396 301 430 453 1612 2000
31 152 172 194 215 2000
307 33 398 128 1012 2000
314 145 446 90 1411 2000
364 418 184 414 1414 2000
68 268 224 295 415 2000
241 21 381 60 819 2000
223 194 135 285 1019 2000
125 66 240 134 215 2000
5 6 179 20 11 2000
340 94 321 259 1014 2000
316 268 253 390 1213 2000
167 172 48 237 1614 2000
163 24 243 129 213 2000
214 233 232 67 1214 2000
46 168 151 89 214 2000
206 255 291 161 1419 2000
248 96 311 218 1613 2000
198 189 300 103 410 2000
162 51 159 231 215 2000
184 35 137 167 219 2000
276 462 106 471 1619 2000
181 13 110 128 212 2000
94 144 255 169 1012 2000
221 184 208 359 410 2000
169 335 153 163 610 2000
308 379 123 381 1011 2000
0 18 156 43 18 2000
165 30 211 169 213 2000
148 409 74 297 812 2000
12 8 179 20 20 2000
132 62 297 85 210 2000
190 79 316 136 1415 2000
111 101 68 244 212 2000
17 1 99 100 18 2000
1 10 123 76 11 2000
305 407 359 272 1609 2000
2 14 100 99 16 2000
244 364 78 386 1010 2000
353 387 461 307 1410 2000
104 102 192 198 1414 2000
64 115 214 144 219 2000
149 103 300 138 1412 2000
324 122 272 249 1619 2000
122 262 111 88 813 2000
269 225 217 89 1810 2000
115 81 65 215 214 2000
294 205 225 320 1614 2000
82 67 201 132 1614 2000
196 462 114 365 819 2000
314 334 278 484 1412 2000
330 202 444 129 1211 2000
82 135 221 177 217 2000
8 181 112 96 209 2000
113 146 220 224 1813 2000
364 259 339 413 1819 2000
221 281 132 381 1609 2000
153 53 63 151 210 2000
3 11 4 195 14 2000
13 1 184 15 14 2000
254 323 364 400 1811 2000
6 12 139 60 18 2000
11 2 176 23 13 2000
119 72 171 201 617 2000
28 347 8 183 414 2000
359 219 188 209 1617 2000
267 253 107 279 1412 2000
187 30 292 106 217 2000
354 320 445 415 1012 2000
433 83 318 151 1215 2000
260 133 132 72 1009 2000
348 203 168 204 1017 2000
275 128 130 94 1819 2000
80 251 158 141 1610 2000
152 32 98 162 1414 2000
141 47 322 54 210 2000
36 282 217 285 614 2000
418 309 411 490 1610 2000
8 5 153 46 13 2000
317 239 337 74 813 2000
353 34 386 185 814 2000
255 147 349 60 1617 2000
446 187 423 353 1409 2000
5 8 37 162 13 2000
321 391 484 366 1010 2000
12 218 91 325 1412 2000
90 104 113 269 210 2000
276 191 185 93 1409 2000
393 83 337 215 1810 2000
201 166 247 308 810 2000
351 24 189 1 613 2000
232 62 319 162 1211 2000
85 265 69 97 1414 2000
261 127 194 5 409 2000
386 357 369 190 1214 2000
80 47 194 112 1819 2000
15 195 109 289 210 2000
355 156 482 95 1210 2000
116 413 189 299 1411 2000
107 291 250 333 813 2000
232 335 319 243 1019 2000
212 163 183 322 410 2000
61 263 182 205 1219 2000
131 365 172 217 1209 2000
302 415 476 420 1019 2000
406 207 260 244 615 2000
483 277 429 407 1414 2000
183 30 41 73 213 2000
276 157 324 26 619 2000
205 226 152 93 1212 2000
9 3 0 181 12 2000
212 391 270 265 1614 2000
204 110 278 224 610 2000
13 321 142 378 1012 2000
82 344 187 260 1609 2000
285 101 209 210 1613 2000
137 67 260 4 212 2000
99 88 223 26 812 2000
2 12 48 151 14 2000
55 154 150 68 217 2000
302 412 305 227 1410 2000
323 142 352 300 1811 2000
0 10 171 28 10 2000
233 314 303 199 613 2000
28 164 175 127 214 2000
296 400 169 341 1012 2000
252 354 281 197 1012 2000
160 471 348 470 1809 2000
197 171 204 352 610 2000
286 474 279 297 1414 2000
128 456 80 316 1010 2000
189 77 217 235 612 2000
101 147 236 98 1414 2000
50 217 225 206 412 2000
11 7 105 94 18 2000
9 1 50 149 10 2000
4 10 170 29 14 2000
466 416 359 334 1609 2000
295 84 167 28 414 2000
171 197 216 333 417 2000
194 71 85 151 1009 2000
166 31 111 155 1019 2000
267 117 211 246 413 2000
93 142 256 167 1610 2000
227 380 224 198 1813 2000
376 233 424 368 1415 2000
55 326 163 397 1419 2000
121 249 156 97 411 2000
121 51 210 147 1213 2000
187 301 355 286 1215 2000
332 59 493 39 1817 2000
197 4 174 168 211 2000
233 155 300 271 415 2000
184 317 39 355 1815 2000
221 253 318 337 1617 2000
210 282 138 168 1012 2000
10 5 191 2 15 2000
29 440 179 411 1419 2000
172 334 347 323 612 2000
14 6 81 118 20 2000
265 295 390 358 1010 2000
113 188 270 157 1210 2000
313 254 392 363 810 2000
241 327 375 275 1412 2000
269 406 221 271 1815 2000
120 236 261 191 1412 2000
1 14 163 36 15 2000
102 278 227 222 817 2000
45 54 131 154 812 2000
208 133 225 299 1015 2000
189 52 135 185 1011 2000
481 158 338 113 1210 2000
253 327 126 386 1012 2000
229 301 165 416 1619 2000
230 182 307 76 1615 2000
116 457 150 306 1413 2000
24 185 124 274 209 2000
220 264 134 363 1613 2000
139 258 304 280 1811 2000
11 3 134 65 14 2000
118 170 81 318 413 2000
137 252 157 418 1212 2000
16 159 106 248 219 2000
260 306 260 118 610 2000
10 1 74 125 11 2000
3 15 27 172 18 2000
153 183 68 286 1810 2000
2 8 82 117 10 2000
214 277 40 268 1015 2000
239 282 307 402 810 2000
455 76 292 51 1210 2000
380 321 388 140 1409 2000
74 268 235 243 1412 2000
271 204 304 360 1009 2000
253 88 231 249 1815 2000
320 13 243 123 611 2000
59 129 222 104 210 2000
282 148 168 223 1209 2000
343 165 179 180 1619 2000
460 13 428 162 1817 2000
143 325 317 338 811 2000
14 370 23 198 1217 2000
270 116 89 108 409 2000
218 64 297 170 1613 2000
323 159 466 202 1412 2000
249 73 427 62 1209 2000
76 115 244 94 209 2000
356 143 267 241 1011 2000
134 41 230 132 1011 2000
235 431 336 347 1213 2000
398 423 264 368 1009 2000
249 139 288 289 409 2000
388 444 263 381 1410 2000
267 200 424 226 1015 2000
240 440 150 349 1617 2000
5 10 185 6 15 2000
42 171 38 352 213 2000
259 233 273 64 1615 2000
44 159 145 71 209 2000
456 250 313 210 1215 2000
9 4 193 2 13 2000
367 131 196 113 1209 2000
115 99 151 244 817 2000
218 128 197 293 1412 2000
160 423 125 275 1015 2000
42 155 87 293 215 2000
321 95 235 194 813 2000
428 354 308 285 1609 2000
0 10 132 67 10 2000
428 375 385 237 1817 2000
487 71 360 10 1810 2000
366 326 304 452 1010 2000
218 97 313 190 810 2000
241 403 239 219 1412 2000
366 42 496 100 1810 2000
13 1 93 106 14 2000
460 52 415 193 1412 2000
312 232 177 181 1412 2000
366 315 286 414 1019 2000
53 409 171 338 809 2000
195 190 180 21 414 2000
206 208 292 105 1209 2000
9 6 152 47 15 2000
315 229 342 389 811 2000
272 95 318 238 1409 2000
441 328 457 161 1815 2000
272 255 238 106 1815 2000
138 264 157 432 411 2000
45 215 133 116 411 2000
8 10 168 31 18 2000
220 138 348 87 419 2000
306 307 493 308 1610 2000
377 295 473 212 1619 2000
192 111 236 246 1019 2000
280 369 103 379 1811 2000
455 396 348 474 1413 2000
2 18 69 130 20 2000
456 169 492 320 1411 2000
312 476 212 390 1012 2000
306 210 232 315 1219 2000
1 19 73 126 20 2000
160 34 25 87 210 2000
24 178 93 63 214 2000
43 341 51 166 415 2000
236 283 379 328 1210 2000
310 414 279 261 1014 2000
396 49 365 205 611 2000
8 468 75 347 1010 2000
239 204 109 155 619 2000
288 84 226 211 409 2000
8 2 101 98 10 2000
172 228 297 292 809 2000
259 361 215 217 1810 2000
384 370 251 424 1611 2000
456 262 371 166 1217 2000
127 216 173 356 1612 2000
272 48 223 188 409 2000
6 326 65 450 1615 2000
279 177 139 221 614 2000
161 40 303 83 213 2000
23 116 78 250 1809 2000
217 353 107 430 1211 2000
118 284 78 432 610 2000
396 347 264 396 1417 2000
278 249 260 79 1610 2000
2 12 173 26 14 2000
150 237 7 282 1210 2000
453 56 464 234 1409 2000
391 426 358 274 1413 2000
128 381 243 445 619 2000
324 405 358 251 1610 2000
147 145 115 294 1217 2000
114 283 47 163 1411 2000
34 165 183 130 1614 2000
229 349 342 420 614 2000
2 11 141 58 13 2000
465 190 339 135 1017 2000
309 103 359 240 811 2000
415 408 257 382 1614 2000
384 192 318 314 610 2000
270 329 178 242 1419 2000
222 93 171 228 812 2000
96 197 42 324 1017 2000
274 232 155 164 1611 2000
235 313 267 160 1613 2000
492 318 357 371 1810 2000
355 118 246 48 1019 2000
11 1 163 36 12 2000
135 311 157 474 813 2000
294 400 122 413 1213 2000
158 251 247 154 1612 2000
125 85 18 166 210 2000
246 249 175 367 609 2000
93 116 79 288 1212 2000
186 45 303 114 812 2000
155 32 246 125 414 2000
22 380 56 229 1613 2000
82 174 54 21 417 2000
149 24 149 213 609 2000
292 345 394 259 810 2000
411 130 246 107 1210 2000
210 201 306 286 1417 2000
358 177 432 289 812 2000
117 92 94 254 213 2000
280 83 280 271 410 2000
237 342 390 312 1015 2000
9 7 48 151 16 2000
257 161 186 269 419 2000
153 110 167 279 615 2000
11 7 51 148 18 2000
260 232 122 280 1812 2000
178 33 225 173 211 2000
98 83 79 245 217 2000
11 5 132 67 16 2000
288 204 421 259 1810 2000
138 385 315 396 810 2000
8 6 8 191 14 2000
66 279 236 297 1210 2000
452 394 336 464 1812 2000
137 83 272 33 413 2000
322 280 298 437 1217 2000
190 226 313 163 1812 2000
96 312 239 276 819 2000
348 181 432 78 1411 2000
306 171 202 248 1817 2000
7 5 134 65 12 2000
230 112 358 52 1810 2000
4 7 125 74 11 2000
217 53 69 93 1010 2000
71 144 67 323 215 2000
13 171 108 82 214 2000
73 134 93 301 211 2000
111 255 288 246 1412 2000
152 246 135 78 413 2000
231 192 114 126 1815 2000
16 171 26 346 213 2000
128 60 280 24 210 2000
205 134 226 301 810 2000
181 122 60 186 613 2000
42 360 40 176 1012 2000
228 45 304 152 615 2000
159 404 203 267 1817 2000
181 230 333 264 412 2000
11 367 104 275 1213 2000
222 170 142 278 1410 2000
6 204 190 200 210 2000
121 318 276 350 1411 2000
3 17 51 148 20 2000
159 339 343 335 1410 2000
301 103 316 269 817 2000
124 305 254 363 810 2000
8 3 66 133 11 2000
262 38 415 2 1609 2000
218 492 296 384 1812 2000
271 323 306 170 1410 2000
416 86 324 182 1410 2000
331 232 498 211 810 2000
154 192 334 195 815 2000
397 200 390 376 1415 2000
56 155 202 118 1415 2000
131 222 115 57 1017 2000
294 14 332 157 417 2000
143 91 160 263 409 2000
223 221 363 176 1613 2000
355 186 187 199 1817 2000
50 145 150 232 211 2000
353 411 390 265 1615 2000
204 34 99 110 417 2000
108 104 161 235 614 2000
150 239 330 235 814 2000
330 250 223 327 1014 2000
46 314 127 412 419 2000
130 261 210 364 615 2000
64 93 122 219 1214 2000
212 245 138 140 1019 2000
3 10 83 116 13 2000
112 73 28 174 213 2000
5 7 151 48 12 2000
298 403 149 442 1210 2000
58 129 200 84 211 2000
350 151 251 237 1013 2000
67 334 173 259 617 2000
153 67 89 188 413 2000
352 245 495 285 1015 2000
179 285 78 372 1010 2000
294 25 464 40 1013 2000
186 138 258 27 1215 2000
58 197 154 289 1610 2000
243 102 132 25 410 2000
286 261 134 230 1815 2000
125 31 52 146 1010 2000
11 191 132 126 212 2000
447 158 315 101 1009 2000
116 306 237 248 1619 2000
262 314 397 367 1810 2000
5 8 92 107 13 2000
96 333 222 388 617 2000
79 110 171 13 209 2000
170 204 306 157 815 2000
279 304 261 138 814 2000
62 157 195 111 219 2000
261 131 162 43 1211 2000
256 17 231 181 1409 2000
233 180 63 193 615 2000
316 243 342 400 1815 2000
424 67 274 38 1819 2000
167 238 114 103 1610 2000
47 152 19 309 213 2000
336 108 165 120 1215 2000
253 46 215 191 1815 2000
338 485 464 424 1411 2000
169 38 145 202 810 2000
61 143 212 108 212 2000
77 124 79 303 217 2000
299 278 149 315 1811 2000
8 2 195 4 10 2000
53 268 136 370 1813 2000
328 25 314 194 1415 2000
2 194 95 289 210 2000
98 211 104 29 810 2000
69 178 211 141 1819 2000
124 373 12 442 1417 2000
336 26 310 183 415 2000
157 374 330 358 609 2000
342 69 386 208 1815 2000
268 131 196 15 410 2000
56 154 128 38 210 2000
163 221 150 397 409 2000
168 72 227 201 610 2000
401 201 225 192 813 2000
221 199 253 355 1010 2000
261 352 420 323 1210 2000
336 56 334 235 417 2000
88 427 3 324 810 2000
24 193 0 36 217 2000
29 152 105 257 217 2000
181 402 294 336 619 2000
161 232 264 315 812 2000
479 337 355 397 1014 2000
8 3 86 113 11 2000
49 177 119 293 612 2000
176 14 222 154 212 2000
410 197 376 344 1417 2000
437 107 298 59 1611 2000
96 77 193 166 412 2000
19 1 159 40 20 2000
140 60 0 108 210 2000
312 156 226 63 819 2000
89 203 140 340 1010 2000
108 64 100 240 614 2000
144 250 273 195 1014 2000
450 363 463 188 1610 2000
364 202 307 333 1410 2000
264 101 193 218 1210 2000
66 159 125 285 613 2000
8 3 139 60 11 2000
197 135 261 260 1209 2000
33 199 45 26 413 2000
279 23 463 22 413 2000
55 128 237 129 215 2000
424 320 340 223 1217 2000
6 5 15 184 11 2000
209 13 331 77 1412 2000
11 7 50 149 18 2000
144 292 15 346 1615 2000
188 191 159 32 410 2000
353 167 441 68 1211 2000
430 437 262 422 1815 2000
166 169 101 51 1815 2000
47 155 33 327 212 2000
249 324 329 423 1019 2000
10 3 112 87 13 2000
10 250 31 417 1010 2000
209 150 50 121 410 2000
271 170 107 149 1813 2000
32 187 158 240 219 2000
15 353 140 292 612 2000
301 20 165 72 1610 2000
18 2 0 163 20 2000
372 202 440 83 811 2000
406 287 404 473 1610 2000
382 279 361 444 1612 2000
384 203 246 160 1017 2000
133 257 250 323 415 2000
433 37 328 121 1609 2000
108 28 245 75 614 2000
371 337 260 261 1611 2000
307 330 378 216 1413 2000
56 333 215 313 619 2000
241 243 426 247 1209 2000
12 1 30 169 13 2000
230 141 344 67 410 2000
346 198 170 211 1209 2000
194 26 266 138 614 2000
212 369 181 215 1813 2000
125 75 265 119 214 2000
164 23 333 41 211 2000
102 84 251 47 212 2000
201 75 284 171 419 2000
69 337 153 432 819 2000
118 80 128 255 813 2000
2 9 17 182 11 2000
194 436 220 276 1012 2000
301 8 439 56 812 2000
5 8 88 111 13 2000
9 3 75 124 12 2000
153 67 195 213 1010 2000
160 26 310 63 411 2000
350 456 196 486 1814 2000
5 231 28 392 1814 2000
353 281 241 206 1211 2000
2 16 119 80 18 2000
100 82 87 258 409 2000
146 429 203 301 1413 2000
157 195 324 183 1619 2000
140 167 310 150 611 2000
8 12 71 128 20 2000
279 55 273 230 1217 2000
142 109 317 99 613 2000
23 176 168 216 613 2000
228 104 151 2 819 2000
76 278 222 239 413 2000
15 194 54 344 209 2000
68 294 154 387 1219 2000
338 371 167 361 1817 2000
399 71 284 5 1617 2000
76 126 254 120 214 2000
218 258 341 323 1010 2000
8 5 156 43 13 2000
112 71 189 177 215 2000
53 167 201 127 1810 2000
169 391 119 254 1211 2000
193 180 371 174 1214 2000
216 165 359 201 1419 2000
152 35 296 78 211 2000
156 37 246 136 1009 2000
245 350 330 444 619 2000
195 105 119 213 1414 2000
238 157 381 197 1415 2000
299 282 135 306 810 2000
472 237 403 349 1817 2000
83 108 148 228 213 2000
104 23 9 114 412 2000
108 259 22 157 410 2000
413 344 264 378 1415 2000
214 191 109 112 1214 2000
198 208 369 196 1215 2000
123 289 306 285 811 2000
30 457 116 354 1809 2000
369 428 399 277 1417 2000
279 165 360 268 1814 2000
191 123 243 258 411 2000
104 106 124 272 1812 2000
280 476 435 443 1810 2000
144 287 234 385 1610 2000
232 355 345 280 1210 2000
76 131 39 283 209 2000
228 161 178 299 410 2000
209 237 331 175 1014 2000
95 408 147 272 810 2000
2 11 143 56 13 2000
13 78 141 133 1815 2000
121 17 168 155 1213 2000
152 358 324 342 1810 2000
193 100 157 248 1214 2000
192 23 299 104 410 2000
50 58 220 39 809 2000
296 99 376 207 410 2000
40 230 86 367 1215 2000
87 168 4 64 1411 2000
22 208 97 95 1410 2000
6 4 51 148 10 2000
132 340 283 372 1215 2000
303 27 374 145 1609 2000
294 253 264 100 1015 2000
4 10 170 29 14 2000
236 94 259 258 1611 2000
110 69 155 203 619 2000
5 11 64 135 16 2000
188 405 336 374 619 2000
61 370 192 312 1009 2000
394 137 468 23 1610 2000
117 150 62 17 410 2000
19 190 175 223 209 2000
121 58 56 182 1809 2000
10 3 131 68 13 2000
220 149 296 257 414 2000
23 14 77 144 414 2000
87 257 47 405 1810 2000
2 10 63 136 12 2000
402 368 275 425 1014 2000
23 363 116 455 1613 2000
266 233 248 68 1415 2000
306 497 426 431 1612 2000
291 321 206 218 1010 2000
282 471 403 403 1809 2000
168 79 188 248 1809 2000
338 162 152 160 610 2000
116 76 303 75 210 2000
310 171 485 157 1809 2000
238 269 324 366 615 2000
242 169 364 235 810 2000
343 232 360 68 1817 2000
380 272 204 260 1410 2000
88 124 245 92 409 2000
148 36 176 192 214 2000
33 156 14 326 209 2000
410 268 241 252 1613 2000
150 42 126 204 612 2000
400 138 255 174 1617 2000
94 233 228 182 613 2000
12 3 137 62 15 2000
109 59 249 107 1410 2000
300 134 407 52 809 2000
230 247 303 355 1817 2000
150 144 310 120 1014 2000
260 22 180 123 417 2000
115 102 214 20 217 2000
387 191 365 357 610 2000
389 452 268 394 1819 2000
67 270 219 301 615 2000
327 275 352 436 1812 2000
414 346 279 298 1615 2000
95 316 185 410 414 2000
428 351 324 274 1817 2000
207 131 377 114 411 2000
105 178 145 33 1413 2000
318 222 494 215 815 2000
242 27 274 176 1017 2000
308 308 384 418 1012 2000
161 206 122 61 814 2000
138 52 89 190 1211 2000
219 380 203 217 1819 2000
10 5 190 9 15 2000
392 66 256 18 1414 2000
335 344 153 351 1409 2000
383 107 322 230 614 2000
10 1 183 16 11 2000
260 80 123 38 819 2000
374 273 290 169 1210 2000
258 122 204 247 419 2000
183 95 277 190 1609 2000
20 355 64 215 814 2000
262 412 124 369 1217 2000
335 50 236 130 1819 2000
35 145 9 307 610 2000
190 17 51 67 209 2000
75 334 257 335 1815 2000
204 54 179 214 813 2000
94 119 124 277 810 2000
121 269 137 97 1010 2000
490 224 392 310 1414 2000
255 93 101 64 415 2000
389 283 449 404 1217 2000
15 3 136 63 18 2000
13 1 72 127 14 2000
1 254 166 275 1212 2000
67 86 224 118 609 2000
210 227 147 345 1817 2000
458 397 285 387 1415 2000
4 10 85 114 14 2000
422 242 385 90 1209 2000
314 230 236 124 614 2000
108 257 170 383 1610 2000
444 71 454 240 619 2000
177 336 122 203 810 2000
92 459 263 473 613 2000
198 385 193 203 1811 2000
106 89 272 76 219 2000
173 208 309 158 1212 2000
127 256 213 354 414 2000
278 349 454 361 1210 2000
344 148 427 43 610 2000
337 421 321 250 1611 2000
315 255 320 72 1810 2000
28 322 64 471 1613 2000
235 109 321 209 612 2000
195 426 114 322 1413 2000
139 123 222 226 612 2000
52 184 3 52 417 2000
325 211 404 104 612 2000
154 311 167 138 1212 2000
180 144 322 181 1619 2000
59 349 131 465 1010 2000
465 58 383 159 1815 2000
287 424 245 280 1612 2000
338 306 253 404 1215 2000
43 261 126 367 809 2000
364 66 250 140 1410 2000
48 163 64 0 219 2000
172 53 164 226 1017 2000
155 224 17 174 1210 2000
7 410 103 319 1011 2000
277 173 268 348 614 2000
27 182 131 101 1813 2000
106 240 175 125 1414 2000
299 162 392 71 814 2000
69 228 118 367 410 2000
310 129 283 281 1819 2000
151 255 197 113 1810 2000
210 287 172 144 617 2000
199 253 235 104 813 2000
1 9 44 155 10 2000
130 477 279 440 1212 2000
334 402 268 285 1215 2000
124 203 251 264 410 2000
184 316 257 432 809 2000
17 1 77 122 18 2000
260 225 293 69 1009 2000
95 89 181 187 214 2000
346 174 435 273 610 2000
33 363 219 365 1810 2000
54 135 202 99 414 2000
232 148 246 315 417 2000
470 309 300 323 814 2000
325 387 436 313 1213 2000
5 130 0 308 615 2000
115 160 72 303 1212 2000
168 345 59 266 810 2000
0 11 164 35 11 2000
247 132 203 276 410 2000
232 156 414 155 415 2000
184 135 72 59 1610 2000
192 211 124 329 1612 2000
262 266 188 376 614 2000
12 2 116 83 14 2000
101 213 240 164 610 2000
125 81 221 173 210 2000
190 134 340 170 612 2000
246 267 183 142 1610 2000
121 99 128 280 1010 2000
7 5 43 156 12 2000
274 142 362 43 811 2000
169 34 148 194 217 2000
70 325 3 208 414 2000
57 84 1 217 609 2000
0 11 41 158 11 2000
8 12 94 105 20 2000
245 186 117 243 1413 2000
208 220 185 384 811 2000
339 227 303 77 612 2000
127 236 288 263 1210 2000
307 264 135 271 1419 2000
300 146 331 300 813 2000
7 4 193 2 11 2000
76 337 253 348 1210 2000
323 242 137 245 1409 2000
154 224 272 291 413 2000
146 122 189 267 610 2000
299 105 373 0 419 2000
6 5 127 72 11 2000
314 10 280 162 612 2000
125 74 200 186 1011 2000
155 301 126 145 1613 2000
5 5 55 144 10 2000
3 7 178 21 10 2000
1 13 44 155 14 2000
265 361 358 271 815 2000
140 77 88 204 619 2000
337 334 466 280 1415 2000
190 409 226 256 1009 2000
272 195 317 338 1210 2000
472 154 393 52 1617 2000
123 351 41 452 1615 2000
2 9 62 137 11 2000
354 118 472 181 1617 2000
221 249 259 397 612 2000
149 34 317 49 215 2000
48 134 230 128 610 2000
220 188 285 307 1814 2000
346 354 159 352 809 2000
359 236 467 156 1210 2000
106 103 78 262 211 2000
6 5 98 101 11 2000
49 356 136 256 1011 2000
4 7 156 43 11 2000
14 146 73 16 409 2000
276 375 242 224 1413 2000
42 144 196 114 214 2000
257 222 422 246 1009 2000
364 266 362 447 1615 2000
355 4 191 23 615 2000
110 385 245 332 810 2000
422 10 347 119 1814 2000
192 17 80 94 1409 2000
19 334 164 300 1419 2000
6 10 28 171 16 2000
135 243 34 321 1219 2000
335 231 220 303 811 2000
232 148 216 315 415 2000
170 181 343 170 1614 2000
1 11 34 165 12 2000
266 128 274 309 409 2000
130 327 277 366 1612 2000
293 274 136 242 609 2000
6 4 157 42 10 2000
363 101 469 23 1014 2000
252 44 152 125 417 2000
293 225 284 404 1810 2000
340 204 355 378 1209 2000
95 338 20 451 810 2000
200 350 69 404 813 2000
7 4 107 92 11 2000
46 173 227 181 609 2000
96 92 158 214 214 2000
244 127 348 207 414 2000
61 304 212 271 1214 2000
58 231 101 90 1214 2000
309 90 465 67 1419 2000
280 219 281 405 1011 2000
331 183 192 141 1217 2000
10 1 162 37 11 2000
50 163 190 208 613 2000
274 289 257 451 1019 2000
238 423 113 364 814 2000
427 380 482 252 1815 2000
167 42 26 82 217 2000
212 164 369 136 1213 2000
227 146 299 35 615 2000
56 189 70 363 410 2000
145 44 112 200 209 2000
270 92 267 276 411 2000
305 294 369 179 1819 2000
61 125 154 218 212 2000
160 171 69 74 1210 2000
103 111 62 254 214 2000
439 9 301 55 1414 2000
204 223 40 247 810 2000
94 95 277 89 209 2000
205 162 198 340 1813 2000
134 53 94 192 219 2000
141 50 212 168 209 2000
409 124 299 202 1610 2000
250 248 78 231 1609 2000
74 224 201 285 1810 2000
3 7 6 193 10 2000
2 209 36 64 219 2000
140 255 26 324 1015 2000
236 49 402 36 619 2000
121 208 167 341 1019 2000
212 108 35 98 1611 2000
161 212 100 336 1013 2000
306 387 314 214 1417 2000
48 149 201 177 217 2000
479 240 439 386 812 2000
62 416 166 341 1219 2000
349 77 336 248 614 2000
203 169 123 278 409 2000
298 153 414 86 1815 2000
74 136 111 287 210 2000
229 313 221 136 813 2000
270 268 168 347 817 2000
193 155 330 111 1217 2000
307 205 268 353 1611 2000
264 345 383 277 1811 2000
10 3 33 166 13 2000
117 64 46 174 217 2000
91 40 203 115 1811 2000
274 239 131 283 611 2000
348 315 492 359 1610 2000
85 111 172 212 210 2000
319 292 420 208 613 2000
228 492 101 438 1217 2000
378 278 338 130 1810 2000
134 272 248 201 813 2000
97 86 225 141 215 2000
258 121 290 273 414 2000
351 60 178 50 1415 2000
182 55 63 119 615 2000
36 153 57 319 211 2000
255 164 266 342 1009 2000
45 318 38 497 412 2000
148 294 1 252 809 2000
6 5 17 182 11 2000
169 212 10 185 812 2000
216 275 118 358 1817 2000
86 317 220 268 1015 2000
50 313 193 273 1015 2000
1 12 70 129 13 2000
263 47 153 116 419 2000
223 308 94 364 1813 2000
209 177 252 37 415 2000
103 365 132 210 1414 2000
45 290 63 456 814 2000
226 159 394 141 412 2000
372 274 406 421 817 2000
149 62 316 42 211 2000
275 374 164 450 1411 2000
436 392 466 236 1412 2000
393 408 243 377 1017 2000
15 3 156 43 18 2000
425 227 320 147 1213 2000
314 151 455 103 1409 2000
322 173 145 177 1417 2000
213 150 300 53 1214 2000
169 27 152 198 210 2000
423 386 297 324 1210 2000
81 104 81 292 1610 2000
221 235 332 312 610 2000
337 10 297 155 1813 2000
344 131 347 317 1009 2000
79 122 13 245 209 2000
134 39 266 94 611 2000
165 376 101 496 1614 2000
47 60 92 194 1419 2000
351 260 450 349 1210 2000
92 96 219 157 210 2000
5 17 58 145 417 2000
15 5 62 137 20 2000
192 178 249 310 809 2000
182 245 11 255 1417 2000
321 197 204 127 1211 2000
197 136 218 298 1415 2000
80 317 153 432 410 2000
46 287 54 107 410 2000
130 3 254 62 1415 2000
87 160 128 305 1612 2000
415 235 313 317 1814 2000
435 288 462 449 810 2000
289 403 180 473 819 2000
381 174 215 194 812 2000
180 29 361 32 414 2000
316 261 406 360 1809 2000
210 290 337 238 1619 2000
151 421 115 274 1615 2000
6 7 175 24 13 2000
169 30 346 20 211 2000
331 162 220 88 613 2000
169 40 343 45 619 2000
12 3 65 134 15 2000
3 8 69 130 11 2000
486 254 330 223 1211 2000
47 315 180 263 413 2000
239 209 311 93 1810 2000
367 144 185 138 810 2000
0 12 133 66 12 2000
376 190 458 84 610 2000
5 7 4 193 12 2000
6 283 53 424 1210 2000
222 169 175 35 1817 2000
7 3 124 75 10 2000
234 465 140 375 1214 2000
252 8 391 53 614 2000
265 177 162 261 1211 2000
107 331 49 208 1617 2000
16 4 50 149 20 2000
343 196 160 190 609 2000
103 98 281 97 1419 2000
2 9 119 80 11 2000
147 191 329 198 1209 2000
226 217 337 290 1614 2000
174 199 120 69 414 2000
19 331 176 305 815 2000
88 371 160 484 613 2000
231 305 163 421 614 2000
75 140 153 35 215 2000
480 240 467 74 1219 2000
104 288 33 404 811 2000
248 311 155 215 609 2000
143 211 304 189 815 2000
205 441 356 471 1217 2000
230 264 138 359 1211 2000
364 163 212 128 1411 2000
10 179 37 336 414 2000
3 12 137 62 15 2000
2 18 88 111 20 2000
88 101 255 123 209 2000
320 304 269 442 1609 2000
125 242 176 376 1013 2000
292 111 431 160 1610 2000
161 290 79 187 1013 2000
176 75 50 132 615 2000
193 246 49 288 1612 2000
397 240 293 321 1813 2000
85 430 145 301 1809 2000
4 8 85 114 12 2000
135 75 303 57 212 2000
30 51 123 142 414 2000
103 101 51 237 1010 2000
264 314 313 178 813 2000
166 206 219 74 413 2000
291 23 120 9 1213 2000
144 59 90 190 213 2000
214 316 159 184 811 2000
24 14 60 163 1613 2000
174 7 150 164 217 2000
106 202 50 75 1215 2000
223 193 271 60 817 2000
281 32 409 90 412 2000
175 380 157 213 613 2000
238 135 287 3 617 2000
301 61 123 56 415 2000
247 171 204 30 1814 2000
13 3 164 35 16 2000
442 396 440 210 1810 2000
1 11 11 188 12 2000
26 189 131 267 215 2000
3 7 91 108 10 2000
488 93 420 211 1212 2000
232 96 347 25 612 2000
465 200 463 16 1212 2000
133 421 119 247 1010 2000
410 318 454 455 817 2000
189 12 282 104 213 2000
295 111 166 170 1810 2000
438 252 437 438 811 2000
116 41 266 7 414 2000
315 159 219 251 610 2000
80 328 51 168 409 2000
303 348 250 484 1809 2000
433 207 286 243 1215 2000
307 102 403 194 410 2000
85 184 204 122 617 2000
357 467 224 419 1617 2000
241 340 202 488 1811 2000
58 302 200 347 411 2000
33 174 4 20 215 2000
91 233 110 73 419 2000
8 4 55 144 12 2000
176 259 257 153 1811 2000
82 363 257 373 1013 2000
257 387 406 352 1414 2000
483 66 390 154 1817 2000
406 153 297 75 1811 2000
217 225 397 218 1211 2000
182 212 125 342 411 2000
154 59 252 146 213 2000
262 91 256 273 410 2000
249 102 309 229 1811 2000
10 5 85 114 15 2000
237 276 115 217 1017 2000
78 253 92 80 1811 2000
376 118 195 116 1215 2000
294 420 228 307 1619 2000
346 116 364 281 1615 2000
459 108 302 86 1419 2000
97 231 60 82 1412 2000
248 12 161 114 1209 2000
21 93 61 236 1615 2000
213 165 295 264 417 2000
261 125 84 115 411 2000
135 154 183 23 1019 2000
146 373 170 209 810 2000
211 43 233 206 813 2000
143 318 159 155 1019 2000
232 331 201 181 1417 2000
315 166 199 98 1214 2000
245 155 424 145 1609 2000
321 117 391 235 1410 2000
237 150 165 264 412 2000
136 436 285 473 1012 2000
7 4 52 147 11 2000
288 72 327 220 1211 2000
161 240 32 182 1011 2000
255 155 106 192 1812 2000
156 28 55 111 214 2000
8 8 120 79 16 2000
183 61 123 190 409 2000
344 150 452 72 1812 2000
245 297 249 115 1812 2000
164 246 44 183 1615 2000
272 487 204 367 1210 2000
237 251 250 75 1609 2000
239 117 242 301 1611 2000
237 3 228 173 819 2000
350 250 449 337 612 2000
64 145 156 242 209 2000
271 230 175 147 1419 2000
143 34 232 131 1612 2000
53 160 21 313 213 2000
277 228 388 160 619 2000
409 113 304 33 813 2000
232 25 77 58 1610 2000
256 71 77 80 1210 2000
449 344 278 330 1413 2000
217 258 147 371 615 2000
143 224 166 385 414 2000
231 369 327 280 1213 2000
224 86 130 180 1810 2000
31 176 119 273 213 2000
12 8 120 79 20 2000
236 192 305 310 1611 2000
388 439 204 437 1612 2000
78 99 172 194 1409 2000
169 35 73 126 1611 2000
262 59 341 168 410 2000
209 334 49 358 1614 2000
213 169 176 321 409 2000
221 106 87 156 1214 2000
337 82 330 263 810 2000
157 407 317 379 1410 2000
235 165 66 151 815 2000
142 100 61 198 1219 2000
348 271 206 227 1612 2000
244 292 363 357 614 2000
266 117 290 277 414 2000
63 334 73 158 412 2000
46 159 64 322 217 2000
292 92 195 176 417 2000
460 94 289 79 612 2000
150 425 221 307 609 2000
271 353 423 386 813 2000
197 196 214 362 1415 2000
294 267 269 429 1811 2000
135 390 293 365 615 2000
68 37 119 174 810 2000
273 196 354 89 810 2000
265 143 340 37 417 2000
341 50 341 235 613 2000
330 248 198 300 1414 2000
7 3 102 97 10 2000
55 235 187 292 409 2000
139 56 45 149 211 2000
122 33 25 122 412 2000
222 358 96 418 612 2000
191 4 208 175 810 2000
373 319 241 270 1217 2000
303 58 326 223 810 2000
116 86 254 133 1213 2000
76 120 111 264 819 2000
314 379 260 245 810 2000
7 4 162 37 11 2000
125 324 278 294 1015 2000
326 493 156 482 1017 2000
379 250 227 279 1817 2000
18 2 109 90 20 2000
39 140 177 99 219 2000
149 218 314 237 414 2000
139 134 85 261 617 2000
352 345 196 316 1413 2000
52 203 190 162 619 2000
275 98 358 203 1210 2000
268 124 436 137 817 2000
206 284 368 257 1209 2000
418 244 327 341 1010 2000
176 399 114 275 1612 2000
252 150 195 282 409 2000
327 255 482 226 1814 2000
346 270 439 364 1611 2000
51 271 63 438 419 2000
297 202 412 268 1017 2000
198 21 130 136 615 2000
6 10 50 149 16 2000
294 374 448 403 1615 2000
35 208 59 365 617 2000
85 138 109 300 1212 2000
89 120 224 164 219 2000
193 266 201 95 1419 2000
100 110 246 152 210 2000
189 164 80 85 810 2000
21 167 59 317 210 2000
197 260 82 328 615 2000
106 81 288 86 211 2000
362 268 392 113 1213 2000
70 249 238 269 810 2000
331 150 348 314 1017 2000
17 193 135 123 210 2000
72 399 154 302 1419 2000
400 201 477 92 1212 2000
177 29 326 68 1810 2000
347 97 320 256 1012 2000
311 267 309 444 1219 2000
463 99 288 111 1611 2000
147 68 122 226 215 2000
222 376 141 482 811 2000
189 421 184 243 1215 2000
67 143 166 232 210 2000
208 308 65 270 1617 2000
11 4 17 182 15 2000
444 268 375 150 811 2000
239 93 103 145 610 2000
382 40 240 1 1217 2000
11 83 43 232 1217 2000
129 236 264 188 1015 2000
163 172 61 259 609 2000
248 282 270 118 1412 2000
274 116 343 235 610 2000
362 223 304 96 613 2000
199 289 253 159 614 2000
376 440 353 275 1410 2000
436 410 438 225 1211 2000
150 211 210 335 414 2000
10 194 65 322 815 2000
266 367 142 431 1610 2000
349 98 391 239 615 2000
181 120 76 199 1214 2000
2 13 67 132 15 2000
301 301 435 353 1012 2000
198 362 28 344 610 2000
46 224 198 257 1213 2000
96 488 178 384 1812 2000
8 6 27 172 14 2000
268 272 449 270 1215 2000
264 76 261 258 1613 2000
396 356 453 229 1014 2000
8 7 117 82 15 2000
254 238 138 308 612 2000
477 175 323 145 1414 2000
11 5 49 150 16 2000
183 174 5 164 1610 2000
56 321 161 405 1009 2000
216 88 78 138 1810 2000
147 54 175 215 209 2000
161 226 54 146 1011 2000
179 31 252 146 210 2000
165 245 27 195 610 2000
260 232 86 220 612 2000
34 149 214 152 215 2000
317 389 140 401 1609 2000
255 217 240 390 1810 2000
67 152 250 150 1013 2000
80 262 231 225 1810 2000
208 333 336 276 613 2000
57 247 175 315 612 2000
321 209 214 128 610 2000
290 352 368 244 1812 2000
100 105 243 147 213 2000
188 219 328 173 412 2000
230 289 369 243 613 2000
154 277 170 105 1610 2000
317 360 264 490 1415 2000
156 117 196 265 1610 2000
476 344 468 169 1215 2000
176 137 10 114 1009 2000
316 269 173 225 1011 2000
306 122 168 72 1010 2000
10 182 148 136 214 2000
1 19 148 51 20 2000
180 120 33 161 1010 2000
172 14 251 121 212 2000
9 4 127 72 13 2000
303 413 400 325 1213 2000
47 64 121 178 1610 2000
382 2 421 149 612 2000
200 85 291 182 1610 2000
13 3 48 151 16 2000
46 174 126 66 1010 2000
28 169 212 172 211 2000
26 491 4 328 613 2000
123 44 21 123 617 2000
71 201 83 28 813 2000
188 152 184 332 614 2000
305 240 382 138 619 2000
459 285 362 199 1615 2000
97 253 130 406 612 2000
6 8 103 96 14 2000
55 471 225 458 815 2000
153 373 150 193 1215 2000
54 41 227 56 410 2000
346 269 188 290 1019 2000
391 288 405 114 810 2000
168 23 304 66 219 2000
248 437 195 309 1817 2000
62 73 171 152 1610 2000
136 354 213 465 1810 2000
242 158 97 196 815 2000
0 14 141 58 14 2000
53 164 77 321 217 2000
183 454 266 352 1013 2000
25 350 197 338 414 2000
0 10 113 86 10 2000
319 484 444 425 1214 2000
174 359 198 202 1017 2000
320 460 431 384 1211 2000
473 289 381 380 1615 2000
10 10 119 80 20 2000
338 198 422 300 1412 2000
10 318 124 391 411 2000
247 334 335 431 613 2000
399 65 435 216 1211 2000
4 195 101 113 1419 2000
177 145 64 75 415 2000
342 2 385 144 413 2000
152 352 84 471 1611 2000
214 364 109 447 610 2000
443 254 381 132 1614 2000
35 158 143 79 211 2000
106 78 122 246 214 2000
355 206 287 89 1813 2000
8 5 21 178 13 2000
123 156 258 104 1011 2000
135 202 12 137 410 2000
315 145 190 208 1810 2000
165 29 321 0 1613 2000
230 329 275 193 1817 2000
120 60 215 149 614 2000
292 248 170 310 1014 2000
309 38 428 108 1009 2000
409 188 296 254 1019 2000
121 46 193 161 1411 2000
160 36 344 31 1609 2000
144 60 315 48 415 2000
271 297 84 298 1410 2000
9 4 2 183 13 2000
337 280 476 330 1809 2000
51 35 53 222 409 2000
120 90 61 219 210 2000
6 8 180 19 14 2000
407 106 486 213 1212 2000
259 58 389 115 1011 2000
300 297 411 227 1017 2000
140 315 319 317 1817 2000
61 141 58 317 1219 2000
6 5 50 149 11 2000
120 363 160 215 810 2000
212 333 126 426 619 2000
12 1 14 185 13 2000
147 116 8 67 1610 2000
239 16 262 181 1610 2000
65 142 1 265 611 2000
250 412 85 431 1014 2000
150 39 142 220 209 2000
144 311 325 319 1809 2000
314 288 330 117 1611 2000
113 262 35 365 1017 2000
124 279 257 231 1017 2000
228 170 121 252 1209 2000
287 267 179 338 1619 2000
5 348 89 253 1419 2000
2 8 99 100 10 2000
331 172 257 61 1013 2000
428 336 240 335 809 2000
121 67 134 242 210 2000
261 400 171 309 1417 2000
57 232 120 110 1813 2000
122 268 96 430 1810 2000
141 76 297 101 217 2000
174 298 172 475 1219 2000
215 455 82 399 809 2000
207 23 112 109 817 2000
1 13 70 129 14 2000
316 282 442 344 1410 2000
128 178 275 140 1213 2000
393 95 459 208 1619 2000
234 64 416 70 1410 2000
188 184 353 162 811 2000
5 13 82 117 18 2000
47 352 208 324 1809 2000
164 38 148 210 210 2000
9 6 145 54 15 2000
458 97 454 274 1417 2000
109 249 74 397 1215 2000
303 174 289 7 617 2000
170 142 125 284 1611 2000
250 8 351 95 1810 2000
143 167 11 114 413 2000
101 111 244 154 212 2000
254 153 418 177 410 2000
435 180 327 109 619 2000
195 64 303 142 1612 2000
224 65 124 154 1409 2000
309 374 438 433 1610 2000
95 106 157 225 217 2000
69 483 193 424 1615 2000
290 150 419 209 1010 2000
113 100 274 124 213 2000
291 189 304 355 1619 2000
195 207 309 138 415 2000
224 282 195 437 1414 2000
216 46 98 113 1613 2000
289 41 191 130 411 2000
483 158 449 4 1210 2000
337 216 213 279 1411 2000
146 380 285 332 1611 2000
279 194 190 286 1817 2000
8 8 116 83 16 2000
273 16 280 192 1015 2000
259 281 207 149 614 2000
329 178 481 141 1809 2000
211 167 323 241 612 2000
320 60 476 92 1010 2000
0 10 148 51 10 2000
55 451 202 488 1814 2000
486 400 371 472 1611 2000
315 57 162 83 419 2000
325 104 309 267 1419 2000
95 98 161 221 209 2000
181 177 321 224 1611 2000
146 352 145 172 817 2000
151 171 66 275 809 2000
187 388 233 246 1610 2000
264 234 428 259 1209 2000
3 32 8 213 412 2000
6 8 89 110 14 2000
130 190 205 299 1814 2000
71 166 258 164 609 2000
102 387 165 267 1015 2000
148 261 286 311 410 2000
94 47 188 138 613 2000
10 6 109 90 16 2000
220 272 58 294 1014 2000
249 256 415 269 1819 2000
88 112 272 116 1410 2000
373 373 363 198 1213 2000
17 181 175 207 214 2000
174 403 238 280 1811 2000
6 7 134 65 13 2000
283 33 312 183 419 2000
171 3 139 155 214 2000
268 99 185 203 1811 2000
263 34 392 93 410 2000
85 393 140 262 1812 2000
199 118 31 129 1419 2000
272 43 459 45 1009 2000
32 287 215 290 812 2000
326 56 497 74 809 2000
11 282 184 297 410 2000
71 114 26 252 615 2000
359 197 332 359 1209 2000
211 104 97 37 1417 2000
142 461 88 330 1013 2000
195 223 190 407 1209 2000
28 158 137 235 212 2000
63 269 241 260 1611 2000
339 94 466 156 1009 2000
281 212 143 257 1015 2000
114 42 84 199 811 2000
403 453 335 334 1211 2000
177 241 190 417 1209 2000
197 259 188 87 1217 2000
90 170 162 277 819 2000
10 3 14 185 13 2000
201 188 37 210 412 2000
134 164 245 86 809 2000
122 76 134 250 212 2000
213 112 206 288 1015 2000
69 145 245 137 214 2000
378 15 425 151 1815 2000
5 186 42 42 217 2000
14 107 93 5 617 2000
278 119 447 104 414 2000
78 132 184 50 210 2000
331 291 326 117 819 2000
416 217 255 195 1415 2000
43 153 201 183 210 2000
166 3 293 59 1015 2000
230 356 153 247 1812 2000
5 9 176 23 14 2000
187 74 310 139 1610 2000
187 324 241 459 609 2000
373 161 205 180 1211 2000
4 12 48 151 16 2000
84 106 230 149 409 2000
178 211 106 325 412 2000
176 73 147 223 1019 2000
3 8 179 20 11 2000
157 44 240 140 1019 2000
377 210 289 309 611 2000
12 2 62 137 14 2000
14 384 44 229 813 2000
165 83 120 225 1211 2000
294 151 158 203 1210 2000
64 45 3 170 812 2000
157 385 326 373 1617 2000
107 241 237 297 1012 2000
135 237 92 91 409 2000
111 57 177 179 610 2000
291 67 279 243 1410 2000
12 1 182 17 13 2000
421 294 237 296 1612 2000
271 307 144 246 1010 2000
204 235 301 321 1415 2000
119 199 72 61 1613 2000
117 488 77 342 1612 2000
449 237 370 339 1617 2000
121 271 266 315 409 2000
432 416 300 365 1215 2000
117 221 246 271 419 2000
339 457 268 345 1615 2000
177 211 135 66 411 2000
140 197 306 219 810 2000
255 329 215 181 1410 2000
26 56 44 223 413 2000
355 413 437 316 1619 2000
222 180 312 275 413 2000
260 186 343 85 1014 2000
269 61 436 75 1217 2000
315 51 167 20 419 2000
51 180 80 339 410 2000
114 151 69 290 814 2000
225 17 170 145 1215 2000
225 317 155 434 1611 2000
485 154 446 294 1419 2000
108 99 230 32 209 2000
347 289 217 344 1613 2000
13 3 84 115 16 2000
370 18 290 127 809 2000
205 338 128 445 814 2000
282 231 372 325 1214 2000
100 450 137 299 610 2000
103 288 138 138 1013 2000
2 9 34 165 11 2000
30 362 205 373 1012 2000
432 180 280 216 1410 2000
331 18 363 169 1815 2000
175 209 320 168 612 2000
216 179 389 194 410 2000
331 294 315 124 1612 2000
154 68 100 199 413 2000
382 123 249 72 814 2000
220 350 379 320 1209 2000
169 329 54 403 1609 2000
187 331 31 303 1414 2000
166 115 328 88 609 2000
80 461 144 338 1811 2000
8 4 89 110 12 2000
225 331 319 423 612 2000
327 214 432 288 1019 2000
308 44 338 202 610 2000
369 221 354 57 819 2000
27 190 27 371 217 2000
404 194 293 270 1211 2000
449 289 385 166 1611 2000
198 343 356 318 1415 2000
227 127 197 283 1412 2000
441 432 253 433 1009 2000
125 72 301 67 217 2000
351 327 401 460 1615 2000
489 297 355 250 1217 2000
105 438 146 296 1415 2000
258 309 79 317 1011 2000
197 307 164 151 1209 2000
11 3 174 25 14 2000
88 488 238 452 612 2000
97 304 44 172 613 2000
111 198 254 244 1409 2000
109 99 192 200 214 2000
2 12 174 25 14 2000
242 77 162 181 414 2000
183 24 85 109 215 2000
336 407 337 225 1015 2000
3 9 10 189 12 2000
116 267 26 169 410 2000
468 74 485 244 1611 2000
125 79 43 185 210 2000
392 85 266 145 812 2000
228 124 84 161 817 2000
271 274 152 206 1011 2000
339 117 243 202 1217 2000
105 91 62 234 212 2000
456 201 312 242 1413 2000
12 8 46 153 20 2000
175 58 237 179 615 2000
464 66 372 162 1410 2000
236 319 391 287 1811 2000
9 9 93 106 18 2000
396 356 429 200 809 2000
153 57 329 45 210 2000
83 112 75 293 209 2000
364 252 421 383 1410 2000
9 7 19 180 16 2000
186 202 111 98 819 2000
322 118 402 226 610 2000
4 6 104 95 10 2000
150 373 281 431 1409 2000
170 106 325 139 1810 2000
272 197 294 358 1415 2000
124 166 230 91 417 2000
436 370 270 352 1014 2000
245 73 404 53 419 2000
215 38 390 34 1019 2000
18 177 107 271 615 2000
122 44 57 163 1814 2000
463 429 465 246 1213 2000
16 98 105 195 612 2000
262 427 264 241 1210 2000
165 25 2 0 210 2000
281 240 270 62 1009 2000
252 132 262 309 811 2000
419 428 430 251 1610 2000
430 333 253 340 814 2000
83 326 162 217 1210 2000
6 4 97 102 10 2000
90 114 84 295 1611 2000
13 5 147 52 18 2000
7 4 116 83 11 2000
81 110 182 188 619 2000
89 164 185 257 1009 2000
245 141 129 71 612 2000
137 77 239 160 813 2000
158 162 202 19 1211 2000
79 239 45 389 1414 2000
37 423 204 404 1812 2000
392 13 486 98 1019 2000
471 27 287 29 612 2000
199 170 108 72 1409 2000
405 249 240 270 1012 2000
78 54 90 221 419 2000
399 229 283 299 1412 2000
150 495 208 365 1210 2000
179 2 14 18 217 2000
432 339 300 284 1011 2000
375 51 418 187 819 2000
155 240 201 377 1815 2000
136 382 281 341 612 2000
293 315 121 302 1613 2000
140 79 310 70 219 2000
304 106 341 257 610 2000
11 4 193 2 15 2000
306 200 306 381 1217 2000
203 174 212 353 410 2000
223 351 42 357 1611 2000
366 431 250 360 1011 2000
404 237 249 208 1614 2000
300 326 448 288 1812 2000
125 197 99 36 411 2000
30 305 165 356 812 2000
47 289 115 409 1410 2000
39 187 120 89 819 2000
255 12 312 143 1210 2000
189 265 346 234 1010 2000
192 353 242 487 1214 2000
47 16 106 140 1415 2000
219 35 356 86 1010 2000
129 361 41 261 1810 2000
370 376 237 324 1213 2000
113 84 227 11 211 2000
92 96 238 136 212 2000
219 163 48 146 1010 2000
3 11 58 141 14 2000
169 466 24 432 1819 2000
266 496 290 331 1209 2000
334 365 155 357 1011 2000
303 246 193 177 619 2000
120 337 162 484 609 2000
12 4 125 74 16 2000
132 79 265 133 211 2000
161 375 222 248 610 2000
64 146 174 68 210 2000
254 103 82 91 814 2000
449 221 433 393 1810 2000
39 301 99 420 1619 2000
303 198 441 248 810 2000
330 234 312 404 1410 2000
108 358 249 396 1619 2000
292 116 172 47 409 2000
321 251 348 411 811 2000
25 343 107 446 413 2000
237 160 156 58 615 2000
268 10 96 25 811 2000
179 232 196 63 412 2000
83 359 64 199 1219 2000
104 231 207 146 810 2000
93 298 190 207 410 2000
147 129 152 310 1012 2000
112 268 267 239 1814 2000
272 64 349 168 817 2000
110 91 198 188 213 2000
122 459 214 372 619 2000
422 237 248 232 1019 2000
249 76 370 143 1610 2000
252 248 352 332 1814 2000
99 129 221 196 1609 2000
381 98 231 69 619 2000
312 151 210 236 1811 2000
1 11 129 70 12 2000
333 316 433 405 1409 2000
2 8 61 138 10 2000
449 286 367 179 1809 2000
240 184 135 264 813 2000
166 13 82 114 613 2000
247 158 230 329 1210 2000
164 321 340 318 1019 2000
123 137 264 180 1414 2000
178 166 92 64 610 2000
174 156 295 218 1615 2000
416 285 417 470 812 2000
186 386 307 321 612 2000
191 17 157 167 214 2000
285 401 240 261 1213 2000
16 2 113 86 18 2000
67 66 182 139 410 2000
263 183 135 236 1217 2000
265 197 285 31 1012 2000
97 113 58 262 210 2000
6 4 99 100 10 2000
84 224 199 154 413 2000
71 232 12 361 1210 2000
64 220 62 403 813 2000
148 168 34 243 409 2000
220 289 32 288 1409 2000
5 9 62 137 14 2000
389 124 220 106 1811 2000
281 260 228 395 1610 2000
366 235 381 71 1419 2000
204 265 22 264 1415 2000
358 323 257 410 1610 2000
69 129 163 35 210 2000
53 300 46 119 1210 2000
41 193 171 242 819 2000
288 300 109 298 1217 2000
272 239 407 291 1011 2000
192 112 167 272 1213 2000
4 9 152 47 13 2000
245 282 301 411 1013 2000
162 21 312 54 215 2000
17 166 190 176 215 2000
148 283 81 402 1612 2000
109 478 33 365 1809 2000
207 354 77 305 1819 2000
479 86 412 198 619 2000
287 210 124 189 1214 2000
283 101 261 258 1219 2000
163 228 249 326 1214 2000
288 80 397 6 1215 2000
0 286 25 446 413 2000
443 143 492 11 1217 2000
220 153 201 318 414 2000
191 323 271 219 614 2000
273 270 254 430 1419 2000
400 440 432 288 1414 2000
65 101 39 256 1617 2000
188 387 214 225 810 2000
378 179 222 156 1419 2000
287 138 317 296 1610 2000
32 195 166 143 1212 2000
10 2 59 140 12 2000
278 38 249 195 1012 2000
0 11 69 130 11 2000
138 98 60 204 614 2000
288 443 403 371 1411 2000
274 56 220 191 809 2000
57 170 217 146 1214 2000
0 16 153 46 16 2000
335 166 414 64 1817 2000
9 367 120 435 819 2000
98 456 116 285 1609 2000
1 12 53 146 13 2000
306 266 250 397 811 2000
30 401 94 282 1815 2000
177 42 350 27 1210 2000
157 19 329 35 610 2000
70 367 29 219 1809 2000
180 161 357 173 1409 2000
243 43 417 36 417 2000
105 236 153 377 609 2000
59 341 242 339 1213 2000
7 5 148 51 12 2000
308 27 366 150 1017 2000
299 215 346 83 1219 2000
350 213 233 284 810 2000
223 351 405 355 612 2000
453 82 288 63 1614 2000
390 46 212 55 1211 2000
7 3 31 168 10 2000
49 249 191 292 413 2000
180 30 260 136 212 2000
413 138 393 299 1817 2000
395 107 462 228 610 2000
122 275 30 180 1011 2000
416 96 474 226 1010 2000
257 202 136 267 812 2000
249 337 296 478 1410 2000
192 180 135 54 1615 2000
2 186 75 71 210 2000
289 120 390 204 1813 2000
175 428 113 307 1015 2000
85 329 255 318 1217 2000
354 19 190 4 619 2000
7 5 125 74 12 2000
290 297 384 392 609 2000
252 12 77 26 1609 2000
250 191 373 127 1011 2000
241 339 345 259 1014 2000
105 323 209 407 1810 2000
1 10 125 74 11 2000
176 137 119 268 410 2000
106 266 230 205 413 2000
46 157 19 315 213 2000
85 93 266 97 1213 2000
202 274 384 267 1209 2000
19 63 68 202 610 2000
3 11 187 12 14 2000
4 6 75 124 10 2000
30 214 116 111 809 2000
39 262 66 106 1415 2000
153 288 341 287 1009 2000
460 416 362 330 1814 2000
44 136 41 321 1410 2000
336 223 231 140 1610 2000
3 8 56 143 11 2000
381 143 331 281 1810 2000
228 204 216 32 614 2000
40 171 219 163 211 2000
352 289 494 248 1815 2000
465 281 367 196 1215 2000
83 134 190 208 217 2000
228 19 265 166 414 2000
152 36 138 210 210 2000
110 436 225 364 811 2000
44 326 108 448 612 2000
110 291 35 179 1811 2000
232 308 200 464 1010 2000
2 185 54 50 211 2000
91 262 219 318 1214 2000
83 301 86 115 1609 2000
105 110 212 186 215 2000
292 420 354 296 1412 2000
297 45 274 207 1613 2000
0 16 16 183 16 2000
112 262 102 440 1010 2000
100 432 68 275 1209 2000
37 99 105 218 411 2000
224 307 60 327 1614 2000
157 294 133 458 1610 2000
5 9 92 107 14 2000
354 39 387 192 1212 2000
155 119 228 235 1609 2000
132 267 189 389 619 2000
52 163 222 148 613 2000
122 232 256 286 1010 2000
309 270 386 374 1017 2000
9 11 105 94 20 2000
9 6 169 30 15 2000
6 5 152 47 11 2000
129 305 206 203 1219 2000
266 429 273 247 1409 2000
204 79 194 257 1210 2000
143 272 292 302 619 2000
117 48 80 192 1017 2000
259 338 318 213 1214 2000
16 144 57 284 817 2000
35 164 38 342 217 2000
9 2 59 140 11 2000
131 52 48 150 217 2000
440 313 312 262 1419 2000
24 187 34 356 219 2000
184 205 330 166 1013 2000
207 377 135 263 612 2000
323 22 463 63 1417 2000
305 400 132 416 1409 2000
165 28 297 85 209 2000
341 134 166 138 1419 2000
94 111 48 254 209 2000
107 219 3 139 1014 2000
239 314 342 229 1210 2000
390 272 445 142 1613 2000
70 107 94 262 619 2000
216 144 269 10 411 2000
49 343 99 204 409 2000
215 334 251 487 609 2000
267 124 89 114 410 2000
64 108 49 280 411 2000
261 172 202 50 1817 2000
1 12 20 179 13 2000
118 95 248 40 213 2000
252 212 363 287 612 2000
179 197 197 28 411 2000
35 176 123 269 617 2000
114 258 291 256 819 2000
264 273 434 284 1417 2000
71 120 240 102 211 2000
237 390 372 444 1809 2000
121 291 1 350 419 2000
78 134 166 232 212 2000
462 276 408 405 815 2000
309 344 145 320 1210 2000
6 5 189 0 11 2000
172 75 122 206 617 2000
432 38 356 149 1611 2000
11 3 87 112 14 2000
174 282 165 452 1619 2000
41 150 214 134 209 2000
201 279 83 340 1619 2000
293 253 238 119 1209 2000
451 154 393 33 619 2000
11 5 112 87 16 2000
171 160 120 297 410 2000
237 161 282 27 1219 2000
11 161 187 168 415 2000
483 206 374 285 1210 2000
3 8 145 54 11 2000
299 207 367 94 1217 2000
238 281 270 436 1411 2000
31 336 71 484 410 2000
98 285 234 333 814 2000
64 207 157 121 1419 2000
313 201 148 179 1611 2000
288 178 144 221 811 2000
179 428 305 487 1013 2000
210 189 61 159 1419 2000
386 255 297 156 810 2000
34 150 77 291 214 2000
167 369 32 413 819 2000
270 91 370 2 609 2000
27 170 120 74 209 2000
48 151 114 28 209 2000
76 467 98 308 1817 2000
11 66 124 137 414 2000
86 99 161 209 213 2000
138 220 3 172 415 2000
2 8 116 83 10 2000
258 309 108 273 1612 2000
212 101 242 256 613 2000
275 10 104 18 1019 2000
475 357 425 495 1010 2000
128 71 57 189 209 2000
218 200 315 289 1012 2000
374 82 294 189 1611 2000
210 52 123 144 819 2000
6 5 107 92 11 2000
152 401 234 498 619 2000
84 170 81 353 1412 2000
151 325 226 438 1010 2000
280 51 423 95 1411 2000
204 11 88 78 1015 2000
143 182 322 189 812 2000
49 185 188 225 419 2000
218 321 206 145 1610 2000
208 355 90 290 1015 2000
154 157 341 156 410 2000
211 180 340 121 410 2000
233 386 146 285 810 2000
252 87 269 259 609 2000
118 256 135 423 1014 2000
278 69 152 124 617 2000
100 85 69 239 213 2000
14 196 51 45 210 2000
0 12 46 153 12 2000
95 109 216 45 1613 2000
343 275 203 232 815 2000
214 162 84 213 417 2000
372 454 469 372 1219 2000
208 367 151 499 1409 2000
370 270 237 219 1414 2000
106 318 266 339 1217 2000
370 491 228 446 1811 2000
5 15 90 109 20 2000
149 298 201 167 1015 2000
287 175 381 269 1010 2000
158 81 246 179 812 2000
94 185 170 298 1409 2000
90 125 208 188 1817 2000
35 227 148 152 1410 2000
334 325 150 329 1210 2000
50 333 197 296 414 2000
223 257 235 430 813 2000
186 468 70 405 1619 2000
219 316 296 422 615 2000
445 347 407 199 1812 2000
430 121 335 33 1015 2000
2 11 90 109 13 2000
465 24 396 144 1409 2000
485 387 331 358 1615 2000
58 136 140 242 210 2000
479 250 481 436 810 2000
454 346 305 378 1217 2000
230 146 271 294 1609 2000
92 158 139 299 1810 2000
116 283 264 243 810 2000
210 177 301 271 1813 2000
72 220 132 339 1619 2000
16 205 104 301 814 2000
342 72 162 78 1812 2000
15 133 106 43 1217 2000
245 142 64 135 410 2000
23 70 108 174 1409 2000
253 394 407 419 1819 2000
418 237 459 95 1815 2000
97 327 233 276 811 2000
134 386 310 393 1215 2000
450 148 383 269 1410 2000
386 119 461 9 613 2000
236 37 115 99 1815 2000
177 200 293 133 1415 2000
125 367 91 222 1219 2000
146 255 180 103 1212 2000
172 232 49 292 415 2000
378 288 218 312 1814 2000
72 265 164 178 1819 2000
112 153 279 175 1809 2000
415 122 318 30 1809 2000
228 140 66 113 409 2000
9 2 158 41 11 2000
314 36 320 216 1012 2000
11 106 26 270 1019 2000
118 226 121 48 1617 2000
203 155 222 325 409 2000
499 150 361 197 1813 2000
85 150 219 200 1214 2000
227 232 83 195 1817 2000
82 283 103 443 1817 2000
65 118 167 199 215 2000
334 43 469 96 810 2000
414 397 275 445 1011 2000
9 11 136 63 20 2000
169 236 61 317 1009 2000
77 116 253 107 213 2000
423 95 392 250 612 2000
403 251 454 117 813 2000
291 151 340 12 1010 2000
329 19 272 143 1217 2000
151 225 143 398 417 2000
178 209 312 260 613 2000
177 139 157 303 614 2000
55 243 226 230 1814 2000
261 333 107 298 1209 2000
316 240 380 125 819 2000
291 296 264 448 619 2000
7 4 160 39 11 2000
92 415 181 317 1811 2000
12 1 151 48 13 2000
14 4 170 29 18 2000
255 443 83 427 1010 2000
93 26 222 80 615 2000
321 288 341 119 1009 2000
125 75 73 209 212 2000
397 164 323 52 812 2000
273 109 186 12 614 2000
90 218 96 397 813 2000
81 398 72 224 1015 2000
132 51 106 208 215 2000
72 117 75 303 209 2000
198 218 133 338 1213 2000
383 164 304 57 1612 2000
3 8 21 178 11 2000
248 329 188 206 1015 2000
152 119 336 117 412 2000
6 7 39 160 13 2000
364 98 183 101 1414 2000
294 218 297 33 1010 2000
474 44 299 54 1213 2000
248 412 224 257 1619 2000
297 202 237 73 1409 2000
397 66 293 150 1610 2000
69 78 229 102 1214 2000
133 118 114 288 1809 2000
199 257 107 162 811 2000
169 171 315 134 815 2000
201 173 90 245 415 2000
421 213 313 291 1412 2000
6 167 94 268 1409 2000
223 212 250 60 1819 2000
162 236 292 295 409 2000
352 480 255 389 1810 2000
12 8 183 16 20 2000
86 103 75 281 209 2000
65 55 121 183 1014 2000
86 299 85 483 1013 2000
154 94 185 248 413 2000
177 29 43 79 1014 2000
52 228 198 269 1211 2000
266 274 157 349 1014 2000
3 7 120 79 10 2000
9 6 25 174 15 2000
93 97 168 210 610 2000
258 259 401 215 611 2000
337 358 162 354 1419 2000
453 279 446 103 1215 2000
451 322 385 440 1214 2000
22 245 83 127 1019 2000
113 274 208 367 410 2000
314 452 446 401 1215 2000
268 321 126 274 609 2000
2 172 150 203 419 2000
12 1 26 173 13 2000
68 95 175 16 412 2000
65 62 93 219 613 2000
252 141 223 296 414 2000
293 241 196 331 1611 2000
55 148 216 130 619 2000
411 312 350 185 1210 2000
70 430 181 353 1010 2000
404 240 398 62 1414 2000
298 216 392 122 1810 2000
289 38 184 121 810 2000
10 3 32 167 13 2000
133 294 273 251 1015 2000
83 228 14 113 814 2000
316 111 463 143 619 2000
20 402 168 364 1812 2000
328 13 385 141 1413 2000
17 1 51 148 18 2000
189 282 21 299 1013 2000
180 21 180 205 1214 2000
146 135 43 220 1210 2000
251 370 352 454 1413 2000
364 156 218 195 1613 2000
380 240 431 368 819 2000
447 4 279 20 814 2000
60 143 102 282 217 2000
280 240 161 171 1810 2000
136 14 10 73 1213 2000
5 445 71 322 1609 2000
149 242 83 122 412 2000
125 166 94 9 410 2000
1 15 1 198 16 2000
40 169 149 245 213 2000
222 98 93 157 1810 2000
289 185 245 320 1219 2000
284 174 220 55 815 2000
208 165 102 243 414 2000
390 67 383 249 1409 2000
120 138 275 108 813 2000
9 4 140 59 13 2000
202 118 78 177 1215 2000
268 207 444 218 611 2000
73 463 244 446 1410 2000
324 225 293 73 1815 2000
5 8 27 172 13 2000
245 165 68 154 1010 2000
445 230 466 65 1212 2000
233 349 216 182 614 2000
65 198 161 287 613 2000
149 452 274 389 1610 2000
179 335 187 164 1219 2000
165 266 226 138 1809 2000
127 254 103 90 410 2000
103 76 26 184 613 2000
429 211 270 240 1010 2000
93 195 275 194 815 2000
231 73 142 172 610 2000
117 178 55 295 619 2000
230 394 49 399 1812 2000
13 2 129 70 15 2000
286 299 207 193 1013 2000
254 260 301 402 1209 2000
253 274 147 356 810 2000
358 424 411 298 819 2000
483 26 451 182 1210 2000
235 340 393 317 1417 2000
312 270 431 336 1213 2000
265 225 443 216 1611 2000
352 482 331 318 1613 2000
71 206 7 91 1019 2000
285 196 459 208 1212 2000
167 41 333 63 610 2000
405 226 299 307 1411 2000
91 262 70 104 619 2000
467 352 464 167 1610 2000
25 249 178 284 1010 2000
90 107 125 251 219 2000
176 96 331 127 1412 2000
186 167 23 144 1612 2000
34 127 121 35 1419 2000
6 10 137 62 16 2000
486 171 466 12 1419 2000
144 190 300 218 614 2000
102 290 8 198 612 2000
3 189 116 117 813 2000
122 123 170 262 1011 2000
167 254 105 128 1210 2000
52 18 184 65 419 2000
93 436 251 466 1610 2000
493 309 425 428 1611 2000
258 131 364 48 1009 2000
43 163 210 146 614 2000
133 276 294 249 410 2000
166 195 158 368 617 2000
153 209 174 375 411 2000
480 238 297 233 1810 2000
297 320 335 470 810 2000
261 249 225 394 1217 2000
440 381 455 213 1415 2000
452 7 438 181 1210 2000
119 192 252 136 1809 2000
14 175 86 68 219 2000
199 321 170 166 1414 2000
58 156 206 120 214 2000
304 322 485 327 1412 2000
105 282 277 293 1015 2000
144 312 207 433 1014 2000
56 331 34 497 410 2000
133 446 314 451 1612 2000
98 16 213 89 1010 2000
374 290 206 273 813 2000
381 65 290 161 811 2000
192 217 134 87 410 2000
124 90 242 22 612 2000
64 134 198 84 214 2000
78 325 87 146 1210 2000
10 3 98 101 13 2000
92 151 31 31 617 2000
455 239 465 418 1609 2000
144 65 68 174 213 2000
99 484 215 417 615 2000
193 184 223 342 1210 2000
121 136 298 144 613 2000
102 195 217 131 619 2000
173 18 24 52 615 2000
209 139 131 29 1010 2000
236 406 244 227 1211 2000
183 181 260 71 811 2000
125 435 183 312 817 2000
434 172 447 345 1412 2000
0 10 144 55 10 2000
3 12 78 121 15 2000
259 12 404 51 414 2000
72 141 52 306 213 2000
84 56 244 33 815 2000
8 2 170 29 10 2000
171 376 226 245 812 2000
21 278 123 364 1610 2000
63 124 236 138 211 2000
173 112 95 217 1415 2000
18 2 105 94 20 2000
26 178 98 66 214 2000
415 317 389 479 1410 2000
246 100 312 218 1014 2000
276 407 372 315 1610 2000
134 175 127 351 1015 2000
207 414 335 354 810 2000
5 8 35 164 13 2000
332 413 383 276 810 2000
154 413 232 306 1413 2000
231 167 258 5 409 2000
31 156 112 262 211 2000
468 130 419 260 1219 2000
132 81 289 105 617 2000
88 273 182 182 613 2000
357 70 195 91 615 2000
213 191 67 234 1209 2000
137 64 256 0 215 2000
1 12 79 120 13 2000
87 115 49 263 212 2000
335 382 343 205 1013 2000
440 465 386 331 1610 2000
51 130 205 157 217 2000
24 292 193 312 1209 2000
393 390 263 439 1819 2000
0 15 126 73 15 2000
201 336 305 261 1019 2000
473 259 370 178 1414 2000
356 176 499 136 1615 2000
104 155 220 92 619 2000
5 5 148 51 10 2000
353 388 242 466 1009 2000
169 99 6 117 417 2000
181 329 261 438 809 2000
114 283 126 111 414 2000
122 209 68 343 1610 2000
152 149 248 240 1411 2000
125 92 73 221 217 2000
362 161 429 44 1614 2000
0 18 59 140 18 2000
12 4 132 67 16 2000
158 106 333 119 610 2000
106 107 275 91 213 2000
133 268 274 311 414 2000
242 225 152 128 1411 2000
85 118 173 217 1011 2000
403 303 221 302 1215 2000
230 304 348 374 1410 2000
211 146 211 332 812 2000
179 202 160 367 414 2000
279 200 372 288 617 2000
402 369 469 247 1409 2000
306 273 337 427 1413 2000
185 250 52 304 1011 2000
79 169 198 236 612 2000
302 457 399 370 814 2000
247 288 247 103 1813 2000
338 417 154 413 1610 2000
340 177 334 352 1817 2000
132 70 248 142 210 2000
118 61 90 220 1011 2000
2 14 21 178 16 2000
322 347 183 301 1813 2000
1 17 111 88 18 2000
11 260 137 320 812 2000
370 122 468 203 1219 2000
303 139 446 175 1219 2000
447 187 432 358 1412 2000
442 353 391 220 1614 2000
408 221 492 124 1817 2000
1 10 75 124 11 2000
274 128 263 300 1215 2000
277 92 277 281 1409 2000
158 130 140 301 1609 2000
87 200 264 193 1214 2000
232 132 119 207 1810 2000
248 368 163 468 1213 2000
45 107 88 252 610 2000
457 244 353 159 1409 2000
467 212 447 45 1811 2000
456 299 349 220 1612 2000
30 157 53 321 211 2000
128 228 176 92 1414 2000
230 140 88 94 1810 2000
448 265 348 184 1417 2000
106 275 253 311 1415 2000
204 200 274 316 612 2000
87 54 24 176 613 2000
168 368 41 308 1211 2000
243 246 259 419 609 2000
360 450 419 324 1613 2000
159 82 255 172 812 2000
17 54 52 207 410 2000
459 30 429 185 1013 2000
172 0 150 164 212 2000
139 42 213 156 1210 2000
391 176 424 28 617 2000
1 13 157 42 14 2000
87 276 35 412 1610 2000
406 192 262 235 811 2000
14 371 85 255 1411 2000
217 97 318 184 1810 2000
411 126 363 259 1417 2000
6 5 86 113 11 2000
315 268 265 403 613 2000
260 41 144 113 410 2000
176 323 34 278 1411 2000
307 259 471 235 610 2000
261 105 96 85 813 2000
397 303 224 293 1215 2000
0 20 59 140 20 2000
122 191 309 192 410 2000
133 306 313 313 1011 2000
278 412 262 245 1215 2000
105 148 249 193 609 2000
142 384 158 219 817 2000
299 248 415 321 1809 2000
185 187 337 151 1410 2000
232 57 373 105 1009 2000
264 268 431 247 1010 2000
135 28 148 200 1013 2000
373 184 310 310 609 2000
58 133 129 21 215 2000
177 290 98 400 609 2000
308 67 132 80 1809 2000
287 306 226 188 1419 2000
22 169 127 249 213 2000
138 64 17 131 210 2000
82 187 4 288 1019 2000
294 259 404 338 609 2000
432 91 260 82 617 2000
105 104 143 251 213 2000
256 369 159 457 1813 2000
246 339 426 346 1411 2000
141 441 175 292 815 2000
0 11 95 104 11 2000
11 1 154 45 12 2000
122 189 301 198 410 2000
16 183 147 127 211 2000
34 170 90 41 1213 2000
287 22 156 70 619 2000
374 138 293 243 1012 2000
6 4 155 44 10 2000
172 54 355 59 610 2000
186 281 365 286 1614 2000
447 266 289 238 1612 2000
298 232 444 199 1619 2000
107 81 215 161 210 2000
119 313 116 493 1215 2000
288 320 254 165 1209 2000
25 434 57 279 611 2000
196 311 337 271 1017 2000
3 11 16 183 14 2000
158 199 341 195 1011 2000
13 3 187 12 16 2000
239 406 201 261 1015 2000
260 376 171 476 1609 2000
249 377 234 203 1609 2000
133 208 133 23 1813 2000
56 43 173 114 1210 2000
12 1 12 187 13 2000
1 186 23 351 211 2000
342 373 462 442 1009 2000
301 463 195 385 1814 2000
35 110 201 93 1815 2000
219 224 165 359 1409 2000
3 8 158 41 11 2000
124 80 308 76 210 2000
318 261 338 92 609 2000
35 319 213 329 1810 2000
42 171 137 261 213 2000
30 178 35 361 210 2000
186 55 35 18 410 2000
227 138 258 293 812 2000
106 248 34 132 1410 2000
10 10 37 162 20 2000
426 90 348 197 1213 2000
218 245 169 379 1015 2000
66 113 193 165 219 2000
225 300 319 389 1815 2000
14 6 31 168 20 2000
40 151 205 137 219 2000
271 121 170 201 417 2000
4 123 16 295 414 2000
141 143 1 190 811 2000
499 66 383 134 1214 2000
64 295 184 227 410 2000
253 63 373 4 1619 2000
32 488 151 426 1617 2000
260 309 384 372 1411 2000
13 1 135 64 14 2000
4 9 35 164 13 2000
416 480 322 389 1613 2000
14 4 64 135 18 2000
122 277 104 116 1819 2000
139 352 289 388 1212 2000
10 1 6 185 11 2000
19 194 193 205 213 2000
23 180 84 300 217 2000
329 248 222 176 1819 2000
214 98 109 180 411 2000
8 2 47 152 10 2000
290 132 429 181 1410 2000
285 211 129 179 1010 2000
191 192 185 374 410 2000
482 223 414 334 1019 2000
266 165 195 281 1411 2000
187 298 132 432 609 2000
20 489 42 323 1210 2000
89 343 228 383 1619 2000
261 99 209 231 614 2000
173 37 105 153 1814 2000
6 290 13 472 409 2000
172 19 62 92 215 2000
292 380 301 205 1414 2000
216 173 377 198 412 2000
91 155 203 229 1012 2000
67 282 234 268 1417 2000
238 113 221 284 410 2000
101 169 234 121 817 2000
322 438 244 333 1615 2000
269 46 358 138 1017 2000
114 88 295 93 1412 2000
291 243 254 395 1209 2000
415 469 300 403 1217 2000
284 188 225 313 1014 2000
317 236 483 253 1415 2000
252 323 112 274 1409 2000
386 236 481 329 1810 2000
219 126 155 2 810 2000
5 6 89 110 11 2000
136 70 153 239 212 2000
221 170 351 112 410 2000
51 255 120 372 612 2000
266 199 257 25 615 2000
433 282 383 144 810 2000
182 290 264 387 1619 2000
142 326 309 307 1412 2000
0 186 59 315 610 2000
243 55 307 174 1615 2000
312 107 371 236 810 2000
142 158 150 335 813 2000
185 32 96 122 219 2000
262 38 293 191 1414 2000
153 53 271 123 210 2000
178 197 141 48 812 2000
107 81 202 174 210 2000
145 196 285 241 613 2000
228 218 355 158 1211 2000
174 334 254 225 809 2000
343 62 453 138 412 2000
188 23 58 80 211 2000
299 197 248 60 1810 2000
129 60 74 192 611 2000
76 323 246 336 1015 2000
166 44 317 79 212 2000
10 2 31 168 12 2000
102 299 260 330 1809 2000
12 4 109 90 16 2000
296 88 305 268 409 2000
3 9 159 40 12 2000
95 116 225 59 211 2000
173 278 55 346 1212 2000
210 167 331 102 412 2000
8 3 151 48 11 2000
202 232 278 124 1014 2000
237 53 204 204 1414 2000
0 10 45 154 10 2000
13 7 90 109 20 2000
160 141 297 189 1413 2000
180 177 309 120 412 2000
260 272 194 390 614 2000
47 30 225 33 1017 2000
247 222 314 102 611 2000
161 24 281 89 213 2000
164 40 276 116 610 2000
71 173 210 123 1209 2000
153 46 102 174 619 2000
463 158 396 275 1614 2000
155 142 173 313 1809 2000
295 290 347 422 814 2000
236 346 337 266 1217 2000
202 359 338 412 1409 2000
412 225 317 317 1411 2000
427 357 280 395 813 2000
261 394 291 245 1019 2000
420 243 314 168 1817 2000
335 406 210 462 1417 2000
55 257 199 297 1014 2000
469 151 441 304 817 2000
218 314 348 370 1012 2000
106 76 254 115 811 2000
54 292 164 367 413 2000
135 310 60 198 1811 2000
385 359 387 176 1613 2000
37 21 167 77 612 2000
57 152 185 212 1210 2000
150 313 329 317 1415 2000
315 214 474 189 1614 2000
49 366 166 299 1214 2000
6 6 187 12 12 2000
183 6 61 73 209 2000
254 266 295 119 610 2000
280 271 300 103 1610 2000
127 92 237 161 219 2000
125 164 223 79 1015 2000
229 84 226 269 1210 2000
81 301 255 310 1615 2000
212 119 284 7 1614 2000
33 444 146 370 1811 2000
284 17 445 43 1811 2000
14 175 154 126 209 2000
121 171 285 148 1211 2000
402 488 476 374 1810 2000
6 5 154 45 11 2000
149 241 12 197 417 2000
223 67 206 239 809 2000
124 87 268 46 213 2000
90 53 239 13 1009 2000
237 8 377 57 609 2000
356 206 371 375 1814 2000
13 2 122 77 15 2000
228 364 191 214 811 2000
127 61 300 46 210 2000
189 375 250 251 813 2000
96 114 49 255 210 2000
372 362 475 280 1613 2000
271 190 121 225 1813 2000
409 377 462 243 1611 2000
32 341 105 447 1019 2000
1 14 123 76 15 2000
7 7 22 177 14 2000
8 5 52 147 13 2000
242 119 397 152 1210 2000
74 139 207 89 215 2000
221 394 234 221 1212 2000
211 382 197 215 1417 2000
144 47 320 38 1013 2000
153 250 325 266 1210 2000
89 117 269 125 210 2000
88 40 42 181 811 2000
299 352 232 473 1610 2000
353 50 182 33 810 2000
411 497 272 453 1215 2000
332 46 428 139 1609 2000
437 407 254 405 1613 2000
129 457 90 312 1814 2000
439 231 413 74 1215 2000
326 33 212 105 1612 2000
111 333 246 385 811 2000
0 12 111 88 12 2000
36 346 133 430 417 2000
252 57 113 102 1214 2000
339 412 311 252 1210 2000
287 82 271 250 814 2000
227 292 242 124 1815 2000
149 260 332 259 814 2000
24 183 123 273 1009 2000
239 203 372 150 1012 2000
10 173 68 45 412 2000
136 244 315 253 1810 2000
13 204 128 268 219 2000
265 247 327 122 811 2000
180 101 214 248 1817 2000
274 85 322 218 617 2000
161 50 98 174 211 2000
471 181 383 281 1810 2000
68 491 173 407 609 2000
397 299 294 223 1219 2000
192 148 339 109 612 2000
10 1 68 131 11 2000
357 313 276 415 1615 2000
183 429 286 349 1615 2000
101 76 267 97 611 2000
402 115 300 30 1411 2000
340 355 297 211 1811 2000
108 166 147 315 1410 2000
2 8 8 191 10 2000
18 167 192 160 217 2000
275 223 213 96 1609 2000
416 311 410 488 1415 2000
12 3 103 96 15 2000
268 155 327 284 810 2000
9 6 15 184 15 2000
344 191 172 176 611 2000
291 217 318 379 1209 2000
109 52 132 210 617 2000
223 161 64 187 1613 2000
389 232 316 347 1610 2000
236 398 80 366 1810 2000
355 470 283 354 1210 2000
320 428 421 344 1213 2000
153 82 261 5 613 2000
74 112 9 228 417 2000
440 315 373 432 814 2000
216 170 361 126 1209 2000
111 272 223 348 1210 2000
100 220 261 202 1619 2000
135 461 302 444 1014 2000
22 339 139 407 1813 2000
433 147 346 245 813 2000
57 110 132 221 1612 2000
331 235 457 288 1619 2000
18 345 50 189 810 2000
1 15 47 152 16 2000
169 60 228 186 613 2000
189 62 263 167 1019 2000
73 325 190 394 1812 2000
419 257 431 80 1609 2000
12 2 41 158 14 2000
269 404 419 442 1610 2000
331 258 284 120 1413 2000
100 296 37 420 411 2000
319 202 175 244 812 2000
177 158 126 28 1017 2000
111 222 280 205 812 2000
46 162 220 157 1219 2000
97 162 195 252 810 2000
96 117 230 169 1212 2000
187 24 129 153 211 2000
51 364 108 492 1413 2000
207 376 56 412 1411 2000
236 453 418 454 1015 2000
135 422 222 321 1610 2000
271 240 402 182 1809 2000
477 66 312 80 1019 2000
315 70 354 217 1212 2000
349 204 453 281 1417 2000
390 126 237 161 1010 2000
115 88 19 177 213 2000
169 290 146 127 812 2000
50 167 107 43 217 2000
138 246 139 426 817 2000
339 248 155 243 1009 2000
154 399 341 400 1610 2000
23 181 151 128 417 2000
437 241 381 370 1613 2000
12 1 55 144 13 2000
120 67 290 84 211 2000
202 475 282 371 1214 2000
13 1 7 180 14 2000
93 292 214 358 1811 2000
94 195 209 259 619 2000
335 236 276 362 613 2000
5 9 8 191 14 2000
33 119 121 28 419 2000
173 107 77 194 1215 2000
358 261 251 342 1610 2000
240 288 204 439 1611 2000
1 11 92 107 12 2000
77 56 69 227 619 2000
320 470 447 411 1412 2000
245 207 424 203 1215 2000
337 399 286 265 1213 2000
471 10 303 30 810 2000
168 210 6 191 417 2000
6 14 7 192 20 2000
295 63 304 240 1412 2000
201 472 21 478 1612 2000
345 95 271 202 1217 2000
440 377 444 192 1009 2000
1 9 60 139 10 2000
80 254 19 382 809 2000
209 59 233 219 614 2000
185 118 110 7 1612 2000
267 301 196 414 1814 2000
143 27 84 155 1611 2000
307 72 170 28 617 2000
94 123 143 255 217 2000
139 366 141 187 1017 2000
253 408 163 312 1612 2000
165 43 302 94 210 2000
107 119 122 291 411 2000
118 70 271 35 210 2000
212 261 316 346 1409 2000
400 197 410 20 1411 2000
4 8 122 77 12 2000
165 34 17 72 412 2000
201 282 151 148 1614 2000
158 319 293 269 1813 2000
281 99 119 75 1012 2000
153 119 279 56 1609 2000
11 2 96 103 13 2000
272 224 300 69 1615 2000
165 21 167 205 212 2000
378 170 308 53 1611 2000
85 115 128 260 210 2000
191 184 45 226 810 2000
136 50 163 209 212 2000
0 20 85 114 20 2000
51 111 20 266 1012 2000
372 306 286 406 1012 2000
381 483 456 371 1611 2000
82 119 235 83 209 2000
142 92 126 255 819 2000
147 247 120 95 419 2000
60 139 172 65 412 2000
147 234 304 202 1009 2000
145 438 55 349 619 2000
202 437 28 451 1210 2000
2 9 40 159 11 2000
0 13 131 68 13 2000
131 260 272 303 414 2000
193 184 368 198 609 2000
172 202 312 153 809 2000
298 163 141 135 1013 2000
171 214 111 340 412 2000
156 194 155 377 1414 2000
218 290 125 195 610 2000
152 37 336 42 209 2000
242 57 112 115 1210 2000
68 217 142 327 814 2000
50 152 212 126 210 2000
135 167 243 94 417 2000
188 62 129 188 1213 2000
34 97 163 45 1817 2000
359 209 248 284 612 2000
395 151 238 183 809 2000
236 277 69 298 1210 2000
25 137 159 188 1613 2000
175 65 26 27 411 2000
286 230 141 266 1217 2000
152 58 227 170 411 2000
9 2 186 13 11 2000
104 316 174 434 610 2000
2 9 29 170 11 2000
157 45 237 151 1412 2000
261 270 149 197 613 2000
131 86 141 257 217 2000
217 311 198 143 811 2000
212 220 59 246 819 2000
269 108 427 133 1015 2000
62 238 42 71 1211 2000
273 270 414 222 1009 2000
450 387 288 365 1614 2000
12 1 120 79 13 2000
368 310 347 468 1619 2000
142 89 111 237 1419 2000
89 130 122 276 219 2000
242 63 255 234 1614 2000
494 439 324 424 1413 2000
143 74 193 205 217 2000
460 115 282 122 613 2000
287 244 180 172 619 2000
4 9 86 113 13 2000
174 33 294 100 211 2000
193 431 142 297 1213 2000
91 114 17 229 609 2000
75 137 54 302 212 2000
204 377 188 208 1813 2000
262 339 98 316 1811 2000
162 52 32 106 214 2000
6 12 79 120 18 2000
98 222 21 111 610 2000
273 40 339 162 810 2000
42 145 112 28 211 2000
139 258 56 363 410 2000
174 361 51 423 1013 2000
312 240 168 205 1619 2000
171 212 54 140 1809 2000
126 269 64 143 410 2000
0 117 174 104 611 2000
187 229 176 397 419 2000
99 218 43 350 810 2000
84 287 158 175 412 2000
397 229 483 329 1012 2000
197 194 26 211 410 2000
237 171 334 85 1615 2000
419 443 429 270 1615 2000
11 5 141 58 16 2000
