500 500 100 10000 17 2000
0 1 12 7 0 99
33 54 49 52 0 579
9 158 16 147 0 1699
61 71 73 65 0 199
73 129 66 139 0 979
24 26 38 22 0 119
37 21 39 6 0 139
181 30 181 13 0 1559
25 63 32 74 0 1319
39 120 31 110 0 1139
172 26 177 39 0 1239
25 68 37 62 0 1259
109 29 115 17 0 359
110 149 110 131 0 1899
40 37 47 48 0 299
43 26 52 17 0 499
11 89 25 93 0 1119
70 130 81 123 0 999
56 34 54 50 0 1519
50 36 36 32 0 399
132 53 140 63 0 979
171 25 161 33 0 1679
17 40 22 27 0 179
70 75 80 82 0 999
109 52 118 43 0 1619
14 103 15 86 0 1099
72 103 75 118 0 1339
61 41 50 34 0 439
49 14 32 13 0 579
36 53 25 46 0 579
30 29 38 19 0 619
0 1 15 4 0 19
58 45 66 55 0 1019
26 100 24 116 0 1119
105 46 113 36 0 419
62 49 55 59 0 719
21 25 29 34 0 139
75 67 65 59 0 759
70 50 58 44 0 999
171 93 155 95 0 1719
21 88 10 95 0 819
10 96 24 100 0 839
133 23 138 36 0 1399
40 96 56 98 0 879
63 18 52 25 0 779
32 15 19 10 0 579
74 132 81 143 0 1439
20 25 14 13 0 339
167 12 184 13 0 1379
0 29 15 26 0 1739
8 10 23 13 0 39
53 66 53 48 0 499
72 74 75 89 0 1639
39 81 43 95 0 1959
28 267 28 249 0 1899
72 50 88 48 0 919
56 58 59 43 0 479
38 227 45 216 0 1619
67 106 50 105 0 1259
12 71 28 73 0 299
59 58 61 74 0 259
47 85 30 86 0 1239
191 91 198 102 0 1399
48 68 34 72 0 1959
30 35 20 27 0 259
83 85 95 90 0 539
30 119 43 124 0 619
34 84 42 94 0 1359
42 95 28 91 0 1379
98 82 96 98 0 1919
29 163 13 161 0 1639
100 24 117 23 0 519
86 7 86 25 0 579
59 60 57 44 0 379
28 121 14 124 0 1479
83 49 92 40 0 799
104 31 115 24 0 979
27 25 12 28 0 159
28 98 41 103 0 519
65 17 79 21 0 319
65 65 53 59 0 479
156 70 139 69 0 1599
54 104 66 98 0 479
16 72 27 65 0 1679
27 66 25 50 0 1699
208 25 194 29 0 1459
6 75 22 73 0 739
103 25 103 7 0 879
81 35 82 18 0 1839
15 98 15 80 0 1219
215 15 198 16 0 1439
53 37 59 25 0 1839
234 74 230 60 0 1999
49 63 61 69 0 1599
52 75 36 77 0 619
120 52 135 54 0 1139
53 168 55 152 0 979
67 45 53 41 0 1959
65 50 77 44 0 659
15 56 0 59 0 1899
27 17 40 22 0 359
24 110 8 111 0 979
82 100 79 115 0 999
23 17 36 22 0 79
20 35 5 38 0 299
51 271 64 266 0 1839
151 28 148 13 0 1899
55 38 71 36 0 1579
69 60 61 70 0 179
53 58 52 75 0 1099
73 64 83 72 0 219
50 17 43 6 0 219
15 101 29 97 0 479
70 68 78 58 0 279
92 91 82 83 0 539
69 30 80 23 0 299
149 91 157 100 0 1539
27 18 11 16 0 1699
63 33 70 22 0 279
177 171 189 165 0 1519
64 152 67 137 0 1879
142 34 152 41 0 1179
6 147 20 143 0 1059
27 30 19 40 0 1099
40 19 43 4 0 1699
14 35 6 25 0 179
153 16 167 20 0 539
54 52 66 46 0 399
189 102 173 104 0 1499
70 59 83 64 0 779
45 194 53 184 0 1579
43 60 36 71 0 1059
149 4 156 15 0 659
93 64 95 48 0 699
47 126 32 123 0 939
84 72 87 57 0 1559
35 20 21 24 0 99
26 234 27 217 0 1999
152 3 160 13 0 779
160 12 150 20 0 799
155 66 169 62 0 1659
6 175 14 185 0 1379
45 44 56 51 0 859
56 82 60 96 0 1959
72 22 84 28 0 1279
72 89 66 100 0 1199
32 93 20 87 0 1339
85 81 87 66 0 659
52 40 36 38 0 119
179 91 177 75 0 999
177 76 175 60 0 1019
80 213 95 216 0 1539
34 29 49 32 0 1419
38 19 25 24 0 299
162 91 173 84 0 1099
23 53 17 65 0 919
50 17 50 35 0 139
34 48 26 58 0 519
5 49 3 33 0 599
56 22 60 35 0 579
205 123 190 125 0 1459
121 10 134 5 0 1739
236 85 248 79 0 1979
173 89 184 82 0 1279
90 42 82 52 0 559
65 9 64 26 0 1279
1 17 6 30 0 39
111 58 115 44 0 899
12 8 9 23 0 39
77 66 73 80 0 1459
104 227 116 221 0 1739
43 124 28 121 0 939
20 102 21 86 0 1539
26 159 38 165 0 1219
64 226 49 229 0 1519
34 31 20 35 0 1459
45 26 29 24 0 1779
38 274 28 266 0 1639
66 61 52 65 0 1419
15 66 15 48 0 1179
13 32 2 39 0 219
123 45 115 55 0 519
149 14 147 30 0 1419
1 63 7 74 0 499
82 152 88 164 0 1199
90 30 90 48 0 1719
26 173 33 184 0 779
101 84 102 67 0 1859
68 9 52 7 0 579
67 151 61 163 0 1679
102 41 97 54 0 1819
23 82 29 94 0 259
25 26 11 22 0 699
108 44 102 32 0 1879
114 125 101 130 0 1539
15 4 31 6 0 579
119 82 132 87 0 1979
119 5 134 2 0 1959
23 83 21 99 0 1519
142 10 155 15 0 1999
145 31 132 26 0 959
111 48 99 54 0 1699
16 77 7 86 0 1179
97 91 94 76 0 1759
69 87 84 90 0 519
32 60 19 55 0 279
26 152 15 159 0 1759
30 17 15 20 0 99
199 7 208 16 0 1759
11 84 11 102 0 1299
16 1 8 11 0 179
89 236 95 248 0 1859
73 22 66 11 0 259
66 12 78 18 0 279
181 95 184 110 0 1319
63 17 73 9 0 319
19 63 19 81 0 279
91 145 83 135 0 1159
207 95 219 101 0 1919
97 43 105 53 0 559
84 35 98 31 0 419
62 17 49 22 0 1939
38 137 36 153 0 739
83 84 99 86 0 899
99 10 110 17 0 499
36 136 30 124 0 1239
99 75 114 78 0 1599
38 59 21 60 0 139
30 78 19 84 0 1019
26 22 13 27 0 239
25 40 25 57 0 759
118 179 130 185 0 1939
57 121 48 112 0 1879
39 19 38 2 0 519
35 89 34 106 0 559
129 35 143 31 0 719
22 134 22 116 0 1039
148 76 158 68 0 1559
93 40 96 25 0 699
32 22 41 31 0 319
49 11 59 3 0 999
15 5 21 17 0 39
27 65 32 52 0 1719
51 69 49 85 0 1999
36 23 23 28 0 1419
99 37 89 44 0 459
74 32 74 50 0 919
5 25 11 14 0 1619
8 39 22 35 0 139
3 256 13 264 0 1819
45 33 43 49 0 1079
141 13 150 22 0 1039
8 105 5 120 0 379
22 259 29 270 0 1739
79 37 66 42 0 799
196 120 190 108 0 1439
48 15 65 14 0 179
130 59 146 57 0 779
29 17 22 28 0 399
45 65 37 55 0 239
53 13 41 19 0 759
220 66 227 56 0 1859
44 187 42 203 0 1899
188 26 199 19 0 1279
31 66 31 83 0 1279
12 71 28 69 0 379
67 35 67 53 0 719
58 17 64 29 0 819
85 1 86 18 0 1199
165 30 170 42 0 1399
44 18 51 29 0 1679
49 110 61 116 0 1059
14 100 6 110 0 1159
87 74 87 92 0 1819
76 73 77 89 0 1399
13 82 24 75 0 339
56 42 56 24 0 1119
20 15 18 31 0 59
16 184 19 199 0 1519
80 88 89 97 0 799
0 1 11 8 0 19
138 102 136 118 0 719
10 38 21 45 0 119
130 8 131 25 0 1599
26 49 9 48 0 659
153 22 169 24 0 1619
115 16 110 29 0 379
184 11 180 25 0 1259
45 75 29 77 0 759
214 161 211 176 0 1979
233 118 248 121 0 1579
43 129 51 139 0 1599
38 120 32 132 0 1159
60 96 63 81 0 1759
39 5 48 14 0 959
5 12 0 0 0 39
26 143 22 129 0 1379
26 60 28 45 0 379
17 239 24 250 0 1999
146 19 143 5 0 1999
123 170 121 186 0 1979
49 25 38 32 0 679
32 45 38 56 0 1799
32 16 17 13 0 599
25 92 29 105 0 599
13 5 20 16 0 119
85 127 69 129 0 719
82 88 78 74 0 1119
55 75 61 87 0 759
45 54 49 40 0 1059
66 43 56 51 0 1619
25 169 19 181 0 1279
24 68 36 62 0 399
16 141 31 144 0 1979
166 53 149 52 0 1179
29 117 20 126 0 1399
37 32 35 48 0 219
31 25 44 30 0 1199
96 168 98 152 0 1759
44 11 45 28 0 699
197 113 189 103 0 1479
36 43 49 48 0 699
66 56 80 60 0 719
129 17 114 14 0 1799
40 8 53 3 0 1239
35 4 29 16 0 499
183 236 167 234 0 1579
32 33 19 28 0 179
118 59 117 42 0 1979
37 106 22 104 0 559
11 22 6 9 0 259
118 60 124 48 0 1959
28 25 20 35 0 139
72 96 80 106 0 759
31 176 18 181 0 1179
21 50 24 65 0 899
26 49 37 55 0 439
128 81 145 80 0 1019
3 55 2 38 0 279
33 183 50 184 0 799
34 23 22 17 0 499
50 118 61 125 0 1439
15 121 19 107 0 1479
9 71 9 53 0 1079
44 25 27 26 0 1779
29 156 25 170 0 1259
44 41 30 45 0 939
159 184 155 170 0 1819
17 127 31 124 0 979
60 111 55 98 0 979
35 77 31 91 0 1079
44 16 52 25 0 379
194 8 205 1 0 1599
20 144 36 142 0 1079
26 26 23 11 0 1839
21 22 21 4 0 219
48 33 57 24 0 459
2 141 0 157 0 1619
50 17 45 4 0 459
37 70 43 58 0 419
13 71 28 69 0 259
25 25 10 28 0 1679
184 17 188 4 0 1319
61 124 72 117 0 1459
157 41 151 29 0 1879
7 78 5 94 0 1379
63 115 47 113 0 1799
38 239 29 230 0 1939
38 27 32 15 0 459
41 89 54 94 0 679
29 202 25 216 0 1419
105 75 114 66 0 919
72 30 81 39 0 559
67 81 71 95 0 959
38 143 49 150 0 1259
162 99 157 112 0 979
21 84 23 69 0 1559
23 72 33 79 0 239
14 80 8 68 0 1159
13 69 22 78 0 999
44 261 38 273 0 1619
46 111 42 97 0 1539
95 16 88 27 0 619
28 31 12 33 0 499
21 8 10 1 0 59
147 28 137 20 0 1259
0 1 2 17 0 19
0 59 6 47 0 1499
29 35 36 24 0 1399
19 34 20 51 0 459
113 67 107 79 0 1079
18 49 29 55 0 519
10 37 11 54 0 219
23 32 10 27 0 379
96 140 100 154 0 1359
29 28 12 29 0 179
69 157 78 148 0 1559
53 109 55 125 0 799
29 171 14 168 0 1479
67 59 79 65 0 519
8 10 15 21 0 39
122 216 113 225 0 1599
35 57 28 46 0 1159
9 248 17 238 0 1979
86 19 81 32 0 659
35 15 51 17 0 679
10 8 10 26 0 39
21 40 37 38 0 299
7 105 23 103 0 1159
18 4 24 16 0 199
24 17 8 15 0 219
24 65 14 73 0 779
106 60 109 75 0 919
19 56 30 49 0 299
26 11 12 7 0 59
138 38 138 20 0 1559
145 47 131 51 0 1039
27 22 28 5 0 99
153 33 158 46 0 1079
17 11 13 25 0 399
86 20 74 26 0 1639
106 30 107 46 0 419
153 122 164 129 0 779
48 34 54 46 0 1359
95 48 95 66 0 1259
124 143 112 149 0 1539
205 141 209 127 0 959
33 69 28 82 0 519
30 34 19 41 0 919
49 26 59 18 0 499
10 11 5 24 0 1459
52 36 37 38 0 1139
20 103 12 113 0 1859
12 27 13 44 0 59
204 59 208 45 0 1379
9 79 7 94 0 1619
37 158 24 163 0 1859
45 201 50 214 0 1639
40 107 25 109 0 439
53 97 45 87 0 799
146 282 148 298 0 1959
27 82 14 77 0 699
49 44 56 33 0 659
168 125 178 133 0 1739
113 15 104 24 0 799
77 59 90 63 0 1939
35 23 21 19 0 1519
199 94 195 80 0 1979
102 122 102 140 0 1479
26 101 25 84 0 1619
97 110 97 92 0 1739
111 148 102 139 0 1299
31 96 43 102 0 1539
19 151 23 165 0 1079
48 273 53 286 0 1619
53 39 58 26 0 439
55 160 52 175 0 1139
59 44 47 38 0 819
7 34 24 33 0 619
36 194 41 207 0 1199
41 206 34 195 0 1219
28 63 38 55 0 739
0 1 1 18 0 19
24 154 17 165 0 1839
33 138 41 148 0 1899
123 21 119 8 0 539
101 40 86 43 0 1059
73 240 79 252 0 1099
55 124 47 134 0 979
9 9 20 16 0 39
45 14 44 31 0 779
25 195 35 187 0 1439
35 186 46 193 0 1459
147 35 159 29 0 1119
79 53 94 56 0 479
213 38 223 46 0 1659
20 86 20 104 0 1359
57 22 43 25 0 479
24 86 27 71 0 1639
16 23 28 29 0 59
28 180 29 164 0 1619
50 95 58 85 0 1739
40 62 25 59 0 559
73 59 72 76 0 959
13 58 20 47 0 339
122 51 124 36 0 1759
18 131 3 128 0 1739
14 40 31 41 0 399
43 63 49 75 0 719
39 96 35 110 0 1979
50 83 45 96 0 1939
49 39 48 22 0 439
9 112 2 101 0 1859
171 40 156 43 0 859
28 172 35 183 0 1159
80 37 74 25 0 419
42 96 26 94 0 1319
50 31 65 34 0 1779
68 75 78 67 0 1539
52 110 40 116 0 399
17 8 31 4 0 819
21 1 21 19 0 79
66 1 66 19 0 1219
59 71 54 84 0 1919
25 1 40 3 0 99
39 4 28 10 0 119
13 69 9 55 0 1039
49 24 36 19 0 1419
48 43 53 55 0 759
12 53 17 66 0 419
62 85 55 74 0 739
22 71 22 53 0 699
24 35 20 21 0 259
28 14 20 24 0 839
8 30 0 39 0 1459
39 211 34 198 0 1839
14 39 24 47 0 339
24 46 12 40 0 359
91 6 98 17 0 939
37 24 26 31 0 299
30 42 28 58 0 199
52 103 50 87 0 1259
6 29 21 32 0 99
239 121 244 108 0 1839
70 50 69 33 0 1999
15 13 13 28 0 59
20 4 25 17 0 79
26 64 24 80 0 559
59 104 55 118 0 899
176 121 169 132 0 1219
113 73 124 80 0 919
49 151 33 149 0 1279
66 47 54 53 0 379
43 43 35 53 0 1159
59 40 74 37 0 459
20 18 29 27 0 1519
142 107 126 105 0 1819
25 269 12 274 0 1999
32 92 32 110 0 879
155 27 160 14 0 1719
54 11 54 29 0 419
23 12 37 8 0 1459
72 103 74 87 0 859
5 64 16 71 0 1659
66 19 63 5 0 639
88 108 88 126 0 919
92 119 88 133 0 1379
15 39 0 37 0 179
90 66 82 76 0 919
183 43 172 50 0 999
65 135 73 145 0 1679
20 20 11 11 0 639
163 30 165 46 0 1539
7 58 18 51 0 1059
27 23 37 31 0 199
40 44 45 57 0 1799
50 35 42 45 0 459
102 59 90 65 0 899
36 33 39 47 0 479
171 9 183 15 0 1519
119 51 125 63 0 639
0 1 2 17 0 19
26 70 15 77 0 879
29 1 22 12 0 359
42 202 48 214 0 1919
20 36 8 42 0 559
116 101 131 104 0 979
70 142 55 139 0 1119
88 113 71 114 0 1499
88 132 82 144 0 1399
19 143 19 161 0 1919
52 176 38 180 0 1159
52 120 69 121 0 1639
51 16 50 0 0 279
150 28 150 10 0 1039
40 25 51 18 0 219
60 73 70 65 0 499
39 38 38 21 0 1059
67 144 78 151 0 699
63 37 65 52 0 1299
238 120 237 137 0 1799
94 55 111 56 0 1899
13 62 21 72 0 1779
33 6 33 24 0 1339
150 55 166 53 0 1219
87 73 78 82 0 919
20 153 28 143 0 1739
28 142 38 150 0 1759
38 149 38 131 0 1779
41 42 41 24 0 1899
29 52 28 35 0 379
64 14 79 11 0 279
86 24 94 34 0 599
32 102 40 112 0 1879
96 95 84 89 0 1779
17 89 23 77 0 1079
38 109 54 111 0 1939
1 117 5 131 0 1759
14 35 16 19 0 619
43 125 45 109 0 1999
54 47 47 58 0 1379
10 10 19 19 0 39
102 251 119 252 0 1419
33 20 33 37 0 79
86 22 94 32 0 879
44 50 56 44 0 399
13 48 22 39 0 939
31 16 34 1 0 99
111 131 98 126 0 1079
187 50 187 32 0 1659
28 117 11 116 0 1299
17 19 2 16 0 239
17 87 21 101 0 839
8 4 3 17 0 279
21 50 6 47 0 99
157 98 160 113 0 1219
89 51 82 62 0 1119
20 73 17 88 0 819
40 31 31 40 0 819
214 82 210 68 0 1279
29 63 46 62 0 319
23 136 40 137 0 1899
34 5 44 13 0 459
3 19 5 35 0 79
35 36 33 20 0 1379
49 49 35 53 0 319
217 98 216 115 0 1779
57 100 40 101 0 939
47 54 59 60 0 1019
47 73 33 69 0 1759
16 135 9 146 0 1419
51 112 35 114 0 499
78 41 69 50 0 1339
20 137 31 130 0 1659
49 10 55 22 0 699
0 1 1 18 0 19
38 21 52 25 0 739
71 37 58 42 0 1599
3 38 16 33 0 139
25 1 19 13 0 79
33 158 23 150 0 1699
167 235 152 238 0 1599
52 5 41 12 0 339
55 83 64 92 0 879
64 93 54 85 0 899
54 84 71 83 0 919
210 111 210 93 0 1019
121 31 113 41 0 1519
27 48 43 50 0 1139
156 45 171 48 0 1619
122 36 110 30 0 1479
55 47 63 37 0 1039
63 36 51 30 0 1059
34 73 35 90 0 1979
96 17 84 12 0 479
27 61 33 73 0 1119
33 19 33 37 0 1399
58 178 55 164 0 1379
53 40 68 37 0 1179
146 113 159 108 0 1299
10 23 10 5 0 99
12 36 20 26 0 319
54 35 70 37 0 1259
49 54 51 70 0 1979
18 62 6 56 0 1719
18 40 12 52 0 399
14 52 4 60 0 559
21 12 19 28 0 139
49 62 62 57 0 1179
17 61 24 50 0 279
33 36 32 19 0 1419
4 64 6 80 0 959
49 153 39 145 0 1679
7 24 24 25 0 179
51 100 58 111 0 859
10 92 25 90 0 579
55 47 72 48 0 999
51 78 34 79 0 499
131 26 116 23 0 1619
51 143 65 139 0 1319
4 21 14 13 0 1619
104 157 109 144 0 1659
12 6 25 11 0 39
96 116 85 123 0 1959
29 15 34 2 0 719
3 54 12 45 0 659
19 46 2 45 0 1739
189 0 172 1 0 1459
20 18 20 0 0 1599
138 37 140 53 0 1419
121 211 124 196 0 1639
64 14 66 30 0 1279
71 41 66 54 0 719
25 23 19 11 0 1079
85 63 96 69 0 459
20 22 37 23 0 279
130 88 147 87 0 999
132 10 140 0 0 1519
51 29 50 45 0 1019
37 18 36 2 0 1999
95 233 95 251 0 1799
105 77 100 90 0 1799
89 29 105 31 0 399
29 17 34 4 0 439
24 13 32 23 0 99
32 24 42 16 0 119
25 97 28 82 0 1399
6 24 5 7 0 1399
90 112 104 108 0 1399
42 84 40 100 0 359
33 210 29 196 0 1899
25 200 26 217 0 1379
16 58 16 76 0 759
37 102 24 97 0 1459
48 42 55 53 0 1839
67 135 62 148 0 519
45 16 36 7 0 339
36 8 44 18 0 359
47 142 55 152 0 1259
15 136 19 122 0 619
16 21 15 38 0 59
57 74 67 66 0 539
49 40 65 42 0 459
103 117 95 107 0 1079
144 23 157 18 0 1539
18 10 14 24 0 159
74 39 88 35 0 539
89 98 88 115 0 819
80 107 80 89 0 779
189 179 189 197 0 1879
4 16 1 1 0 39
37 49 33 63 0 839
54 158 66 152 0 1639
13 156 21 146 0 819
31 96 36 83 0 1419
19 81 34 84 0 1239
35 50 51 48 0 859
53 68 38 71 0 1499
122 35 131 26 0 779
132 27 146 30 0 799
2 65 5 80 0 339
61 110 56 123 0 1499
2 100 17 97 0 1879
123 25 123 43 0 1639
149 54 164 51 0 899
22 84 11 77 0 1799
78 53 73 40 0 1779
42 151 51 142 0 1299
75 36 86 30 0 479
54 48 60 36 0 1279
146 1 140 13 0 1019
34 44 29 57 0 959
29 16 21 26 0 99
165 47 165 29 0 1559
34 49 29 36 0 1259
25 69 31 81 0 1239
155 44 156 27 0 1139
37 30 33 16 0 1339
1 91 12 98 0 959
231 89 237 77 0 1719
82 146 71 152 0 659
42 58 35 69 0 1199
55 46 44 39 0 1139
13 77 10 92 0 1599
29 29 16 33 0 339
25 163 13 157 0 799
126 13 112 17 0 1339
40 121 51 114 0 1299
136 88 137 105 0 1359
30 47 24 35 0 259
87 66 83 80 0 619
111 37 95 39 0 1039
154 35 142 41 0 1459
72 3 74 19 0 1219
0 22 10 30 0 79
21 89 19 105 0 479
127 47 122 34 0 1719
196 24 186 16 0 1399
86 19 100 15 0 699
185 78 196 71 0 1179
42 98 37 111 0 1599
31 175 37 163 0 1319
153 14 170 15 0 1659
23 157 11 163 0 1359
59 36 60 53 0 459
39 8 22 7 0 899
142 33 144 49 0 1859
38 44 36 28 0 879
46 124 34 130 0 839
22 123 29 112 0 1259
28 130 44 128 0 1839
18 36 35 37 0 79
36 84 43 73 0 1439
73 32 64 23 0 979
6 29 6 11 0 59
163 32 162 16 0 1919
162 17 146 19 0 1939
136 28 127 20 0 1459
159 24 164 37 0 1979
164 38 164 56 0 1999
192 104 184 94 0 1879
17 20 13 34 0 259
91 0 96 13 0 819
24 15 37 20 0 419
24 27 10 23 0 299
0 40 15 43 0 119
68 34 81 39 0 1279
6 12 5 29 0 79
136 1 136 19 0 1379
26 51 13 56 0 299
39 96 42 81 0 739
11 72 7 58 0 1099
60 102 61 85 0 1559
91 91 94 106 0 1039
4 24 12 34 0 79
210 86 195 89 0 1919
171 17 182 10 0 1199
16 34 33 35 0 359
16 55 26 47 0 819
53 260 37 258 0 1299
101 18 112 12 0 399
221 169 216 156 0 1639
66 43 63 58 0 459
92 164 91 147 0 1119
46 93 63 94 0 1219
182 85 167 88 0 1299
80 49 90 41 0 539
154 23 148 35 0 739
36 115 39 130 0 659
214 140 202 134 0 1679
74 57 75 40 0 619
60 154 45 157 0 719
45 2 62 1 0 459
9 9 0 0 0 79
100 48 95 60 0 699
85 71 78 82 0 1879
158 39 145 44 0 1179
104 93 113 84 0 1219
216 155 214 139 0 1659
23 114 38 117 0 1459
14 205 31 206 0 1419
141 62 149 52 0 979
96 51 86 59 0 859
134 6 143 15 0 1759
69 8 86 9 0 979
26 122 35 113 0 1199
34 32 34 50 0 199
201 141 197 127 0 1719
37 179 21 177 0 1319
81 37 77 23 0 359
20 36 6 40 0 159
80 67 80 49 0 1779
39 41 54 44 0 799
71 56 65 68 0 1659
49 176 65 174 0 1419
7 80 16 71 0 1139
56 77 48 87 0 1579
45 63 39 74 0 339
0 1 8 11 0 19
19 20 7 25 0 159
56 105 62 117 0 1539
9 31 3 20 0 59
189 164 200 157 0 1539
244 52 239 65 0 1799
26 42 21 29 0 239
142 62 144 46 0 679
46 10 34 5 0 659
45 148 39 136 0 899
34 96 50 94 0 799
75 79 64 86 0 1399
244 90 246 74 0 1879
166 12 154 18 0 1079
228 133 224 119 0 1899
0 1 9 10 0 19
112 63 117 76 0 659
14 15 16 31 0 179
10 133 5 121 0 1119
119 7 119 25 0 559
21 73 9 79 0 399
17 1 20 16 0 279
5 19 11 8 0 1059
27 70 42 67 0 179
11 12 6 25 0 1379
35 95 34 112 0 879
34 109 19 106 0 1699
60 26 58 10 0 1879
59 76 67 66 0 1059
36 132 20 130 0 1599
7 11 22 14 0 39
24 129 8 127 0 1579
53 93 45 103 0 1599
57 40 64 51 0 259
57 162 64 151 0 1859
33 78 37 64 0 419
19 35 19 53 0 199
13 10 8 22 0 79
60 12 43 13 0 1399
49 109 52 94 0 1159
28 53 42 57 0 1179
13 83 14 100 0 1959
100 102 114 98 0 839
57 104 51 93 0 359
57 81 51 69 0 639
145 28 147 12 0 1979
35 147 49 151 0 1199
76 111 62 115 0 779
144 95 156 89 0 939
81 67 74 56 0 599
26 127 17 136 0 1699
12 57 9 72 0 1059
227 86 210 85 0 1899
20 127 25 114 0 1419
93 61 103 53 0 759
12 32 0 26 0 519
12 15 0 21 0 299
0 22 3 7 0 319
91 44 91 62 0 819
34 3 50 1 0 499
137 25 153 23 0 1599
8 29 19 22 0 59
35 47 37 31 0 1999
31 36 25 47 0 439
24 51 36 57 0 539
70 48 63 37 0 719
30 37 22 27 0 499
39 86 37 71 0 399
39 43 31 53 0 759
22 26 31 17 0 559
31 16 23 26 0 579
16 27 25 18 0 779
28 16 44 17 0 619
57 97 65 87 0 719
36 30 33 44 0 899
67 35 52 32 0 1559
33 4 29 18 0 1419
21 34 24 49 0 99
21 141 32 148 0 919
94 206 101 217 0 1959
42 79 46 93 0 259
27 83 34 94 0 1199
52 45 37 48 0 819
20 28 37 29 0 1519
1 12 7 1 0 599
66 44 49 45 0 1839
61 13 66 0 0 1199
29 9 28 26 0 119
221 107 214 96 0 1839
31 27 18 32 0 399
34 23 17 22 0 979
30 9 19 2 0 259
29 45 15 49 0 159
8 43 7 59 0 1039
4 20 21 21 0 199
48 249 43 262 0 1699
83 84 87 98 0 579
103 21 115 15 0 719
137 37 125 43 0 879
92 54 96 40 0 1719
290 142 305 145 0 1799
48 102 33 99 0 359
31 51 20 58 0 519
152 7 141 14 0 619
27 112 35 122 0 1259
101 95 84 96 0 639
27 32 31 18 0 1019
17 125 25 135 0 1319
88 4 84 18 0 1199
201 131 203 147 0 1799
2 44 15 49 0 1759
22 40 12 32 0 239
7 66 18 59 0 619
9 119 24 122 0 999
12 157 17 170 0 1459
30 17 30 35 0 259
91 51 85 63 0 1199
29 123 14 126 0 639
105 23 109 9 0 1199
5 159 3 143 0 1559
3 144 3 126 0 1579
230 186 217 191 0 1639
74 48 86 43 0 1339
15 43 7 33 0 559
122 97 117 109 0 1119
3 3 16 8 0 79
20 89 19 72 0 1579
13 43 29 41 0 1319
2 130 6 117 0 1739
23 58 21 42 0 1459
3 18 9 29 0 39
188 29 184 42 0 1319
9 128 11 112 0 1819
11 111 14 126 0 1839
38 30 52 26 0 239
43 21 37 9 0 119
51 74 41 82 0 1539
117 77 132 80 0 679
28 139 44 137 0 1939
159 15 159 33 0 1919
14 20 11 34 0 379
132 277 146 281 0 1939
0 1 5 14 0 19
66 3 75 12 0 579
29 98 42 93 0 499
174 108 180 96 0 1559
77 47 79 31 0 839
38 5 40 20 0 119
56 75 67 68 0 1379
50 14 59 23 0 159
5 73 0 86 0 1279
55 7 59 21 0 199
195 132 195 149 0 1399
77 9 75 25 0 1879
105 277 108 262 0 1799
54 50 55 33 0 279
135 53 122 58 0 1159
36 88 27 97 0 879
0 1 4 15 0 19
66 48 61 61 0 1359
220 53 217 68 0 1939
105 65 105 47 0 399
94 78 84 86 0 1319
119 21 124 34 0 839
15 33 8 22 0 119
77 73 60 72 0 959
53 27 36 26 0 599
39 44 29 36 0 1379
9 11 12 26 0 39
93 135 92 152 0 1239
115 87 121 99 0 1799
59 24 65 12 0 1139
103 68 90 63 0 619
84 13 67 12 0 1339
159 48 169 56 0 1699
67 35 53 39 0 1159
65 15 67 31 0 199
88 35 88 17 0 1259
100 16 117 15 0 719
9 38 2 27 0 379
12 89 6 101 0 1819
150 20 161 26 0 1059
39 27 37 43 0 119
58 25 53 38 0 1819
18 19 20 3 0 59
79 69 81 53 0 879
19 15 4 18 0 1039
192 91 176 93 0 1379
8 34 10 50 0 119
12 29 29 30 0 859
178 17 163 14 0 1859
33 29 17 31 0 1239
28 140 19 131 0 1359
103 54 108 41 0 779
30 72 20 64 0 399
29 2 23 14 0 1419
32 251 15 252 0 1779
76 19 60 17 0 1659
54 87 39 90 0 1499
118 114 121 129 0 1159
19 42 25 54 0 619
18 33 9 24 0 419
25 134 8 135 0 1339
80 58 80 76 0 839
96 135 97 152 0 1259
87 53 71 51 0 1239
46 64 44 48 0 1559
12 5 5 15 0 39
65 80 55 88 0 1499
178 37 192 41 0 1299
119 83 129 75 0 1799
0 1 0 19 0 19
76 258 69 269 0 1599
110 184 117 173 0 1439
22 77 6 76 0 559
21 71 30 62 0 1799
74 52 80 41 0 1699
108 160 112 174 0 1519
19 162 11 153 0 1359
12 79 15 93 0 599
154 26 139 29 0 1759
66 73 67 56 0 819
65 33 50 36 0 1799
85 41 89 55 0 1079
13 45 12 62 0 279
25 54 24 37 0 259
166 18 169 3 0 1839
73 58 57 57 0 1279
103 102 100 87 0 1819
89 164 93 150 0 1859
69 30 65 16 0 259
35 31 50 28 0 999
26 125 36 133 0 1579
19 161 21 145 0 1079
22 58 6 56 0 1519
122 246 124 230 0 1879
124 229 120 243 0 1899
2 12 5 27 0 79
87 94 97 86 0 1419
85 151 75 159 0 1359
87 226 100 221 0 1979
43 146 36 135 0 1219
26 61 32 49 0 899
165 13 177 7 0 1279
12 6 12 24 0 119
21 50 18 65 0 179
242 103 250 113 0 1699
118 84 129 77 0 839
19 19 8 12 0 319
99 109 103 95 0 1119
23 65 14 74 0 319
82 80 65 79 0 1479
205 2 205 20 0 1619
0 1 5 14 0 19
18 15 1 14 0 179
7 11 7 29 0 39
27 23 27 40 0 299
26 109 21 96 0 1819
78 26 95 27 0 439
33 9 30 24 0 359
170 43 158 49 0 1419
20 60 18 76 0 359
65 151 77 145 0 1799
43 26 38 13 0 579
53 58 36 59 0 1139
6 61 20 65 0 1659
43 15 50 4 0 1759
36 84 41 96 0 1499
17 36 28 29 0 539
77 26 60 25 0 1859
37 102 49 108 0 1139
38 12 27 5 0 599
27 4 30 19 0 619
51 53 51 35 0 519
22 111 17 124 0 1819
11 33 27 35 0 399
48 167 43 154 0 1979
40 50 53 55 0 479
125 59 139 55 0 1079
35 46 21 50 0 419
13 56 30 55 0 139
70 121 65 108 0 1139
29 18 26 33 0 179
137 12 135 28 0 1819
14 8 23 17 0 159
109 83 116 73 0 1019
59 81 68 72 0 1079
108 43 123 46 0 499
48 18 40 8 0 1359
66 74 75 83 0 959
13 160 3 168 0 1659
87 75 95 65 0 999
95 64 89 76 0 1019
89 77 89 59 0 1039
27 19 13 15 0 279
88 142 101 137 0 1639
74 79 82 89 0 1099
117 40 106 34 0 1679
78 75 68 67 0 1139
196 70 196 52 0 1199
45 47 38 36 0 559
69 67 75 55 0 1199
80 104 73 115 0 959
70 45 82 51 0 339
22 29 37 26 0 659
26 158 25 175 0 1199
44 47 47 32 0 379
109 110 107 126 0 1099
49 28 61 34 0 1339
144 112 127 111 0 1079
20 20 24 34 0 239
184 38 175 46 0 859
144 39 161 38 0 1259
74 11 76 27 0 1099
36 188 46 196 0 1679
5 41 13 31 0 1959
17 99 29 105 0 1239
46 29 60 25 0 699
100 38 90 46 0 839
7 17 19 11 0 959
25 110 15 102 0 459
100 24 94 12 0 1119
135 32 123 26 0 1619
2 11 18 9 0 219
17 104 11 93 0 559
14 12 12 28 0 359
227 126 238 119 0 1779
84 17 100 19 0 379
51 125 44 114 0 679
104 76 120 74 0 1759
168 201 153 198 0 1779
83 179 83 161 0 1759
136 18 149 13 0 1399
4 230 10 241 0 1859
178 85 167 78 0 1539
28 12 45 11 0 639
171 144 160 137 0 1339
61 60 59 44 0 219
0 1 7 12 0 19
31 119 21 112 0 539
18 13 32 9 0 499
68 122 57 129 0 1999
95 59 108 64 0 719
21 16 32 9 0 59
39 65 31 75 0 959
72 10 70 26 0 999
1 14 15 11 0 559
76 280 63 285 0 1999
8 23 5 38 0 139
5 39 20 36 0 159
89 89 80 80 0 799
19 125 18 108 0 1319
27 109 32 96 0 599
128 167 145 166 0 1899
13 6 21 16 0 179
115 68 129 64 0 1859
187 84 202 87 0 1219
26 47 18 37 0 659
21 52 31 44 0 339
95 85 90 72 0 1199
141 105 147 93 0 1359
38 26 41 41 0 399
41 40 55 36 0 419
12 37 7 50 0 219
89 49 89 67 0 1159
72 76 89 77 0 1599
67 13 54 18 0 1919
78 153 64 149 0 979
62 37 72 45 0 899
117 147 115 163 0 1959
32 14 30 30 0 599
155 35 141 38 0 1219
40 46 44 59 0 619
119 142 119 160 0 1259
38 69 31 58 0 659
35 47 22 52 0 239
127 81 112 78 0 1519
45 75 62 74 0 719
103 73 95 82 0 499
47 98 61 94 0 1499
43 104 44 121 0 459
30 38 16 34 0 1639
157 20 162 33 0 1619
8 43 3 30 0 699
21 36 36 33 0 219
7 4 5 20 0 99
47 72 35 66 0 1819
34 94 34 76 0 919
47 37 38 28 0 439
48 111 40 101 0 619
31 76 28 91 0 979
18 117 22 103 0 699
89 3 99 11 0 479
4 27 9 40 0 99
54 39 69 42 0 139
9 132 5 118 0 1699
20 2 20 20 0 79
12 61 12 79 0 1619
25 86 40 89 0 1419
17 127 8 118 0 1159
0 1 3 16 0 19
52 41 66 45 0 1819
46 182 48 166 0 1959
0 1 14 5 0 59
51 36 41 44 0 779
82 37 80 22 0 719
79 80 87 90 0 779
63 14 62 31 0 259
67 70 54 75 0 1059
19 183 34 180 0 1599
15 22 17 38 0 819
5 40 22 39 0 219
75 48 67 58 0 499
34 7 24 15 0 99
129 49 129 67 0 799
27 105 15 111 0 1479
87 50 81 38 0 1219
41 27 39 43 0 839
150 21 165 24 0 819
22 115 8 118 0 1279
24 23 29 36 0 1179
1 30 1 12 0 99
84 16 84 34 0 1519
25 58 39 54 0 1179
34 83 45 76 0 1259
62 26 62 8 0 479
7 136 2 148 0 1359
20 24 20 42 0 119
49 49 40 58 0 1759
29 55 36 44 0 1759
232 44 232 26 0 1879
10 8 14 22 0 39
23 34 33 42 0 1819
35 28 44 37 0 1819
30 27 25 14 0 1859
36 20 44 10 0 1439
203 148 202 165 0 1819
35 62 48 67 0 1939
174 167 180 155 0 1939
23 6 36 11 0 339
73 140 77 154 0 1179
40 57 28 51 0 459
42 99 32 91 0 859
72 19 80 29 0 859
24 13 24 31 0 59
113 224 116 239 0 1619
38 27 26 21 0 99
135 33 135 51 0 439
20 230 3 229 0 1839
191 61 201 69 0 1279
20 64 20 46 0 919
62 129 70 119 0 1099
20 56 32 62 0 1319
31 101 27 87 0 1359
17 55 0 54 0 679
84 35 67 36 0 1539
18 117 22 103 0 1659
168 52 156 58 0 1479
25 252 25 270 0 1979
102 84 118 82 0 719
16 53 15 36 0 379
102 1 108 13 0 1259
32 74 18 71 0 699
20 40 14 52 0 439
27 8 40 13 0 379
42 91 54 86 0 1479
33 51 35 36 0 499
57 8 44 3 0 539
56 132 54 116 0 1879
15 14 15 32 0 139
76 26 59 25 0 1119
27 74 39 79 0 319
45 5 45 23 0 479
0 85 11 92 0 1299
112 164 108 150 0 1959
86 35 93 45 0 1919
62 28 66 42 0 1639
83 64 86 49 0 579
2 21 18 19 0 139
28 124 30 140 0 679
3 39 14 46 0 119
13 149 21 140 0 899
33 197 30 183 0 1859
67 57 50 56 0 839
35 37 44 46 0 879
3 53 18 50 0 159
104 37 87 36 0 699
38 68 49 75 0 879
37 27 43 15 0 119
64 147 67 162 0 1099
20 57 15 44 0 539
40 7 40 25 0 1379
38 97 22 99 0 1019
22 100 28 88 0 1039
168 1 177 10 0 1739
71 4 56 7 0 1259
23 29 6 28 0 79
54 56 71 55 0 1639
50 14 50 32 0 559
36 44 51 41 0 1479
8 67 8 49 0 1179
58 84 43 81 0 1759
96 24 81 27 0 759
6 39 1 52 0 179
8 20 0 30 0 79
68 14 82 10 0 759
44 168 37 179 0 999
19 101 36 100 0 1319
13 122 24 128 0 1559
122 87 129 98 0 1299
12 98 18 86 0 1559
28 186 18 178 0 879
4 183 3 200 0 1219
121 271 104 272 0 1479
105 259 100 246 0 1159
81 84 67 80 0 939
40 61 51 68 0 419
98 60 113 57 0 559
17 30 8 21 0 1539
12 65 0 71 0 699
86 102 97 109 0 1719
10 18 26 16 0 1599
32 81 29 96 0 1059
59 19 65 31 0 1959
49 21 50 4 0 1639
23 6 10 1 0 59
184 128 187 143 0 1359
38 21 50 27 0 459
27 16 40 11 0 139
37 66 29 56 0 1739
163 90 168 103 0 1179
40 23 40 5 0 259
18 44 17 28 0 1819
77 46 73 60 0 619
11 91 23 97 0 1319
0 1 15 4 0 19
4 14 0 28 0 39
23 72 23 55 0 319
90 37 101 30 0 379
27 88 18 96 0 879
30 27 20 19 0 1979
67 123 65 107 0 1599
0 1 2 17 0 19
37 25 47 33 0 679
28 150 25 165 0 639
35 90 47 84 0 1539
6 36 4 52 0 719
34 52 21 57 0 679
140 103 147 114 0 1939
37 116 30 106 0 1479
49 12 61 6 0 739
1 19 14 14 0 199
37 65 29 55 0 439
13 30 4 38 0 239
39 123 28 116 0 479
18 97 11 86 0 899
121 33 126 46 0 679
69 151 81 157 0 1439
32 101 48 103 0 1459
5 79 11 67 0 359
16 9 28 15 0 819
16 20 13 5 0 319
9 78 6 63 0 419
111 147 124 142 0 1519
7 36 2 49 0 739
209 27 197 21 0 1679
32 43 20 37 0 499
7 186 1 174 0 1419
95 34 87 24 0 699
223 154 221 170 0 1619
0 1 15 4 0 19
84 17 88 31 0 1219
7 31 22 29 0 779
57 28 67 36 0 1259
35 14 38 29 0 659
82 64 84 80 0 1319
206 63 194 57 0 1339
49 47 50 64 0 719
22 34 11 41 0 399
53 50 42 56 0 759
47 115 55 125 0 1879
25 59 20 72 0 799
34 36 19 33 0 439
146 29 155 38 0 819
20 71 21 88 0 1499
32 45 21 38 0 1259
50 46 39 39 0 1039
23 83 20 68 0 919
52 82 35 83 0 1479
21 19 19 35 0 159
41 30 51 38 0 299
10 49 12 65 0 139
8 20 15 31 0 1559
15 39 28 34 0 639
32 91 35 76 0 1059
23 106 26 91 0 1419
6 13 20 16 0 39
85 106 81 92 0 659
11 13 21 21 0 519
47 31 49 47 0 399
88 26 86 10 0 1319
152 114 166 117 0 1419
73 146 90 147 0 1699
25 82 29 96 0 1819
67 30 73 18 0 219
205 75 206 58 0 1239
0 1 8 11 0 19
59 115 69 107 0 839
26 64 17 73 0 1159
107 111 111 97 0 879
59 25 49 33 0 1319
71 191 71 173 0 1519
50 173 60 181 0 1419
18 72 33 69 0 719
68 48 62 60 0 759
104 120 109 107 0 1879
49 106 59 114 0 299
59 244 59 261 0 1559
140 35 152 41 0 539
43 95 29 91 0 799
77 46 65 51 0 639
38 26 45 37 0 759
62 201 45 200 0 1619
63 125 77 121 0 1919
63 58 51 52 0 499
84 58 99 61 0 1039
14 76 6 66 0 719
0 1 7 12 0 19
25 22 33 31 0 359
26 268 24 253 0 1739
16 41 10 52 0 599
27 44 34 33 0 179
177 108 185 98 0 1139
51 58 50 41 0 659
19 242 9 234 0 1859
138 19 130 9 0 1579
2 4 6 17 0 699
60 149 56 163 0 1739
25 217 35 225 0 1439
77 40 83 28 0 1419
8 23 17 14 0 379
74 211 87 216 0 1299
30 56 19 63 0 439
9 11 4 24 0 39
39 37 54 40 0 119
85 96 100 93 0 1459
33 105 43 113 0 1039
32 141 45 136 0 859
43 19 54 12 0 1719
11 4 12 21 0 139
42 25 26 23 0 219
29 19 33 5 0 1319
305 144 319 140 0 1819
118 42 135 41 0 1639
92 3 99 13 0 1479
112 3 99 8 0 979
151 82 160 91 0 899
45 138 62 139 0 939
121 38 135 34 0 419
114 82 105 91 0 599
104 83 108 70 0 1079
110 51 105 64 0 379
35 80 23 86 0 419
20 30 20 48 0 239
12 112 0 118 0 559
42 37 57 39 0 239
72 55 75 40 0 1379
41 45 45 31 0 919
115 50 100 53 0 1139
104 182 93 175 0 919
95 67 105 75 0 1279
53 25 42 32 0 1959
25 57 20 44 0 199
218 8 218 26 0 1239
43 75 55 81 0 1039
65 129 67 145 0 679
67 98 75 108 0 659
147 159 147 177 0 1919
74 51 74 68 0 1479
103 96 104 79 0 1139
194 114 177 113 0 1039
39 24 39 6 0 379
63 186 74 179 0 819
39 18 35 32 0 459
28 154 12 156 0 1439
0 1 7 12 0 19
54 117 41 122 0 1219
119 28 129 36 0 699
15 35 16 18 0 119
106 181 121 179 0 959
73 42 82 51 0 1059
114 193 108 204 0 999
80 23 96 25 0 739
21 87 35 91 0 1519
20 68 27 79 0 319
2 57 13 50 0 299
32 49 35 63 0 1879
169 96 183 92 0 1419
10 56 11 39 0 1759
66 31 67 14 0 1899
8 48 14 60 0 239
74 200 74 218 0 1199
74 217 87 222 0 1219
46 233 39 222 0 1859
61 60 54 71 0 1379
12 125 26 121 0 1179
125 64 135 56 0 659
170 81 179 90 0 979
101 214 88 219 0 1339
90 47 103 42 0 699
85 234 102 235 0 1379
35 52 32 37 0 1179
18 28 2 30 0 319
71 1 85 5 0 599
51 16 35 14 0 659
17 96 5 90 0 1939
4 59 8 45 0 739
110 153 103 164 0 1619
155 21 142 25 0 939
28 101 34 113 0 699
18 32 27 23 0 79
88 9 102 5 0 899
69 270 73 256 0 1619
77 182 94 183 0 1499
29 41 25 55 0 839
22 34 22 16 0 359
70 18 73 3 0 1079
100 104 100 122 0 1879
30 33 13 34 0 219
27 239 12 236 0 1759
43 179 57 175 0 1759
80 69 89 60 0 1259
50 69 50 51 0 1419
37 225 46 234 0 1839
19 11 35 13 0 199
42 19 31 12 0 739
24 118 7 119 0 1319
16 100 11 87 0 1839
184 88 187 103 0 919
61 46 77 44 0 539
19 29 2 30 0 199
49 76 46 61 0 739
114 101 99 99 0 1879
42 92 32 84 0 519
48 20 46 4 0 319
20 30 32 36 0 79
29 40 29 58 0 259
41 81 26 78 0 639
122 83 139 84 0 1379
92 62 108 64 0 559
25 42 32 31 0 179
5 195 16 202 0 1039
60 35 45 32 0 1059
115 17 131 15 0 439
70 58 84 62 0 439
17 137 0 138 0 1479
31 112 16 109 0 1379
13 19 13 37 0 399
3 125 2 142 0 1599
25 33 40 36 0 359
176 7 166 15 0 1499
11 146 14 131 0 1539
148 110 140 100 0 1079
50 34 51 51 0 159
132 15 118 11 0 659
34 14 31 29 0 479
53 60 51 44 0 499
61 72 75 68 0 539
47 61 31 59 0 1399
40 54 44 68 0 759
47 40 53 52 0 379
60 36 56 22 0 599
44 16 56 22 0 639
14 14 31 15 0 79
6 27 18 33 0 179
82 69 75 79 0 279
34 130 38 144 0 1239
87 23 100 28 0 719
30 125 37 114 0 1259
9 24 12 39 0 59
59 35 67 25 0 679
37 63 37 45 0 1279
39 12 37 28 0 99
20 45 21 62 0 219
34 16 39 3 0 959
80 7 73 18 0 379
101 40 97 54 0 619
67 133 61 145 0 1999
19 125 27 135 0 1359
52 38 51 22 0 1699
10 29 21 22 0 219
12 28 26 32 0 719
0 1 12 7 0 19
155 81 150 94 0 1039
13 72 19 60 0 819
167 97 181 101 0 1079
181 100 178 115 0 1099
184 12 170 8 0 1399
38 114 24 110 0 1599
178 115 172 104 0 1159
117 113 128 106 0 1239
31 30 18 35 0 779
28 68 12 70 0 279
202 88 202 106 0 1239
51 57 47 71 0 519
29 54 33 68 0 499
20 72 27 83 0 679
8 126 18 118 0 1639
202 43 213 50 0 1339
213 51 204 60 0 1359
101 216 84 215 0 1979
25 49 25 31 0 1719
28 71 15 66 0 1619
33 77 42 86 0 1119
46 140 54 130 0 1759
19 71 12 60 0 1599
38 8 26 2 0 79
56 162 65 171 0 1759
196 29 194 45 0 1539
11 56 2 64 0 1199
20 97 17 112 0 1659
35 32 23 27 0 1519
88 142 94 130 0 1679
49 27 58 18 0 799
115 109 115 91 0 959
22 26 16 14 0 519
48 49 32 47 0 1779
193 31 207 35 0 1719
14 107 26 113 0 1859
75 39 71 53 0 1399
5 69 11 81 0 319
216 77 232 78 0 1799
42 95 33 104 0 1019
28 101 22 113 0 1259
54 10 40 6 0 159
227 55 219 65 0 1879
98 232 87 225 0 1959
23 73 22 90 0 559
28 106 44 108 0 1399
31 8 43 14 0 259
159 13 156 28 0 1439
13 27 14 44 0 159
11 51 21 44 0 659
17 82 12 69 0 1859
70 79 80 71 0 1939
21 95 19 111 0 1439
11 18 28 19 0 99
191 185 191 203 0 1959
37 59 31 71 0 1039
5 56 22 57 0 1219
47 118 48 101 0 339
2 50 5 65 0 759
284 62 278 50 0 1599
41 39 51 47 0 719
218 29 215 14 0 1419
16 18 9 29 0 159
25 10 8 9 0 59
41 30 25 28 0 579
16 38 27 45 0 159
29 31 29 49 0 879
59 71 64 84 0 239
46 125 49 140 0 1539
37 5 24 10 0 159
41 30 25 32 0 339
26 112 42 110 0 1759
30 141 25 154 0 699
77 51 66 57 0 499
41 101 45 115 0 479
19 132 25 144 0 1379
27 140 24 155 0 1899
33 48 47 44 0 259
104 34 110 22 0 639
74 67 79 80 0 619
39 6 26 1 0 1579
91 37 100 46 0 679
80 27 93 32 0 739
82 54 77 67 0 1439
124 60 124 42 0 719
142 40 126 38 0 1479
4 14 12 4 0 199
54 95 59 82 0 1059
42 38 51 47 0 359
107 109 118 102 0 1759
46 75 59 70 0 1899
80 55 82 71 0 259
115 89 100 86 0 879
40 197 43 182 0 1659
10 242 15 229 0 1839
66 97 71 84 0 819
83 163 83 145 0 639
53 165 66 160 0 1879
39 63 39 45 0 1359
21 31 37 33 0 119
89 145 77 151 0 1479
87 252 76 259 0 1579
61 91 58 76 0 1599
35 17 49 21 0 279
8 34 21 29 0 119
14 101 29 98 0 1539
27 91 24 106 0 399
25 236 15 228 0 1899
45 71 60 74 0 1799
59 108 58 91 0 739
24 30 33 21 0 119
31 50 28 65 0 1259
123 54 133 46 0 1979
29 97 20 88 0 1559
33 63 47 67 0 1359
116 87 116 69 0 1339
172 22 160 27 0 1899
216 114 232 112 0 1799
3 201 15 207 0 1239
10 131 13 116 0 1779
105 52 92 47 0 579
17 39 11 27 0 1279
171 101 181 94 0 1299
143 66 148 79 0 1499
25 100 19 112 0 1539
131 76 148 75 0 1539
108 69 123 66 0 1099
182 104 182 86 0 1279
93 132 102 123 0 1459
47 49 57 57 0 319
19 12 7 18 0 1099
95 66 93 50 0 1579
0 1 11 8 0 19
51 31 62 38 0 879
11 9 14 24 0 79
76 21 91 24 0 1619
76 113 77 96 0 1419
19 9 27 19 0 119
193 21 180 26 0 1119
12 63 22 71 0 299
64 33 51 38 0 1499
14 47 3 54 0 139
0 72 15 69 0 719
115 89 122 100 0 959
191 144 205 140 0 939
157 56 141 54 0 1939
139 30 139 12 0 1779
68 126 63 139 0 1079
30 41 21 50 0 1659
11 10 28 9 0 379
36 123 19 124 0 1299
4 17 16 11 0 59
0 1 5 14 0 19
24 58 33 49 0 479
76 160 81 172 0 1379
14 27 4 19 0 139
25 25 26 8 0 319
12 38 16 51 0 1019
15 38 2 43 0 139
179 95 188 86 0 1119
21 27 30 36 0 239
42 31 35 20 0 579
23 26 15 36 0 139
89 43 75 47 0 479
31 68 31 86 0 219
16 5 29 0 0 339
16 6 11 19 0 79
31 33 41 41 0 1879
14 16 9 29 0 199
105 154 100 141 0 1019
120 38 123 53 0 1959
2 42 5 57 0 159
45 31 58 26 0 719
48 109 34 113 0 1939
57 43 55 59 0 439
22 53 28 65 0 539
139 68 124 71 0 1619
132 28 143 21 0 639
101 129 89 135 0 1559
84 78 70 82 0 839
41 31 45 17 0 199
50 16 56 27 0 859
29 39 25 25 0 679
124 58 131 48 0 1779
11 21 3 31 0 719
120 73 125 60 0 1059
9 52 15 64 0 1099
38 32 42 46 0 159
140 25 149 34 0 1139
24 98 10 94 0 1999
21 146 8 141 0 1099
43 133 26 134 0 1079
19 29 12 40 0 119
8 11 1 22 0 899
11 121 10 138 0 1199
28 6 28 24 0 119
63 69 48 67 0 299
19 12 29 4 0 979
49 39 65 37 0 1079
126 94 125 77 0 1359
17 90 6 97 0 1339
19 12 25 24 0 1059
61 38 74 43 0 1499
107 78 106 95 0 1099
69 18 80 11 0 939
15 178 31 176 0 1099
13 76 16 62 0 559
82 161 86 147 0 1139
12 36 19 25 0 1199
94 17 97 2 0 979
96 52 95 69 0 999
203 29 199 43 0 1679
15 39 25 31 0 279
12 2 4 12 0 399
19 117 30 124 0 1919
37 22 27 29 0 1079
98 17 96 1 0 1059
26 39 31 52 0 299
124 35 131 24 0 1779
50 55 40 63 0 859
70 68 83 63 0 799
35 69 33 53 0 559
31 12 20 19 0 1499
39 128 37 144 0 939
122 101 122 119 0 979
73 3 86 8 0 559
14 79 7 68 0 1019
6 24 19 19 0 719
24 117 40 119 0 459
9 45 1 35 0 159
88 2 94 14 0 559
21 106 14 117 0 299
37 46 45 56 0 1339
111 125 117 114 0 1219
15 3 3 9 0 39
83 43 92 34 0 639
49 14 32 13 0 1139
17 27 10 16 0 1839
15 20 15 38 0 99
30 47 26 33 0 1579
11 98 18 87 0 1299
98 80 82 78 0 719
39 77 25 81 0 1799
29 44 25 30 0 1899
51 52 37 56 0 1499
4 27 9 14 0 219
46 59 45 76 0 699
43 125 36 114 0 639
36 44 28 54 0 1999
0 1 13 6 0 19
16 166 21 179 0 1399
0 1 10 9 0 19
52 75 55 60 0 1899
106 60 90 62 0 1279
55 44 71 42 0 459
76 85 82 73 0 1899
29 1 33 15 0 119
111 262 121 270 0 1459
27 53 23 39 0 199
23 40 15 30 0 219
237 85 220 86 0 1359
111 45 115 59 0 1439
209 123 201 113 0 1759
26 31 37 24 0 259
34 77 39 64 0 939
48 10 60 4 0 1719
42 3 51 12 0 459
135 102 139 116 0 1779
39 5 30 14 0 399
19 98 27 108 0 579
66 61 78 67 0 1379
32 245 30 229 0 1939
170 25 185 22 0 1739
52 29 59 40 0 259
74 82 68 94 0 1239
186 106 196 114 0 1039
45 12 33 18 0 139
0 1 4 15 0 19
148 28 138 36 0 999
46 37 49 52 0 459
60 22 74 18 0 519
55 97 38 98 0 999
74 27 70 41 0 1659
0 53 10 61 0 699
45 16 45 34 0 379
199 122 212 118 0 1639
26 53 42 51 0 1499
10 65 17 76 0 779
17 77 29 83 0 799
106 31 106 14 0 1999
34 120 48 124 0 1119
37 140 28 149 0 619
93 40 110 41 0 659
0 1 17 0 0 19
48 50 55 61 0 399
152 175 150 159 0 1859
269 108 253 110 0 1659
142 127 126 125 0 1979
104 94 116 88 0 1319
72 47 76 33 0 1019
132 86 132 68 0 1999
22 59 31 51 0 1239
110 18 123 23 0 519
43 48 56 43 0 1099
29 6 23 18 0 59
56 25 65 16 0 1139
91 79 107 81 0 559
147 49 139 39 0 599
67 54 82 57 0 739
67 16 82 19 0 1219
21 56 38 57 0 699
65 157 52 162 0 1359
10 17 10 35 0 219
99 98 98 81 0 1899
40 14 43 29 0 399
24 150 41 151 0 1119
21 178 18 163 0 1339
84 61 84 79 0 1379
84 78 87 93 0 1399
26 135 11 132 0 1099
97 87 91 75 0 1439
174 91 161 96 0 1219
7 28 9 44 0 59
108 181 106 197 0 1539
73 69 84 76 0 1079
38 35 55 34 0 579
85 79 98 74 0 1559
130 50 126 63 0 1059
16 9 22 21 0 1819
101 154 108 165 0 1699
133 89 139 77 0 1639
53 112 53 94 0 1579
30 51 36 40 0 999
21 139 22 155 0 979
26 20 33 10 0 1619
43 127 39 113 0 1839
147 20 160 24 0 1039
187 80 187 62 0 1779
45 19 45 1 0 439
77 32 80 47 0 379
54 72 59 59 0 359
172 71 165 60 0 1859
45 74 38 63 0 1379
24 117 16 127 0 979
28 35 28 17 0 659
161 46 156 34 0 1199
26 113 32 102 0 1439
200 72 208 62 0 1199
133 47 146 52 0 1999
135 77 140 90 0 1879
147 10 139 20 0 1579
16 21 6 13 0 59
134 114 145 108 0 899
17 53 11 65 0 199
15 39 28 34 0 159
15 47 5 55 0 1199
65 11 69 25 0 1119
27 17 19 27 0 1079
108 96 102 85 0 699
13 101 4 110 0 1879
23 18 26 3 0 179
52 40 48 26 0 959
10 47 2 57 0 1099
43 22 41 38 0 299
41 39 58 40 0 319
168 88 158 96 0 799
20 43 16 29 0 139
105 61 109 48 0 699
74 35 57 36 0 1259
66 45 53 40 0 419
50 46 58 55 0 1859
11 40 0 33 0 419
117 35 131 39 0 1319
2 14 1 31 0 79
36 30 27 39 0 519
32 26 32 44 0 159
11 22 14 7 0 139
82 211 74 201 0 1179
30 230 32 246 0 1959
64 21 78 25 0 1419
44 58 49 45 0 639
8 72 25 71 0 1559
42 85 48 73 0 1139
153 20 155 4 0 1179
155 47 155 65 0 1639
245 25 256 32 0 1399
121 157 133 163 0 1999
65 68 65 51 0 479
12 51 15 66 0 299
66 49 58 59 0 1179
32 38 45 33 0 1199
50 135 33 134 0 899
34 133 33 116 0 1219
45 57 45 75 0 1359
149 91 164 88 0 1479
38 145 51 150 0 939
30 33 29 16 0 419
22 50 23 33 0 1799
14 79 8 90 0 1239
59 19 76 20 0 679
25 145 26 128 0 1039
13 17 30 18 0 199
135 91 119 89 0 1039
47 102 60 97 0 1739
46 25 62 27 0 459
9 39 5 53 0 199
9 171 25 173 0 1159
159 282 147 276 0 1899
32 75 36 89 0 859
39 53 22 54 0 519
60 127 64 141 0 1579
168 104 179 97 0 1199
100 89 112 83 0 1819
35 13 51 15 0 839
35 24 51 25 0 639
0 1 9 10 0 19
25 50 34 59 0 979
72 123 57 120 0 1859
126 56 116 48 0 1399
65 42 76 35 0 579
70 6 62 16 0 1919
67 120 77 128 0 899
87 130 79 120 0 1819
5 47 5 65 0 199
22 16 11 9 0 519
60 137 67 126 0 1539
66 54 73 43 0 1039
41 104 27 108 0 539
37 7 22 4 0 1479
18 25 5 21 0 199
15 237 29 233 0 1639
15 31 5 39 0 1119
85 85 74 92 0 1439
57 13 49 23 0 639
3 24 20 25 0 99
173 187 159 183 0 1759
40 6 33 17 0 119
95 70 97 86 0 1019
106 13 110 27 0 1259
15 56 32 57 0 1859
4 25 4 7 0 59
89 128 93 142 0 1939
45 27 49 13 0 719
120 102 116 88 0 1639
70 285 80 292 0 1919
141 128 128 133 0 859
76 305 80 292 0 1959
90 45 103 50 0 859
142 157 155 153 0 959
42 74 57 76 0 1579
5 74 21 76 0 1139
50 40 56 28 0 679
12 25 3 34 0 1859
184 40 184 23 0 1339
16 22 27 15 0 119
151 14 139 8 0 1619
49 125 33 123 0 679
213 130 212 113 0 1499
158 128 156 112 0 1279
18 32 34 34 0 199
167 38 165 22 0 1819
97 24 109 30 0 339
44 32 38 20 0 279
24 276 22 260 0 1719
95 67 95 49 0 1239
57 3 70 8 0 679
66 97 51 100 0 499
53 66 46 55 0 379
68 40 70 56 0 359
127 59 127 77 0 559
173 80 190 79 0 1859
126 18 126 36 0 879
20 46 28 56 0 799
65 122 49 124 0 659
23 48 17 60 0 259
24 40 34 48 0 559
74 20 85 27 0 1839
34 132 30 118 0 599
32 2 29 17 0 919
54 34 54 52 0 719
110 30 121 37 0 399
0 1 12 7 0 19
58 109 70 103 0 1539
116 121 105 114 0 699
42 68 50 58 0 559
91 108 106 111 0 739
85 49 93 39 0 679
49 113 38 120 0 439
34 93 29 80 0 1459
10 44 15 31 0 1039
62 50 46 48 0 1319
19 42 34 45 0 939
89 56 85 42 0 1099
33 16 23 24 0 139
97 103 104 114 0 919
38 60 44 49 0 379
50 165 57 176 0 1579
114 18 112 2 0 959
20 242 25 255 0 1879
38 58 51 53 0 1479
18 24 14 37 0 1619
119 88 110 79 0 1059
122 53 113 44 0 1139
149 58 154 45 0 739
8 29 8 47 0 219
90 18 90 36 0 679
80 35 71 26 0 1339
19 26 14 39 0 1579
89 69 89 51 0 519
5 82 18 87 0 1099
94 35 99 48 0 1059
104 23 113 14 0 779
1 10 9 0 0 99
102 1 85 2 0 1179
149 54 163 57 0 1199
99 154 96 139 0 1339
5 15 15 7 0 39
41 8 31 16 0 499
97 137 90 148 0 1399
90 150 86 137 0 1419
49 0 57 9 0 519
14 6 10 20 0 39
40 115 30 107 0 419
51 82 58 93 0 1979
94 150 85 159 0 1519
19 19 26 30 0 279
20 59 33 64 0 1219
61 150 46 147 0 1579
46 149 56 142 0 1599
56 143 45 150 0 1619
42 18 40 33 0 139
3 23 8 10 0 879
90 146 78 151 0 1139
6 104 10 118 0 799
27 70 25 86 0 1859
46 22 33 27 0 1759
23 39 29 51 0 359
51 35 36 32 0 159
38 45 24 49 0 179
85 83 77 73 0 1119
6 54 2 68 0 199
42 39 58 41 0 219
21 25 23 41 0 119
70 90 86 92 0 839
191 17 196 30 0 1519
15 121 24 130 0 1359
57 45 60 30 0 399
20 63 20 81 0 339
70 8 64 20 0 1399
0 1 2 17 0 19
65 86 72 97 0 739
159 28 160 11 0 1899
114 73 127 78 0 739
72 56 83 49 0 1119
19 98 6 103 0 779
80 9 88 19 0 1819
61 9 44 10 0 679
30 194 24 182 0 1639
20 31 19 47 0 1719
184 22 178 34 0 1359
28 36 35 47 0 399
19 80 31 74 0 299
117 110 116 127 0 1219
68 29 73 16 0 1379
24 58 10 54 0 119
29 9 35 21 0 399
58 32 62 46 0 359
131 35 136 48 0 1999
127 31 140 36 0 519
16 54 5 61 0 599
28 248 38 240 0 1919
55 60 69 64 0 459
16 75 3 80 0 779
45 38 40 51 0 619
70 64 82 58 0 519
32 68 31 51 0 319
7 13 3 27 0 119
141 39 132 30 0 1239
33 13 23 5 0 239
68 64 85 63 0 1759
87 114 73 118 0 1219
16 56 5 63 0 639
3 67 5 83 0 1079
80 79 93 84 0 819
5 25 11 37 0 1479
46 56 58 62 0 399
67 125 67 107 0 1559
1 2 13 8 0 59
0 1 9 10 0 19
58 25 53 12 0 459
13 38 29 40 0 659
188 7 186 23 0 1379
57 19 70 24 0 1959
182 87 186 101 0 899
189 73 182 84 0 1279
11 19 1 27 0 1439
35 67 34 50 0 1839
15 60 2 55 0 259
97 1 97 19 0 1959
26 50 22 64 0 279
153 33 144 42 0 559
194 101 182 95 0 1059
182 94 172 86 0 1079
39 79 53 83 0 679
176 98 188 104 0 1119
4 34 17 39 0 319
101 109 117 111 0 1199
186 103 186 85 0 1179
39 129 38 146 0 679
16 61 9 50 0 579
251 54 237 58 0 1739
42 8 57 5 0 359
165 40 168 55 0 859
79 45 86 56 0 1519
94 93 98 79 0 699
47 34 41 46 0 899
34 47 50 49 0 579
187 142 196 133 0 1379
40 81 24 83 0 939
34 80 18 78 0 519
117 151 126 159 0 1339
134 73 139 60 0 1059
32 25 31 9 0 319
21 67 19 51 0 439
148 133 148 151 0 1659
162 84 172 77 0 1739
233 99 233 117 0 1559
249 113 252 128 0 1839
71 83 82 76 0 839
111 9 97 13 0 1879
269 125 269 107 0 1639
37 21 39 5 0 1559
253 109 242 102 0 1679
81 68 85 54 0 1059
19 45 27 55 0 279
34 62 23 55 0 239
20 32 6 36 0 199
291 124 290 141 0 1779
14 39 15 22 0 659
40 12 25 15 0 159
64 108 72 118 0 1919
54 49 64 57 0 1539
323 143 337 139 0 1879
151 35 138 40 0 679
87 217 101 213 0 1319
312 144 299 148 0 1939
44 91 52 81 0 1859
240 61 240 79 0 1499
28 37 31 52 0 979
0 1 6 13 0 19
169 32 154 34 0 1439
6 31 20 35 0 59
24 19 29 32 0 179
50 29 45 16 0 379
105 23 119 20 0 819
29 72 40 65 0 1699
30 48 27 63 0 319
17 21 31 25 0 159
66 12 76 20 0 1599
62 13 74 7 0 219
74 8 72 24 0 239
72 23 63 32 0 259
61 90 59 105 0 879
38 26 46 36 0 439
57 16 65 25 0 319
2 245 6 231 0 1899
7 51 15 61 0 239
70 55 64 67 0 379
13 24 14 41 0 419
0 1 15 4 0 19
12 21 7 8 0 379
161 20 144 19 0 1299
107 56 119 62 0 1979
29 63 27 79 0 1239
63 4 59 18 0 659
140 20 147 10 0 899
15 110 28 115 0 1259
16 1 16 18 0 39
49 233 45 219 0 1959
53 40 38 43 0 859
98 102 85 107 0 639
34 285 24 277 0 1699
14 186 29 188 0 1339
61 152 45 150 0 1659
59 64 42 63 0 1659
90 57 73 58 0 939
22 51 35 56 0 459
106 77 106 59 0 1259
38 15 35 29 0 599
70 123 59 116 0 819
70 38 54 40 0 1279
51 46 47 60 0 1379
66 124 68 108 0 879
65 56 80 53 0 619
40 67 40 85 0 379
110 140 96 136 0 1239
54 117 57 102 0 1899
81 212 79 228 0 1059
120 11 133 16 0 1339
0 1 6 13 0 19
211 175 214 190 0 1999
7 193 21 197 0 1479
36 74 42 86 0 359
23 66 12 59 0 499
15 95 20 107 0 619
45 95 32 90 0 1959
127 44 121 32 0 659
21 46 25 32 0 939
42 107 39 122 0 459
117 228 134 227 0 1739
0 51 17 52 0 819
27 19 42 17 0 819
43 5 43 23 0 1719
182 85 178 99 0 1299
54 77 71 78 0 779
39 34 33 22 0 459
185 103 187 119 0 1359
56 58 62 47 0 739
50 33 51 50 0 219
195 151 191 164 0 1419
32 58 29 43 0 1879
58 80 53 67 0 1519
21 28 5 26 0 259
53 135 48 123 0 1539
116 222 118 206 0 1759
18 142 6 148 0 1039
224 184 234 192 0 1559
15 14 32 15 0 299
36 58 49 62 0 1579
222 175 230 185 0 1619
223 65 207 67 0 1839
217 192 210 181 0 1659
51 32 45 44 0 539
59 262 59 280 0 1579
4 61 15 68 0 219
32 5 18 9 0 179
84 12 85 29 0 799
145 99 131 95 0 1599
28 100 22 112 0 1559
102 42 90 36 0 359
34 29 25 38 0 739
19 200 14 187 0 1539
6 91 14 101 0 979
82 52 66 54 0 1319
188 164 174 168 0 1919
1 113 7 125 0 999
3 7 10 18 0 199
36 21 39 36 0 99
108 151 121 156 0 1979
35 9 45 1 0 119
29 49 13 47 0 919
74 42 58 40 0 1519
84 40 70 44 0 319
13 72 28 70 0 1599
80 135 78 119 0 859
28 27 26 11 0 139
43 33 31 39 0 1079
58 97 53 84 0 379
83 134 82 151 0 1179
34 3 33 20 0 219
56 50 59 65 0 1639
48 55 55 66 0 1579
30 41 17 46 0 619
7 19 3 5 0 79
12 41 16 54 0 79
32 29 23 38 0 339
93 108 95 92 0 619
65 75 81 77 0 679
200 12 211 19 0 1439
168 44 180 38 0 1959
64 49 80 48 0 399
22 33 12 41 0 459
21 119 21 101 0 1519
43 82 59 84 0 1779
47 57 64 58 0 799
175 61 175 79 0 1039
23 53 36 58 0 559
72 52 87 54 0 1219
47 45 57 37 0 679
81 40 68 35 0 1299
0 137 11 130 0 1499
54 84 57 99 0 919
12 46 12 28 0 679
5 2 11 13 0 559
127 110 140 105 0 1099
18 33 34 34 0 1519
1 93 11 85 0 1719
27 22 20 11 0 779
136 119 126 127 0 739
12 59 13 43 0 479
54 85 39 82 0 1939
89 66 91 50 0 1179
23 114 34 121 0 1099
49 141 55 153 0 1559
16 67 3 62 0 859
170 54 169 37 0 1319
41 149 54 144 0 1919
183 86 171 92 0 1779
22 42 19 57 0 639
106 97 101 84 0 499
27 70 20 59 0 339
64 50 64 68 0 279
27 34 21 22 0 419
152 26 152 44 0 1199
78 71 78 89 0 659
23 46 9 42 0 1139
133 97 145 102 0 739
21 50 11 58 0 1179
65 172 68 187 0 1779
2 65 14 59 0 1219
19 29 23 43 0 199
28 193 19 184 0 1579
40 107 52 101 0 539
7 42 5 58 0 1299
5 59 15 51 0 1319
36 34 24 28 0 239
5 43 12 32 0 1359
166 183 163 198 0 1459
47 98 49 114 0 419
25 32 41 30 0 1899
61 68 54 57 0 1619
36 47 21 44 0 1459
46 12 46 30 0 679
33 52 22 59 0 1499
33 9 31 25 0 239
16 41 12 28 0 839
75 136 75 118 0 1339
38 154 31 165 0 1799
56 35 41 38 0 1379
198 49 195 63 0 1399
163 197 180 198 0 1479
235 142 231 156 0 1659
177 8 184 19 0 1299
88 20 77 27 0 1839
70 118 59 111 0 1119
100 123 107 134 0 1899
50 120 65 123 0 639
189 16 179 9 0 1119
229 57 213 56 0 1979
6 14 6 32 0 39
60 26 50 34 0 719
80 57 85 70 0 1859
118 176 128 168 0 1879
92 46 100 37 0 819
88 72 101 77 0 1919
22 66 10 72 0 959
86 10 101 7 0 999
32 51 29 65 0 1799
186 86 174 92 0 1199
0 1 8 11 0 19
8 12 21 7 0 39
46 12 61 9 0 599
54 93 68 97 0 699
67 10 50 11 0 619
50 84 47 99 0 1479
8 17 18 9 0 139
44 66 55 73 0 839
53 123 60 112 0 959
19 112 27 122 0 1459
5 52 7 68 0 219
7 67 19 61 0 239
19 60 9 52 0 259
129 118 118 125 0 1019
60 57 73 62 0 1659
150 91 140 83 0 1859
165 36 166 19 0 1819
219 77 225 89 0 1319
142 83 130 89 0 779
0 2 3 16 0 19
38 133 36 149 0 1339
28 144 13 147 0 879
43 9 59 10 0 1459
67 6 71 19 0 599
33 17 34 0 0 1359
164 50 173 41 0 919
10 148 21 141 0 1999
14 51 24 59 0 459
65 16 55 8 0 579
39 21 33 33 0 879
50 62 56 74 0 1359
14 20 6 11 0 59
321 135 311 143 0 1919
44 32 45 15 0 319
11 102 28 101 0 939
46 86 50 72 0 1559
58 38 75 37 0 1319
110 29 117 40 0 1499
93 57 93 39 0 1159
22 15 9 20 0 59
17 64 21 50 0 939
0 110 6 122 0 719
173 137 181 128 0 1739
152 42 148 28 0 559
100 153 97 138 0 1379
100 38 111 31 0 919
22 75 34 69 0 1219
109 17 109 35 0 959
26 87 38 81 0 899
116 48 103 53 0 999
38 131 46 141 0 1739
1 19 7 7 0 39
31 19 20 12 0 1039
22 28 29 39 0 1079
160 114 145 111 0 1239
62 7 60 23 0 499
13 2 7 14 0 99
43 52 27 54 0 259
172 103 178 91 0 1179
34 150 31 135 0 1519
92 143 81 136 0 1979
1 28 4 13 0 1459
61 92 56 105 0 579
132 11 144 17 0 1939
34 76 40 64 0 999
31 61 16 64 0 919
174 9 182 19 0 1059
77 27 75 43 0 1399
78 98 78 80 0 959
0 26 3 12 0 59
64 76 48 77 0 1539
60 182 75 185 0 1439
52 6 67 9 0 599
60 20 64 34 0 1479
15 25 30 28 0 119
51 43 57 31 0 519
48 112 38 104 0 1879
62 36 47 33 0 1559
50 52 48 68 0 1399
58 41 45 45 0 1599
59 33 74 30 0 959
126 35 126 17 0 899
53 28 40 23 0 1659
83 166 70 171 0 1499
52 19 55 34 0 1699
39 132 28 139 0 1339
42 23 39 38 0 1819
64 32 52 38 0 1759
74 20 74 38 0 1319
22 83 33 77 0 639
136 60 130 48 0 1519
28 12 24 26 0 279
170 14 171 31 0 1679
108 114 97 121 0 1839
64 107 63 124 0 1899
61 96 65 82 0 739
126 16 126 34 0 919
23 40 29 52 0 1899
101 11 117 9 0 1479
45 32 35 25 0 399
83 41 71 35 0 1599
87 67 77 74 0 1379
11 24 11 6 0 59
32 21 32 3 0 1619
22 15 21 32 0 99
183 26 183 44 0 979
23 27 35 21 0 79
25 32 39 28 0 99
16 30 15 13 0 199
81 31 86 18 0 679
54 34 45 43 0 839
30 20 24 32 0 239
41 23 47 35 0 1919
96 32 80 34 0 879
46 25 35 32 0 499
79 12 65 16 0 299
4 102 4 84 0 1679
12 22 11 39 0 359
11 38 25 42 0 379
49 176 36 171 0 1379
47 17 59 23 0 719
34 32 35 15 0 439
48 79 44 65 0 819
234 191 218 189 0 1579
58 40 72 36 0 1319
31 15 15 13 0 519
33 0 23 8 0 139
26 168 33 157 0 1679
37 43 21 45 0 1959
29 101 31 117 0 519
169 36 183 40 0 1339
142 70 127 67 0 1679
22 25 13 16 0 139
233 35 244 42 0 1359
75 80 63 86 0 299
20 84 6 80 0 279
133 107 146 112 0 1279
64 57 80 59 0 819
102 45 94 35 0 1139
62 2 66 16 0 479
20 23 30 15 0 259
64 267 80 265 0 1859
47 63 45 47 0 399
30 26 19 33 0 159
128 257 122 245 0 1859
128 132 113 129 0 879
168 60 174 72 0 1199
16 69 10 57 0 1739
32 85 34 69 0 1739
34 41 21 46 0 179
24 96 11 91 0 1479
62 58 66 44 0 1599
159 28 168 37 0 1139
12 47 25 42 0 299
88 127 78 135 0 939
31 110 39 119 0 1119
73 85 73 68 0 1059
31 111 47 109 0 1159
27 18 35 28 0 259
19 39 31 34 0 419
1 27 1 9 0 119
77 21 63 25 0 1359
28 54 13 51 0 1239
17 19 8 27 0 59
19 38 11 48 0 179
20 76 17 61 0 359
91 21 77 25 0 1839
164 87 148 89 0 1499
63 46 77 42 0 1819
26 120 20 108 0 1399
31 54 47 56 0 779
67 147 75 137 0 1319
18 70 16 54 0 199
5 26 12 37 0 1179
21 112 5 114 0 1499
103 164 101 148 0 1299
14 105 14 123 0 1539
74 41 77 26 0 1379
7 187 15 177 0 1279
45 29 30 32 0 399
87 76 70 77 0 499
46 10 49 25 0 479
48 116 46 131 0 1659
21 28 32 35 0 139
81 73 86 86 0 519
48 132 48 114 0 1719
48 115 36 109 0 1739
0 1 11 8 0 19
36 91 39 76 0 1779
59 77 49 85 0 519
26 55 32 67 0 299
189 120 172 119 0 1099
55 143 40 140 0 1479
240 62 251 55 0 1719
96 68 87 77 0 479
35 63 33 79 0 279
66 6 70 20 0 1759
14 69 15 86 0 459
12 35 26 39 0 219
14 46 11 31 0 479
40 8 49 17 0 679
79 93 96 94 0 1759
28 39 32 26 0 1959
44 32 39 45 0 799
7 13 16 22 0 39
101 140 113 146 0 1299
16 19 27 26 0 139
68 40 53 37 0 399
46 9 57 16 0 539
15 25 9 37 0 1759
26 47 36 39 0 219
17 55 26 46 0 159
75 31 87 37 0 1879
191 110 191 92 0 1379
2 104 15 99 0 1199
9 13 15 1 0 239
34 107 46 101 0 579
19 32 32 27 0 99
196 115 186 107 0 1059
83 60 79 46 0 1499
50 71 43 82 0 1579
22 33 19 48 0 979
187 22 171 24 0 1779
72 81 68 95 0 819
112 129 116 143 0 1339
7 75 2 88 0 519
2 86 6 99 0 539
6 101 19 97 0 559
55 67 66 60 0 879
46 3 47 20 0 579
12 25 23 18 0 139
44 138 53 129 0 1959
3 15 13 23 0 39
100 29 96 15 0 739
108 31 92 33 0 699
21 43 4 42 0 679
115 90 119 104 0 459
213 57 214 40 0 1999
20 52 26 63 0 779
26 62 16 54 0 799
33 34 37 48 0 379
27 46 24 60 0 839
24 59 10 55 0 859
16 65 1 68 0 939
64 56 57 45 0 1319
86 7 78 17 0 1019
20 24 34 20 0 639
44 58 38 70 0 639
201 34 213 40 0 1339
56 41 64 31 0 539
72 60 89 59 0 799
12 8 4 18 0 39
3 169 9 157 0 1679
30 67 32 51 0 1859
120 10 120 28 0 799
54 88 48 100 0 839
28 62 14 66 0 1119
66 91 78 97 0 1699
26 1 37 8 0 579
54 206 54 224 0 1559
129 182 118 175 0 1859
25 85 10 82 0 1239
53 287 41 281 0 1639
87 27 92 40 0 1199
59 84 74 81 0 1219
77 140 80 154 0 1719
9 24 26 23 0 1459
125 152 125 134 0 1539
104 110 100 124 0 799
6 3 23 4 0 219
22 25 28 13 0 619
42 19 54 25 0 1139
34 21 45 15 0 239
71 4 59 10 0 1979
95 36 106 43 0 1899
174 29 182 19 0 1939
23 182 29 194 0 1539
78 43 74 29 0 1299
15 23 27 29 0 439
7 10 3 24 0 299
30 91 25 79 0 1599
29 15 15 11 0 519
11 64 22 57 0 379
21 175 9 170 0 1139
34 20 32 4 0 159
196 100 209 105 0 1719
20 20 22 4 0 1999
43 243 32 250 0 1759
19 111 2 110 0 1559
15 251 3 257 0 1799
62 125 76 129 0 1539
13 265 29 267 0 1839
29 268 44 265 0 1859
45 77 47 93 0 1279
36 89 48 95 0 1099
15 37 17 21 0 1359
41 1 42 18 0 1119
44 39 44 21 0 219
97 13 90 24 0 1279
71 240 66 253 0 1659
232 27 227 40 0 1899
46 28 57 34 0 539
29 63 22 52 0 799
3 11 2 28 0 79
74 105 61 100 0 739
11 39 24 44 0 119
24 45 25 28 0 139
50 213 38 219 0 1659
32 85 40 95 0 539
54 61 65 54 0 1699
76 35 86 27 0 659
47 51 59 45 0 799
23 70 23 87 0 1279
23 1 31 11 0 199
43 42 48 55 0 299
48 56 39 65 0 319
38 46 31 56 0 1619
27 232 15 238 0 1619
54 85 53 102 0 379
53 103 68 100 0 399
145 57 150 44 0 839
21 46 29 36 0 139
32 69 37 82 0 699
86 33 90 19 0 659
178 30 163 27 0 799
7 97 8 80 0 1039
28 67 43 64 0 699
27 109 25 125 0 559
14 78 11 63 0 359
237 59 235 43 0 1759
109 108 116 97 0 1059
49 44 64 41 0 779
139 9 153 13 0 1639
53 55 57 41 0 479
38 147 55 148 0 699
39 63 47 54 0 299
21 12 36 9 0 59
51 19 63 13 0 239
42 21 40 37 0 939
109 40 103 28 0 1099
8 153 22 157 0 819
35 69 28 58 0 1839
72 38 65 49 0 479
47 33 42 20 0 919
35 36 28 25 0 1099
23 4 19 18 0 259
49 184 62 179 0 939
18 169 23 157 0 1479
104 54 95 63 0 1239
63 197 55 207 0 999
134 44 141 54 0 1859
185 23 183 39 0 1759
72 91 88 93 0 979
39 132 22 133 0 1739
56 15 72 17 0 379
8 10 6 26 0 39
12 15 14 31 0 259
15 42 7 51 0 519
24 79 38 75 0 579
97 257 111 261 0 1199
111 262 94 261 0 1219
147 86 135 92 0 1019
17 45 9 55 0 1119
209 169 222 174 0 1799
15 27 19 41 0 119
70 42 68 26 0 1679
27 89 27 106 0 1059
18 54 16 38 0 599
32 245 24 235 0 1379
88 52 98 44 0 439
22 8 20 24 0 79
27 40 38 33 0 139
6 251 6 233 0 1459
0 1 7 12 0 19
87 123 87 141 0 1079
202 166 207 153 0 1839
32 225 43 218 0 1539
84 68 67 69 0 1039
71 39 58 34 0 679
26 153 25 169 0 719
28 99 39 106 0 1979
15 67 6 76 0 239
33 54 34 37 0 419
10 72 17 61 0 1759
69 45 83 42 0 619
85 100 93 90 0 619
136 38 152 36 0 919
65 175 63 191 0 1759
155 20 149 32 0 619
33 30 26 19 0 1099
92 50 92 32 0 639
40 4 49 13 0 279
197 131 205 121 0 1439
20 15 25 2 0 59
24 75 18 63 0 1699
35 74 34 57 0 619
38 170 49 163 0 679
15 134 7 124 0 339
160 12 157 27 0 1919
1 128 4 113 0 1779
87 38 91 24 0 1899
1 130 5 144 0 1859
187 63 185 47 0 1799
3 23 5 7 0 79
107 51 122 54 0 1119
6 46 23 47 0 119
172 85 176 99 0 1099
106 1 119 6 0 1939
13 34 20 45 0 179
48 31 38 23 0 219
26 40 36 48 0 239
223 100 212 107 0 1779
21 5 13 15 0 239
148 90 134 94 0 1519
132 79 144 85 0 699
12 4 28 2 0 159
16 39 4 33 0 619
124 242 128 256 0 1839
76 87 91 90 0 1019
34 252 28 240 0 1799
47 45 36 52 0 279
0 117 9 126 0 579
29 54 23 42 0 459
75 9 91 7 0 919
75 36 87 31 0 599
140 28 138 44 0 1559
60 41 61 25 0 879
40 7 36 21 0 179
34 12 27 23 0 759
17 18 31 15 0 79
20 18 25 31 0 399
21 51 38 52 0 1679
27 79 32 66 0 359
9 49 25 51 0 679
25 50 14 57 0 699
14 58 9 45 0 719
63 91 56 101 0 579
121 68 117 82 0 1699
18 85 5 90 0 1579
171 185 168 200 0 1759
63 131 64 148 0 1079
82 65 79 80 0 1699
24 236 12 242 0 1399
17 51 26 60 0 879
55 21 38 22 0 719
18 99 33 101 0 1039
81 114 82 97 0 1739
21 11 16 24 0 159
9 48 26 49 0 659
6 42 13 31 0 1759
3 25 10 14 0 319
0 2 16 3 0 19
113 73 97 75 0 1599
21 38 35 35 0 1079
25 24 17 14 0 1379
97 87 113 85 0 1039
22 28 39 29 0 159
24 38 28 52 0 1159
68 99 55 104 0 1259
22 175 28 187 0 859
25 8 15 16 0 139
129 51 120 60 0 1279
32 109 41 118 0 899
38 21 38 3 0 459
38 27 47 36 0 419
1 37 17 35 0 519
222 173 223 156 0 1819
17 125 9 135 0 1359
10 28 23 23 0 399
14 25 9 38 0 179
44 199 47 214 0 1699
113 60 127 64 0 1899
201 24 201 42 0 1579
116 39 127 32 0 499
30 105 30 123 0 1499
155 19 145 11 0 839
96 24 86 32 0 719
73 123 85 129 0 1439
165 116 168 131 0 1259
92 27 92 45 0 1259
70 172 55 169 0 1519
26 215 31 202 0 1979
2 103 11 95 0 1199
24 35 26 50 0 639
87 150 78 141 0 1699
31 62 28 77 0 779
67 55 80 60 0 999
47 187 63 185 0 799
79 156 65 152 0 1779
193 87 187 75 0 1159
7 54 1 65 0 479
18 60 34 58 0 639
197 22 194 7 0 1699
67 35 76 26 0 1279
194 30 204 22 0 1479
158 67 172 71 0 1579
21 61 12 52 0 239
29 90 31 106 0 819
55 119 71 121 0 1039
26 76 13 72 0 939
42 156 33 147 0 759
36 9 51 12 0 139
191 91 178 86 0 1519
3 39 8 52 0 79
11 53 8 67 0 139
13 205 13 187 0 1319
58 16 68 24 0 519
4 47 14 55 0 1099
79 20 81 36 0 339
4 55 19 58 0 1259
157 5 167 13 0 1359
39 47 52 42 0 1799
140 64 155 61 0 999
36 52 20 54 0 1239
85 37 101 39 0 599
49 31 58 40 0 319
91 168 83 178 0 1739
64 27 67 13 0 359
4 5 14 12 0 79
16 260 15 277 0 1679
24 29 28 15 0 99
8 75 20 69 0 1819
37 56 25 62 0 1299
37 27 47 35 0 759
48 66 35 61 0 319
61 29 68 40 0 519
35 13 48 8 0 1919
77 47 81 61 0 559
81 62 89 52 0 579
12 29 29 30 0 179
28 18 33 31 0 1079
16 6 14 22 0 359
32 114 48 112 0 599
16 94 24 104 0 1479
146 71 156 79 0 739
90 37 91 20 0 699
133 46 125 36 0 739
125 37 108 38 0 759
108 39 116 49 0 779
81 94 92 100 0 679
163 93 172 102 0 1279
57 12 60 27 0 259
82 84 68 88 0 559
47 62 43 76 0 1019
71 34 60 41 0 859
56 50 41 53 0 879
102 21 111 12 0 939
20 138 36 136 0 479
73 89 66 78 0 1799
95 38 108 43 0 1859
138 35 145 46 0 1019
69 90 64 77 0 859
80 42 70 50 0 1719
1 23 1 5 0 919
0 1 9 10 0 19
55 41 47 51 0 1279
27 56 27 74 0 219
127 57 134 46 0 1839
32 33 16 34 0 159
145 45 146 28 0 1199
53 26 69 24 0 419
143 13 147 27 0 1239
102 234 102 252 0 1399
66 171 53 166 0 1859
82 187 94 193 0 859
74 158 87 153 0 1079
126 19 131 32 0 1339
6 123 19 118 0 739
182 113 192 105 0 1859
23 7 35 13 0 639
210 127 217 116 0 1459
86 148 79 137 0 1159
108 31 122 35 0 1459
21 112 29 122 0 1459
148 78 131 77 0 1519
81 78 85 64 0 699
3 41 12 50 0 559
18 17 17 0 0 259
15 120 10 133 0 1779
67 15 53 19 0 479
22 101 37 104 0 539
55 40 41 36 0 779
53 42 69 40 0 1979
110 240 104 228 0 1719
93 143 92 160 0 1959
1 149 13 155 0 1919
34 26 25 35 0 159
58 18 55 33 0 1719
0 1 9 10 0 19
69 63 77 53 0 439
93 31 105 36 0 659
18 88 17 105 0 1319
216 157 217 174 0 1499
160 16 171 23 0 1879
124 35 126 19 0 859
12 34 22 26 0 119
86 60 76 68 0 879
16 110 31 113 0 1399
24 94 20 108 0 1999
210 28 201 37 0 1999
33 50 41 40 0 1059
77 197 62 200 0 1599
72 144 56 143 0 859
21 51 25 65 0 799
33 51 32 68 0 679
13 28 13 46 0 259
34 81 33 64 0 499
69 23 77 33 0 359
93 92 83 84 0 1819
42 33 38 19 0 1979
22 50 24 66 0 679
32 28 34 44 0 239
15 31 30 34 0 1039
140 86 140 104 0 1919
109 106 105 92 0 1899
26 123 39 128 0 1059
97 7 106 16 0 519
90 12 84 24 0 1039
37 37 39 53 0 319
35 69 52 68 0 399
39 24 40 7 0 1219
44 207 59 210 0 1699
55 74 59 88 0 459
22 86 20 71 0 659
0 124 1 107 0 919
141 15 149 5 0 639
18 76 23 88 0 539
43 72 50 83 0 1459
84 88 87 73 0 1799
88 1 98 9 0 1579
38 54 35 68 0 1819
85 101 98 96 0 919
23 102 11 108 0 659
11 107 18 118 0 679
22 64 35 59 0 1119
13 22 10 37 0 59
43 57 59 59 0 239
41 54 31 62 0 899
10 0 9 17 0 79
0 1 13 6 0 19
177 96 177 114 0 1139
10 40 5 27 0 1159
97 197 99 213 0 1039
57 46 54 61 0 1339
64 153 58 141 0 1019
7 69 22 66 0 1759
127 74 123 60 0 1019
27 4 23 18 0 59
32 79 29 64 0 1219
14 14 14 32 0 439
8 179 22 183 0 1979
12 39 27 42 0 379
25 28 24 11 0 99
10 124 23 119 0 1639
185 46 185 64 0 1819
96 41 109 46 0 1739
33 76 38 63 0 939
14 40 23 49 0 1599
33 50 42 41 0 219
7 85 23 87 0 1199
79 82 77 98 0 1939
162 32 152 24 0 1639
34 50 25 59 0 1159
82 32 86 18 0 1239
39 107 37 123 0 1999
99 85 98 102 0 919
19 160 12 149 0 1939
46 93 48 77 0 979
39 84 53 80 0 499
58 75 64 63 0 1619
21 77 15 65 0 1159
25 8 36 1 0 459
47 26 62 29 0 659
34 30 34 12 0 1079
76 63 88 68 0 1359
62 45 65 30 0 619
68 133 67 150 0 1659
76 98 79 83 0 919
140 19 145 32 0 939
46 229 43 244 0 1739
65 106 80 109 0 1619
44 29 53 20 0 299
75 28 74 11 0 619
71 81 85 77 0 1319
23 26 24 43 0 1539
137 91 151 95 0 839
79 35 83 21 0 1999
32 35 48 33 0 1459
106 65 102 79 0 659
29 96 21 105 0 279
15 15 32 16 0 79
91 68 89 52 0 1099
63 30 67 43 0 279
42 9 42 27 0 499
52 98 42 106 0 439
45 34 30 31 0 1219
36 111 38 127 0 1939
38 126 44 114 0 1959
156 0 153 15 0 519
18 30 20 46 0 119
104 115 100 101 0 1699
19 182 22 167 0 1299
89 85 87 101 0 759
73 79 83 71 0 1479
30 34 17 39 0 279
17 76 20 61 0 1699
67 89 58 98 0 359
39 99 48 108 0 1919
200 85 207 96 0 1899
183 39 183 21 0 1359
74 49 73 66 0 779
98 183 98 165 0 1859
42 24 46 10 0 519
7 75 24 76 0 279
24 75 26 59 0 299
87 56 83 42 0 1579
9 83 15 95 0 479
79 77 81 93 0 799
68 126 54 122 0 959
17 20 28 13 0 1379
41 94 42 77 0 419
39 75 38 58 0 359
34 101 22 107 0 1659
29 58 39 66 0 459
89 47 87 32 0 939
149 34 165 33 0 759
59 245 53 257 0 1519
87 43 102 40 0 319
14 15 25 21 0 319
183 158 177 170 0 1499
147 83 134 88 0 1759
42 53 49 64 0 779
6 21 16 29 0 139
29 44 18 37 0 179
27 2 12 5 0 139
166 122 181 125 0 999
27 72 30 87 0 1339
236 57 234 73 0 1979
7 32 24 31 0 1499
139 28 153 32 0 1059
11 117 27 115 0 1319
14 15 12 31 0 219
99 26 101 10 0 1459
51 69 61 61 0 199
19 34 27 24 0 179
88 77 82 65 0 1299
37 42 52 39 0 939
249 115 252 130 0 1959
14 109 28 105 0 1379
131 211 128 226 0 1799
72 77 85 82 0 579
31 13 44 18 0 759
40 32 33 21 0 1599
21 45 13 55 0 1599
79 84 62 85 0 939
57 25 49 15 0 1119
33 25 33 7 0 1039
19 131 17 115 0 1719
23 70 14 61 0 1579
14 36 9 23 0 1639
108 59 99 51 0 439
64 7 64 25 0 419
59 41 50 32 0 199
20 71 5 68 0 299
209 128 219 120 0 979
71 34 60 41 0 1619
56 81 67 88 0 339
9 50 14 37 0 259
25 170 35 162 0 739
17 10 17 28 0 459
37 98 22 101 0 739
56 80 69 75 0 719
6 19 22 21 0 339
11 4 2 13 0 59
48 73 64 71 0 1499
64 70 48 72 0 1519
40 52 47 63 0 639
39 79 56 78 0 1559
53 58 63 66 0 1139
25 8 12 13 0 299
56 32 56 14 0 319
52 40 39 35 0 439
43 16 55 21 0 839
6 15 13 25 0 39
55 50 69 46 0 939
85 47 91 59 0 399
25 32 21 18 0 299
78 62 70 72 0 999
136 33 153 32 0 1579
118 39 129 33 0 1519
148 29 156 39 0 579
49 112 56 102 0 1839
56 101 48 111 0 1859
29 128 20 137 0 459
38 103 52 99 0 1899
185 105 184 122 0 1639
19 89 15 103 0 1759
39 274 52 279 0 1739
75 186 86 193 0 1899
57 33 42 30 0 559
189 186 173 188 0 1739
31 19 34 4 0 199
101 110 96 123 0 1459
38 35 49 28 0 779
6 24 6 6 0 839
1 1 10 9 0 19
54 74 53 57 0 1079
187 5 186 21 0 1339
98 10 81 11 0 1599
26 4 17 13 0 199
39 35 46 24 0 479
39 45 41 61 0 1359
74 47 66 57 0 339
156 31 156 13 0 1179
26 31 33 42 0 299
36 21 42 9 0 339
15 31 16 14 0 239
68 100 75 110 0 1099
60 34 47 29 0 679
105 93 116 100 0 959
29 47 36 37 0 1659
46 33 48 17 0 179
80 30 68 36 0 879
95 91 83 85 0 559
143 83 143 65 0 1479
155 62 155 80 0 1019
247 23 253 35 0 1439
29 232 36 243 0 1659
48 50 56 40 0 519
35 121 24 114 0 1279
35 92 41 80 0 619
116 47 107 38 0 1419
41 54 25 52 0 699
55 64 57 80 0 619
0 1 12 7 0 19
81 65 81 47 0 1239
30 112 14 110 0 1359
31 72 43 66 0 1059
69 96 61 106 0 739
15 276 10 263 0 1699
68 96 62 84 0 719
101 4 89 10 0 1099
35 17 26 26 0 239
46 27 46 9 0 499
15 126 0 123 0 899
13 31 4 22 0 1599
124 136 124 154 0 919
89 12 76 7 0 1299
14 7 1 2 0 259
9 83 17 93 0 999
106 196 91 193 0 1559
17 77 32 80 0 1039
78 18 83 31 0 1239
29 95 20 104 0 1079
68 97 56 103 0 339
46 52 37 61 0 359
1 120 14 115 0 1139
12 134 13 117 0 1719
149 30 152 15 0 979
157 99 151 111 0 1559
4 111 6 127 0 1219
33 35 37 22 0 1539
13 138 8 151 0 1259
68 150 75 139 0 1599
36 13 21 10 0 139
87 160 96 169 0 1739
28 117 22 105 0 1379
79 124 91 130 0 1979
19 160 12 171 0 859
88 218 85 233 0 1359
82 92 69 88 0 819
1 175 14 170 0 1439
32 26 43 19 0 119
12 22 13 5 0 159
85 160 68 161 0 1539
77 65 86 56 0 879
69 47 80 54 0 239
57 35 66 44 0 439
48 49 47 32 0 899
12 81 6 69 0 1699
142 117 153 123 0 759
14 46 6 55 0 179
24 183 36 189 0 1659
74 10 59 7 0 1359
51 32 50 15 0 539
19 47 27 37 0 1199
112 15 126 18 0 1359
75 219 79 233 0 1759
79 232 95 234 0 1779
21 6 4 7 0 59
26 60 21 73 0 1239
50 46 56 58 0 519
192 97 194 113 0 1019
42 26 51 17 0 519
59 147 72 142 0 839
115 267 124 258 0 1919
1 67 9 57 0 959
12 1 11 18 0 1419
57 30 43 34 0 1059
15 20 2 15 0 1899
32 115 23 106 0 1979
26 32 14 38 0 319
32 28 49 29 0 1319
72 25 86 21 0 859
240 148 234 159 0 1699
28 13 43 16 0 1739
48 16 62 12 0 199
51 29 36 32 0 1079
51 69 43 59 0 439
21 100 8 105 0 859
110 4 114 17 0 939
186 176 175 169 0 1879
64 105 63 122 0 1619
136 291 151 289 0 1999
45 46 61 47 0 519
199 53 206 64 0 1319
171 23 165 35 0 1799
22 102 22 85 0 579
10 33 14 46 0 679
48 74 56 84 0 479
64 81 61 96 0 419
132 27 142 19 0 1459
53 61 66 56 0 999
89 76 103 72 0 1619
25 85 14 78 0 999
9 54 23 50 0 1139
114 172 108 161 0 1499
69 91 70 108 0 559
160 15 154 27 0 1739
202 86 213 93 0 1559
32 19 17 16 0 979
82 36 74 46 0 839
98 80 86 86 0 679
0 2 12 7 0 19
43 90 54 96 0 1039
91 55 106 58 0 919
167 196 155 190 0 1819
127 60 115 66 0 1819
70 25 61 16 0 659
191 138 192 155 0 1779
83 62 84 79 0 819
156 74 143 69 0 1719
187 104 185 88 0 939
61 57 64 42 0 959
23 45 38 42 0 599
200 61 214 65 0 1899
65 50 67 66 0 1179
20 29 20 47 0 339
84 29 74 21 0 1299
150 110 135 107 0 999
135 108 152 109 0 1019
7 13 15 3 0 559
28 59 26 75 0 1859
19 12 12 1 0 379
58 43 58 26 0 239
5 122 17 128 0 1139
10 30 25 33 0 79
43 113 38 100 0 1359
1 191 8 180 0 999
22 22 12 14 0 239
104 157 112 147 0 1619
7 13 17 21 0 39
252 129 250 113 0 1859
128 124 124 138 0 1279
162 111 146 109 0 1219
111 145 112 128 0 1319
30 123 35 110 0 1939
6 116 1 129 0 1759
16 10 18 26 0 79
47 27 64 28 0 439
103 138 87 136 0 1419
27 43 33 55 0 399
22 59 18 46 0 159
33 43 40 54 0 319
32 4 16 2 0 159
32 61 32 43 0 339
25 163 21 177 0 1119
15 146 22 135 0 1019
35 6 46 13 0 659
34 69 39 56 0 539
53 34 48 21 0 539
134 1 142 11 0 1979
27 116 25 132 0 859
19 83 10 92 0 1919
94 129 84 121 0 1699
84 122 84 104 0 1719
41 41 41 23 0 1079
14 38 31 37 0 279
14 3 30 5 0 859
8 28 24 30 0 79
113 84 113 66 0 1059
96 22 105 31 0 839
99 50 99 32 0 459
230 83 229 66 0 1659
234 113 247 118 0 1899
153 110 157 124 0 1619
20 122 23 107 0 1399
29 67 20 58 0 1199
90 45 85 32 0 1979
49 14 35 10 0 99
0 1 7 12 0 19
7 13 18 20 0 39
28 35 41 40 0 699
62 95 73 88 0 1179
20 19 10 27 0 99
67 67 81 63 0 559
241 71 236 58 0 1959
45 16 54 25 0 259
151 11 138 6 0 1399
26 132 16 140 0 1959
18 139 21 154 0 1899
6 90 1 102 0 1179
48 46 36 52 0 359
7 112 5 128 0 859
53 2 69 3 0 439
23 86 19 100 0 1299
10 154 7 169 0 1879
3 15 16 10 0 1799
145 53 134 60 0 1639
37 19 24 14 0 79
21 69 28 58 0 399
163 73 166 88 0 1199
104 93 119 96 0 1179
135 92 145 100 0 1579
64 48 48 49 0 499
24 105 24 87 0 1499
155 7 154 24 0 719
235 119 236 102 0 1999
45 167 30 164 0 919
30 165 47 164 0 1899
77 88 70 99 0 1419
15 12 0 15 0 539
65 101 55 109 0 1679
13 156 3 164 0 1939
68 39 85 40 0 699
85 41 80 28 0 719
67 32 50 33 0 1419
4 103 4 121 0 1419
110 31 97 36 0 779
35 148 48 144 0 719
91 46 82 37 0 819
205 100 202 85 0 1539
74 45 87 40 0 859
56 75 62 64 0 559
12 78 9 93 0 1639
57 24 69 29 0 239
11 7 17 19 0 39
30 182 30 164 0 1879
19 5 3 7 0 159
15 165 6 174 0 1359
135 27 151 25 0 1839
20 23 19 39 0 79
36 39 33 24 0 1019
20 77 36 75 0 339
63 62 71 72 0 819
152 40 150 56 0 1199
91 75 93 91 0 1799
98 128 85 133 0 1639
59 59 45 55 0 1039
133 17 136 2 0 1359
41 98 36 110 0 1919
26 7 33 18 0 219
120 61 106 57 0 1299
78 70 76 86 0 999
10 72 16 84 0 279
98 97 85 92 0 939
23 164 38 161 0 1099
50 104 64 108 0 1279
35 125 34 142 0 1759
47 60 43 47 0 1399
29 31 26 46 0 199
29 51 43 47 0 1439
43 46 38 59 0 1459
94 260 81 255 0 1239
8 8 4 22 0 1559
149 58 162 63 0 1659
194 21 199 8 0 1739
117 99 110 110 0 799
27 34 31 48 0 99
31 86 26 99 0 1099
33 20 49 22 0 1619
41 25 38 10 0 919
50 5 56 17 0 1659
51 16 43 26 0 539
51 69 42 60 0 1119
79 114 77 98 0 1019
82 18 92 26 0 1239
7 12 17 20 0 59
11 106 24 101 0 1539
29 23 27 7 0 1799
191 88 207 86 0 1939
12 39 29 38 0 859
40 139 34 151 0 1499
37 6 54 7 0 379
14 63 4 70 0 1119
124 139 111 144 0 1299
63 56 78 53 0 619
22 0 34 6 0 1959
5 91 6 108 0 1599
40 62 46 50 0 879
0 1 0 19 0 19
109 26 95 30 0 979
18 74 29 68 0 1179
34 41 35 24 0 219
26 43 37 50 0 339
27 33 43 35 0 1839
78 79 78 61 0 979
11 38 20 29 0 1499
7 11 12 24 0 39
33 10 33 28 0 579
84 35 84 17 0 899
24 72 8 74 0 1799
139 160 155 162 0 1059
77 26 77 8 0 1859
31 36 14 37 0 299
58 96 56 80 0 319
30 121 33 136 0 1819
29 73 23 85 0 559
181 14 194 9 0 1579
196 132 191 145 0 1399
55 65 71 67 0 1599
37 27 48 34 0 439
19 18 35 16 0 739
81 110 85 96 0 1459
47 6 53 18 0 139
29 66 29 48 0 259
87 47 78 38 0 1959
217 117 213 131 0 1479
80 37 66 40 0 1239
146 17 137 26 0 1579
62 73 67 86 0 739
109 47 108 30 0 719
220 27 227 38 0 1299
18 36 8 44 0 679
54 49 44 41 0 1459
55 41 46 32 0 719
58 22 63 35 0 1279
54 25 55 41 0 759
23 18 23 0 0 179
113 50 105 60 0 1019
178 134 191 139 0 1759
23 51 13 59 0 1159
37 41 37 23 0 919
51 49 39 43 0 879
27 13 32 1 0 59
102 140 99 155 0 1319
5 22 20 19 0 219
154 44 157 59 0 759
1 134 17 136 0 1379
60 146 53 157 0 959
109 143 101 153 0 1679
44 67 48 53 0 779
35 23 31 9 0 239
11 9 28 8 0 1079
56 23 71 20 0 619
29 27 16 22 0 1119
16 23 29 28 0 1139
19 14 5 10 0 219
96 176 104 186 0 1999
14 82 19 69 0 1919
25 34 15 42 0 179
10 19 6 5 0 59
59 41 65 29 0 279
46 92 49 107 0 279
124 86 108 84 0 999
36 88 30 76 0 999
31 25 27 12 0 1339
31 159 43 165 0 1799
38 129 30 120 0 1799
29 104 42 109 0 1259
34 19 38 5 0 299
18 70 27 61 0 359
211 94 216 107 0 1499
7 15 7 33 0 1479
75 46 67 56 0 779
72 63 71 80 0 1299
54 37 70 35 0 219
26 32 11 29 0 1559
60 19 64 33 0 1739
9 24 21 18 0 139
166 31 171 18 0 1179
11 12 23 7 0 1639
23 8 39 10 0 1659
44 20 32 14 0 599
117 174 106 181 0 1459
161 27 176 24 0 1079
118 136 123 123 0 1679
9 1 15 13 0 119
135 44 136 61 0 1499
63 7 80 8 0 1799
185 65 172 70 0 1839
196 117 196 99 0 1699
33 170 26 159 0 1179
61 8 55 20 0 619
75 26 88 21 0 1899
65 38 77 44 0 1099
94 83 104 75 0 659
49 126 46 141 0 1379
12 28 21 37 0 199
49 38 66 39 0 579
167 77 159 87 0 1559
0 1 6 13 0 19
31 65 31 83 0 399
46 32 31 29 0 799
20 40 26 29 0 99
26 30 40 26 0 119
30 37 27 22 0 779
48 42 50 26 0 399
41 56 39 40 0 179
55 13 71 15 0 1799
35 21 20 24 0 599
38 28 50 34 0 799
106 44 89 45 0 1919
36 209 46 217 0 1579
56 76 73 77 0 1479
62 33 62 51 0 1299
49 14 51 30 0 339
41 42 53 48 0 1459
79 167 90 174 0 1919
46 44 35 51 0 839
47 76 42 89 0 1459
227 22 233 34 0 1339
19 35 19 53 0 359
60 25 55 12 0 1779
47 77 56 86 0 799
37 143 21 141 0 959
67 78 54 82 0 839
194 102 191 87 0 1919
74 39 65 30 0 579
185 51 199 54 0 1299
25 94 12 90 0 1799
172 150 161 157 0 999
93 33 100 23 0 659
94 28 88 17 0 819
27 251 19 241 0 1839
90 60 105 57 0 959
26 10 15 17 0 159
91 3 103 9 0 759
45 48 45 30 0 499
15 12 6 3 0 539
147 32 163 30 0 1899
19 18 33 22 0 59
66 41 77 48 0 819
60 124 58 108 0 1519
89 4 75 8 0 899
82 64 93 58 0 1139
6 25 15 16 0 59
40 33 56 31 0 299
144 18 150 6 0 1959
38 4 54 2 0 159
63 80 73 88 0 1779
66 61 72 49 0 899
103 70 111 80 0 1379
33 6 27 18 0 1059
86 59 81 72 0 1099
81 73 97 71 0 1119
25 15 15 23 0 79
28 122 13 119 0 959
43 83 59 81 0 1599
65 17 69 31 0 279
162 12 156 1 0 499
97 72 95 56 0 1139
121 200 122 217 0 1579
70 147 79 155 0 1759
78 19 63 16 0 299
153 51 156 66 0 1159
85 11 90 23 0 1339
90 24 78 18 0 1359
63 121 76 126 0 1639
40 28 43 43 0 279
13 52 5 42 0 1939
78 24 88 16 0 1439
8 12 8 30 0 199
23 15 10 10 0 1439
16 9 12 23 0 99
95 27 94 44 0 1519
10 49 22 43 0 1019
18 26 9 35 0 79
47 30 41 42 0 419
34 5 45 11 0 479
98 74 82 73 0 1619
43 131 29 127 0 1719
9 41 9 23 0 119
78 68 95 67 0 1559
168 88 183 85 0 1759
56 97 51 110 0 899
140 54 155 57 0 1439
44 82 59 85 0 999
20 78 5 81 0 839
28 14 43 11 0 319
18 1 14 15 0 59
31 52 16 55 0 579
116 87 131 90 0 1859
39 14 27 9 0 1119
122 80 120 65 0 1899
248 122 256 132 0 1599
59 11 64 24 0 1479
54 96 47 85 0 439
28 11 21 0 0 59
1 23 14 28 0 119
15 39 25 31 0 119
93 40 83 32 0 619
42 164 50 174 0 1399
48 43 47 26 0 1939
5 95 13 85 0 1399
89 49 93 63 0 679
4 114 9 127 0 1799
37 122 38 105 0 1939
33 146 35 162 0 779
96 14 104 24 0 759
59 45 68 54 0 759
20 63 34 67 0 419
46 33 55 24 0 739
56 24 41 27 0 759
13 52 17 38 0 1259
9 109 1 119 0 1119
59 58 54 71 0 339
64 56 66 72 0 1559
95 99 101 111 0 1439
22 148 16 136 0 1959
111 50 96 53 0 979
25 14 12 19 0 259
57 17 52 4 0 319
31 19 18 14 0 479
65 80 68 95 0 859
36 67 45 58 0 459
49 173 44 186 0 1879
104 4 88 2 0 1559
187 76 200 71 0 1179
16 28 20 42 0 159
43 36 53 44 0 1859
26 60 18 50 0 319
26 79 22 93 0 659
13 33 24 27 0 259
20 95 27 106 0 1459
34 1 48 5 0 1379
71 18 57 14 0 619
58 110 67 119 0 879
55 132 63 122 0 1579
16 12 20 25 0 619
11 78 20 69 0 819
91 129 82 120 0 1999
5 6 4 23 0 99
198 7 209 14 0 1219
11 88 23 82 0 899
15 70 10 82 0 919
10 83 21 90 0 939
99 85 91 95 0 1359
8 33 16 43 0 1699
69 69 59 77 0 1039
136 33 145 25 0 1519
52 20 39 16 0 1099
33 100 25 90 0 1059
25 91 36 98 0 1079
32 45 24 35 0 1179
35 107 47 112 0 939
16 5 10 17 0 179
5 32 18 27 0 59
25 76 9 74 0 1179
9 72 22 76 0 1199
13 19 28 22 0 119
171 30 155 28 0 1699
120 100 126 89 0 1819
40 33 56 35 0 499
5 115 14 106 0 1519
21 59 27 71 0 1319
172 120 177 107 0 1119
82 45 78 31 0 779
22 104 5 103 0 719
57 135 70 131 0 979
34 58 42 68 0 639
70 156 72 140 0 1999
50 57 42 67 0 579
21 157 13 166 0 1299
9 15 21 9 0 199
55 72 48 61 0 859
32 83 22 75 0 539
49 84 47 100 0 1899
150 24 150 6 0 1559
47 34 47 16 0 699
57 47 47 55 0 999
13 51 13 69 0 239
57 60 56 77 0 1459
22 106 5 107 0 1679
116 126 119 141 0 1239
161 39 161 21 0 1279
42 44 55 49 0 919
20 5 14 17 0 299
2 29 11 38 0 99
60 18 43 17 0 1679
37 53 39 68 0 459
160 162 158 178 0 1719
79 54 79 36 0 779
10 67 12 51 0 259
127 79 135 89 0 759
39 55 46 44 0 559
26 7 42 9 0 99
34 112 28 100 0 1959
20 29 34 33 0 419
18 119 30 113 0 1619
31 57 16 54 0 1039
14 72 12 56 0 799
12 42 29 41 0 479
59 80 72 75 0 1619
149 18 153 32 0 539
36 32 29 43 0 279
130 49 138 39 0 1539
135 49 136 32 0 1559
53 30 36 29 0 499
1 36 10 28 0 199
83 132 100 131 0 899
31 26 47 28 0 259
51 138 52 121 0 1619
156 12 147 3 0 1199
63 74 60 89 0 299
31 66 40 75 0 499
2 105 14 100 0 1519
23 86 37 82 0 1379
31 54 37 43 0 919
64 20 76 26 0 679
149 35 137 29 0 1159
7 11 15 21 0 1879
55 16 46 24 0 439
54 53 61 42 0 739
59 42 53 54 0 499
27 69 27 87 0 879
38 166 37 149 0 1239
15 65 32 66 0 639
46 69 62 71 0 579
41 77 36 90 0 1079
25 33 10 36 0 199
19 40 32 35 0 139
85 44 87 29 0 1119
75 184 62 179 0 1459
7 20 15 29 0 1119
21 24 33 18 0 259
60 280 64 266 0 1799
106 112 91 115 0 759
227 39 227 21 0 1319
25 58 20 45 0 779
61 90 65 104 0 819
183 20 196 25 0 1379
39 78 53 82 0 1099
38 45 24 41 0 299
27 27 12 24 0 1839
77 129 70 140 0 919
237 102 235 118 0 1979
94 34 83 41 0 1159
13 13 27 9 0 519
32 89 25 100 0 1979
111 25 106 12 0 1239
11 164 16 177 0 1379
87 65 94 54 0 679
37 26 29 16 0 699
224 74 235 81 0 1399
7 101 12 88 0 1559
117 187 121 201 0 1559
45 16 57 22 0 219
109 102 114 89 0 659
65 67 82 66 0 1679
69 128 59 136 0 1219
59 135 47 141 0 1239
79 81 74 94 0 1719
17 102 11 90 0 1099
26 31 27 48 0 99
41 36 49 46 0 259
65 138 65 156 0 1339
140 99 141 116 0 739
52 163 49 178 0 1379
63 37 51 43 0 1359
49 198 48 215 0 1419
54 43 64 35 0 819
77 153 94 154 0 1199
106 100 109 115 0 599
42 58 47 71 0 1799
36 109 50 105 0 1979
53 258 59 246 0 1539
216 127 232 125 0 1619
198 178 205 188 0 1699
59 279 48 272 0 1599
31 220 26 207 0 1659
79 91 93 87 0 879
5 20 12 31 0 59
48 290 34 286 0 1679
31 16 14 17 0 179
71 172 71 190 0 1499
114 69 116 84 0 639
62 138 73 131 0 959
18 21 24 33 0 379
60 19 62 3 0 539
90 63 82 53 0 1299
78 72 81 87 0 1679
0 1 14 5 0 19
51 54 50 37 0 379
31 95 48 96 0 879
57 16 48 25 0 899
15 244 23 234 0 1939
23 25 23 7 0 159
40 81 23 82 0 1899
81 79 81 61 0 759
35 39 44 48 0 159
49 86 35 90 0 539
27 56 20 67 0 259
183 50 198 47 0 1379
160 13 176 11 0 1699
19 1 36 2 0 119
53 82 57 96 0 699
19 47 21 63 0 599
28 10 14 6 0 239
30 18 47 19 0 719
1 8 9 18 0 139
29 57 39 65 0 279
39 56 39 74 0 1739
38 83 28 75 0 379
22 38 11 31 0 999
5 20 10 7 0 1659
42 15 37 28 0 139
20 134 26 122 0 1039
3 18 10 29 0 299
15 2 27 7 0 359
42 66 35 77 0 199
27 7 42 4 0 359
15 5 4 12 0 39
63 67 68 80 0 479
46 45 58 51 0 659
40 3 35 16 0 259
57 103 50 114 0 879
52 47 51 64 0 1499
179 25 166 30 0 1159
43 7 38 20 0 439
15 0 3 6 0 259
7 93 20 98 0 1639
5 34 20 37 0 99
22 54 39 55 0 1719
106 57 108 73 0 939
100 62 88 68 0 719
29 18 34 31 0 939
67 73 69 89 0 839
75 109 72 124 0 679
77 91 66 98 0 799
13 54 21 64 0 1619
24 36 40 34 0 279
82 77 77 64 0 859
22 112 11 105 0 1519
86 55 102 53 0 899
137 72 137 90 0 819
20 66 26 78 0 279
18 33 35 32 0 339
38 179 36 195 0 1179
122 88 132 80 0 999
132 79 145 74 0 1019
2 18 6 4 0 39
159 77 158 61 0 1059
158 60 151 49 0 1079
114 275 98 273 0 1739
147 35 140 24 0 1119
80 34 72 24 0 839
51 64 45 52 0 1219
27 49 32 62 0 199
162 72 173 79 0 1839
152 45 153 28 0 1219
91 63 96 50 0 839
65 213 81 211 0 1039
146 117 151 105 0 1439
197 163 214 162 0 1959
31 30 42 23 0 499
66 28 53 33 0 999
24 13 19 0 0 99
28 83 17 90 0 1059
186 22 193 11 0 1399
77 34 60 35 0 659
7 16 16 7 0 59
45 17 38 28 0 399
172 0 157 3 0 1479
60 79 53 90 0 419
22 29 10 35 0 1699
131 49 147 48 0 1139
39 7 35 21 0 159
15 32 10 19 0 1579
61 35 74 40 0 1359
29 26 39 18 0 219
198 103 196 119 0 1419
61 89 64 74 0 1279
146 18 159 23 0 1959
45 98 36 89 0 1939
195 6 194 22 0 1719
161 25 178 24 0 1519
7 8 14 19 0 59
208 15 195 20 0 1779
144 56 155 63 0 1799
89 58 72 57 0 1099
25 13 25 31 0 1879
225 91 237 86 0 1339
83 71 75 81 0 239
175 33 163 27 0 959
16 48 17 65 0 199
3 15 14 8 0 39
143 101 135 91 0 1559
74 113 68 125 0 1059
20 19 7 14 0 539
29 117 22 106 0 519
0 18 14 14 0 39
13 121 19 133 0 1039
111 148 112 165 0 1939
60 60 51 51 0 639
29 128 12 127 0 1299
80 12 94 16 0 959
5 62 17 56 0 659
5 38 11 50 0 179
11 49 15 63 0 199
48 52 61 57 0 799
29 39 15 43 0 879
77 68 88 61 0 819
69 186 73 200 0 1459
25 64 20 77 0 819
25 43 26 60 0 319
22 158 22 176 0 839
32 28 24 37 0 1779
9 28 4 15 0 179
100 141 111 148 0 1499
18 51 15 66 0 339
195 81 193 97 0 1999
36 48 36 66 0 799
7 42 9 58 0 1299
44 1 58 5 0 499
54 223 39 226 0 1579
84 91 91 80 0 539
17 32 23 44 0 1259
52 85 54 101 0 779
122 58 113 49 0 999
33 64 48 67 0 859
77 70 73 56 0 1859
80 33 92 39 0 1939
78 2 87 11 0 759
16 148 15 164 0 1339
6 44 4 60 0 719
22 45 9 40 0 779
33 74 35 58 0 1139
12 59 21 50 0 779
69 85 56 81 0 699
175 68 174 51 0 1259
12 56 25 61 0 1799
9 26 10 43 0 1019
27 14 19 4 0 139
76 76 85 85 0 1559
50 69 63 74 0 459
61 89 71 81 0 479
60 88 45 91 0 1199
84 75 99 72 0 1099
16 6 8 16 0 439
64 29 59 42 0 1019
75 36 72 51 0 1339
49 46 43 58 0 419
46 88 39 99 0 1079
221 62 219 47 0 1559
166 33 151 36 0 659
43 111 59 109 0 1439
6 45 19 50 0 459
56 1 61 14 0 1179
49 18 49 36 0 1459
37 63 30 53 0 1219
22 44 15 55 0 279
43 50 49 38 0 1259
12 80 21 71 0 1159
37 11 42 24 0 199
58 41 62 27 0 1619
4 21 8 7 0 1539
106 33 90 31 0 1699
28 102 24 116 0 959
11 129 11 147 0 1519
155 149 156 132 0 1159
36 244 48 250 0 1679
24 65 33 56 0 699
25 55 9 57 0 639
28 115 28 97 0 499
103 93 96 104 0 919
44 116 59 114 0 699
101 39 91 31 0 1399
48 32 52 46 0 1479
117 75 102 78 0 759
28 113 36 103 0 1899
68 27 74 39 0 1699
47 64 47 47 0 959
39 159 55 157 0 1679
111 95 122 88 0 1279
61 39 77 37 0 999
46 216 38 226 0 1599
23 59 19 45 0 1799
18 55 5 50 0 139
68 186 59 195 0 1799
10 240 25 237 0 1879
52 206 53 189 0 1839
33 48 20 44 0 1679
62 35 79 34 0 1979
76 27 68 17 0 1299
123 54 117 42 0 1659
46 102 46 120 0 599
22 53 39 54 0 1139
45 220 61 222 0 1979
33 61 41 71 0 1279
7 146 22 149 0 1939
35 14 24 7 0 459
86 29 100 25 0 499
22 23 32 16 0 1839
5 26 19 30 0 99
31 25 22 33 0 379
62 28 62 46 0 599
245 75 244 92 0 1439
10 56 21 49 0 879
61 97 70 106 0 439
20 29 29 38 0 219
135 52 118 53 0 459
27 188 32 175 0 1699
5 27 1 13 0 279
66 17 73 28 0 539
18 14 6 20 0 319
130 88 138 78 0 799
22 23 10 28 0 359
10 27 14 41 0 379
166 118 168 134 0 1439
2 32 2 50 0 1759
43 106 51 97 0 479
120 194 120 212 0 1999
47 135 37 127 0 999
45 51 62 52 0 1239
92 48 99 37 0 599
73 257 71 241 0 1639
180 39 174 27 0 1979
168 130 175 119 0 1279
36 92 41 105 0 1319
37 58 48 65 0 939
29 33 46 32 0 159
75 53 59 51 0 1999
15 75 21 87 0 799
12 13 22 21 0 219
0 1 10 9 0 19
43 23 30 18 0 239
244 26 244 44 0 1479
57 88 42 85 0 339
73 37 59 41 0 799
3 5 12 14 0 279
15 19 15 37 0 119
117 41 106 34 0 1999
67 136 73 124 0 1899
68 37 72 51 0 899
101 16 97 2 0 1939
26 60 26 42 0 759
38 80 26 74 0 919
22 252 22 234 0 1799
51 115 34 116 0 1319
9 141 12 126 0 1159
42 42 43 59 0 1039
57 37 57 20 0 979
30 114 47 115 0 1639
66 13 80 9 0 499
22 15 32 7 0 59
179 42 172 31 0 1699
100 67 87 72 0 1939
179 160 164 162 0 1359
14 30 29 27 0 1559
49 150 33 152 0 1219
43 42 44 59 0 1419
174 90 187 95 0 1159
24 49 33 58 0 299
60 243 49 236 0 1699
34 35 40 47 0 339
28 125 15 120 0 1339
41 177 32 185 0 1139
168 102 163 89 0 1159
14 102 2 96 0 999
38 37 38 55 0 139
58 60 61 45 0 1199
127 21 138 14 0 1479
180 25 180 43 0 1139
94 69 102 60 0 879
50 113 33 114 0 899
47 50 55 40 0 259
44 59 30 55 0 419
104 107 93 114 0 1419
43 141 56 146 0 759
166 6 152 2 0 759
4 30 15 36 0 99
106 119 107 136 0 939
10 67 14 81 0 1139
77 67 72 54 0 1359
45 44 34 51 0 339
16 23 25 32 0 179
34 39 49 42 0 499
69 6 52 5 0 539
94 56 82 62 0 1199
188 105 183 118 0 1139
94 34 103 25 0 1479
21 68 17 82 0 1059
53 45 45 55 0 1879
58 52 41 53 0 679
34 78 24 71 0 219
23 12 7 10 0 1859
0 18 7 29 0 39
172 30 183 23 0 1719
69 101 76 112 0 1399
187 33 179 43 0 1679
23 71 32 80 0 999
50 134 62 128 0 999
42 85 28 89 0 859
21 180 25 194 0 1419
83 76 79 90 0 859
3 8 18 5 0 179
31 90 26 103 0 1099
15 87 28 82 0 1119
24 30 38 26 0 79
98 160 110 154 0 1599
6 34 17 28 0 59
91 74 97 86 0 1459
2 51 15 56 0 1779
55 165 64 156 0 1399
73 13 84 6 0 559
46 5 53 16 0 339
114 90 131 91 0 679
34 106 27 117 0 839
45 49 53 39 0 1639
75 54 81 66 0 1219
6 43 14 34 0 1439
87 64 85 48 0 379
74 46 83 55 0 479
83 56 89 68 0 499
125 127 112 122 0 1639
21 49 28 38 0 959
205 189 189 187 0 1719
25 177 29 190 0 1219
168 86 184 87 0 899
99 36 94 23 0 619
94 24 86 34 0 639
200 163 189 157 0 1879
15 18 9 29 0 119
42 12 34 22 0 479
76 128 60 126 0 1559
66 12 76 20 0 1639
32 49 49 50 0 299
38 162 55 161 0 1119
45 44 59 48 0 299
96 5 96 23 0 819
99 109 109 101 0 639
46 25 48 9 0 1699
94 36 102 46 0 879
20 25 35 22 0 619
211 18 194 19 0 1459
17 71 29 65 0 239
30 122 46 124 0 1519
16 45 13 30 0 1259
53 31 69 29 0 319
12 163 10 147 0 1659
79 17 80 34 0 1319
0 1 11 8 0 19
51 18 45 6 0 699
144 14 159 17 0 759
85 32 84 15 0 1499
24 154 28 140 0 1919
28 66 31 51 0 559
20 63 35 65 0 1719
22 52 28 64 0 719
146 12 162 10 0 479
93 52 85 42 0 1059
20 23 3 24 0 859
174 52 178 66 0 1279
29 193 45 195 0 1559
74 28 75 45 0 1319
54 33 67 28 0 499
15 39 30 36 0 479
116 83 128 77 0 659
72 45 85 50 0 659
82 98 79 83 0 1919
70 98 85 95 0 1439
80 90 64 92 0 1559
48 186 45 171 0 1039
132 38 146 42 0 799
42 6 42 24 0 1159
55 91 60 78 0 399
36 35 47 42 0 739
129 123 141 129 0 839
13 111 26 106 0 759
109 96 95 100 0 1419
27 78 31 64 0 1259
15 96 29 100 0 499
163 197 159 183 0 1799
34 43 19 46 0 259
17 63 27 71 0 1839
158 180 171 184 0 1739
35 11 25 19 0 1759
45 46 41 32 0 1619
153 199 167 195 0 1799
71 16 67 30 0 1819
53 4 65 10 0 1259
62 67 71 58 0 939
150 158 151 175 0 1879
171 47 187 49 0 1639
120 131 106 135 0 979
52 85 64 80 0 399
54 79 57 94 0 1859
136 87 146 95 0 1659
69 95 75 84 0 1259
0 1 5 14 0 19
5 117 1 131 0 1719
1 30 17 28 0 59
91 192 77 196 0 1579
35 29 26 38 0 279
14 117 7 106 0 1139
17 84 17 101 0 1079
13 17 29 19 0 159
63 65 65 49 0 1159
34 239 27 250 0 1819
59 126 53 114 0 899
8 22 17 31 0 559
11 96 28 95 0 1219
8 117 2 105 0 1179
37 150 31 162 0 1259
29 231 26 216 0 1959
16 94 17 78 0 1019
252 86 260 96 0 1919
18 20 19 4 0 379
26 82 26 100 0 1599
30 13 14 15 0 419
11 12 19 2 0 659
105 117 107 101 0 839
179 33 162 32 0 919
202 105 203 88 0 1259
56 34 60 20 0 519
8 51 8 33 0 99
62 2 46 4 0 559
22 157 15 147 0 999
0 1 0 19 0 19
65 53 70 40 0 1319
13 117 3 125 0 1799
74 0 91 1 0 799
51 101 66 104 0 519
59 63 46 68 0 559
35 184 24 177 0 1179
0 1 8 11 0 19
47 44 61 40 0 979
70 69 56 73 0 1979
19 62 16 47 0 179
33 43 49 45 0 359
130 89 135 76 0 1859
71 45 59 40 0 859
41 121 28 116 0 1279
55 81 53 65 0 359
73 33 69 19 0 919
48 143 42 155 0 739
218 59 216 75 0 1779
28 24 30 40 0 599
42 23 43 40 0 1179
40 59 23 58 0 1779
18 121 12 133 0 659
89 26 98 17 0 1059
27 61 44 60 0 399
14 19 12 35 0 299
88 9 89 25 0 1119
21 1 34 6 0 79
12 29 22 37 0 699
15 7 15 24 0 99
178 35 166 29 0 1379
67 75 71 89 0 1159
39 21 45 9 0 1599
165 34 178 29 0 779
53 17 51 33 0 519
90 25 79 18 0 1299
6 128 16 136 0 1399
34 30 19 27 0 1559
39 73 45 85 0 1759
56 31 60 17 0 1379
60 16 49 23 0 1399
47 84 42 96 0 1319
29 37 42 42 0 1199
108 63 104 77 0 1739
57 40 44 45 0 499
82 58 89 48 0 1139
12 90 26 86 0 879
16 55 4 61 0 99
36 35 33 20 0 1579
17 20 11 8 0 59
13 1 29 3 0 159
24 44 10 48 0 999
33 19 18 16 0 239
13 33 3 25 0 279
85 83 85 100 0 1579
121 21 129 31 0 479
80 32 85 19 0 1159
20 81 24 67 0 1739
81 280 69 286 0 1899
109 47 98 40 0 1759
40 48 40 66 0 359
47 27 30 28 0 1959
26 5 38 11 0 1379
14 72 6 63 0 339
59 43 51 53 0 239
59 63 73 67 0 399
0 58 13 53 0 1919
32 114 37 101 0 1439
151 106 149 90 0 1459
124 74 134 82 0 959
13 15 25 21 0 1999
0 1 3 16 0 19
36 45 22 49 0 1779
75 66 74 49 0 1699
21 28 14 17 0 1339
84 23 70 19 0 1059
71 66 61 58 0 939
46 43 44 59 0 619
186 15 200 11 0 1419
41 51 24 52 0 519
79 81 94 84 0 639
55 96 38 97 0 659
124 51 129 64 0 939
18 26 20 42 0 79
94 2 79 0 0 779
23 113 17 124 0 1299
89 26 91 10 0 1139
33 60 30 45 0 179
78 68 67 74 0 819
47 163 34 168 0 1919
71 115 62 124 0 1519
45 170 42 155 0 1059
26 81 31 94 0 859
106 182 115 173 0 1479
66 105 69 90 0 539
59 11 65 23 0 1999
61 30 61 48 0 499
10 10 25 7 0 559
52 100 61 91 0 559
82 82 83 65 0 559
74 34 73 51 0 1679
51 116 56 103 0 619
41 63 40 80 0 519
76 57 64 51 0 1739
157 58 142 61 0 779
26 107 34 97 0 779
30 105 25 118 0 1499
64 89 64 107 0 1899
57 90 54 76 0 759
32 8 16 6 0 199
9 125 15 137 0 599
22 172 32 164 0 1279
114 99 107 110 0 859
37 49 51 45 0 399
153 31 156 46 0 1599
66 93 53 88 0 899
155 94 168 89 0 1739
13 37 20 26 0 359
24 84 8 86 0 959
129 66 138 75 0 819
46 86 46 68 0 439
17 12 16 29 0 139
28 96 27 113 0 1239
179 19 190 12 0 879
108 83 119 89 0 1599
36 33 49 28 0 419
62 56 55 45 0 1119
11 12 25 8 0 59
90 136 94 149 0 1579
43 24 32 31 0 1179
61 47 56 34 0 1359
94 153 93 136 0 1219
35 224 43 234 0 1459
35 22 37 6 0 99
3 30 11 40 0 739
41 72 48 61 0 1299
33 26 34 43 0 99
24 27 17 16 0 259
10 95 24 99 0 1979
0 1 2 17 0 19
98 73 107 82 0 1579
36 12 37 29 0 1319
17 180 28 173 0 1139
150 54 141 63 0 959
75 71 83 61 0 1479
49 67 49 85 0 1879
33 100 39 88 0 379
45 136 58 141 0 899
35 65 45 73 0 199
75 21 69 9 0 959
28 35 27 52 0 179
26 33 42 31 0 259
111 96 114 111 0 899
64 64 71 53 0 1639
39 138 45 126 0 1499
67 61 77 69 0 1839
46 13 42 27 0 499
71 154 70 170 0 679
20 74 23 59 0 1439
173 40 161 34 0 939
0 1 12 7 0 19
80 29 91 22 0 1819
31 7 25 19 0 599
35 163 33 147 0 799
34 196 27 185 0 1239
82 11 74 1 0 779
31 205 14 204 0 1439
39 100 30 109 0 1099
10 28 16 40 0 319
109 83 122 87 0 979
33 88 19 84 0 1899
156 67 168 61 0 1179
102 47 106 61 0 899
161 19 172 25 0 1219
92 136 92 118 0 839
32 22 39 11 0 79
27 72 20 61 0 1659
10 1 18 11 0 139
14 92 27 87 0 319
37 80 43 68 0 1939
37 109 21 111 0 1439
43 0 30 5 0 779
12 46 3 55 0 639
88 70 104 68 0 719
16 56 30 53 0 219
14 107 7 118 0 419
75 88 71 74 0 1659
22 57 18 71 0 979
90 15 94 29 0 659
26 49 22 63 0 1099
38 101 25 96 0 1379
45 32 52 43 0 179
47 2 33 6 0 459
40 46 39 63 0 359
26 9 21 22 0 339
2 31 13 38 0 339
159 18 175 17 0 1079
41 43 53 37 0 1119
29 11 41 5 0 559
4 59 8 73 0 299
62 114 70 124 0 799
66 50 50 48 0 439
116 236 109 225 0 1679
70 109 63 120 0 579
25 39 40 42 0 399
33 28 46 33 0 339
45 5 42 20 0 719
31 39 22 30 0 1679
66 24 60 12 0 1039
44 17 46 33 0 779
56 133 50 121 0 619
26 53 14 47 0 459
29 5 19 13 0 1039
159 41 149 33 0 1959
33 57 34 74 0 719
183 24 184 7 0 1739
5 38 18 43 0 1139
45 30 47 46 0 939
126 126 138 120 0 1999
56 23 61 10 0 659
58 21 49 13 0 999
94 6 97 21 0 1199
67 139 59 149 0 1599
15 113 19 127 0 1599
39 24 53 21 0 1079
27 44 18 35 0 1499
55 9 49 21 0 599
66 48 78 42 0 1319
53 88 59 76 0 499
61 107 76 110 0 759
126 107 139 112 0 1219
68 85 54 89 0 819
86 79 93 90 0 1499
160 76 160 94 0 1239
34 50 40 62 0 479
42 10 33 1 0 119
96 12 87 21 0 839
124 71 124 88 0 759
134 87 119 84 0 1779
7 124 21 128 0 1019
76 151 83 162 0 619
80 48 84 34 0 399
132 31 132 49 0 1259
82 98 70 104 0 1759
48 86 59 93 0 1039
44 14 35 5 0 479
65 29 77 35 0 639
61 110 61 92 0 1579
31 77 28 62 0 1559
18 170 23 183 0 1519
51 52 34 53 0 659
167 11 181 15 0 999
18 31 8 39 0 619
29 56 14 53 0 539
35 172 31 158 0 1779
23 19 36 24 0 1199
33 99 47 103 0 1719
0 1 0 19 0 19
87 63 89 79 0 599
84 39 84 57 0 1019
124 87 117 98 0 779
26 32 39 37 0 199
21 62 4 61 0 1259
46 60 49 45 0 759
73 57 63 65 0 1879
199 193 202 178 0 1919
116 86 106 79 0 579
119 26 116 11 0 579
79 70 92 66 0 1959
12 31 9 46 0 139
48 74 59 81 0 1159
108 166 91 167 0 1719
106 56 100 68 0 1319
3 17 20 18 0 39
58 25 65 36 0 739
33 73 44 80 0 359
38 81 48 73 0 459
51 30 57 42 0 419
29 35 45 33 0 159
211 79 207 92 0 1979
112 148 95 147 0 1559
26 23 35 14 0 1899
57 58 50 69 0 339
9 43 21 49 0 79
38 3 29 12 0 539
125 38 125 56 0 1099
50 158 61 151 0 1639
20 103 9 110 0 1099
60 140 56 126 0 759
192 4 176 6 0 1479
100 102 97 117 0 1719
8 179 5 194 0 1019
30 108 43 103 0 439
105 132 97 122 0 1779
24 16 21 1 0 199
69 30 79 22 0 339
201 101 207 113 0 1559
205 3 189 1 0 1439
60 115 62 130 0 1079
58 131 65 142 0 579
65 143 76 150 0 599
20 34 16 20 0 79
42 85 40 69 0 1539
0 1 0 19 0 19
56 34 58 50 0 1519
181 129 181 147 0 1759
40 76 57 75 0 519
65 26 68 41 0 339
30 46 47 45 0 959
41 49 28 45 0 179
31 12 32 29 0 219
159 86 156 71 0 1579
51 42 64 37 0 1979
94 57 94 75 0 499
47 85 42 72 0 1559
8 85 25 86 0 979
235 44 244 53 0 1779
98 8 97 25 0 319
115 90 130 87 0 979
66 153 49 154 0 1659
140 37 156 39 0 1899
75 137 88 141 0 1619
58 142 74 140 0 1039
171 91 166 104 0 1799
34 57 19 60 0 659
98 77 100 61 0 699
18 20 29 27 0 199
19 10 15 23 0 799
162 64 159 49 0 1679
160 17 170 24 0 1719
77 152 94 151 0 1499
28 43 36 53 0 1219
31 22 40 13 0 419
92 153 84 143 0 1259
84 142 101 141 0 1279
173 76 171 92 0 1699
113 145 96 146 0 1319
96 145 85 152 0 1339
73 17 64 8 0 399
152 110 148 124 0 1039
253 79 237 77 0 1679
66 167 69 152 0 1419
17 24 29 30 0 139
65 31 68 46 0 599
185 97 185 79 0 1159
78 81 78 99 0 939
194 128 191 143 0 919
55 170 57 154 0 1539
41 30 34 20 0 279
147 47 158 40 0 1159
25 41 20 28 0 399
51 164 37 160 0 1619
157 38 153 52 0 1139
62 72 65 57 0 599
59 55 65 66 0 459
106 64 91 67 0 1079
57 63 70 67 0 1339
45 7 39 19 0 439
48 50 61 46 0 1299
22 81 38 79 0 1659
49 63 48 80 0 799
130 45 120 37 0 1939
57 182 43 178 0 1739
20 60 7 65 0 359
36 91 36 108 0 1959
106 76 120 72 0 1039
21 155 17 141 0 1919
6 177 1 190 0 979
41 45 25 43 0 199
92 249 91 266 0 1539
64 142 49 145 0 1599
82 131 73 122 0 1419
7 30 21 27 0 119
68 34 74 46 0 1319
71 27 56 30 0 1359
26 33 27 50 0 99
76 68 86 76 0 759
171 68 177 57 0 1039
120 58 128 48 0 1999
37 28 39 44 0 1339
15 23 4 30 0 679
14 61 3 54 0 259
43 19 58 17 0 1699
34 114 40 102 0 1759
44 8 44 26 0 1999
87 113 79 123 0 1959
144 102 133 109 0 839
93 33 110 32 0 759
44 76 38 64 0 839
44 79 51 68 0 379
60 95 76 97 0 1139
54 42 64 34 0 359
47 94 47 76 0 779
4 65 15 72 0 299
155 189 152 174 0 1839
2 51 16 55 0 619
59 42 60 26 0 1759
113 162 123 169 0 1959
44 40 61 39 0 1479
25 60 12 55 0 579
32 16 23 7 0 319
25 60 8 59 0 619
8 60 7 43 0 639
7 42 17 34 0 659
53 57 39 54 0 499
46 21 32 17 0 579
182 105 194 100 0 1039
70 112 69 95 0 599
17 39 25 49 0 399
9 50 26 49 0 259
41 24 41 42 0 1099
123 41 114 33 0 1659
24 117 14 109 0 1299
156 14 166 22 0 679
43 31 55 37 0 1559
112 93 116 79 0 1099
30 40 16 36 0 279
79 23 93 27 0 799
26 15 39 20 0 1579
24 1 10 5 0 59
11 19 0 26 0 999
54 76 70 78 0 1919
42 64 30 70 0 1679
54 9 51 24 0 419
3 15 17 19 0 39
0 1 7 12 0 19
74 87 78 101 0 1859
51 107 46 94 0 959
14 205 7 194 0 1459
143 103 127 101 0 1159
78 98 81 113 0 1719
35 20 46 27 0 1899
95 62 79 60 0 1259
21 28 38 29 0 1259
38 49 35 64 0 259
140 1 133 12 0 1539
58 76 55 90 0 379
147 94 156 103 0 1379
31 2 27 15 0 119
78 102 76 86 0 1879
126 126 114 120 0 759
99 150 88 143 0 1659
121 20 134 15 0 1699
41 43 48 54 0 1559
52 235 44 245 0 1579
22 104 34 110 0 1679
91 21 100 12 0 719
146 58 154 48 0 799
127 23 125 39 0 1079
52 33 36 31 0 1579
3 72 14 65 0 1659
126 16 136 24 0 599
17 49 25 58 0 179
10 18 3 29 0 239
71 73 56 70 0 1679
45 45 36 54 0 559
71 118 72 102 0 1319
196 53 200 67 0 1219
13 60 19 48 0 1179
28 55 39 48 0 1779
38 54 34 40 0 159
42 33 40 49 0 459
14 119 1 114 0 1339
104 80 101 95 0 1159
58 56 46 62 0 1879
46 61 30 63 0 1899
30 62 47 63 0 1919
44 86 46 70 0 1639
12 170 28 168 0 879
80 104 97 103 0 999
94 74 80 70 0 519
5 49 15 41 0 159
26 68 10 66 0 239
26 3 23 18 0 59
262 121 276 125 0 1739
59 112 64 99 0 1139
217 69 210 80 0 1959
29 189 19 181 0 1239
88 15 92 1 0 1459
22 111 34 105 0 819
151 174 147 160 0 1899
14 43 29 40 0 219
106 192 98 182 0 1839
32 29 32 47 0 1659
28 32 29 49 0 1639
38 245 27 238 0 1739
3 8 15 14 0 339
35 88 27 78 0 339
181 138 165 136 0 1979
32 67 47 64 0 379
31 16 17 20 0 99
24 143 24 161 0 1459
20 38 20 20 0 519
39 52 53 56 0 459
33 146 16 145 0 819
87 22 81 34 0 1819
201 114 201 132 0 1779
69 81 55 84 0 499
173 105 190 104 0 1519
27 168 24 153 0 1819
22 19 34 13 0 739
56 43 66 51 0 419
97 67 112 64 0 639
34 85 37 100 0 1419
274 141 272 126 0 1999
6 100 16 108 0 679
59 22 59 40 0 179
29 31 43 35 0 159
16 6 28 12 0 479
146 47 130 46 0 1919
6 107 8 123 0 1619
39 52 31 42 0 1459
175 117 187 123 0 839
9 23 26 22 0 439
2 97 17 100 0 1019
30 85 32 69 0 1259
36 43 49 38 0 1219
25 72 13 78 0 1579
55 86 70 83 0 299
21 21 4 20 0 1519
61 17 57 31 0 679
15 135 14 118 0 1319
15 29 31 31 0 879
39 65 39 83 0 479
120 244 115 231 0 1919
207 90 202 103 0 1099
40 24 52 30 0 239
8 117 4 103 0 1659
23 17 33 25 0 79
9 22 19 30 0 59
88 116 88 134 0 839
22 67 22 85 0 1779
64 25 59 38 0 1299
67 67 76 76 0 1399
10 64 23 69 0 1199
11 32 2 23 0 1019
33 16 40 5 0 1459
182 87 180 103 0 1339
180 104 167 109 0 1359
24 47 27 62 0 1099
75 62 75 80 0 1379
4 111 10 99 0 619
183 93 185 109 0 1439
174 28 158 26 0 1999
58 48 51 59 0 639
65 52 49 54 0 619
77 43 89 49 0 559
12 6 24 0 0 39
99 23 95 37 0 1879
54 28 42 34 0 439
102 8 106 22 0 1519
131 27 132 10 0 1919
61 92 69 102 0 1379
184 121 175 130 0 1659
47 13 54 23 0 979
59 8 68 17 0 1379
58 4 55 19 0 519
37 27 21 25 0 159
171 230 183 235 0 1559
19 35 35 37 0 1799
113 130 124 137 0 899
237 136 239 120 0 1819
71 79 79 69 0 799
105 82 111 94 0 1259
27 13 11 11 0 1359
246 75 252 87 0 1899
40 15 40 32 0 359
69 43 69 61 0 159
143 83 131 77 0 1439
38 78 32 90 0 1679
248 78 235 73 0 1999
11 7 26 4 0 39
276 123 291 125 0 1759
54 6 51 21 0 399
57 26 65 36 0 339
63 71 57 59 0 1439
140 106 157 105 0 1119
49 36 41 26 0 979
99 214 106 203 0 1059
45 19 43 4 0 179
36 38 51 36 0 139
85 99 76 108 0 1599
28 24 45 23 0 239
45 1 49 15 0 79
34 14 50 16 0 119
48 65 55 76 0 539
12 42 13 59 0 319
57 42 68 35 0 1259
42 50 38 64 0 1519
56 100 47 91 0 599
110 80 107 95 0 1079
13 36 30 37 0 419
30 38 26 52 0 439
148 125 144 111 0 1059
116 74 121 87 0 1039
11 29 11 12 0 499
156 110 171 112 0 1299
175 78 175 96 0 1059
134 226 140 214 0 1759
16 109 0 111 0 699
6 29 8 45 0 259
244 93 239 80 0 1459
17 247 32 244 0 1919
165 30 173 20 0 1579
169 132 178 124 0 1999
49 16 45 30 0 699
116 119 113 104 0 1139
15 13 3 19 0 359
165 23 178 18 0 1839
156 27 160 41 0 1459
69 47 73 33 0 959
4 111 17 116 0 1899
192 156 207 153 0 1799
62 129 55 118 0 1019
20 2 31 9 0 1999
5 80 12 91 0 859
17 27 31 23 0 1319
19 74 16 89 0 1019
24 56 16 66 0 1199
65 131 50 134 0 879
72 94 72 112 0 999
72 111 62 119 0 1019
78 55 89 48 0 659
84 18 74 26 0 519
37 81 25 87 0 1399
86 70 85 87 0 1519
17 12 21 26 0 219
73 78 58 81 0 1499
170 36 161 45 0 1479
24 31 12 25 0 259
22 50 32 42 0 199
24 160 8 162 0 1479
57 203 45 197 0 1799
57 15 68 8 0 559
39 23 53 27 0 399
54 200 68 204 0 1319
84 58 97 53 0 1679
27 116 18 125 0 1339
95 32 84 38 0 999
100 67 91 76 0 1339
22 106 31 97 0 1399
17 22 21 36 0 1059
194 148 189 161 0 1839
26 127 17 136 0 1419
159 51 149 59 0 1639
66 53 63 38 0 1339
15 50 19 36 0 1779
43 22 39 36 0 1739
92 101 83 92 0 699
194 18 180 22 0 1479
41 20 28 25 0 219
106 94 103 109 0 1119
75 91 90 94 0 1639
179 96 177 112 0 1219
35 79 34 62 0 1159
110 72 102 62 0 1759
134 13 121 9 0 1719
36 41 44 31 0 299
1 1 10 9 0 19
100 82 116 84 0 559
38 49 24 45 0 979
62 149 68 137 0 539
33 81 21 87 0 639
112 32 109 18 0 939
35 28 49 32 0 299
55 32 52 17 0 379
127 95 140 90 0 1919
114 65 124 73 0 939
129 99 122 110 0 1959
110 122 99 115 0 1599
39 91 26 96 0 1519
54 24 41 29 0 279
71 21 76 34 0 639
12 54 25 59 0 599
82 59 98 61 0 539
86 6 100 2 0 759
192 37 194 21 0 1179
17 3 7 11 0 39
15 31 15 13 0 279
26 47 19 36 0 179
29 50 30 33 0 899
45 24 47 8 0 499
184 111 184 129 0 1339
21 30 27 18 0 259
54 22 64 30 0 999
91 8 102 2 0 1159
5 15 1 29 0 39
159 169 173 173 0 1959
99 1 98 18 0 1039
42 3 29 8 0 379
121 180 114 191 0 979
35 22 33 6 0 419
53 27 40 32 0 799
50 34 66 32 0 1439
50 93 44 81 0 979
69 87 72 102 0 839
161 156 148 151 0 1019
95 57 95 39 0 1159
103 10 120 9 0 779
95 71 95 54 0 1779
232 79 231 62 0 1819
51 29 56 16 0 359
77 43 81 57 0 1119
10 44 18 34 0 359
32 122 17 125 0 959
87 37 91 23 0 719
99 32 98 49 0 1099
5 25 3 40 0 59
145 28 136 37 0 739
158 97 144 101 0 819
60 11 73 6 0 1059
28 76 11 77 0 799
67 27 59 37 0 879
54 81 47 92 0 859
42 37 42 19 0 1339
46 75 54 85 0 899
135 79 146 72 0 719
20 42 3 41 0 1079
40 102 50 94 0 959
60 73 43 74 0 1819
74 12 90 14 0 639
175 170 188 165 0 1899
74 9 62 3 0 1179
114 13 119 26 0 1819
66 45 54 51 0 259
53 158 44 167 0 979
57 29 71 33 0 839
179 82 190 89 0 1099
38 218 44 206 0 1679
83 90 67 92 0 1179
35 81 51 83 0 1959
130 184 132 200 0 1959
22 4 13 13 0 639
160 176 171 183 0 1999
35 57 45 49 0 479
5 64 17 70 0 219
50 68 34 70 0 519
84 87 99 84 0 1339
21 89 6 92 0 959
26 2 25 19 0 1599
34 68 21 63 0 1239
3 114 6 129 0 1379
116 29 127 22 0 1059
195 129 185 137 0 1959
200 158 204 172 0 1559
42 164 28 167 0 1819
119 139 125 151 0 1519
83 81 90 92 0 639
95 146 98 161 0 1579
114 141 106 131 0 1579
148 299 136 293 0 1979
113 120 125 126 0 1619
102 66 94 56 0 1879
65 173 69 187 0 1439
14 31 24 39 0 1139
47 82 34 77 0 1419
7 11 8 28 0 39
19 106 3 104 0 1499
101 145 105 131 0 1759
138 7 131 18 0 1419
11 40 12 57 0 1779
19 29 24 42 0 159
79 119 92 114 0 1839
62 120 68 132 0 1639
58 67 62 53 0 579
26 54 37 48 0 299
178 24 183 37 0 839
53 55 47 67 0 519
87 109 92 96 0 1959
92 95 108 97 0 1979
108 98 112 112 0 1999
79 24 85 36 0 1859
147 176 159 170 0 1939
46 32 45 15 0 359
58 21 58 39 0 1299
25 197 29 211 0 1999
96 12 86 20 0 639
20 19 37 20 0 139
37 21 48 14 0 159
42 24 55 19 0 519
37 15 36 31 0 619
71 122 56 120 0 839
73 17 71 1 0 239
217 94 221 108 0 1819
12 8 28 10 0 39
97 1 86 8 0 999
47 130 54 141 0 1459
135 42 135 24 0 1659
46 69 37 60 0 1659
3 60 8 73 0 1539
6 11 6 28 0 239
37 44 26 51 0 139
48 178 35 173 0 1759
116 43 125 34 0 1659
118 68 104 72 0 479
24 30 22 14 0 79
29 52 31 67 0 479
184 87 185 104 0 1339
30 31 15 34 0 99
103 131 114 124 0 1519
87 97 93 109 0 599
63 75 63 57 0 479
37 19 34 4 0 479
12 29 18 41 0 379
36 159 26 167 0 1659
9 21 7 5 0 79
6 70 17 63 0 1719
8 10 8 28 0 79
125 76 128 61 0 1379
80 68 72 59 0 779
50 28 58 38 0 679
37 23 26 16 0 279
11 101 17 89 0 1319
145 110 140 123 0 1259
79 47 84 34 0 879
51 11 62 18 0 159
68 54 80 48 0 519
19 49 32 44 0 479
63 70 56 81 0 1939
72 29 72 11 0 979
45 54 46 71 0 1899
25 30 26 47 0 419
25 128 12 133 0 1699
160 23 166 11 0 1059
12 134 18 146 0 679
85 62 94 71 0 1219
10 132 14 118 0 1799
4 135 19 132 0 1699
111 79 109 95 0 1399
83 93 69 97 0 719
117 71 130 66 0 1199
82 95 85 80 0 1539
95 110 112 111 0 1059
168 56 161 67 0 879
42 40 30 46 0 239
33 79 41 88 0 659
15 40 8 51 0 219
27 72 10 71 0 259
91 77 103 71 0 1359
161 18 157 4 0 1339
100 52 111 59 0 1159
13 75 23 83 0 239
91 32 100 41 0 1419
62 28 49 33 0 679
15 33 27 28 0 459
96 141 103 130 0 1499
34 30 17 29 0 1519
102 105 87 108 0 1939
138 262 121 261 0 1999
171 110 171 93 0 1319
87 43 78 52 0 1759
20 38 36 40 0 119
160 136 177 137 0 1359
47 213 46 230 0 1719
33 136 48 138 0 919
35 122 43 112 0 1419
73 65 72 82 0 799
58 41 63 28 0 339
53 68 38 65 0 1539
81 17 77 3 0 1159
58 30 45 26 0 539
105 174 106 191 0 1819
14 21 25 14 0 59
57 28 41 26 0 819
98 166 98 184 0 1879
16 13 15 30 0 259
105 173 118 178 0 1919
42 78 48 66 0 439
26 20 27 3 0 119
78 70 88 78 0 1279
57 6 45 12 0 1299
61 10 61 28 0 499
47 93 49 108 0 619
22 166 5 165 0 1319
77 41 80 56 0 1839
37 11 27 3 0 1279
29 28 14 31 0 1539
23 45 25 61 0 1279
182 83 191 92 0 1499
25 27 31 15 0 159
117 17 124 6 0 839
90 146 87 161 0 1719
23 23 32 14 0 559
91 116 104 111 0 779
278 49 279 66 0 1619
16 35 17 18 0 299
60 11 57 26 0 1099
12 6 17 18 0 219
47 94 39 104 0 1299
107 96 122 99 0 1099
20 105 20 123 0 1379
124 41 109 39 0 1079
153 86 136 87 0 1339
8 17 16 7 0 459
5 62 3 46 0 619
28 13 24 27 0 499
24 26 32 16 0 519
31 17 42 23 0 539
42 24 52 32 0 559
29 271 39 263 0 1759
192 80 192 98 0 999
105 21 117 15 0 1039
63 121 64 104 0 1599
17 67 3 71 0 439
34 41 31 26 0 1179
21 97 20 114 0 1679
29 31 40 24 0 199
34 111 34 93 0 899
45 246 44 262 0 1599
71 41 63 51 0 479
75 125 76 142 0 1279
8 23 19 30 0 99
28 9 34 21 0 259
70 71 80 79 0 379
99 11 89 3 0 879
16 76 20 63 0 899
87 152 92 165 0 1099
85 131 80 143 0 1659
31 37 38 48 0 959
66 101 66 83 0 1219
36 20 23 25 0 119
82 77 66 75 0 939
22 44 16 56 0 1039
168 135 175 146 0 1459
78 136 78 154 0 959
54 24 44 16 0 1159
41 45 56 42 0 1119
33 65 32 48 0 279
70 7 70 25 0 699
28 47 14 51 0 1179
92 65 77 62 0 1979
19 64 19 82 0 1219
182 132 182 114 0 1839
49 146 54 159 0 1619
64 71 66 55 0 699
28 1 37 10 0 179
195 24 210 27 0 1979
6 10 14 20 0 279
209 106 209 124 0 1739
25 31 19 19 0 1919
131 52 144 57 0 1779
85 65 85 47 0 719
84 16 75 7 0 919
40 25 27 20 0 1259
12 87 26 83 0 1579
23 24 34 31 0 1499
35 16 35 34 0 379
46 69 34 63 0 459
66 56 81 59 0 519
8 34 2 22 0 119
126 160 111 163 0 1359
121 45 136 42 0 559
21 21 37 23 0 439
33 7 47 3 0 439
17 135 33 133 0 1719
93 36 92 53 0 1699
63 47 76 51 0 779
36 25 26 33 0 619
100 125 92 135 0 819
4 8 4 26 0 79
0 1 11 8 0 19
42 91 51 100 0 1619
26 90 22 104 0 1439
68 85 80 91 0 1539
81 254 64 255 0 1259
32 190 38 202 0 1519
156 172 165 181 0 1399
61 191 58 176 0 1359
49 162 60 155 0 699
142 263 147 276 0 1859
18 38 34 40 0 199
49 14 37 20 0 1019
0 20 12 14 0 39
43 20 36 31 0 1499
26 37 15 30 0 939
22 184 23 167 0 1999
19 34 16 49 0 179
30 29 26 15 0 139
30 4 17 9 0 799
129 30 146 31 0 499
22 20 12 12 0 199
115 70 109 81 0 959
40 18 34 30 0 159
135 247 135 264 0 1659
19 5 26 16 0 1559
47 45 51 31 0 399
56 10 64 20 0 1719
104 53 120 51 0 699
21 67 20 50 0 759
18 97 19 80 0 1979
133 21 144 28 0 1359
34 14 42 4 0 439
55 34 70 37 0 299
73 178 82 186 0 839
39 2 49 10 0 979
96 59 99 74 0 1579
102 33 111 42 0 1939
22 53 29 42 0 699
76 98 87 91 0 599
23 84 25 68 0 579
25 67 19 79 0 599
98 127 99 110 0 1099
2 18 8 30 0 39
79 60 70 51 0 1979
119 113 112 124 0 1199
75 67 76 84 0 559
29 44 36 34 0 719
136 29 152 30 0 1399
180 24 171 15 0 1279
37 126 33 139 0 1879
100 87 105 74 0 899
34 141 38 155 0 1779
37 32 30 43 0 139
43 36 43 54 0 179
32 121 32 103 0 1859
23 25 18 38 0 119
74 37 66 47 0 1339
30 31 20 39 0 419
140 107 147 118 0 1419
31 39 32 23 0 299
50 89 51 105 0 1639
205 21 221 23 0 1639
79 62 63 61 0 799
16 38 15 21 0 79
4 44 18 48 0 1079
93 86 103 94 0 899
19 6 26 17 0 59
12 57 9 42 0 1739
77 169 64 164 0 1959
61 173 64 188 0 759
17 17 9 27 0 999
44 24 58 21 0 1259
15 65 21 53 0 319
7 84 19 90 0 1739
32 10 20 4 0 519
11 56 27 57 0 239
33 124 47 120 0 699
104 273 96 263 0 1499
34 23 30 36 0 1359
36 143 24 149 0 1099
33 75 34 92 0 1439
81 163 71 171 0 1479
76 75 85 84 0 1419
98 28 88 36 0 1239
0 1 17 2 0 19
47 68 59 62 0 539
73 5 60 10 0 1079
37 57 21 55 0 439
21 198 32 191 0 1499
28 28 43 25 0 559
34 51 38 65 0 1859
71 155 60 148 0 1719
92 73 79 68 0 859
183 1 174 10 0 1039
16 178 7 187 0 1399
147 11 160 6 0 1999
3 127 15 121 0 1759
79 11 71 2 0 579
39 37 44 24 0 1759
179 126 166 121 0 979
27 27 27 9 0 1799
178 104 191 109 0 1359
9 16 8 33 0 99
6 4 1 17 0 79
3 35 8 48 0 1879
132 279 125 268 0 1699
23 45 28 58 0 1919
13 11 0 7 0 99
107 47 119 53 0 439
26 24 12 27 0 139
24 34 7 33 0 1999
29 27 34 40 0 1159
113 60 104 69 0 1819
55 106 39 107 0 1279
36 22 42 11 0 459
31 201 31 183 0 1999
5 60 20 57 0 1299
43 3 41 19 0 199
12 88 25 83 0 439
33 15 46 20 0 559
105 10 100 23 0 1099
6 35 20 31 0 219
35 140 18 141 0 1019
9 218 17 228 0 1499
61 84 72 90 0 959
124 41 121 56 0 739
0 156 12 162 0 1639
9 13 2 3 0 339
2 2 11 11 0 359
25 39 11 35 0 1799
75 80 70 67 0 259
28 66 37 57 0 1279
21 72 12 81 0 1659
30 69 20 61 0 1699
51 11 66 14 0 479
142 43 142 61 0 659
80 8 94 12 0 519
0 85 13 90 0 379
15 65 3 71 0 1639
232 58 224 68 0 1919
326 127 323 142 0 1859
199 20 188 27 0 1299
157 106 143 102 0 1139
111 164 118 175 0 1379
47 112 55 122 0 1819
123 39 119 52 0 619
14 33 31 32 0 1859
66 55 55 48 0 739
61 154 53 164 0 1819
11 7 17 19 0 39
41 152 36 165 0 1139
41 85 33 75 0 919
48 65 63 68 0 459
25 7 26 24 0 79
100 142 100 124 0 1039
76 134 60 136 0 1519
50 35 41 26 0 819
77 50 61 48 0 939
61 49 68 38 0 959
138 15 137 32 0 1499
142 60 149 71 0 799
18 47 15 32 0 1099
44 25 33 31 0 439
159 51 145 48 0 1899
161 90 163 74 0 1179
208 73 202 61 0 1299
15 41 20 28 0 199
41 27 28 22 0 839
235 68 243 78 0 1619
18 45 27 53 0 1399
0 156 7 145 0 1919
48 48 55 59 0 719
171 14 164 3 0 1299
70 21 58 15 0 299
27 17 39 23 0 1199
89 259 105 258 0 1139
99 53 108 62 0 1719
34 64 36 48 0 1439
27 20 27 38 0 179
64 267 51 272 0 1819
50 62 66 60 0 1399
136 40 131 28 0 1899
0 1 6 13 0 19
164 139 155 148 0 1139
67 88 56 94 0 759
32 115 33 98 0 1699
66 160 61 173 0 1719
34 63 24 55 0 1179
83 33 93 41 0 639
21 64 21 82 0 619
93 49 109 51 0 1599
25 133 15 125 0 879
20 3 20 21 0 419
34 3 34 21 0 459
60 52 77 53 0 479
59 78 51 68 0 1099
132 108 117 105 0 1159
43 7 57 11 0 239
81 124 80 107 0 1019
248 90 236 84 0 1959
13 31 7 43 0 1279
126 112 114 106 0 959
14 15 19 28 0 99
111 38 100 45 0 1859
101 66 113 72 0 1579
93 34 86 45 0 1899
101 6 90 13 0 1019
39 64 47 74 0 339
17 14 33 12 0 219
49 41 46 26 0 519
65 43 51 47 0 1999
1 53 5 39 0 199
74 130 59 127 0 879
48 56 51 41 0 919
91 94 90 111 0 1379
140 122 154 118 0 879
15 41 8 30 0 759
59 92 48 85 0 1019
72 77 72 95 0 979
43 8 36 19 0 179
12 16 6 28 0 119
7 48 19 42 0 219
66 65 72 54 0 1199
53 54 53 36 0 779
68 94 65 79 0 839
109 168 110 185 0 1419
42 44 50 34 0 479
41 46 39 62 0 339
39 63 36 78 0 359
36 79 31 66 0 379
46 33 36 25 0 1299
3 11 11 1 0 959
12 180 28 182 0 1599
24 101 41 100 0 459
193 45 176 46 0 1439
45 117 29 116 0 499
35 115 35 97 0 519
16 35 26 43 0 179
84 49 85 33 0 919
159 18 160 35 0 779
64 30 72 20 0 839
29 106 26 91 0 1979
19 123 34 126 0 639
153 58 152 75 0 1739
25 62 39 58 0 1299
184 83 195 76 0 1299
59 113 61 97 0 719
64 66 76 60 0 399
131 25 137 13 0 1799
9 11 9 29 0 159
54 100 59 113 0 799
150 11 159 20 0 1059
66 20 57 29 0 1239
111 51 111 33 0 1719
0 34 13 39 0 439
6 25 18 19 0 179
33 115 39 127 0 919
0 1 12 7 0 19
48 78 47 61 0 999
12 9 12 26 0 39
65 11 56 2 0 1159
5 25 20 28 0 319
19 59 33 55 0 839
73 97 58 94 0 1439
7 85 3 71 0 639
180 104 169 97 0 1399
128 60 127 43 0 1399
44 45 40 31 0 899
31 123 42 116 0 1159
19 186 19 204 0 1539
46 130 43 145 0 1199
51 44 50 61 0 1379
50 46 37 51 0 559
82 63 95 68 0 1219
0 40 1 23 0 159
137 62 149 67 0 1599
43 100 34 91 0 1419
204 108 196 118 0 1679
117 16 119 32 0 1059
56 41 67 34 0 1139
71 26 80 35 0 819
49 74 48 57 0 899
131 33 115 35 0 1359
29 195 31 179 0 1919
67 166 64 151 0 739
68 89 82 85 0 539
98 103 105 92 0 939
25 94 22 109 0 1539
25 5 36 12 0 119
44 47 40 33 0 1579
34 57 20 61 0 1179
26 17 41 20 0 299
68 16 67 33 0 1399
75 127 90 129 0 1659
9 47 2 58 0 279
51 76 50 59 0 1339
118 145 101 144 0 1739
126 39 135 30 0 1499
3 28 19 30 0 139
0 1 6 13 0 19
27 130 43 128 0 1579
123 116 108 113 0 1819
23 40 30 30 0 319
93 89 82 96 0 1519
82 120 74 110 0 1879
74 109 82 99 0 1899
76 45 62 49 0 1299
40 75 49 67 0 639
22 72 10 66 0 759
179 31 167 37 0 1799
29 38 14 41 0 1099
5 13 21 11 0 39
15 5 1 1 0 39
96 55 102 43 0 339
39 14 45 2 0 1259
9 22 19 14 0 99
14 123 22 113 0 1499
5 66 13 76 0 219
85 97 69 99 0 1079
111 252 115 266 0 1899
52 67 39 62 0 1899
44 20 30 16 0 1879
19 57 5 61 0 1279
83 42 95 48 0 339
10 10 18 0 0 39
108 27 113 14 0 979
182 20 184 4 0 1079
157 81 163 92 0 1259
37 181 48 187 0 1019
29 40 15 36 0 1339
185 108 197 114 0 1459
49 107 55 95 0 639
15 8 15 26 0 59
15 24 10 37 0 99
18 124 28 116 0 1359
39 28 41 44 0 179
53 81 61 71 0 519
102 52 119 53 0 919
6 14 3 29 0 39
25 26 19 14 0 1019
98 45 95 60 0 459
19 72 29 64 0 779
17 112 32 115 0 419
82 154 75 143 0 1239
6 3 19 8 0 59
183 47 166 48 0 1839
110 25 111 8 0 1859
84 77 76 67 0 739
32 18 32 36 0 1439
97 14 82 17 0 1899
57 56 58 39 0 1299
54 39 59 26 0 1299
79 227 73 239 0 1079
22 52 24 36 0 239
28 139 39 133 0 1319
86 19 97 12 0 1259
64 165 54 157 0 1979
45 8 59 11 0 519
79 253 89 261 0 1119
74 91 60 87 0 1179
6 4 22 2 0 119
4 61 19 59 0 479
140 85 128 80 0 1399
48 99 35 94 0 859
37 79 41 93 0 399
31 114 47 116 0 1859
8 56 22 52 0 679
67 93 59 83 0 1199
17 66 22 53 0 219
20 26 20 43 0 179
59 87 51 77 0 479
71 84 77 72 0 939
51 169 57 181 0 1719
34 179 30 193 0 1619
96 29 107 36 0 939
67 108 67 126 0 1579
100 13 115 16 0 419
175 120 182 131 0 1299
13 120 1 114 0 979
79 32 67 26 0 859
93 125 82 132 0 1399
93 46 93 64 0 1939
12 150 3 141 0 1959
36 35 39 20 0 499
112 146 104 156 0 1639
17 137 0 136 0 1439
55 43 59 57 0 1919
38 203 54 205 0 1539
113 252 116 237 0 1659
95 49 110 52 0 359
22 103 16 91 0 1459
17 14 22 27 0 139
160 26 174 30 0 1919
180 156 181 139 0 1959
86 57 84 73 0 1539
61 162 51 170 0 1699
118 90 128 82 0 999
27 19 31 33 0 1279
23 107 26 122 0 1999
82 246 89 235 0 1839
104 23 94 16 0 1199
83 58 87 44 0 1739
80 80 88 90 0 399
112 31 100 37 0 899
170 82 182 88 0 879
45 88 44 71 0 819
119 60 119 43 0 1999
101 194 94 205 0 1939
64 43 66 27 0 979
66 161 79 166 0 1899
84 217 98 220 0 1999
24 36 40 34 0 1199
55 60 69 64 0 419
17 85 0 86 0 359
74 139 74 157 0 1059
17 164 5 158 0 1539
165 32 165 14 0 1259
15 80 9 69 0 919
103 110 118 113 0 1139
90 62 90 44 0 1959
25 87 25 105 0 1879
97 54 111 50 0 1699
49 11 45 25 0 1759
79 39 78 56 0 639
37 72 36 89 0 979
49 22 34 19 0 299
8 73 19 66 0 1619
198 15 192 3 0 1459
42 19 50 29 0 659
134 63 120 59 0 1979
3 70 8 57 0 659
77 96 84 86 0 1959
33 84 43 92 0 379
80 144 80 162 0 1679
66 154 66 172 0 1839
55 85 69 88 0 499
25 50 25 68 0 1219
98 18 109 25 0 959
50 40 34 38 0 479
51 49 66 46 0 359
142 80 127 82 0 1499
109 116 99 108 0 619
8 29 17 38 0 219
43 261 39 275 0 1719
6 234 9 219 0 1479
153 59 166 54 0 1159
13 42 1 36 0 499
12 33 17 46 0 1379
75 64 68 53 0 499
114 119 109 106 0 779
109 105 112 120 0 799
112 121 129 122 0 819
7 45 19 39 0 159
80 293 75 306 0 1939
299 149 287 143 0 1959
105 112 91 109 0 719
80 42 65 44 0 1979
124 155 141 156 0 939
25 42 34 51 0 219
99 62 94 49 0 1059
51 42 68 41 0 379
21 71 9 77 0 1599
148 150 139 159 0 1039
99 23 101 7 0 359
64 76 66 92 0 879
41 46 41 29 0 799
100 42 108 32 0 1439
34 5 20 1 0 1979
25 94 30 81 0 1139
88 34 77 41 0 1399
66 27 78 33 0 339
2 16 12 8 0 1919
156 59 143 54 0 1499
29 39 46 38 0 399
32 51 35 66 0 179
94 13 88 1 0 539
16 144 32 142 0 839
41 35 29 41 0 799
64 29 72 39 0 459
33 0 38 13 0 659
237 78 231 90 0 1699
123 108 126 93 0 1339
64 87 73 96 0 1419
93 139 80 134 0 1039
25 104 39 100 0 1899
184 31 183 48 0 1819
43 219 36 208 0 1559
62 178 62 160 0 839
5 16 19 12 0 59
23 109 18 121 0 1619
221 169 223 153 0 1599
139 32 132 43 0 1819
216 99 233 98 0 1539
28 26 14 30 0 1119
17 186 25 196 0 1979
70 81 60 89 0 859
23 168 26 153 0 1739
2 17 14 11 0 99
67 127 53 131 0 1599
125 78 121 64 0 1939
1 128 9 118 0 979
58 33 57 16 0 299
152 110 163 116 0 1579
9 28 24 31 0 59
26 20 34 30 0 1119
120 35 129 44 0 739
26 59 40 63 0 539
34 184 19 187 0 1519
42 26 28 22 0 239
40 21 50 13 0 139
48 31 39 22 0 859
1 27 15 30 0 1019
227 151 217 159 0 1759
33 25 41 35 0 239
154 19 154 1 0 979
45 9 47 25 0 679
14 12 15 29 0 119
25 14 36 21 0 99
116 22 122 34 0 759
49 15 47 31 0 399
21 10 23 26 0 59
20 113 29 122 0 1699
15 39 16 56 0 79
34 6 49 9 0 679
14 168 29 170 0 1459
39 5 39 23 0 359
36 3 36 20 0 319
30 25 22 35 0 339
20 70 5 73 0 839
22 15 19 0 0 379
19 1 24 14 0 399
145 10 152 21 0 859
31 49 38 38 0 119
82 15 69 19 0 759
212 117 204 107 0 1659
119 91 133 88 0 1619
116 12 132 14 0 639
106 204 101 217 0 1079
3 43 17 46 0 1099
8 27 4 13 0 59
16 9 22 20 0 79
4 16 20 14 0 39
129 137 118 144 0 1719
75 142 75 124 0 1259
6 65 21 68 0 739
58 39 69 46 0 699
165 23 165 41 0 839
84 45 71 40 0 739
51 24 64 19 0 659
62 4 57 17 0 239
50 51 50 69 0 499
90 25 75 28 0 819
75 27 64 34 0 839
16 9 18 24 0 439
131 89 123 79 0 1879
206 59 191 62 0 1259
106 21 104 5 0 1539
70 13 74 27 0 339
71 38 70 55 0 1099
39 135 47 125 0 919
12 60 25 55 0 239
39 13 33 1 0 639
105 59 93 53 0 1039
23 98 33 90 0 1339
27 86 33 74 0 339
146 26 143 12 0 1219
71 71 83 77 0 839
33 11 46 16 0 479
65 17 74 8 0 1159
25 141 29 127 0 1279
184 8 187 23 0 1759
128 47 112 49 0 979
86 99 100 103 0 1859
95 26 84 19 0 499
11 84 7 70 0 1739
211 92 201 100 0 1539
15 10 0 13 0 579
43 10 27 8 0 339
47 68 36 61 0 1379
19 28 2 29 0 1099
0 86 13 81 0 319
187 42 179 32 0 899
100 130 106 118 0 919
66 15 67 32 0 499
93 149 110 148 0 1879
20 48 17 33 0 359
115 82 115 64 0 1899
52 35 58 47 0 619
28 127 41 122 0 1259
83 71 74 62 0 1399
31 166 46 169 0 1819
10 53 15 66 0 619
1 1 10 9 0 19
14 33 31 32 0 1459
17 62 10 73 0 1739
27 58 35 68 0 379
65 55 73 45 0 1719
141 53 134 64 0 1959
31 52 19 46 0 339
62 166 52 158 0 1799
62 53 55 42 0 1259
84 29 74 21 0 1819
50 57 55 45 0 439
85 28 99 24 0 1859
30 54 38 44 0 159
25 124 34 133 0 579
150 118 162 112 0 1199
98 50 115 51 0 1119
97 33 105 23 0 1959
105 22 104 5 0 1979
17 51 7 44 0 1419
35 52 47 58 0 339
0 18 10 26 0 39
52 137 61 145 0 1679
109 10 111 26 0 1219
58 94 63 81 0 1999
14 12 5 21 0 1639
36 39 21 42 0 139
118 124 114 110 0 1039
74 38 74 56 0 879
33 19 19 23 0 1599
21 10 26 23 0 219
12 82 24 76 0 1679
5 21 19 17 0 119
156 38 157 55 0 1919
20 39 20 21 0 619
36 164 31 177 0 1159
33 77 26 87 0 339
13 35 25 41 0 159
8 104 11 89 0 879
17 69 22 57 0 139
45 104 44 87 0 1619
24 25 39 22 0 1059
218 175 213 187 0 1519
85 31 74 24 0 1999
22 42 14 32 0 1839
44 143 37 132 0 1499
70 49 69 32 0 1739
32 14 24 24 0 1159
3 72 16 77 0 459
104 54 90 50 0 759
35 84 39 98 0 1939
21 6 20 23 0 579
207 36 218 43 0 1739
28 18 30 34 0 679
30 35 30 17 0 699
74 26 84 18 0 359
11 64 26 67 0 219
55 13 58 28 0 1359
65 27 59 39 0 439
78 33 72 21 0 1259
173 56 159 52 0 1619
47 37 61 41 0 839
61 42 74 37 0 859
182 110 176 122 0 1199
74 55 91 54 0 899
47 121 63 123 0 719
97 45 90 56 0 919
76 50 83 60 0 539
37 9 54 10 0 399
95 59 107 53 0 999
33 108 41 118 0 1379
12 1 3 10 0 939
67 42 84 41 0 299
11 66 21 74 0 379
94 27 88 15 0 1099
93 130 91 146 0 1139
100 21 84 19 0 1139
84 20 73 27 0 1159
26 59 39 64 0 339
19 105 31 111 0 1719
135 105 148 109 0 1059
74 20 71 5 0 1239
70 21 85 24 0 1779
56 6 58 22 0 1279
64 36 72 46 0 839
27 64 20 75 0 339
72 35 77 22 0 1339
91 25 82 34 0 599
63 24 48 21 0 1379
48 22 45 37 0 1399
45 38 36 47 0 1419
30 58 24 46 0 1039
32 176 49 175 0 1719
23 27 28 14 0 599
52 115 60 105 0 1179
130 49 133 34 0 1099
77 77 67 85 0 279
34 29 30 43 0 179
75 10 78 25 0 419
35 54 18 55 0 419
19 31 24 18 0 159
49 14 52 29 0 299
14 7 7 18 0 59
117 22 114 7 0 539
3 28 8 41 0 259
5 46 12 56 0 1719
5 71 4 54 0 1239
19 128 3 130 0 1619
19 139 27 129 0 1559
5 108 1 94 0 1699
7 57 22 54 0 1119
18 42 32 46 0 1159
80 61 81 78 0 739
49 32 41 22 0 1339
101 27 99 11 0 839
36 150 26 142 0 1359
77 102 88 109 0 899
244 109 244 91 0 1859
16 4 28 10 0 39
0 54 14 50 0 1999
164 26 167 12 0 979
43 57 41 42 0 459
23 12 23 30 0 59
15 29 7 39 0 959
80 118 80 136 0 839
62 14 49 9 0 199
189 142 197 132 0 1419
37 46 34 31 0 1299
3 17 12 26 0 39
5 13 2 28 0 39
52 8 60 18 0 239
23 120 19 134 0 1659
89 45 101 50 0 499
12 50 7 63 0 279
193 110 197 96 0 1499
12 13 3 4 0 59
30 54 30 36 0 239
97 104 82 101 0 979
7 18 2 5 0 99
19 21 32 25 0 139
45 65 31 61 0 759
7 119 24 118 0 439
49 53 51 69 0 479
22 38 30 28 0 359
50 77 42 86 0 839
80 133 63 132 0 1059
25 48 15 40 0 459
22 126 10 132 0 1759
77 135 77 153 0 1479
26 33 32 21 0 739
69 94 80 101 0 619
72 142 69 127 0 1199
40 65 30 57 0 1019
16 203 10 191 0 1059
66 55 55 48 0 1019
20 15 4 13 0 139
69 130 60 139 0 739
94 191 93 175 0 879
180 100 179 83 0 1079
42 26 53 33 0 519
55 124 50 137 0 819
144 84 140 98 0 719
62 145 65 130 0 859
224 69 241 70 0 1939
86 75 89 90 0 779
7 187 20 182 0 1239
97 44 85 38 0 579
90 71 103 76 0 1219
12 49 21 58 0 1259
177 113 194 112 0 1239
43 13 32 20 0 279
44 264 28 266 0 1879
28 92 42 96 0 999
76 59 88 53 0 419
40 66 54 62 0 1719
33 166 40 176 0 1119
152 126 168 124 0 1719
96 264 92 250 0 1519
40 28 27 33 0 999
100 86 116 88 0 1839
42 96 46 110 0 1519
41 136 37 150 0 1699
19 104 10 95 0 499
1 6 7 18 0 939
49 37 62 32 0 1279
49 85 42 95 0 1499
37 162 32 175 0 1339
32 176 49 175 0 1359
54 72 47 83 0 1399
79 1 72 12 0 799
30 165 19 172 0 939
112 123 118 135 0 1659
153 44 165 38 0 1579
51 151 53 167 0 959
64 73 64 55 0 1299
79 231 80 214 0 1519
28 66 32 80 0 1199
95 217 97 201 0 1559
127 63 124 48 0 1919
113 204 110 218 0 1599
39 46 50 39 0 459
6 98 3 113 0 1359
124 195 108 197 0 1659
108 198 109 215 0 1679
33 79 21 73 0 679
31 57 46 60 0 679
94 63 88 51 0 1419
40 37 51 44 0 1179
31 28 35 14 0 819
37 61 54 60 0 1679
70 105 63 116 0 1779
237 76 225 82 0 1739
74 49 66 59 0 939
46 193 45 210 0 1619
14 63 24 71 0 299
6 100 20 104 0 1839
130 163 113 164 0 1939
180 21 174 33 0 1499
59 147 68 138 0 1959
121 187 124 172 0 1999
33 29 38 16 0 599
14 64 12 80 0 1679
149 121 136 125 0 939
15 69 5 61 0 239
92 18 79 13 0 559
49 32 49 50 0 179
35 68 50 65 0 1819
110 219 121 212 0 1619
127 66 127 48 0 1699
6 26 12 38 0 199
65 41 54 34 0 479
56 57 50 45 0 539
182 18 195 23 0 1959
57 152 62 165 0 1779
29 42 12 43 0 299
33 19 33 37 0 239
33 6 25 15 0 79
96 117 112 115 0 1699
40 29 37 44 0 1939
7 69 19 75 0 399
19 70 13 82 0 1939
12 66 27 63 0 439
91 127 92 144 0 1959
147 28 132 26 0 1439
75 83 87 89 0 1279
21 80 34 75 0 979
0 25 3 40 0 539
137 30 152 27 0 1179
70 84 57 89 0 319
155 39 171 41 0 839
20 57 19 74 0 619
3 165 8 178 0 1959
36 73 39 88 0 659
206 106 211 93 0 1479
69 117 68 134 0 1639
50 185 62 179 0 819
32 73 39 62 0 1339
25 43 36 49 0 779
56 104 67 97 0 639
6 52 23 53 0 119
248 119 250 134 0 1919
103 41 112 32 0 879
64 48 75 41 0 1999
91 91 100 83 0 659
137 244 138 261 0 1979
44 80 53 89 0 479
28 33 41 28 0 259
9 37 22 32 0 959
37 111 52 114 0 1159
20 49 12 40 0 999
146 94 152 106 0 1679
22 128 35 123 0 1399
61 101 61 119 0 759
242 60 229 55 0 1959
14 130 26 124 0 1559
45 68 45 50 0 1619
94 13 85 22 0 579
60 26 66 14 0 279
103 26 102 9 0 1499
2 109 15 114 0 1579
73 26 78 13 0 1179
80 50 80 68 0 1239
9 223 22 228 0 1799
32 20 23 11 0 1439
139 113 143 127 0 1239
49 237 38 244 0 1719
42 57 25 58 0 779
12 243 6 231 0 1419
231 157 239 147 0 1679
17 123 26 132 0 1839
71 54 79 64 0 1419
79 65 90 58 0 1439
12 8 9 23 0 39
54 63 54 80 0 1839
88 55 86 71 0 1499
156 102 152 116 0 1399
44 49 40 35 0 179
34 58 18 60 0 999
28 116 30 132 0 1279
39 55 29 47 0 1199
208 61 205 76 0 1219
5 29 5 46 0 179
60 90 57 75 0 319
125 57 138 62 0 1119
85 30 101 28 0 819
25 50 37 56 0 419
78 147 67 140 0 1579
34 11 41 0 0 1099
41 280 48 291 0 1659
33 70 45 76 0 739
73 220 79 232 0 1499
16 41 33 42 0 339
73 61 85 55 0 1679
27 83 14 79 0 1139
23 9 13 16 0 179
16 88 7 96 0 1019
10 93 10 111 0 1939
10 10 23 5 0 39
175 147 183 157 0 1479
67 67 59 77 0 1079
137 21 131 9 0 1279
34 35 35 18 0 219
139 76 140 59 0 1659
91 12 78 17 0 1219
40 28 53 33 0 719
113 35 99 39 0 439
116 97 133 96 0 1499
8 68 19 61 0 159
52 34 62 42 0 319
19 23 8 30 0 199
16 116 32 115 0 1419
60 54 69 46 0 219
20 16 21 33 0 79
76 67 87 74 0 899
208 148 216 158 0 1479
65 34 59 45 0 759
76 54 68 64 0 439
94 35 92 51 0 619
111 30 101 22 0 1019
88 14 100 20 0 1119
0 1 10 9 0 19
271 68 284 63 0 1579
25 40 34 49 0 499
46 108 31 111 0 1359
152 31 168 33 0 1419
64 74 48 72 0 519
56 71 46 79 0 1699
52 42 60 52 0 199
29 28 20 19 0 1579
102 3 102 20 0 919
40 141 27 136 0 1699
8 38 11 53 0 639
49 44 45 30 0 379
165 150 160 163 0 1699
32 166 37 178 0 1299
4 60 14 52 0 719
14 53 26 59 0 739
47 41 35 46 0 1979
74 88 77 103 0 879
24 32 18 20 0 359
171 72 173 57 0 1599
85 42 88 56 0 1479
38 63 27 70 0 859
93 174 106 179 0 939
21 49 22 32 0 439
24 44 10 40 0 559
52 18 62 26 0 399
138 57 129 48 0 779
185 136 169 134 0 1979
55 140 61 152 0 1139
22 77 13 68 0 1019
16 128 1 131 0 1839
32 4 40 14 0 1639
27 36 19 46 0 1219
114 110 102 104 0 1199
27 39 12 36 0 199
117 8 132 11 0 1499
49 44 56 55 0 1179
0 1 5 14 0 19
36 31 20 33 0 179
79 14 72 4 0 1199
88 22 101 17 0 1919
29 113 40 120 0 1279
20 142 20 160 0 1999
10 6 11 23 0 119
56 103 51 115 0 599
78 152 71 163 0 719
67 65 72 78 0 559
68 140 70 155 0 1979
18 90 25 101 0 1519
71 66 64 55 0 1619
19 65 22 80 0 1639
13 37 4 46 0 479
54 142 39 139 0 1479
27 151 27 169 0 1799
28 46 25 61 0 199
61 43 51 35 0 759
15 50 5 42 0 1339
61 84 72 77 0 1579
34 137 32 122 0 1839
147 275 159 281 0 1879
103 71 89 67 0 1639
89 66 82 77 0 1659
45 135 40 148 0 879
98 30 94 16 0 439
61 35 66 47 0 1299
19 63 11 73 0 1079
21 18 25 4 0 99
48 65 65 66 0 459
42 59 43 42 0 1139
44 183 44 200 0 1679
83 83 86 98 0 1839
24 129 29 116 0 1379
102 39 99 24 0 339
74 93 72 77 0 1739
25 18 9 16 0 99
144 27 146 12 0 1119
51 218 41 226 0 1739
115 162 121 174 0 1979
121 173 137 175 0 1999
55 116 60 103 0 1539
51 28 43 18 0 1699
14 60 16 44 0 1239
64 33 65 50 0 379
162 49 168 61 0 1659
0 31 15 28 0 99
183 14 182 31 0 1539
11 34 25 38 0 1819
81 144 81 162 0 1459
66 142 57 151 0 1759
38 51 54 49 0 219
20 3 13 14 0 499
84 33 79 46 0 859
45 39 28 38 0 279
28 36 33 24 0 299
162 22 147 25 0 1359
31 8 16 5 0 339
9 29 22 25 0 1699
16 30 11 17 0 159
98 18 101 3 0 1079
64 83 77 78 0 259
21 23 25 9 0 439
48 62 60 68 0 879
36 0 20 2 0 479
6 12 22 14 0 39
81 31 94 36 0 1039
27 8 12 5 0 539
38 12 29 3 0 1399
19 106 18 122 0 639
37 9 46 0 0 599
12 125 28 124 0 1319
36 32 46 40 0 1599
68 87 76 97 0 579
39 12 37 27 0 679
10 13 26 11 0 299
30 57 37 67 0 799
34 3 41 14 0 739
95 46 107 52 0 1099
13 14 23 22 0 659
26 14 28 30 0 159
19 62 4 59 0 459
192 23 203 30 0 1659
64 24 59 37 0 439
144 48 147 33 0 1879
80 54 78 70 0 639
43 53 59 51 0 199
4 25 13 17 0 119
15 20 19 34 0 59
83 63 66 62 0 799
27 8 26 25 0 1819
35 17 32 3 0 899
70 65 84 62 0 1359
20 11 22 27 0 1059
8 13 17 21 0 239
97 118 107 110 0 1739
191 41 178 36 0 1279
14 186 14 204 0 1399
43 51 40 36 0 1159
22 6 22 24 0 599
51 46 36 44 0 1199
253 34 244 25 0 1459
49 37 60 30 0 1239
63 121 56 132 0 599
63 59 75 65 0 479
97 55 106 64 0 639
57 19 42 22 0 1319
42 23 30 17 0 1339
94 32 89 44 0 1779
18 67 17 83 0 1839
156 78 142 82 0 759
159 184 163 198 0 1779
38 56 49 63 0 719
4 12 14 4 0 79
2 38 9 49 0 239
36 110 35 126 0 1619
26 12 30 26 0 319
77 24 89 30 0 379
178 113 177 97 0 1119
8 46 4 60 0 279
45 58 29 59 0 399
100 220 84 222 0 1999
64 53 60 40 0 1639
60 39 74 35 0 1659
59 196 52 207 0 1819
47 64 47 46 0 659
148 39 161 44 0 1179
18 45 19 62 0 259
68 33 73 45 0 1759
73 44 72 27 0 1779
68 39 57 46 0 979
18 37 8 45 0 1019
124 70 123 53 0 1639
10 15 27 16 0 339
39 65 27 71 0 319
84 47 91 36 0 659
17 39 26 30 0 839
51 26 45 15 0 759
60 107 54 118 0 1199
25 156 34 165 0 1099
11 38 16 26 0 759
26 95 34 85 0 1339
28 81 13 78 0 539
59 114 71 120 0 819
48 123 31 124 0 1139
36 114 22 110 0 1799
14 46 27 41 0 119
105 37 93 31 0 679
86 136 81 149 0 1439
156 131 150 119 0 1179
13 40 13 58 0 459
32 61 45 66 0 219
97 200 113 202 0 1579
99 75 85 79 0 639
21 51 38 50 0 279
72 58 81 67 0 439
47 56 31 55 0 319
31 54 46 51 0 339
22 80 34 86 0 1399
17 1 3 5 0 39
129 97 123 109 0 1319
59 14 66 3 0 899
99 49 99 31 0 1079
50 47 34 49 0 459
67 86 58 95 0 299
39 63 51 58 0 499
81 171 66 168 0 1399
20 35 22 51 0 179
1 65 16 68 0 1719
30 18 35 5 0 639
269 76 253 78 0 1659
34 103 43 94 0 779
27 59 13 56 0 419
34 49 42 39 0 219
31 85 27 71 0 239
37 116 29 126 0 699
71 9 85 13 0 279
167 154 154 149 0 1099
36 154 41 167 0 759
35 111 20 108 0 1999
80 110 70 102 0 1639
154 19 143 26 0 1099
21 145 19 161 0 839
52 69 66 65 0 419
136 43 147 50 0 579
69 41 57 47 0 1999
18 154 13 166 0 1299
30 53 20 61 0 339
19 173 6 178 0 959
56 122 56 104 0 1519
127 102 119 112 0 1179
143 53 157 49 0 1519
85 124 68 123 0 1979
127 76 114 81 0 579
10 192 15 179 0 1079
12 24 25 29 0 119
31 175 17 179 0 1119
60 48 77 49 0 919
95 59 89 47 0 479
49 21 54 8 0 719
24 178 19 191 0 1199
19 192 7 186 0 1219
68 16 84 14 0 1319
37 39 40 24 0 1239
29 189 39 197 0 1279
39 196 54 199 0 1299
46 49 50 63 0 1339
67 203 61 192 0 1339
46 195 57 202 0 1699
30 6 36 18 0 879
18 47 33 50 0 179
26 60 30 74 0 719
28 51 15 56 0 579
59 130 55 144 0 1459
63 43 54 34 0 1239
81 135 89 145 0 1999
17 120 18 103 0 539
80 49 70 57 0 419
37 57 34 72 0 1519
90 119 105 116 0 819
52 37 63 44 0 1219
112 116 126 120 0 1719
115 43 124 52 0 919
69 120 65 134 0 1659
77 142 93 140 0 1019
81 37 74 48 0 759
31 87 25 75 0 1159
11 43 24 48 0 1079
11 30 21 22 0 1579
38 62 39 45 0 1599
29 42 46 43 0 819
82 167 87 180 0 1819
6 52 15 61 0 239
72 13 55 14 0 819
22 21 29 10 0 99
15 55 15 37 0 1799
79 197 82 212 0 1159
34 72 26 82 0 839
201 179 191 186 0 1939
34 33 37 47 0 1319
16 118 26 110 0 1799
92 44 76 46 0 1279
31 32 17 28 0 1299
60 17 71 10 0 259
2 12 6 26 0 159
15 230 20 243 0 1859
40 143 25 140 0 1259
15 178 31 176 0 1299
137 53 127 61 0 1799
13 50 21 60 0 1299
62 51 58 64 0 1319
126 47 125 64 0 699
16 44 3 49 0 1719
13 88 13 70 0 979
23 86 17 98 0 1219
69 1 67 16 0 459
19 54 17 38 0 379
100 94 116 96 0 1479
84 82 69 80 0 1339
145 67 142 82 0 1479
98 47 94 33 0 1459
31 24 19 18 0 299
40 14 46 26 0 439
24 8 41 9 0 479
4 21 13 30 0 1579
65 49 50 47 0 499
17 13 29 7 0 399
28 74 20 84 0 399
198 22 181 23 0 919
81 69 79 54 0 459
36 66 40 80 0 1879
82 50 87 63 0 359
49 64 33 62 0 1339
29 64 14 67 0 1819
19 1 11 11 0 679
51 95 52 111 0 379
23 87 23 105 0 559
14 66 30 68 0 1839
30 35 26 21 0 339
115 46 104 53 0 739
128 227 124 241 0 1819
7 42 6 25 0 819
69 74 76 85 0 739
6 5 21 2 0 859
21 4 34 8 0 879
34 7 50 9 0 899
50 8 37 3 0 919
37 2 25 8 0 939
59 56 67 46 0 1939
116 238 113 253 0 1639
17 61 24 72 0 879
0 1 16 3 0 19
11 41 2 50 0 599
15 32 1 36 0 1059
52 12 51 29 0 1879
152 14 146 2 0 999
2 58 5 73 0 1119
240 78 237 63 0 1519
83 159 96 163 0 1779
14 32 30 30 0 279
57 17 58 0 0 1439
25 21 34 13 0 459
53 49 53 67 0 1479
40 15 52 9 0 219
20 46 32 40 0 279
54 63 47 74 0 1739
97 55 95 39 0 1839
59 108 50 117 0 1459
124 90 127 75 0 999
156 28 148 38 0 1159
55 20 55 2 0 859
99 45 99 27 0 1159
6 27 2 13 0 139
49 57 45 43 0 319
12 6 10 22 0 79
114 66 115 49 0 1239
110 111 100 103 0 819
33 68 42 59 0 1779
108 3 99 12 0 859
105 115 116 122 0 679
91 38 80 44 0 1959
199 44 193 32 0 1699
8 50 21 55 0 1639
15 54 23 64 0 299
13 45 8 32 0 1679
12 112 28 114 0 1879
100 24 100 6 0 399
3 50 2 33 0 1739
47 50 56 42 0 1839
215 97 210 85 0 1859
56 27 67 34 0 699
148 28 155 18 0 819
207 85 199 95 0 1959
50 66 57 77 0 1839
7 30 15 40 0 59
69 81 61 91 0 1359
18 128 21 113 0 1479
53 37 65 43 0 799
152 20 138 24 0 879
163 13 153 21 0 1159
73 68 76 53 0 419
27 121 30 106 0 1479
39 78 55 80 0 339
3 142 20 141 0 1979
17 20 22 7 0 59
36 72 31 85 0 1079
170 7 159 14 0 1419
99 89 97 104 0 899
19 51 24 64 0 759
80 293 76 279 0 1979
26 174 16 167 0 1179
55 153 39 151 0 999
22 58 19 73 0 759
202 104 208 92 0 1119
32 32 35 17 0 399
20 41 19 24 0 179
116 89 126 81 0 1659
20 9 17 23 0 119
18 8 12 20 0 359
126 62 130 48 0 1079
77 122 91 126 0 1939
31 125 35 139 0 999
92 113 104 119 0 1859
24 100 16 90 0 1559
98 3 96 19 0 459
46 17 56 9 0 499
62 178 77 181 0 1479
194 16 188 27 0 1259
52 6 66 2 0 559
86 19 82 33 0 1219
13 138 29 136 0 899
73 41 80 30 0 1799
21 2 35 6 0 259
85 88 82 73 0 1539
94 28 108 32 0 679
67 163 82 160 0 1119
55 123 72 124 0 1839
98 19 83 16 0 739
210 182 198 176 0 1679
69 18 61 28 0 779
61 29 44 30 0 799
22 30 27 17 0 799
53 23 53 41 0 839
160 42 158 58 0 1479
32 15 44 21 0 1859
3 115 20 114 0 1799
53 183 46 194 0 1599
49 176 65 174 0 1739
1 15 17 13 0 199
9 28 7 44 0 139
40 56 32 46 0 999
14 23 19 10 0 99
32 34 32 52 0 159
71 34 88 33 0 1379
41 60 55 56 0 339
44 8 50 19 0 1619
0 1 7 12 0 19
83 72 68 69 0 1499
65 81 52 86 0 759
44 107 50 119 0 1419
12 58 2 66 0 159
111 13 108 28 0 959
38 28 36 44 0 679
45 158 43 142 0 739
46 141 54 150 0 1439
0 1 11 8 0 19
32 41 26 53 0 219
32 19 15 18 0 99
96 65 95 82 0 739
100 5 88 11 0 419
93 41 108 39 0 819
1 11 10 2 0 119
77 95 81 109 0 1439
10 66 19 75 0 999
85 97 88 112 0 1479
76 85 83 74 0 1139
12 26 9 11 0 159
13 18 13 0 0 139
109 76 104 89 0 939
7 75 20 71 0 579
18 86 7 79 0 1119
73 44 83 36 0 1739
91 22 91 4 0 739
210 45 200 37 0 1579
161 34 153 24 0 579
38 45 21 46 0 1579
64 178 75 185 0 1879
33 68 38 80 0 439
18 180 4 184 0 1199
128 112 142 108 0 1799
99 57 96 72 0 1759
38 139 43 126 0 1819
121 65 119 81 0 1959
39 114 25 118 0 1859
27 136 26 119 0 1379
78 57 89 64 0 299
40 136 37 121 0 1919
54 121 50 135 0 979
169 25 170 8 0 1639
39 146 43 132 0 1699
32 0 32 18 0 79
47 110 45 126 0 1179
10 8 9 25 0 39
62 54 66 40 0 399
47 17 36 11 0 1299
31 45 42 38 0 359
4 62 16 68 0 119
32 81 26 69 0 1979
45 25 49 39 0 559
21 70 27 82 0 1179
133 31 149 29 0 1119
227 94 214 99 0 1059
57 15 58 31 0 339
21 45 33 51 0 1479
58 93 52 81 0 1459
15 92 7 83 0 1719
98 143 94 129 0 1459
112 78 103 69 0 599
42 11 38 25 0 859
101 6 100 23 0 379
24 71 16 81 0 899
15 37 26 30 0 79
88 10 98 2 0 439
27 38 21 50 0 539
68 101 59 93 0 999
24 26 21 41 0 279
34 24 45 30 0 419
26 50 42 48 0 159
145 101 158 96 0 759
160 36 149 29 0 799
23 7 14 16 0 159
50 138 62 144 0 839
22 36 5 37 0 159
131 130 138 119 0 1019
22 28 16 16 0 199
64 109 71 120 0 1299
218 42 218 60 0 1759
2 67 7 80 0 179
105 9 93 3 0 759
13 7 9 21 0 79
87 28 81 16 0 1139
19 18 24 31 0 339
17 14 34 15 0 419
65 8 76 15 0 859
76 14 88 8 0 879
78 18 89 25 0 1039
46 23 31 20 0 459
33 80 42 71 0 299
19 42 30 48 0 1119
27 86 38 79 0 899
11 14 22 7 0 579
36 51 35 68 0 539
5 66 15 74 0 779
72 107 89 108 0 659
22 172 17 185 0 1959
29 76 30 59 0 779
51 95 40 89 0 499
43 25 49 13 0 559
55 113 69 117 0 639
77 54 75 38 0 459
23 42 26 56 0 279
42 70 32 62 0 319
160 92 144 94 0 919
45 125 55 117 0 1519
53 64 62 55 0 1099
88 52 90 68 0 1439
234 161 218 162 0 1719
26 68 15 75 0 1999
67 11 68 28 0 1359
11 26 13 42 0 1299
73 17 65 27 0 1399
143 14 129 18 0 1779
51 33 49 17 0 1439
0 1 10 9 0 19
72 26 87 23 0 1799
35 42 35 24 0 1499
34 50 47 55 0 359
18 143 19 160 0 1059
123 59 112 52 0 1039
152 23 168 25 0 1659
186 106 189 121 0 1079
188 122 198 115 0 859
161 28 145 29 0 1959
60 25 69 16 0 1659
49 33 51 17 0 639
16 90 11 103 0 919
15 35 30 32 0 399
72 209 79 198 0 1139
66 71 62 57 0 1579
73 41 71 25 0 799
66 138 64 154 0 999
170 173 186 175 0 1859
31 42 17 39 0 159
13 9 2 2 0 679
22 13 24 29 0 99
81 50 86 37 0 1899
65 17 72 28 0 959
247 119 256 128 0 1999
93 63 79 59 0 1959
107 125 93 129 0 1119
95 81 82 86 0 519
0 1 12 7 0 19
60 71 53 60 0 979
70 101 55 98 0 1659
47 25 35 30 0 979
44 91 35 100 0 939
28 233 39 226 0 1779
35 60 35 78 0 1139
45 151 41 137 0 1679
53 38 53 20 0 1659
15 31 32 30 0 319
125 29 126 12 0 1319
37 30 41 44 0 1539
16 137 10 149 0 1979
38 65 26 59 0 1539
19 32 34 29 0 1539
22 80 22 98 0 1999
49 37 35 41 0 1479
86 192 101 195 0 1919
89 53 93 39 0 599
40 64 30 71 0 379
81 74 76 86 0 1119
51 63 37 67 0 1519
21 20 15 8 0 419
15 247 32 246 0 1359
147 4 146 21 0 1219
93 47 84 38 0 839
115 56 121 44 0 539
146 88 161 91 0 839
20 32 31 25 0 279
7 123 8 106 0 359
138 40 132 29 0 619
24 43 37 38 0 219
15 131 1 127 0 959
174 85 185 79 0 1119
64 148 77 143 0 999
155 79 170 82 0 959
97 121 87 129 0 1799
15 62 12 77 0 579
47 56 38 65 0 379
77 4 94 5 0 1179
3 20 8 33 0 379
137 43 137 60 0 1579
232 83 232 101 0 1739
175 47 187 41 0 879
87 39 79 49 0 879
22 15 20 31 0 59
162 33 176 37 0 939
43 50 52 41 0 419
17 74 28 81 0 939
164 2 161 17 0 1319
15 5 7 15 0 39
2 24 17 21 0 1039
177 56 186 65 0 1059
186 66 185 83 0 1079
48 216 48 234 0 1439
13 16 28 13 0 299
25 22 15 14 0 619
17 40 4 35 0 299
49 51 44 38 0 199
17 229 32 226 0 1519
89 60 92 45 0 819
59 17 57 33 0 519
100 123 111 130 0 1059
40 118 51 111 0 479
58 29 60 13 0 1379
4 29 6 45 0 699
153 23 152 6 0 599
35 31 50 28 0 359
164 163 156 173 0 1379
84 109 71 105 0 879
34 112 37 97 0 719
28 32 13 35 0 159
62 118 74 112 0 1039
146 32 149 17 0 519
28 12 40 6 0 1399
173 211 163 219 0 1519
150 53 135 50 0 1539
41 35 39 51 0 439
32 71 42 78 0 1279
44 58 47 73 0 839
69 35 85 33 0 1479
61 81 61 63 0 1999
17 40 26 31 0 339
213 36 216 21 0 1619
5 119 17 113 0 399
57 34 72 31 0 539
57 38 49 48 0 699
98 274 104 262 0 1759
47 74 55 84 0 859
70 65 86 63 0 579
185 26 199 30 0 1139
125 263 142 262 0 1839
31 73 35 87 0 319
14 53 19 65 0 1199
61 121 66 109 0 779
55 99 66 92 0 1679
167 108 180 103 0 1379
45 48 41 34 0 419
35 91 33 107 0 1999
58 142 45 137 0 919
27 28 39 34 0 459
15 3 20 16 0 39
74 35 61 31 0 479
55 20 57 4 0 539
4 11 16 5 0 419
116 50 116 32 0 799
126 121 140 117 0 1739
24 29 14 36 0 599
213 147 212 131 0 1859
55 54 49 66 0 1859
99 117 109 109 0 1039
20 22 35 25 0 439
65 4 79 7 0 919
33 43 42 52 0 279
42 51 59 52 0 299
59 51 74 48 0 319
16 30 23 19 0 159
155 152 172 151 0 979
173 74 156 73 0 1699
53 165 50 180 0 1839
34 78 22 84 0 1439
104 85 115 91 0 439
30 35 28 19 0 1059
24 252 11 257 0 1759
219 48 221 64 0 1579
101 83 92 92 0 519
48 66 52 79 0 659
23 113 7 111 0 839
102 33 106 19 0 1899
86 48 87 65 0 599
10 24 25 26 0 1659
88 32 74 36 0 1239
43 70 46 85 0 1539
13 29 29 27 0 79
12 102 4 112 0 599
94 90 98 76 0 679
90 128 96 116 0 1679
52 20 39 15 0 1239
47 145 57 137 0 959
55 37 59 23 0 439
144 63 137 52 0 1779
25 101 42 102 0 1999
29 3 13 1 0 159
51 52 58 63 0 259
36 97 41 84 0 1099
94 184 108 180 0 1519
32 97 33 80 0 619
178 92 187 83 0 1199
50 35 39 42 0 739
52 31 44 21 0 579
75 117 87 111 0 1359
77 97 72 84 0 1039
72 83 57 86 0 1059
87 71 70 70 0 1959
132 201 120 195 0 1979
151 48 147 34 0 1099
19 53 34 51 0 459
77 63 81 49 0 1999
59 80 48 73 0 1179
35 40 40 27 0 259
34 76 26 85 0 1219
89 52 97 42 0 539
3 30 13 22 0 59
48 55 42 43 0 899
24 108 14 116 0 1119
73 119 67 107 0 1239
85 23 90 36 0 1799
87 137 98 144 0 1439
140 57 151 64 0 859
36 67 44 77 0 819
22 227 37 224 0 1819
49 52 60 46 0 1439
32 41 22 48 0 839
7 66 24 67 0 379
71 46 86 44 0 919
117 69 122 57 0 1259
184 3 188 17 0 1099
33 21 36 36 0 479
35 17 31 31 0 759
49 24 45 10 0 659
164 34 162 50 0 1639
110 125 104 113 0 939
32 186 33 169 0 1159
8 232 9 249 0 1959
68 68 62 56 0 1159
89 58 74 61 0 1059
51 23 49 39 0 439
43 103 53 111 0 1559
9 38 25 40 0 1779
38 259 30 250 0 1319
2 15 11 7 0 39
25 39 28 24 0 1839
37 50 35 34 0 579
64 155 56 145 0 1419
29 8 45 6 0 419
68 39 77 48 0 539
65 42 54 35 0 819
132 42 142 34 0 1839
70 25 75 38 0 1979
184 82 179 94 0 1099
85 47 93 37 0 1679
66 40 52 36 0 599
10 6 15 19 0 1679
108 65 112 79 0 579
27 54 34 65 0 1419
189 19 201 25 0 1559
98 82 101 67 0 999
34 117 31 102 0 1339
30 84 37 94 0 419
74 23 88 27 0 1299
116 144 102 140 0 1359
9 54 19 62 0 1059
37 76 47 84 0 1219
61 75 55 87 0 279
12 8 27 5 0 39
42 52 49 41 0 1919
73 43 66 32 0 1559
20 44 33 49 0 199
40 101 26 105 0 379
26 106 27 89 0 399
176 36 183 25 0 959
38 26 39 9 0 879
16 168 26 160 0 1199
53 15 42 8 0 359
10 30 4 19 0 179
16 78 23 67 0 479
36 15 33 30 0 219
33 115 28 102 0 1239
24 43 17 54 0 179
80 61 69 68 0 1019
86 214 72 210 0 1119
10 98 2 88 0 639
2 87 6 101 0 659
48 44 39 53 0 1439
54 115 70 113 0 579
94 15 99 2 0 1019
21 17 16 4 0 319
5 28 12 17 0 99
209 22 214 35 0 1819
55 82 41 78 0 1059
54 111 37 112 0 1139
0 37 0 55 0 1979
31 30 42 36 0 1479
65 212 75 220 0 1739
51 46 68 47 0 739
29 135 24 122 0 919
14 25 18 11 0 219
19 54 26 43 0 219
140 258 137 243 0 1959
48 123 51 108 0 939
56 54 69 59 0 1199
21 41 18 26 0 159
30 30 44 26 0 1239
4 24 14 16 0 79
229 67 224 80 0 1679
31 110 47 108 0 1339
31 40 42 33 0 419
73 34 70 49 0 699
213 41 226 36 0 1359
7 105 0 116 0 1199
12 49 9 64 0 579
64 187 47 186 0 779
139 13 139 31 0 1799
30 29 15 32 0 299
26 104 22 90 0 1119
82 33 96 30 0 919
12 4 26 0 0 559
26 24 38 18 0 239
60 127 46 123 0 819
21 101 4 102 0 1399
25 19 16 10 0 799
38 98 37 115 0 679
8 111 15 122 0 1459
7 13 21 9 0 39
28 73 13 70 0 1579
13 51 20 62 0 319
26 20 19 31 0 1519
105 76 104 93 0 1299
17 43 21 29 0 1239
30 44 14 42 0 199
17 87 32 84 0 519
61 93 76 96 0 1519
15 71 7 61 0 319
1 12 18 13 0 299
180 97 194 93 0 1579
29 123 38 132 0 1719
103 54 113 46 0 1019
54 7 56 23 0 739
19 31 24 18 0 119
125 80 115 88 0 859
45 40 43 25 0 1159
30 249 15 246 0 1339
70 24 70 42 0 719
60 45 69 36 0 1459
63 38 78 35 0 739
0 1 4 15 0 19
197 35 184 30 0 1799
14 36 30 34 0 319
10 36 25 33 0 79
28 267 16 261 0 1659
43 142 31 148 0 739
26 218 29 203 0 1399
111 58 117 70 0 1179
35 60 40 47 0 339
94 105 85 96 0 1059
17 17 25 7 0 279
140 119 133 108 0 1259
44 198 39 210 0 1819
81 62 75 50 0 579
86 87 88 71 0 699
36 18 33 3 0 199
42 60 42 78 0 239
116 24 116 42 0 1639
28 36 33 23 0 159
14 110 21 120 0 1499
42 29 52 37 0 1779
94 70 106 76 0 1239
34 0 47 5 0 119
114 6 131 5 0 559
19 205 11 195 0 1559
84 209 81 224 0 1259
120 42 125 30 0 1299
148 275 132 276 0 1919
43 57 50 68 0 439
154 49 152 65 0 819
53 47 36 48 0 519
36 49 33 64 0 539
71 90 60 97 0 1179
56 144 59 129 0 1439
55 64 63 54 0 1939
52 66 65 61 0 1439
40 31 46 20 0 159
82 79 98 81 0 979
34 19 40 7 0 659
113 45 101 39 0 1039
45 72 32 76 0 839
37 59 28 67 0 579
6 14 23 13 0 39
125 267 114 274 0 1719
69 108 66 123 0 859
60 42 50 34 0 879
33 59 19 63 0 319
40 43 38 27 0 419
210 94 227 93 0 1039
31 32 29 48 0 899
0 2 15 4 0 19
165 87 150 90 0 1839
22 38 22 56 0 959
6 128 13 139 0 1239
46 1 39 12 0 619
13 58 29 60 0 1019
58 131 67 122 0 1579
31 60 33 76 0 1419
125 217 117 227 0 1719
78 126 90 120 0 759
103 3 113 11 0 1159
5 12 21 13 0 39
168 80 161 91 0 1159
39 101 36 115 0 1779
33 116 24 107 0 1099
163 117 153 109 0 1599
27 103 15 109 0 1239
207 112 202 125 0 1579
102 63 105 78 0 1779
29 131 15 134 0 1299
83 73 83 91 0 1159
64 21 66 5 0 1739
33 11 32 28 0 1639
43 61 38 48 0 239
32 44 43 51 0 399
73 16 63 23 0 399
44 17 27 18 0 1179
7 13 19 7 0 39
35 18 43 8 0 419
35 114 34 131 0 1219
19 5 30 12 0 399
29 28 15 24 0 419
114 79 129 76 0 1619
16 92 33 91 0 1479
68 63 56 57 0 459
29 170 42 165 0 1379
136 40 132 54 0 959
49 55 59 47 0 639
70 36 83 41 0 319
40 27 36 41 0 139
123 67 121 51 0 1119
48 62 51 77 0 1319
41 28 25 27 0 999
23 58 33 50 0 1779
19 47 9 39 0 359
50 10 47 25 0 639
85 83 70 86 0 679
107 82 106 99 0 579
66 79 67 62 0 1819
35 64 42 53 0 1899
125 44 136 37 0 899
101 94 102 77 0 1179
65 39 51 43 0 1959
177 134 175 118 0 819
147 31 156 22 0 919
15 17 14 34 0 159
13 5 30 6 0 39
68 138 58 130 0 559
14 62 8 74 0 1599
140 101 156 103 0 1099
13 23 2 16 0 79
43 16 54 9 0 139
10 112 10 94 0 1959
59 92 46 87 0 1059
208 91 193 88 0 1139
134 201 125 209 0 1799
119 27 111 37 0 1839
104 115 115 108 0 939
36 58 49 63 0 1159
32 27 33 44 0 299
33 46 33 29 0 319
119 52 118 69 0 459
14 44 0 41 0 139
12 41 17 54 0 139
55 86 68 90 0 519
123 105 134 112 0 879
133 13 129 27 0 1559
64 32 57 43 0 1239
135 48 140 36 0 1879
185 80 168 79 0 1139
28 83 28 65 0 619
15 158 27 152 0 1779
55 1 57 17 0 879
38 20 23 23 0 519
99 16 84 13 0 779
62 65 50 71 0 579
55 21 64 12 0 639
189 156 173 154 0 1899
47 14 42 27 0 219
10 10 23 5 0 39
37 83 54 82 0 1759
39 39 48 30 0 199
59 52 59 70 0 219
155 161 167 155 0 1079
6 14 11 1 0 39
4 54 3 37 0 119
101 49 118 50 0 519
20 62 37 61 0 1199
68 96 85 97 0 879
147 115 142 128 0 1959
76 106 66 98 0 919
20 52 36 54 0 479
75 91 82 80 0 959
64 51 71 40 0 659
129 74 127 58 0 1819
101 68 106 55 0 1019
0 1 15 4 0 19
112 59 95 58 0 979
54 151 52 135 0 1459
71 54 84 59 0 1659
103 27 102 44 0 1119
34 17 34 34 0 319
18 23 13 36 0 459
83 40 98 43 0 1179
9 65 20 58 0 599
88 34 97 43 0 559
14 65 30 66 0 359
66 41 70 27 0 1259
157 26 159 42 0 1939
14 69 26 63 0 539
26 32 32 20 0 1599
17 1 12 14 0 39
101 102 105 116 0 659
20 44 7 49 0 199
144 41 156 47 0 579
106 18 106 0 0 1919
44 31 53 22 0 819
151 74 144 64 0 1759
214 100 207 89 0 1079
82 32 77 44 0 619
38 70 51 75 0 1519
157 48 160 33 0 1539
50 35 63 40 0 499
23 11 37 7 0 359
45 51 45 69 0 1599
113 103 104 94 0 1159
18 35 20 19 0 219
18 25 1 24 0 99
29 40 15 44 0 499
13 43 18 56 0 119
51 23 37 27 0 1719
23 56 22 39 0 339
139 115 132 126 0 919
24 18 20 31 0 1779
163 104 171 94 0 1179
194 44 210 46 0 1559
44 38 43 55 0 1839
94 77 94 95 0 1779
35 35 20 38 0 599
61 162 59 146 0 819
1 0 9 10 0 59
10 79 24 83 0 1939
37 106 49 111 0 1039
119 159 111 149 0 1279
24 121 20 135 0 1019
18 61 31 56 0 1019
62 54 55 65 0 599
97 20 80 21 0 1219
55 149 43 143 0 719
4 37 4 55 0 99
34 73 45 66 0 739
75 117 92 118 0 1359
16 34 27 27 0 159
61 49 76 52 0 519
40 24 30 32 0 199
30 14 20 6 0 279
13 33 20 22 0 239
124 47 118 59 0 1939
76 54 78 69 0 979
127 53 124 38 0 599
20 43 24 57 0 99
9 70 10 87 0 939
46 57 45 40 0 259
40 33 48 43 0 379
36 42 41 55 0 159
22 1 38 3 0 139
10 10 16 22 0 39
52 28 43 37 0 319
202 62 202 44 0 1319
48 139 60 145 0 939
34 164 17 163 0 1519
151 94 154 79 0 859
83 59 70 64 0 559
39 57 49 65 0 1319
40 37 31 28 0 379
70 67 60 59 0 619
37 95 24 100 0 439
4 111 12 101 0 579
145 79 134 72 0 1039
60 5 49 12 0 1739
41 30 57 28 0 819
12 5 12 23 0 339
58 11 70 5 0 1899
50 6 47 21 0 159
153 39 145 29 0 719
108 38 114 50 0 839
44 3 43 20 0 99
92 101 95 86 0 1179
50 25 65 28 0 419
24 34 21 19 0 399
64 40 57 29 0 799
59 209 51 219 0 1719
50 1 53 16 0 499
70 38 62 28 0 559
115 23 131 21 0 999
0 1 17 0 0 19
172 76 187 79 0 1759
22 132 7 129 0 1759
45 32 29 33 0 519
78 81 88 73 0 1899
150 43 137 38 0 859
34 37 48 33 0 1339
36 63 49 58 0 419
18 145 35 146 0 699
64 100 74 92 0 1159
41 55 42 38 0 199
91 129 87 115 0 1199
177 38 191 42 0 1259
6 77 9 62 0 259
26 17 28 33 0 1619
24 98 40 97 0 859
10 73 25 76 0 979
56 154 68 149 0 1579
13 118 15 133 0 319
226 18 218 28 0 1399
36 86 34 102 0 759
53 129 62 121 0 1619
62 178 71 187 0 959
51 37 41 45 0 319
31 31 19 36 0 339
148 66 145 52 0 1619
41 41 40 58 0 439
46 168 57 161 0 1839
28 23 36 13 0 259
15 30 28 35 0 139
39 105 32 94 0 1319
132 62 127 75 0 879
174 32 165 23 0 1519
168 23 160 14 0 1679
39 42 22 43 0 259
59 20 62 5 0 219
18 177 35 178 0 899
8 32 20 38 0 399
170 21 179 30 0 1779
23 46 28 33 0 139
132 25 148 27 0 979
53 188 49 174 0 1859
41 26 39 42 0 779
163 15 159 29 0 1879
88 60 92 74 0 839
42 66 52 74 0 599
106 15 92 19 0 539
34 4 30 18 0 79
35 163 26 172 0 759
78 19 70 9 0 1379
0 1 7 12 0 19
63 28 58 41 0 1739
71 39 82 46 0 759
36 56 20 58 0 559
57 64 63 75 0 279
22 113 38 115 0 1579
23 52 23 34 0 139
23 33 15 23 0 159
15 24 24 15 0 179
44 120 51 131 0 479
21 0 20 17 0 219
41 83 34 72 0 1119
112 67 124 61 0 699
129 28 145 26 0 1579
73 201 73 219 0 1479
104 115 97 105 0 959
48 79 33 76 0 1099
41 21 29 27 0 319
39 264 34 251 0 1779
6 81 10 67 0 979
25 77 16 86 0 999
24 13 24 30 0 119
7 2 22 5 0 619
21 148 25 162 0 1099
180 145 179 162 0 1339
11 258 22 251 0 1779
21 129 18 144 0 1039
10 0 27 1 0 79
21 98 7 102 0 1539
32 89 41 80 0 1699
92 119 99 108 0 859
18 77 15 92 0 379
21 56 7 52 0 459
53 13 53 31 0 479
34 41 40 29 0 699
129 34 140 27 0 1539
121 57 138 58 0 759
157 4 171 8 0 1499
221 31 208 26 0 1439
128 105 128 123 0 1259
27 39 33 27 0 319
40 95 37 110 0 1419
23 49 17 60 0 859
39 13 44 0 0 479
131 20 147 18 0 1019
53 53 41 59 0 399
55 15 65 7 0 839
92 44 84 34 0 839
91 58 107 60 0 419
22 86 35 91 0 599
138 23 147 32 0 899
48 67 34 71 0 1419
163 218 171 228 0 1539
214 110 216 126 0 1599
131 14 146 11 0 459
62 41 48 45 0 339
21 17 36 14 0 199
189 199 199 192 0 1899
72 78 80 68 0 1759
55 35 46 44 0 599
16 65 5 72 0 1219
46 142 58 136 0 1399
3 124 16 129 0 1819
22 24 12 32 0 1719
28 48 12 50 0 1239
40 88 47 77 0 1439
28 168 37 159 0 1839
12 14 21 5 0 559
70 105 54 103 0 459
29 63 23 51 0 1399
10 34 26 32 0 239
19 37 9 29 0 1439
81 88 86 101 0 1699
0 40 0 58 0 1479
47 101 33 97 0 1919
119 33 132 38 0 1079
20 30 35 27 0 1799
53 50 55 66 0 859
28 59 28 41 0 1939
40 96 36 110 0 559
162 196 166 182 0 1439
49 23 48 40 0 1959
33 65 49 64 0 219
31 149 21 141 0 759
23 76 28 63 0 1099
109 214 125 216 0 1699
80 83 76 69 0 1019
100 3 109 12 0 779
17 135 17 117 0 1399
9 17 16 6 0 159
8 44 12 58 0 759
31 198 34 183 0 1499
1 18 16 21 0 99
177 11 170 22 0 1759
21 21 35 17 0 359
14 110 31 109 0 1319
56 43 72 41 0 1859
65 62 73 52 0 1459
43 96 59 94 0 1979
59 95 43 97 0 1999
16 50 33 51 0 1039
114 95 124 87 0 979
20 13 14 25 0 59
14 24 31 25 0 79
31 26 33 10 0 99
33 11 26 22 0 119
111 89 115 102 0 1859
103 49 111 59 0 879
37 22 39 6 0 939
18 13 11 3 0 119
0 1 8 11 0 19
18 10 11 21 0 239
0 1 6 13 0 19
168 75 155 80 0 939
16 2 24 12 0 39
47 23 34 28 0 719
37 69 52 66 0 1879
62 159 46 161 0 859
186 100 188 116 0 919
43 119 38 132 0 1319
135 35 135 53 0 1719
101 76 113 70 0 1939
7 32 5 48 0 579
59 24 52 13 0 1859
17 15 12 2 0 1399
12 60 29 59 0 519
33 153 40 142 0 1239
41 117 35 105 0 919
55 95 55 78 0 779
37 95 46 104 0 599
46 105 55 114 0 619
9 235 2 246 0 1879
27 75 16 68 0 839
55 110 62 99 0 1699
69 132 67 116 0 699
50 65 47 51 0 239
237 62 221 60 0 1539
16 70 0 72 0 1159
47 29 45 45 0 279
66 108 68 124 0 799
67 138 60 128 0 799
144 29 133 22 0 1379
51 101 34 100 0 1639
17 224 8 233 0 1939
80 48 63 47 0 1799
108 74 112 60 0 959
137 46 133 32 0 1099
3 43 16 38 0 1039
126 104 130 90 0 1839
106 136 105 153 0 999
8 95 24 97 0 1019
40 76 42 92 0 1599
125 135 114 142 0 1559
0 20 5 33 0 39
93 30 103 22 0 699
27 90 26 74 0 1999
112 94 107 107 0 1559
103 66 98 79 0 659
3 25 1 9 0 79
102 78 104 94 0 1199
38 19 28 11 0 259
39 19 25 15 0 239
17 20 4 25 0 59
9 51 12 66 0 679
124 41 113 34 0 1299
113 35 127 39 0 1319
127 38 138 31 0 1339
37 90 21 88 0 459
53 18 38 21 0 499
87 93 74 88 0 1839
13 55 29 57 0 439
27 50 34 40 0 679
36 51 49 56 0 299
114 110 110 124 0 919
21 112 13 122 0 1019
36 14 32 28 0 279
44 58 54 50 0 1439
12 64 7 77 0 159
62 17 55 6 0 179
170 9 171 26 0 1659
80 10 66 13 0 1619
34 92 20 96 0 1439
21 213 13 204 0 1299
227 39 236 48 0 1919
39 221 33 209 0 1879
51 37 56 24 0 1519
109 36 116 47 0 979
67 29 50 30 0 1759
74 19 73 2 0 539
12 20 26 24 0 279
50 37 47 52 0 1819
126 33 136 41 0 939
57 18 69 12 0 259
10 81 21 74 0 1259
9 9 11 25 0 39
50 63 53 48 0 739
155 62 162 73 0 1819
57 1 71 5 0 1959
30 63 18 69 0 1819
36 111 33 126 0 579
22 115 9 110 0 1059
33 132 34 115 0 1739
52 36 58 24 0 1799
18 70 13 57 0 999
101 21 99 5 0 1039
18 21 20 36 0 119
174 111 186 105 0 1019
33 15 20 20 0 119
8 89 5 74 0 1259
40 34 40 16 0 199
155 172 170 174 0 1839
19 31 36 30 0 79
65 42 63 58 0 579
37 125 37 108 0 1019
85 14 98 9 0 299
51 52 51 70 0 179
42 47 27 50 0 179
67 33 66 16 0 519
165 38 168 53 0 1459
85 64 91 76 0 1779
14 6 7 17 0 79
7 76 18 69 0 179
28 80 37 71 0 959
117 54 116 38 0 479
24 115 38 119 0 1139
66 61 66 79 0 819
27 62 29 46 0 459
122 135 117 148 0 1939
21 41 23 25 0 1479
156 38 155 21 0 599
29 97 31 113 0 1839
11 7 26 10 0 39
31 105 42 98 0 839
29 3 45 2 0 59
138 38 153 40 0 699
47 30 55 40 0 699
108 205 97 198 0 1019
46 26 48 42 0 1919
12 17 12 35 0 99
74 63 63 70 0 1419
146 41 163 40 0 819
53 115 67 119 0 919
167 26 179 20 0 859
26 108 14 114 0 1599
36 170 49 175 0 1399
100 11 86 7 0 739
87 92 101 96 0 619
28 23 15 28 0 859
21 59 27 71 0 159
57 177 53 164 0 1779
26 112 9 111 0 1879
0 2 3 16 0 19
16 49 9 38 0 939
104 76 112 66 0 679
88 18 74 22 0 1279
10 54 0 47 0 899
3 6 8 19 0 59
81 131 69 137 0 1839
133 95 143 102 0 1539
7 79 5 63 0 199
74 29 77 14 0 979
172 18 184 12 0 1239
14 42 27 47 0 1119
55 206 65 214 0 1019
69 23 77 33 0 439
23 27 19 13 0 199
58 39 51 50 0 339
83 48 99 46 0 1139
18 163 29 169 0 1359
31 17 42 10 0 839
23 151 23 169 0 1719
20 63 29 71 0 1679
41 13 27 9 0 359
23 235 25 251 0 1959
158 59 150 69 0 1499
64 38 59 51 0 1999
18 8 21 23 0 239
59 20 48 13 0 459
21 56 13 46 0 1659
62 48 70 58 0 759
41 104 26 101 0 1339
55 34 67 28 0 1739
139 56 150 49 0 1099
195 19 209 23 0 1799
52 280 55 295 0 1759
40 26 43 41 0 1399
131 78 143 84 0 1459
116 12 124 22 0 599
88 94 95 83 0 999
9 56 15 68 0 979
39 52 42 37 0 339
176 58 175 75 0 1239
169 4 159 12 0 1859
212 114 216 100 0 1519
143 14 159 16 0 1899
32 79 35 64 0 1019
143 19 148 32 0 1599
16 13 22 25 0 539
218 190 222 176 0 1599
179 8 179 26 0 1139
33 56 38 69 0 859
25 34 8 33 0 99
65 110 65 128 0 659
36 101 43 112 0 1339
17 37 0 36 0 1959
10 88 21 81 0 959
27 10 27 28 0 1819
61 172 48 177 0 1739
54 3 62 13 0 179
21 31 21 13 0 119
49 10 33 8 0 219
79 136 91 130 0 1179
12 71 15 57 0 1879
0 1 5 14 0 19
49 90 52 76 0 1879
59 49 54 36 0 319
113 58 127 54 0 579
16 55 11 42 0 1059
65 43 53 49 0 839
56 22 54 38 0 199
62 25 61 42 0 419
33 6 37 20 0 459
38 119 42 105 0 459
39 225 27 231 0 1599
108 263 125 262 0 1819
63 41 78 44 0 519
9 134 8 151 0 1379
71 53 65 41 0 559
41 20 53 26 0 779
51 39 34 38 0 1319
43 93 47 107 0 399
63 59 74 66 0 599
72 42 66 30 0 1879
31 3 14 2 0 839
194 20 198 6 0 1199
8 152 22 156 0 1279
184 95 194 103 0 1899
73 119 90 118 0 799
180 44 192 38 0 1159
9 56 22 51 0 659
16 88 32 90 0 1039
103 75 93 67 0 1239
67 14 68 31 0 379
151 63 151 81 0 879
17 54 21 68 0 379
27 53 12 50 0 279
59 42 64 29 0 819
156 88 162 100 0 959
176 23 193 22 0 1099
157 111 174 112 0 999
57 103 45 97 0 1919
64 13 57 2 0 659
115 67 123 57 0 1839
42 110 36 122 0 1279
23 154 8 152 0 799
89 61 72 62 0 1279
17 21 18 38 0 999
20 25 17 10 0 379
134 61 142 71 0 1659
208 46 206 30 0 1399
36 29 37 12 0 1259
43 67 49 55 0 1959
130 95 135 82 0 699
41 31 42 14 0 1919
31 53 41 61 0 319
33 92 18 89 0 1499
55 20 45 12 0 539
14 67 14 50 0 999
56 87 70 91 0 819
42 96 42 78 0 1559
90 58 101 65 0 1559
46 194 31 197 0 1479
52 115 69 116 0 1619
45 31 32 27 0 1299
20 25 18 9 0 339
80 150 77 136 0 1459
31 4 44 9 0 1979
161 44 161 26 0 1499
40 79 29 72 0 539
138 115 123 117 0 1799
19 13 13 1 0 79
243 77 230 82 0 1639
63 73 61 89 0 799
17 98 14 83 0 1899
224 79 226 95 0 1699
226 94 232 82 0 1719
32 22 42 30 0 1759
28 5 24 19 0 59
30 75 36 87 0 739
23 52 19 38 0 1419
232 113 249 112 0 1819
90 47 99 56 0 1739
23 19 19 33 0 79
50 72 35 75 0 599
29 69 34 56 0 1159
37 68 27 76 0 819
250 133 249 116 0 1939
66 254 60 242 0 1679
87 112 93 124 0 1379
80 263 81 279 0 1879
1 36 12 29 0 699
156 44 149 55 0 879
67 57 66 74 0 799
113 82 118 70 0 1239
12 9 22 1 0 1939
4 37 18 41 0 259
27 30 29 46 0 139
36 66 53 65 0 1079
15 50 5 58 0 179
5 59 20 56 0 199
37 84 42 97 0 1579
128 78 130 94 0 679
14 80 7 91 0 1159
9 63 20 70 0 279
15 60 32 59 0 259
29 47 42 42 0 279
11 82 18 71 0 339
82 56 83 72 0 1379
2 28 2 46 0 1119
28 44 29 27 0 399
150 129 150 111 0 979
74 25 70 39 0 539
39 46 41 62 0 499
30 82 16 78 0 1159
201 134 210 126 0 1439
35 31 25 39 0 519
25 38 23 22 0 539
63 85 68 98 0 319
46 130 33 135 0 1679
19 11 25 23 0 599
32 42 47 39 0 359
132 39 147 36 0 1099
4 19 9 32 0 659
18 29 4 26 0 199
139 19 151 13 0 1599
165 61 158 50 0 1879
175 16 185 8 0 1099
125 210 132 199 0 1819
2 47 19 48 0 1139
47 62 35 68 0 1939
150 95 167 96 0 1059
191 134 201 142 0 1699
174 73 176 57 0 1219
21 25 36 22 0 119
22 16 32 24 0 1639
150 12 163 17 0 679
18 8 2 10 0 199
80 75 94 71 0 859
35 144 39 158 0 1659
63 34 51 40 0 1299
34 71 46 65 0 1539
42 154 25 155 0 1079
122 35 121 52 0 1739
204 23 191 18 0 1499
60 31 56 17 0 419
24 33 20 47 0 259
34 127 51 126 0 659
140 215 134 203 0 1779
113 12 105 22 0 1179
33 119 19 123 0 1879
85 6 96 13 0 619
78 20 89 13 0 1279
88 18 96 28 0 839
34 22 46 28 0 479
56 125 53 110 0 779
111 19 120 10 0 1319
39 36 43 22 0 219
60 67 60 49 0 899
45 149 36 158 0 1639
17 166 10 155 0 1859
64 254 53 261 0 1279
15 62 6 53 0 219
0 2 12 7 0 19
53 19 43 27 0 159
132 25 121 32 0 1499
112 110 112 92 0 1079
113 42 96 43 0 1539
97 44 96 60 0 1559
9 110 19 118 0 1899
28 83 20 73 0 1419
140 91 129 98 0 1939
23 17 29 29 0 159
85 130 89 144 0 1459
22 24 35 19 0 1879
85 97 94 89 0 659
34 91 51 90 0 1619
41 41 25 39 0 479
135 31 144 22 0 1519
49 44 32 43 0 379
70 73 84 69 0 1019
207 154 194 149 0 1819
203 12 218 9 0 1219
33 136 48 133 0 1699
10 149 9 133 0 1679
30 86 33 71 0 1359
192 42 201 33 0 1319
118 49 127 58 0 539
42 39 38 25 0 379
191 202 178 207 0 1979
181 16 183 0 0 1019
118 205 131 210 0 1779
5 127 13 137 0 879
107 37 98 46 0 1439
2 54 12 46 0 279
13 91 14 108 0 399
87 88 94 77 0 1299
23 40 39 38 0 139
34 52 29 39 0 239
235 82 245 74 0 1419
24 10 19 23 0 119
2 69 12 61 0 219
14 127 28 123 0 659
35 101 24 108 0 959
19 85 21 69 0 1039
10 96 22 102 0 519
30 27 25 40 0 379
56 32 73 33 0 679
154 119 139 116 0 899
109 11 96 6 0 799
29 187 25 201 0 1359
25 86 38 82 0 359
32 15 33 32 0 619
189 105 174 107 0 1539
41 18 26 21 0 1499
33 78 20 83 0 259
31 16 46 13 0 579
17 64 34 63 0 219
10 27 18 37 0 59
8 43 23 46 0 579
27 107 14 102 0 1079
38 41 22 43 0 619
197 97 211 93 0 1519
48 23 39 14 0 459
43 41 42 58 0 1199
63 122 78 125 0 739
140 89 127 94 0 1899
16 21 8 31 0 99
0 1 6 13 0 19
118 12 119 29 0 679
19 43 33 47 0 239
85 92 85 110 0 859
6 57 23 56 0 1539
94 11 103 2 0 1139
80 23 80 6 0 359
57 201 65 211 0 1719
126 75 110 73 0 1739
25 60 33 50 0 1819
34 64 34 82 0 479
75 108 70 120 0 1119
101 218 86 215 0 1099
94 148 104 156 0 1599
26 34 14 40 0 639
178 25 189 18 0 1539
45 1 57 7 0 1279
11 86 13 102 0 1859
8 50 23 47 0 239
44 127 33 120 0 1859
199 36 202 22 0 1599
14 152 29 155 0 1239
115 232 98 231 0 1939
45 211 40 198 0 1639
64 134 70 146 0 1959
61 144 51 152 0 1699
20 130 23 115 0 1439
45 125 34 132 0 1199
80 99 72 108 0 639
26 54 43 53 0 239
89 48 87 64 0 579
52 29 42 21 0 1379
42 20 31 27 0 1399
31 26 43 20 0 1419
43 22 33 15 0 1439
188 74 182 86 0 1319
41 4 43 19 0 1479
37 80 39 95 0 719
252 131 247 118 0 1979
14 54 10 68 0 1119
24 42 36 36 0 1559
21 37 35 41 0 239
36 81 52 83 0 1499
89 43 97 34 0 1939
29 47 28 30 0 479
48 233 40 243 0 1459
36 22 47 15 0 199
112 84 115 69 0 1839
24 51 13 44 0 99
64 25 56 35 0 1499
15 70 22 59 0 739
13 30 30 31 0 1779
30 30 42 24 0 1799
166 55 155 48 0 1619
39 37 36 52 0 1839
104 6 114 14 0 1999
12 24 5 35 0 279
42 117 46 131 0 1179
38 18 21 19 0 639
28 30 35 19 0 79
49 64 40 55 0 739
3 81 13 73 0 799
5 34 7 18 0 299
19 73 36 74 0 639
4 1 20 3 0 59
140 116 135 103 0 1759
18 50 4 46 0 1079
29 17 37 27 0 1439
27 51 38 58 0 119
37 26 36 43 0 1459
36 31 33 16 0 99
95 82 106 75 0 1019
8 49 23 46 0 1899
97 35 91 47 0 799
59 39 42 38 0 1319
25 117 17 107 0 1519
47 38 56 29 0 619
208 164 208 147 0 1459
133 103 128 116 0 1999
32 67 33 50 0 659
20 46 23 31 0 359
186 119 194 129 0 899
27 56 33 44 0 259
23 156 34 163 0 1499
197 9 192 22 0 1639
111 41 107 55 0 1959
46 68 58 74 0 359
88 72 83 59 0 1719
50 27 66 25 0 1019
59 12 73 8 0 539
73 9 79 21 0 559
38 104 32 116 0 1959
72 117 87 114 0 1939
157 125 148 134 0 1639
53 32 53 14 0 739
1 22 3 6 0 179
77 43 90 48 0 679
99 7 91 17 0 999
103 41 115 47 0 719
8 12 5 27 0 39
29 35 45 33 0 1279
90 49 82 59 0 779
3 12 5 27 0 159
146 11 163 12 0 1139
140 12 139 29 0 1039
84 39 96 33 0 859
151 237 148 251 0 1619
80 33 83 48 0 899
36 10 19 11 0 359
85 34 71 30 0 939
71 31 80 40 0 959
13 26 16 41 0 59
175 76 189 72 0 1259
4 10 8 24 0 359
102 139 119 140 0 1379
32 30 18 34 0 199
51 68 64 73 0 499
8 26 3 38 0 99
67 26 71 40 0 699
52 27 45 38 0 259
122 120 131 129 0 999
102 38 105 24 0 1179
73 114 67 102 0 979
94 15 87 4 0 1219
87 5 102 2 0 1239
61 7 50 0 0 479
109 14 106 28 0 1279
14 49 3 42 0 1019
0 1 6 13 0 19
131 38 133 22 0 1339
73 96 61 90 0 1259
49 169 61 163 0 799
36 137 30 125 0 499
91 34 86 21 0 1619
48 102 50 86 0 1479
23 48 8 51 0 1619
15 28 10 41 0 1139
7 7 20 2 0 399
50 93 50 75 0 819
112 77 112 95 0 1539
126 22 141 19 0 879
42 49 42 67 0 539
4 59 18 55 0 579
99 113 98 129 0 1619
52 78 64 72 0 679
26 99 23 85 0 1359
163 98 178 95 0 1419
18 21 16 37 0 139
62 27 73 34 0 579
21 18 13 8 0 659
14 3 13 20 0 99
17 113 32 116 0 1679
96 124 96 142 0 1479
9 147 24 144 0 1439
32 60 27 48 0 1339
8 117 24 119 0 1299
24 164 12 158 0 1879
12 157 1 150 0 1899
48 215 49 232 0 1939
47 20 37 28 0 739
157 17 147 9 0 1559
71 2 64 13 0 259
23 68 25 84 0 1219
0 2 10 9 0 19
10 8 5 21 0 39
25 16 19 28 0 179
48 48 48 66 0 519
105 58 122 59 0 979
119 11 110 2 0 919
69 63 60 72 0 479
17 30 11 42 0 579
113 13 111 29 0 999
21 45 27 57 0 199
42 57 28 53 0 1219
27 75 27 57 0 239
68 133 53 136 0 1659
26 30 26 12 0 119
26 79 29 64 0 299
51 106 65 102 0 1659
17 16 4 11 0 339
161 97 157 83 0 1239
80 163 66 159 0 1699
23 8 23 26 0 179
7 67 21 71 0 1039
85 76 77 66 0 1339
6 55 14 45 0 99
47 86 61 90 0 459
31 125 27 139 0 1879
99 109 99 91 0 879
95 38 82 33 0 1059
41 39 34 28 0 1399
50 93 49 110 0 1819
86 64 70 66 0 599
136 23 124 29 0 619
124 30 127 45 0 639
22 53 15 42 0 819
82 59 68 63 0 1739
24 144 25 127 0 1679
145 24 131 20 0 1539
17 115 17 97 0 1919
76 25 81 38 0 699
24 98 28 84 0 1039
28 8 17 15 0 399
94 53 92 69 0 699
124 5 126 21 0 859
85 37 81 51 0 1879
35 26 33 10 0 459
108 42 91 43 0 799
31 180 46 183 0 1939
107 102 123 104 0 859
8 42 20 36 0 279
194 97 192 81 0 979
43 131 37 143 0 1999
81 46 74 57 0 1259
8 126 22 122 0 1239
178 114 180 99 0 1059
16 17 30 21 0 219
25 143 26 126 0 1399
190 90 181 99 0 1119
47 45 58 38 0 959
48 6 33 3 0 1399
31 143 42 136 0 1999
38 11 41 26 0 939
90 95 89 112 0 1659
35 65 35 47 0 1039
194 111 182 105 0 1259
28 90 40 96 0 1399
20 109 19 126 0 1419
167 89 153 85 0 1319
8 112 8 94 0 999
152 31 162 23 0 1339
137 107 125 112 0 1379
68 53 83 50 0 779
61 4 63 19 0 759
9 43 2 32 0 1759
3 128 9 140 0 1139
15 18 31 20 0 179
71 120 87 122 0 1059
121 86 104 85 0 1059
15 26 17 11 0 119
226 59 240 63 0 1699
59 36 74 33 0 899
150 71 150 54 0 1519
65 109 62 94 0 1159
85 46 77 36 0 739
204 171 221 170 0 1579
64 152 66 168 0 759
19 134 19 152 0 1059
48 94 37 101 0 1119
70 25 81 32 0 1019
27 18 29 2 0 139
33 61 22 54 0 519
98 42 87 49 0 1199
95 91 94 74 0 639
45 56 55 64 0 1819
66 33 60 21 0 1459
85 23 91 11 0 1199
78 66 94 64 0 1399
7 40 22 37 0 979
30 49 26 63 0 1139
27 28 40 23 0 179
124 47 131 36 0 1979
65 29 57 20 0 1299
86 44 89 59 0 1079
5 15 16 22 0 39
162 35 149 31 0 959
84 85 101 86 0 1979
6 14 5 31 0 39
36 5 50 2 0 279
42 43 57 40 0 299
12 237 9 222 0 1779
82 71 67 74 0 1139
129 65 128 48 0 959
89 107 79 115 0 679
14 125 31 126 0 1859
70 43 81 36 0 739
27 23 19 13 0 799
5 15 18 20 0 39
102 40 115 44 0 1019
104 261 105 278 0 1779
33 32 29 18 0 379
5 91 18 96 0 1959
42 109 38 123 0 1779
143 22 150 11 0 659
134 83 124 91 0 979
95 38 85 46 0 1659
19 20 17 36 0 1939
50 59 41 50 0 499
24 82 28 68 0 1959
32 21 16 19 0 299
73 11 69 24 0 339
20 57 16 43 0 579
57 95 64 106 0 1879
4 51 8 65 0 659
115 60 119 46 0 1459
45 31 50 18 0 439
71 28 59 34 0 659
49 47 40 38 0 279
16 40 24 50 0 79
129 66 135 78 0 699
42 82 47 95 0 759
52 26 52 44 0 799
78 26 95 25 0 479
144 45 159 48 0 699
98 183 105 172 0 1899
86 93 98 87 0 859
98 88 83 85 0 879
48 76 44 90 0 1559
32 45 37 58 0 1019
13 16 7 28 0 259
32 114 29 129 0 439
85 60 78 71 0 1659
110 42 104 54 0 679
84 11 97 6 0 499
124 259 140 257 0 1939
93 176 104 183 0 899
112 175 117 188 0 1539
95 105 101 116 0 1099
14 45 6 35 0 699
58 137 45 142 0 1419
80 80 68 74 0 1519
13 57 2 64 0 319
119 95 126 106 0 1199
41 57 34 67 0 419
131 198 129 183 0 1839
143 126 158 129 0 1259
43 65 39 79 0 1079
50 70 51 53 0 359
52 85 48 72 0 1479
171 92 178 103 0 1339
15 20 20 33 0 1699
218 161 227 152 0 1739
145 107 150 120 0 919
115 34 101 38 0 1379
221 22 209 28 0 1659
155 5 160 18 0 1199
60 135 72 141 0 1179
1 5 7 16 0 1459
29 51 35 63 0 1919
94 50 86 60 0 1079
195 62 193 46 0 1419
213 94 214 111 0 1579
9 49 26 50 0 1079
54 137 66 143 0 1739
79 108 95 109 0 1039
37 64 52 62 0 959
93 91 101 101 0 639
26 23 21 10 0 99
59 93 73 97 0 1239
42 30 38 44 0 279
10 8 22 14 0 39
81 60 82 43 0 539
15 42 23 52 0 899
133 95 148 92 0 1519
223 157 213 149 0 1839
39 36 34 24 0 959
32 51 49 50 0 1739
19 81 24 94 0 1999
224 120 209 123 0 1919
208 124 195 128 0 1939
79 20 91 26 0 579
279 67 269 75 0 1639
4 85 16 91 0 1699
18 39 13 26 0 139
2 18 9 29 0 39
44 91 40 77 0 1579
11 76 17 64 0 1819
166 21 170 7 0 699
210 52 200 60 0 1879
33 20 16 19 0 139
11 8 8 23 0 539
11 85 17 73 0 919
114 32 111 47 0 1679
76 84 80 70 0 759
26 22 41 19 0 1479
175 97 162 92 0 1079
7 27 7 9 0 279
61 153 60 136 0 1159
88 67 89 84 0 739
115 48 129 52 0 1259
131 10 141 18 0 1299
40 23 32 33 0 379
175 61 184 52 0 1279
57 74 48 83 0 339
98 59 93 46 0 819
35 179 49 183 0 919
50 26 42 16 0 479
34 167 22 173 0 1939
82 60 98 58 0 799
77 38 76 55 0 1019
118 83 125 72 0 739
84 7 68 5 0 579
69 47 84 44 0 719
10 119 23 114 0 819
25 119 23 135 0 1879
35 109 39 95 0 1959
121 54 104 53 0 1219
95 38 87 28 0 1179
141 17 126 20 0 1319
37 127 33 141 0 1799
20 16 30 8 0 239
74 110 59 107 0 719
43 75 44 92 0 1839
135 23 121 19 0 1679
31 161 19 155 0 1279
75 39 84 48 0 639
28 69 22 81 0 1979
48 72 33 75 0 1199
76 8 77 25 0 1319
24 50 15 41 0 199
148 152 165 151 0 1679
175 131 191 133 0 1679
119 103 106 98 0 479
201 41 213 35 0 1599
59 41 57 57 0 1039
59 24 61 8 0 459
54 40 71 39 0 1079
147 24 151 10 0 1379
77 41 63 45 0 759
16 89 30 93 0 1579
58 51 44 47 0 1539
30 124 17 119 0 519
36 102 35 85 0 1919
41 81 37 67 0 1719
67 29 79 23 0 1839
50 44 57 34 0 419
6 46 3 61 0 1519
319 139 326 128 0 1839
49 22 65 20 0 619
76 95 76 77 0 1539
114 105 118 91 0 979
69 15 72 30 0 1679
52 61 55 46 0 979
43 12 57 16 0 1419
28 20 36 10 0 119
166 54 161 67 0 1239
42 4 31 11 0 1479
31 41 26 54 0 1479
219 64 232 59 0 1899
17 33 1 35 0 679
52 39 57 27 0 1679
30 55 23 44 0 579
15 27 30 30 0 79
20 1 22 17 0 1619
76 21 62 17 0 699
23 22 20 37 0 539
45 22 36 31 0 259
71 50 71 67 0 919
55 158 71 156 0 1699
33 48 43 41 0 1839
49 179 49 197 0 1399
2 31 3 14 0 1779
94 94 103 103 0 1799
20 43 4 45 0 1699
22 235 10 241 0 1819
13 7 28 10 0 39
29 127 38 136 0 719
45 38 49 24 0 659
120 27 115 14 0 819
32 149 47 146 0 939
53 83 60 94 0 1119
40 55 46 67 0 339
33 72 22 79 0 1379
206 32 221 30 0 1419
69 49 75 61 0 1359
93 66 78 69 0 1259
26 76 33 87 0 1879
21 20 33 14 0 539
14 117 14 100 0 1159
28 23 23 10 0 1859
2 15 8 3 0 259
4 21 17 26 0 179
15 87 0 90 0 479
98 151 82 149 0 1779
20 20 28 10 0 239
131 17 137 29 0 1439
23 45 18 32 0 599
95 252 82 247 0 1819
37 49 26 42 0 319
64 35 51 30 0 859
48 28 39 37 0 199
38 59 48 51 0 379
62 14 75 9 0 399
20 26 35 29 0 279
10 62 6 76 0 719
57 41 59 57 0 319
60 115 47 119 0 319
33 17 43 9 0 159
17 32 13 18 0 379
23 54 14 45 0 259
41 227 28 232 0 1759
0 1 7 12 0 19
73 33 77 47 0 599
51 70 53 86 0 1459
73 61 64 52 0 639
30 65 40 73 0 619
25 32 32 21 0 1739
144 20 152 30 0 1319
150 50 157 39 0 1119
176 94 163 99 0 1399
22 10 15 0 0 339
40 35 52 29 0 1219
72 125 74 109 0 699
53 16 40 20 0 1679
97 102 99 118 0 1019
150 7 143 18 0 1579
25 8 28 23 0 579
1 3 10 12 0 279
90 74 81 83 0 919
119 251 111 261 0 1439
20 24 19 41 0 599
85 20 88 5 0 1179
111 55 94 56 0 1919
120 52 133 47 0 719
20 3 12 13 0 539
101 245 97 258 0 1179
12 65 23 59 0 1759
0 1 16 3 0 19
99 71 82 70 0 1119
25 256 17 246 0 1899
158 48 165 37 0 1439
33 65 28 52 0 559
60 96 46 92 0 1199
48 86 34 90 0 1599
63 95 52 102 0 1239
70 164 61 172 0 739
38 51 22 53 0 1699
40 77 36 91 0 1299
87 32 104 33 0 619
47 113 55 123 0 959
37 26 35 10 0 1739
47 35 57 42 0 1579
116 70 122 82 0 1359
38 33 47 24 0 699
182 9 172 17 0 1219
80 56 63 55 0 599
11 75 5 63 0 1639
40 7 32 17 0 1419
47 55 30 54 0 559
26 95 12 99 0 1539
17 29 12 16 0 79
32 25 24 35 0 1979
62 2 67 15 0 1199
166 49 157 40 0 1859
8 124 19 131 0 1639
19 130 35 132 0 1659
36 133 26 126 0 1679
11 18 17 30 0 179
63 53 62 36 0 1959
187 120 194 131 0 1379
2 124 9 113 0 1839
15 104 25 96 0 1779
154 72 161 83 0 1719
17 47 4 52 0 639
97 21 105 30 0 1979
26 131 38 125 0 1859
25 29 22 44 0 759
23 104 7 106 0 1179
37 54 21 52 0 259
54 143 64 135 0 1939
37 51 27 59 0 359
64 69 67 54 0 979
69 161 62 172 0 1999
0 1 3 16 0 19
154 148 164 140 0 1119
39 87 33 75 0 679
53 163 61 153 0 1799
140 122 150 130 0 1279
74 48 82 58 0 1719
149 72 145 58 0 819
178 206 183 219 0 1999
173 172 160 177 0 1979
44 40 35 48 0 1859
233 100 217 99 0 1759
37 39 40 24 0 239
92 161 96 175 0 1979
27 96 16 89 0 899
50 35 37 40 0 899
158 97 168 89 0 779
43 36 54 43 0 339
94 17 89 4 0 459
33 2 33 20 0 219
8 50 25 51 0 1199
119 47 135 45 0 1479
22 70 34 76 0 319
226 31 232 43 0 1859
27 27 40 32 0 479
29 48 17 42 0 1219
70 76 54 78 0 519
55 80 68 84 0 799
13 71 13 89 0 959
28 79 22 67 0 939
11 7 15 21 0 39
38 62 50 68 0 1399
89 78 97 68 0 619
51 71 65 74 0 659
146 108 140 120 0 1239
59 85 50 94 0 1799
26 29 35 38 0 859
51 97 52 114 0 1599
77 38 70 48 0 759
73 125 89 127 0 1919
63 66 54 75 0 1899
38 49 47 58 0 299
25 164 38 169 0 659
135 263 132 278 0 1679
86 31 77 40 0 739
91 265 87 251 0 1559
55 119 43 125 0 919
67 120 53 124 0 939
43 57 36 68 0 439
11 0 11 18 0 979
110 132 111 149 0 1919
105 91 102 106 0 1919
202 135 189 140 0 1699
94 43 90 57 0 1539
31 110 35 124 0 1739
82 77 75 66 0 739
103 9 119 10 0 899
61 56 65 42 0 819
207 152 199 162 0 1859
11 90 23 84 0 1499
36 30 42 18 0 639
10 36 0 28 0 1719
25 85 21 71 0 1639
184 130 195 137 0 1799
103 165 99 151 0 1639
204 30 220 28 0 1279
20 17 21 0 0 59
65 105 51 101 0 839
17 57 6 51 0 99
83 37 94 30 0 1759
60 40 60 58 0 1639
0 48 16 50 0 919
89 43 84 30 0 1799
12 57 27 60 0 819
35 22 48 27 0 179
1 37 10 46 0 1079
31 20 26 33 0 1539
138 77 146 87 0 819
114 109 103 116 0 1059
81 158 69 164 0 1459
31 48 26 36 0 919
20 131 10 123 0 1619
32 65 36 52 0 519
80 126 69 133 0 679
122 133 110 139 0 1219
7 168 0 157 0 1899
20 67 4 65 0 939
17 116 1 118 0 1739
48 111 41 100 0 1899
5 132 3 116 0 1779
33 45 37 59 0 919
25 84 9 82 0 459
40 24 52 18 0 1679
64 52 48 50 0 1759
10 91 24 87 0 1619
5 58 21 60 0 179
23 83 10 78 0 1919
39 55 40 72 0 1159
27 8 20 19 0 379
136 53 132 39 0 779
81 62 79 78 0 779
155 58 145 66 0 1459
108 65 93 62 0 739
10 6 25 8 0 59
102 79 85 78 0 779
101 136 84 135 0 1659
19 14 15 28 0 99
167 117 163 103 0 1159
3 8 4 25 0 59
32 46 41 54 0 179
20 19 37 20 0 59
38 6 49 13 0 319
75 44 76 61 0 1339
59 25 52 15 0 259
36 53 37 70 0 1859
50 1 35 4 0 299
164 15 160 29 0 1939
61 86 53 96 0 779
39 36 29 43 0 159
34 68 48 64 0 439
36 95 36 113 0 779
85 72 99 76 0 619
73 2 65 12 0 1099
85 96 76 105 0 899
24 17 34 25 0 139
14 136 21 147 0 1079
54 170 67 165 0 719
39 150 25 146 0 1019
6 18 7 35 0 719
32 20 30 36 0 759
75 51 89 47 0 599
14 226 21 215 0 1279
96 29 103 40 0 859
87 100 77 92 0 779
27 184 22 171 0 1259
57 26 56 9 0 1699
27 8 42 5 0 1139
47 46 40 57 0 979
95 81 79 79 0 759
4 60 13 51 0 1279
87 89 102 86 0 799
102 87 118 85 0 819
10 4 26 6 0 79
53 22 66 26 0 319
14 44 14 62 0 279
127 77 113 74 0 899
76 56 81 69 0 1039
124 81 115 90 0 939
128 115 114 111 0 1179
22 108 39 107 0 1559
113 43 101 37 0 1159
92 68 84 78 0 719
138 120 134 106 0 1039
21 140 23 156 0 779
188 117 176 111 0 939
47 59 49 43 0 359
156 104 155 121 0 1119
54 35 48 23 0 339
43 48 29 52 0 1419
48 66 48 48 0 879
110 26 98 20 0 1279
21 111 4 112 0 559
149 31 166 32 0 639
29 84 34 71 0 819
112 51 106 63 0 1059
29 39 18 46 0 239
155 143 171 145 0 1319
77 144 81 130 0 1819
88 133 74 129 0 859
177 138 180 153 0 1379
231 61 219 67 0 1839
123 124 129 136 0 1699
20 17 15 30 0 299
55 89 42 84 0 1519
34 71 31 86 0 1139
115 15 108 4 0 839
24 42 16 52 0 359
0 2 6 13 0 19
45 57 53 67 0 479
27 47 37 55 0 1359
202 124 214 118 0 1599
214 119 198 121 0 1619
55 124 61 112 0 1899
53 91 37 89 0 439
17 39 9 49 0 239
176 112 179 127 0 959
15 148 28 153 0 1419
33 39 26 29 0 99
212 132 228 134 0 1879
89 46 79 38 0 619
136 126 150 130 0 959
194 92 201 103 0 1599
85 93 95 101 0 959
207 66 210 51 0 1859
27 49 27 31 0 119
130 78 132 63 0 859
173 156 188 154 0 1919
38 4 46 14 0 479
43 153 38 166 0 1999
12 73 12 91 0 1339
9 53 4 66 0 279
47 36 53 24 0 1939
21 63 6 60 0 1639
216 106 205 99 0 1519
68 71 81 76 0 1099
32 131 35 146 0 1179
158 47 155 62 0 1099
25 30 34 21 0 139
21 148 20 131 0 1419
14 101 1 96 0 1179
202 21 197 8 0 1619
0 1 7 12 0 19
24 37 36 42 0 279
37 133 52 136 0 1519
33 17 25 7 0 279
25 8 34 17 0 299
54 17 57 2 0 1939
41 23 35 35 0 1359
16 126 21 113 0 999
16 145 18 130 0 1719
21 75 11 83 0 1279
72 52 71 35 0 1359
34 42 31 57 0 119
43 25 46 11 0 459
41 27 49 37 0 959
49 230 59 222 0 1539
152 64 140 58 0 839
47 55 30 54 0 319
43 37 56 33 0 1499
28 70 35 81 0 399
47 91 46 74 0 879
40 71 28 65 0 1179
79 54 72 44 0 639
38 28 47 19 0 1279
88 165 82 153 0 1219
119 54 115 68 0 939
40 13 53 18 0 1659
81 40 80 57 0 579
70 56 53 57 0 1119
66 169 49 168 0 779
76 50 92 48 0 799
97 122 82 119 0 1859
51 40 48 55 0 1499
21 51 15 63 0 559
97 21 111 18 0 1299
48 9 57 18 0 1939
13 165 16 150 0 1319
4 51 16 57 0 739
26 58 28 74 0 1559
67 27 74 38 0 519
112 50 102 42 0 999
33 14 49 12 0 139
115 45 116 28 0 1039
93 83 85 93 0 839
145 167 130 164 0 1919
9 30 21 36 0 219
16 57 7 65 0 599
138 63 153 60 0 1139
40 42 37 27 0 1319
55 154 42 150 0 1279
89 111 104 114 0 1679
163 56 177 52 0 1219
177 53 175 69 0 1239
45 39 50 52 0 479
148 252 134 248 0 1639
178 65 170 55 0 1299
7 137 15 147 0 1399
122 56 112 63 0 1179
8 161 18 169 0 1499
62 116 58 130 0 1559
187 97 182 109 0 1179
59 48 56 33 0 659
150 131 155 144 0 1299
26 129 14 135 0 1059
26 16 26 34 0 79
23 16 18 3 0 299
33 38 44 31 0 259
165 25 150 23 0 1539
28 9 29 26 0 1099
114 51 99 48 0 859
91 25 102 32 0 1919
212 106 217 93 0 1799
51 28 55 42 0 1899
200 68 216 66 0 1239
169 62 173 75 0 1679
22 35 22 18 0 719
10 39 19 48 0 579
68 30 80 36 0 399
120 75 115 88 0 1779
37 10 23 7 0 79
32 30 28 44 0 1199
166 105 165 88 0 1819
64 32 74 40 0 559
35 28 49 32 0 619
84 90 85 73 0 599
155 84 140 87 0 1899
53 21 51 37 0 1679
77 26 74 11 0 1339
92 31 98 20 0 719
55 49 42 54 0 759
13 81 1 75 0 879
62 57 69 68 0 1179
131 90 138 101 0 699
43 233 50 222 0 1479
3 15 11 5 0 39
29 32 24 45 0 539
0 1 10 9 0 19
16 35 31 38 0 1659
42 15 27 18 0 1939
15 33 17 17 0 319
87 223 84 208 0 1239
193 10 205 4 0 1419
161 98 167 86 0 1459
6 55 13 66 0 1739
3 24 18 27 0 299
22 83 16 95 0 1459
20 82 12 72 0 359
10 139 14 153 0 1219
51 69 40 62 0 399
36 51 27 60 0 379
40 15 43 1 0 759
15 33 32 32 0 159
82 51 81 68 0 579
163 41 167 27 0 839
54 79 45 70 0 539
18 60 33 62 0 499
72 25 59 20 0 1939
238 54 247 63 0 1519
80 69 67 64 0 539
49 86 59 78 0 1619
152 74 168 76 0 919
19 45 34 48 0 1239
45 215 31 219 0 1639
64 93 51 98 0 1579
28 68 15 63 0 599
36 115 22 112 0 799
36 39 31 51 0 1679
45 0 32 5 0 139
48 70 47 86 0 539
35 98 45 106 0 539
36 23 37 6 0 139
21 74 22 91 0 1259
20 45 31 38 0 939
39 44 32 55 0 859
32 56 48 54 0 879
36 67 32 80 0 1959
142 24 154 18 0 959
287 144 274 139 0 1979
19 124 19 142 0 1899
27 30 18 22 0 359
183 38 197 34 0 1779
22 55 24 39 0 539
16 5 28 11 0 219
195 75 190 88 0 1319
35 12 40 25 0 219
250 114 234 112 0 1879
19 49 21 33 0 1159
81 52 81 34 0 899
5 166 19 162 0 1339
166 89 160 77 0 1219
78 30 90 24 0 799
210 70 219 78 0 1299
29 4 29 22 0 179
63 24 47 26 0 419
101 66 90 73 0 899
30 54 17 49 0 1399
17 142 26 133 0 1939
23 43 29 55 0 479
38 66 33 79 0 399
212 122 227 125 0 1759
60 29 64 15 0 1259
223 45 226 60 0 1679
13 4 23 12 0 339
107 52 111 38 0 1019
40 90 40 108 0 519
25 19 39 16 0 339
161 66 152 75 0 899
18 40 26 50 0 279
131 4 126 17 0 579
188 155 197 164 0 1939
22 29 37 26 0 419
36 11 53 12 0 259
18 120 20 136 0 1639
57 175 51 163 0 1599
31 131 40 140 0 1679
61 45 58 30 0 1319
27 137 39 131 0 1719
201 70 188 75 0 1299
45 107 54 116 0 559
7 128 16 119 0 1779
45 11 42 26 0 439
29 3 36 14 0 999
13 167 8 154 0 1319
155 122 167 116 0 1139
44 37 58 34 0 279
82 143 74 133 0 1419
154 80 167 85 0 879
42 77 38 63 0 1579
7 17 12 4 0 319
17 19 23 7 0 319
24 26 24 44 0 199
0 1 12 7 0 19
11 2 2 11 0 59
9 24 20 17 0 59
31 57 30 40 0 1639
9 44 19 52 0 739
17 108 28 101 0 1539
100 12 95 25 0 679
59 148 50 157 0 1619
53 36 45 26 0 419
10 31 24 27 0 99
82 74 85 59 0 1559
62 122 54 112 0 1119
26 44 38 50 0 199
40 68 37 83 0 1559
62 47 47 44 0 379
53 58 48 45 0 1419
82 150 82 168 0 1799
50 86 40 78 0 1279
37 21 33 7 0 439
22 58 35 53 0 399
86 87 100 83 0 539
18 56 14 70 0 439
123 56 134 49 0 1859
49 31 41 41 0 1439
0 89 17 88 0 499
78 90 94 92 0 679
29 23 26 8 0 199
169 55 153 57 0 1719
20 68 15 55 0 1839
7 50 23 52 0 539
50 33 62 27 0 579
93 23 110 24 0 1839
22 100 36 96 0 759
70 145 69 162 0 1979
148 33 164 35 0 1619
3 29 1 45 0 719
1 44 15 40 0 739
45 82 32 77 0 1659
80 41 70 49 0 979
63 192 57 204 0 1779
30 19 38 29 0 219
13 116 22 125 0 1739
126 19 136 27 0 1379
41 242 47 253 0 1479
6 14 17 7 0 79
48 26 44 40 0 919
24 66 28 80 0 919
104 92 98 103 0 619
65 28 51 32 0 1419
88 89 104 87 0 419
68 26 73 14 0 539
47 75 54 86 0 359
21 20 19 4 0 1539
85 52 83 67 0 1079
45 13 43 29 0 1319
7 60 10 45 0 339
109 224 110 241 0 1699
87 179 89 163 0 1839
0 1 10 9 0 19
93 115 93 133 0 1439
38 53 38 36 0 759
33 34 45 39 0 639
117 83 126 74 0 1719
39 129 33 117 0 1079
14 188 28 192 0 1559
225 83 223 99 0 1759
33 31 39 43 0 239
87 42 82 54 0 1359
1 21 0 4 0 1439
49 49 37 43 0 719
117 110 132 107 0 1139
55 294 60 281 0 1779
5 10 5 27 0 79
117 50 124 39 0 1059
83 32 78 19 0 1259
86 26 95 35 0 679
31 82 23 72 0 1259
94 73 85 82 0 659
9 51 7 35 0 599
256 131 269 126 0 1619
3 131 8 118 0 1639
55 39 70 42 0 279
32 25 44 19 0 1659
20 66 10 74 0 1679
9 73 1 64 0 1699
47 87 63 89 0 559
33 63 32 46 0 1239
96 164 105 173 0 1799
18 22 10 31 0 59
38 24 28 32 0 239
85 56 88 71 0 1699
260 97 248 91 0 1939
15 62 12 47 0 619
35 47 23 41 0 1879
99 26 85 22 0 1179
0 1 13 6 0 19
58 14 53 26 0 579
106 56 117 49 0 1039
41 3 37 16 0 579
167 22 166 5 0 739
15 20 29 17 0 79
131 96 120 103 0 1619
12 13 3 22 0 59
23 5 39 4 0 339
5 72 13 82 0 859
104 69 117 74 0 739
28 241 20 231 0 1819
1 108 1 90 0 939
33 91 33 109 0 1359
99 6 89 14 0 1059
6 81 14 91 0 299
48 85 59 79 0 359
150 7 146 21 0 1979
42 77 42 95 0 1299
250 114 262 120 0 1719
4 17 18 14 0 159
4 33 13 24 0 499
138 74 125 79 0 839
9 33 0 41 0 99
32 16 42 8 0 479
70 36 73 21 0 239
82 74 85 59 0 1639
85 23 95 15 0 599
71 50 54 49 0 1259
43 55 59 53 0 439
176 47 170 35 0 1459
23 22 38 19 0 419
32 247 26 235 0 1979
82 52 95 47 0 1079
148 9 140 18 0 919
19 29 11 39 0 119
29 59 12 58 0 1039
95 47 96 64 0 719
42 7 39 22 0 379
76 140 67 148 0 1299
20 55 15 68 0 219
97 154 103 165 0 1279
108 26 99 17 0 759
105 33 120 36 0 719
47 109 49 125 0 1359
11 15 28 14 0 1719
30 17 25 30 0 1899
98 12 103 24 0 859
41 166 25 164 0 779
41 97 25 95 0 1519
21 70 36 67 0 1059
160 95 173 90 0 1259
63 138 62 121 0 1099
100 84 108 94 0 679
101 115 116 118 0 1119
116 98 109 109 0 1079
15 13 4 20 0 639
34 72 51 71 0 1439
45 72 43 56 0 219
22 11 37 8 0 379
32 35 18 31 0 99
43 114 43 132 0 1059
213 189 224 183 0 1539
9 43 21 49 0 1159
82 56 75 45 0 759
8 155 23 158 0 1339
61 223 46 226 0 1999
28 58 43 56 0 419
10 26 17 15 0 119
12 14 20 24 0 319
58 33 62 47 0 699
45 11 58 16 0 559
38 122 38 140 0 1799
15 37 6 28 0 159
28 21 26 37 0 139
69 136 56 131 0 1859
94 31 97 46 0 899
46 86 45 70 0 1779
78 118 83 131 0 879
38 74 30 64 0 599
52 98 50 82 0 1919
15 14 25 6 0 219
131 21 146 18 0 1559
135 90 145 82 0 779
209 13 193 15 0 1239
152 107 152 125 0 1699
219 102 228 111 0 1939
11 154 16 167 0 1379
140 44 143 59 0 1999
161 34 159 18 0 1699
20 72 28 82 0 599
6 108 11 120 0 1179
70 169 54 171 0 699
64 24 52 30 0 999
37 42 38 25 0 739
35 46 34 29 0 1059
30 18 26 4 0 1359
165 128 177 133 0 799
52 26 54 10 0 399
77 152 76 135 0 1499
19 64 14 77 0 339
18 10 27 19 0 159
125 33 131 21 0 1679
68 36 52 38 0 1199
87 31 104 30 0 959
131 125 126 113 0 939
55 60 59 46 0 739
36 49 33 64 0 259
115 43 113 59 0 1799
9 128 18 120 0 1599
39 227 34 240 0 1799
49 53 65 51 0 599
20 49 20 31 0 259
28 57 29 40 0 819
38 80 44 92 0 919
1 6 8 16 0 119
43 26 56 21 0 179
12 51 22 43 0 259
190 6 203 11 0 1199
22 91 14 101 0 1139
219 121 210 112 0 999
40 86 47 97 0 399
145 73 160 76 0 1039
106 27 117 34 0 1299
24 50 13 57 0 119
12 38 10 23 0 419
46 70 37 79 0 1919
11 7 28 6 0 39
17 27 4 32 0 479
71 82 81 74 0 499
13 23 22 14 0 519
22 15 10 9 0 539
95 26 78 27 0 459
99 49 101 65 0 879
129 63 113 61 0 1879
15 93 32 92 0 399
80 153 70 145 0 1739
40 146 43 132 0 899
9 66 22 70 0 679
163 26 178 23 0 819
112 62 121 53 0 1199
19 76 12 65 0 419
61 46 64 31 0 1219
39 49 23 47 0 1119
57 87 48 78 0 1079
6 232 17 225 0 1919
64 30 48 32 0 839
50 3 48 19 0 299
72 116 61 109 0 1479
33 34 36 49 0 899
36 50 21 47 0 919
36 46 34 30 0 1439
153 27 165 33 0 1239
24 121 15 130 0 939
33 24 32 7 0 179
0 117 8 127 0 1219
155 61 155 43 0 1119
16 55 20 41 0 1059
0 1 3 16 0 19
44 4 33 11 0 559
28 14 45 13 0 119
135 54 128 65 0 1739
28 60 21 70 0 1579
34 68 28 56 0 1759
53 128 67 132 0 1979
12 31 6 43 0 1739
165 137 164 120 0 1999
48 95 41 84 0 899
71 104 85 100 0 899
77 32 74 47 0 459
204 86 192 92 0 1359
50 58 66 60 0 1359
114 143 122 134 0 1199
12 25 16 39 0 59
118 176 109 167 0 1399
75 45 82 55 0 1419
49 27 38 20 0 439
40 32 48 22 0 919
10 264 26 266 0 1719
5 60 7 76 0 259
68 68 68 86 0 1519
31 134 19 140 0 1539
51 109 48 124 0 919
29 106 29 124 0 619
45 90 59 94 0 1219
96 2 105 11 0 1079
122 58 124 42 0 1279
16 27 4 22 0 159
48 73 47 56 0 539
34 31 34 49 0 1139
51 150 54 136 0 1719
20 181 29 190 0 1259
14 67 29 70 0 1139
100 46 93 35 0 1879
9 91 21 96 0 1659
52 159 66 155 0 1819
0 137 17 136 0 1459
23 9 26 24 0 1879
57 56 54 41 0 1059
17 62 7 70 0 379
27 206 27 189 0 1679
90 173 77 168 0 1939
52 76 53 59 0 1119
168 38 156 32 0 1159
54 156 68 152 0 1999
22 3 21 20 0 1499
191 144 201 136 0 1419
176 10 168 0 0 1719
14 21 13 4 0 99
21 92 28 102 0 679
207 91 197 83 0 1999
6 62 17 55 0 359
19 78 7 84 0 619
47 7 41 19 0 519
143 68 147 82 0 1739
48 71 39 80 0 1539
185 87 194 96 0 959
37 54 29 64 0 1379
48 32 48 49 0 699
190 11 198 21 0 899
6 232 6 250 0 1439
54 78 37 77 0 1199
75 8 65 16 0 939
107 108 110 123 0 1579
28 11 16 5 0 59
22 51 9 46 0 259
165 180 162 195 0 1419
40 100 23 101 0 639
2 28 11 37 0 399
148 30 148 47 0 1139
337 138 321 136 0 1899
43 64 39 78 0 659
48 20 41 31 0 559
39 42 41 26 0 899
69 58 80 51 0 1219
115 16 108 27 0 739
38 64 46 74 0 1879
68 160 61 149 0 1559
173 21 157 19 0 1599
38 33 48 41 0 1819
34 18 23 11 0 319
59 24 68 15 0 739
13 43 6 54 0 79
23 23 28 36 0 679
23 106 32 115 0 579
197 125 212 123 0 1739
95 53 102 42 0 1799
87 20 75 14 0 859
75 13 59 15 0 879
61 113 60 130 0 1919
40 113 45 100 0 1899
34 50 19 47 0 479
197 114 186 120 0 879
1 19 14 24 0 199
130 65 114 67 0 1219
86 46 80 34 0 1919
35 66 37 82 0 1739
3 4 1 20 0 99
51 133 67 134 0 499
49 40 65 38 0 1939
49 13 49 31 0 159
69 24 80 31 0 1139
2 149 7 136 0 1379
71 94 70 77 0 979
188 141 173 139 0 1719
56 25 62 37 0 1539
56 32 68 38 0 679
167 21 161 33 0 559
57 38 46 32 0 1279
51 46 46 59 0 379
36 26 21 29 0 1319
15 40 22 50 0 439
14 18 25 25 0 1359
45 38 38 27 0 779
45 72 58 68 0 559
0 1 2 17 0 19
44 49 30 46 0 1559
21 37 7 41 0 1279
4 12 20 10 0 1479
20 9 34 5 0 1499
34 6 43 15 0 1519
43 14 43 32 0 1539
82 20 75 30 0 1859
62 59 78 61 0 779
71 186 63 196 0 979
67 115 74 104 0 719
190 126 193 111 0 1479
66 43 51 40 0 1659
37 113 24 118 0 1279
26 25 30 39 0 259
180 152 189 143 0 1399
50 221 64 225 0 1499
60 131 59 148 0 1939
183 119 186 104 0 1159
111 34 111 52 0 1739
106 132 113 121 0 1599
28 63 26 48 0 639
34 30 31 15 0 559
52 30 36 28 0 1239
129 43 130 60 0 759
82 16 72 24 0 1919
24 86 31 97 0 1519
58 1 42 3 0 1459
65 30 64 47 0 1979
18 2 19 19 0 319
70 43 87 42 0 299
154 55 154 73 0 1699
12 27 6 15 0 59
6 16 16 8 0 79
29 37 21 27 0 239
66 99 75 90 0 939
137 0 141 14 0 1019
17 29 3 25 0 79
31 24 41 32 0 179
3 47 13 39 0 639
21 59 38 58 0 1279
36 3 40 17 0 139
19 59 28 68 0 679
47 162 45 147 0 879
52 134 44 144 0 1479
80 22 70 14 0 319
86 45 90 59 0 939
102 139 119 138 0 1499
31 84 47 86 0 1299
111 51 124 56 0 1759
112 13 103 4 0 419
24 107 41 108 0 419
120 5 121 22 0 459
76 34 60 36 0 1039
1 74 14 69 0 899
30 13 21 22 0 419
27 2 34 13 0 99
27 88 21 100 0 1379
76 68 73 83 0 1039
25 31 25 49 0 959
25 21 23 6 0 619
136 56 142 44 0 639
138 30 126 36 0 1359
185 7 185 25 0 1119
220 87 224 73 0 1379
159 49 149 57 0 719
38 57 40 41 0 1299
15 38 27 32 0 1819
47 24 54 35 0 699
66 56 70 70 0 359
151 26 160 17 0 1859
16 18 22 30 0 639
70 38 61 46 0 1339
84 136 87 151 0 1679
102 78 104 62 0 679
52 82 64 88 0 1879
152 37 150 53 0 939
103 5 120 4 0 439
0 1 0 19 0 19
44 22 36 12 0 239
107 133 122 136 0 1919
87 12 79 22 0 779
37 19 24 24 0 1039
41 18 34 29 0 539
131 102 129 117 0 999
13 84 21 94 0 1419
56 33 60 20 0 1719
199 29 188 22 0 1159
188 21 190 5 0 1179
2 61 10 52 0 879
124 21 116 11 0 619
8 72 20 78 0 319
218 27 204 31 0 1259
31 38 39 48 0 1099
30 7 32 23 0 59
65 58 63 74 0 779
42 20 52 28 0 1359
178 96 161 97 0 1439
244 43 245 26 0 1379
201 102 185 104 0 1619
256 33 247 24 0 1419
70 28 63 39 0 1279
88 28 71 27 0 639
43 54 36 65 0 1859
24 68 13 61 0 1759
120 66 125 79 0 1919
247 64 261 60 0 1539
261 61 271 69 0 1559
17 6 29 0 0 99
16 19 3 24 0 59
95 249 111 251 0 1879
107 135 120 130 0 959
39 63 54 66 0 359
77 65 62 68 0 919
210 84 227 85 0 1879
35 38 52 39 0 99
10 18 6 4 0 199
54 65 62 55 0 379
154 0 137 1 0 999
6 64 6 46 0 439
15 227 15 245 0 1919
59 86 43 88 0 1019
156 48 142 44 0 599
35 38 22 43 0 1819
74 67 80 79 0 1499
15 35 24 43 0 339
194 88 196 103 0 1939
196 104 181 107 0 1959
181 106 178 91 0 1979
178 92 186 82 0 1999
172 49 172 67 0 1019
84 105 79 92 0 1739
36 110 36 92 0 1759
59 80 59 62 0 379
43 30 48 17 0 1339
62 56 51 63 0 1199
181 98 168 103 0 1139
19 7 30 14 0 79
12 90 7 77 0 1359
50 50 45 37 0 599
90 119 73 118 0 779
23 3 27 17 0 239
27 17 31 3 0 1959
101 87 85 85 0 1999
55 55 44 48 0 359
24 76 33 85 0 359
34 20 44 28 0 279
126 82 121 69 0 1679
149 116 141 106 0 1339
20 34 27 45 0 1479
41 60 50 51 0 1379
53 14 53 32 0 299
24 45 9 48 0 1059
133 33 132 50 0 1119
37 159 21 157 0 1639
28 11 30 27 0 139
5 145 18 140 0 1879
25 80 11 76 0 1619
30 37 30 55 0 1379
31 50 27 64 0 1699
25 9 32 20 0 959
165 37 166 54 0 1599
19 117 19 99 0 759
58 61 72 57 0 419
56 18 46 26 0 1679
10 17 22 23 0 1859
78 152 73 139 0 1159
36 98 36 80 0 1479
41 22 40 5 0 99
71 174 69 158 0 1539
116 34 117 18 0 819
20 55 33 60 0 1259
37 151 20 152 0 1719
78 43 71 54 0 539
74 62 74 80 0 1079
79 116 85 128 0 699
75 39 92 40 0 1999
66 60 76 52 0 959
10 22 16 34 0 319
89 65 96 54 0 319
25 31 40 28 0 1919
56 26 47 35 0 879
56 30 70 26 0 639
159 11 143 13 0 1879
171 93 157 97 0 1199
73 26 65 17 0 559
4 34 9 47 0 639
21 97 14 108 0 1839
114 63 100 66 0 1919
11 7 22 14 0 79
203 87 208 74 0 1279
66 84 68 100 0 1239
145 25 135 33 0 1599
76 98 92 100 0 1159
39 106 43 120 0 1299
25 62 42 61 0 219
31 112 46 115 0 1419
25 54 26 71 0 859
36 40 26 32 0 239
58 29 55 14 0 1339
82 75 75 65 0 1679
170 6 167 21 0 719
46 119 60 123 0 619
50 116 49 133 0 1479
98 41 115 42 0 1779
52 93 54 77 0 1179
60 44 73 40 0 779
91 23 95 37 0 1639
37 66 31 78 0 1539
20 45 13 34 0 139
22 90 11 97 0 1279
56 10 69 5 0 519
14 113 8 125 0 1619
2 6 6 20 0 119
39 38 33 26 0 219
125 65 114 72 0 719
81 28 73 38 0 779
121 130 115 142 0 1179
82 44 91 35 0 1599
19 16 16 31 0 139
140 55 140 73 0 1819
140 72 130 80 0 1839
9 59 12 74 0 1319
85 81 85 99 0 599
35 35 31 21 0 399
1 115 1 133 0 1359
33 142 28 129 0 1819
38 18 34 4 0 439
39 67 50 60 0 479
56 72 70 76 0 1999
146 22 144 38 0 1239
9 11 26 12 0 39
8 79 3 66 0 1059
7 62 20 67 0 299
38 64 38 46 0 1559
128 82 143 84 0 1419
51 42 59 32 0 939
159 109 149 117 0 1319
80 19 78 34 0 1239
21 61 31 69 0 199
91 19 105 22 0 1019
4 123 8 110 0 1439
15 208 14 225 0 1259
19 180 7 186 0 1259
16 85 0 87 0 299
117 14 105 8 0 739
2 27 18 25 0 59
181 145 184 131 0 1779
21 46 36 43 0 1979
34 30 38 44 0 959
47 108 54 97 0 419
195 136 182 131 0 1819
39 112 43 126 0 1979
44 29 37 40 0 1219
149 50 142 40 0 999
236 49 242 61 0 1939
46 41 30 39 0 1619
232 126 235 141 0 1639
23 87 36 92 0 439
107 78 103 65 0 599
16 37 4 43 0 1059
3 34 15 40 0 619
78 36 79 53 0 759
33 19 25 9 0 119
216 67 214 83 0 1259
135 84 132 98 0 719
160 34 153 45 0 1559
53 13 43 21 0 279
96 97 96 115 0 1939
10 10 1 18 0 179
142 18 132 26 0 1479
21 21 5 23 0 1599
133 110 140 121 0 859
0 18 11 11 0 39
228 112 237 103 0 1959
69 118 80 125 0 659
39 61 55 63 0 1919
16 60 33 59 0 159
105 30 94 37 0 859
2 39 5 24 0 299
65 30 62 15 0 379
9 15 12 30 0 119
57 153 50 164 0 1559
22 105 12 113 0 539
79 18 78 1 0 739
45 99 38 110 0 1919
107 37 111 51 0 959
148 48 143 35 0 1159
131 47 140 56 0 1799
57 32 49 22 0 699
2 29 10 19 0 219
12 6 29 7 0 39
161 66 175 62 0 1259
99 33 108 42 0 479
132 50 120 44 0 1279
163 18 155 8 0 699
118 104 128 111 0 1779
194 58 183 51 0 1359
7 11 24 12 0 79
17 62 24 73 0 1779
28 167 45 166 0 899
19 46 31 52 0 499
41 32 39 47 0 439
113 71 118 58 0 1959
2 18 4 2 0 39
32 17 31 0 0 99
36 76 43 65 0 639
12 32 27 35 0 79
108 31 116 21 0 739
22 65 39 64 0 299
74 91 82 81 0 1459
216 22 213 37 0 1639
101 31 100 14 0 399
97 85 86 78 0 1479
46 80 32 84 0 1719
46 114 47 131 0 1439
142 43 136 55 0 619
221 63 235 67 0 1599
34 93 27 104 0 1219
27 108 36 99 0 1459
239 64 223 66 0 1819
25 7 40 4 0 239
96 103 80 105 0 939
56 121 57 104 0 859
27 90 12 87 0 419
214 64 220 52 0 1919
70 102 61 111 0 1559
35 70 26 61 0 1219
45 37 45 20 0 419
48 22 55 33 0 359
161 90 170 81 0 859
25 9 25 27 0 79
148 14 164 16 0 1919
32 10 44 4 0 79
50 18 60 26 0 1639
94 128 100 140 0 1479
37 10 50 5 0 139
9 112 23 115 0 1079
18 33 29 40 0 379
41 7 50 16 0 199
83 66 85 82 0 1099
77 72 78 55 0 1139
104 88 114 96 0 959
37 39 49 45 0 1159
66 15 51 18 0 299
50 17 57 27 0 319
50 104 59 95 0 1999
65 37 51 41 0 359
20 56 14 68 0 519
99 12 95 26 0 1499
101 147 117 149 0 1319
14 169 16 185 0 1499
33 32 45 38 0 459
119 141 103 139 0 1399
38 43 40 27 0 979
69 11 53 13 0 279
29 60 23 72 0 539
26 36 21 49 0 159
46 45 55 36 0 579
94 57 87 46 0 1939
67 40 60 51 0 619
60 50 46 46 0 639
239 79 240 62 0 1479
75 82 87 76 0 979
35 128 35 145 0 1639
25 53 30 40 0 719
30 41 25 28 0 739
22 91 37 94 0 579
13 32 13 14 0 1979
9 41 0 50 0 799
77 13 94 14 0 999
17 51 12 38 0 839
48 21 34 17 0 939
41 117 43 101 0 1399
19 12 31 18 0 819
28 11 13 8 0 59
23 6 6 5 0 99
26 86 25 69 0 1239
8 142 3 129 0 1119
140 58 154 54 0 1679
33 49 34 66 0 199
66 39 49 40 0 419
180 199 173 210 0 1499
10 22 17 11 0 439
47 252 59 246 0 1499
33 43 30 28 0 1839
14 101 24 93 0 1979
75 11 75 29 0 599
21 34 23 18 0 1179
14 29 8 40 0 119
36 23 52 21 0 1219
92 39 98 27 0 1219
51 20 53 4 0 419
58 41 73 44 0 1539
13 7 29 5 0 39
79 66 92 61 0 539
39 97 29 105 0 1959
53 87 40 82 0 919
18 107 30 113 0 1339
54 48 46 58 0 239
11 10 6 23 0 699
95 100 80 103 0 979
49 132 60 125 0 1499
11 40 12 57 0 139
13 0 19 12 0 179
42 65 45 50 0 1579
8 152 21 147 0 1399
25 30 17 20 0 139
66 31 66 13 0 1579
4 45 19 48 0 499
39 44 44 57 0 819
130 79 123 90 0 1859
24 31 15 40 0 139
4 71 12 81 0 1139
244 43 238 55 0 1499
125 111 140 108 0 1399
33 150 28 137 0 1299
20 62 20 80 0 1719
24 30 31 19 0 1519
4 11 20 9 0 59
16 48 17 65 0 199
104 71 101 85 0 1839
68 107 76 97 0 899
47 21 47 39 0 599
100 22 104 36 0 679
66 66 55 73 0 439
55 35 67 41 0 599
89 15 74 12 0 1079
34 26 33 10 0 339
167 85 182 82 0 1479
19 24 33 28 0 1219
78 39 75 54 0 1979
11 196 12 179 0 1579
24 20 41 21 0 79
82 44 65 43 0 559
145 81 137 71 0 799
48 122 55 133 0 1559
28 59 43 62 0 219
41 33 53 27 0 1639
54 129 37 128 0 1779
54 110 39 113 0 1959
90 37 93 22 0 1819
36 31 41 44 0 1099
32 91 46 87 0 419
141 55 136 42 0 1879
159 34 168 43 0 1939
82 32 94 26 0 1079
117 106 101 108 0 1179
42 87 27 90 0 379
18 66 4 62 0 199
70 141 68 125 0 939
20 37 35 40 0 139
19 1 23 15 0 279
189 162 189 180 0 1859
87 142 70 143 0 1099
143 32 144 15 0 739
7 118 19 124 0 1339
18 24 9 16 0 179
166 14 163 29 0 1519
33 125 37 139 0 599
72 29 67 42 0 1699
85 60 82 45 0 1579
76 82 84 91 0 579
42 17 58 15 0 499
102 105 109 94 0 1219
140 82 155 85 0 1879
35 38 42 48 0 519
25 45 40 48 0 599
56 145 68 139 0 779
68 125 80 119 0 819
47 34 47 52 0 779
78 54 66 48 0 1159
34 131 28 143 0 859
4 43 4 61 0 699
22 8 12 0 0 919
20 23 33 18 0 99
33 95 35 80 0 1939
79 50 77 66 0 899
5 102 13 112 0 739
23 29 9 25 0 1439
136 36 136 54 0 759
59 223 52 234 0 1559
62 16 79 17 0 719
122 111 133 104 0 1979
24 36 38 32 0 1799
116 81 113 95 0 1119
113 94 128 97 0 1139
128 96 128 114 0 1159
43 133 38 146 0 919
41 123 28 128 0 1239
12 35 1 28 0 99
109 95 105 81 0 1239
61 26 73 32 0 899
67 43 63 29 0 1719
30 67 37 78 0 379
50 181 64 177 0 1859
57 4 49 14 0 379
36 15 29 4 0 1019
37 99 27 107 0 1439
42 95 46 109 0 1339
127 44 111 46 0 1419
1 95 4 110 0 1199
20 135 4 136 0 1679
135 55 129 67 0 679
181 124 182 107 0 1019
190 106 206 105 0 1459
181 22 175 34 0 939
44 115 43 132 0 1979
217 158 209 168 0 1779
142 39 150 29 0 1019
21 10 14 20 0 79
41 83 42 66 0 1559
190 89 204 85 0 1339
27 78 17 86 0 339
131 22 135 36 0 1699
10 27 7 12 0 59
43 27 45 12 0 419
128 66 131 51 0 1759
29 58 23 70 0 979
54 13 46 23 0 1739
52 82 65 77 0 1519
42 43 28 47 0 1219
30 15 23 26 0 99
190 78 200 86 0 1879
12 99 9 84 0 979
18 34 7 41 0 799
149 34 140 43 0 1979
139 61 137 45 0 1079
214 36 226 30 0 1839
1 21 18 20 0 119
52 37 40 43 0 1779
60 122 65 109 0 639
23 12 34 5 0 59
191 163 208 162 0 1439
23 55 37 59 0 1559
57 3 57 21 0 559
20 115 16 101 0 1819
110 21 100 13 0 659
47 20 41 8 0 179
11 49 13 33 0 199
82 72 76 60 0 1919
1 36 1 18 0 179
76 107 75 90 0 1619
50 3 63 8 0 1779
27 59 29 43 0 839
28 31 22 19 0 179
54 14 57 29 0 1039
46 49 32 53 0 899
51 49 66 46 0 239
14 120 2 125 0 1819
52 16 51 33 0 519
182 130 180 146 0 1319
126 37 126 55 0 1379
21 21 21 3 0 239
62 52 48 49 0 499
12 26 0 21 0 59
19 58 9 50 0 659
5 37 18 32 0 319
123 92 115 83 0 1879
188 85 174 89 0 1139
23 44 13 52 0 219
0 1 11 8 0 19
42 69 33 78 0 659
169 61 173 75 0 1679
21 72 26 59 0 699
62 100 50 94 0 1719
29 44 17 50 0 859
71 57 64 68 0 959
81 223 74 212 0 1279
90 62 103 67 0 639
51 36 45 48 0 539
95 26 105 34 0 699
169 131 165 117 0 1239
21 158 24 143 0 1659
29 128 26 113 0 1739
36 60 53 59 0 1399
19 35 4 38 0 79
65 28 52 33 0 299
31 58 16 61 0 139
70 49 70 67 0 779
90 57 86 43 0 1459
79 8 75 22 0 939
23 4 38 7 0 59
20 85 21 68 0 419
69 163 83 167 0 1479
53 34 42 41 0 1019
186 22 188 6 0 1359
79 61 78 44 0 1279
30 54 43 49 0 1239
45 10 42 25 0 499
35 53 20 55 0 499
74 40 76 56 0 1719
26 13 9 12 0 139
178 100 184 88 0 1319
226 35 226 17 0 1379
103 64 115 70 0 619
39 105 26 109 0 1579
55 60 51 47 0 1359
19 128 26 138 0 1439
93 38 94 55 0 1179
78 34 65 29 0 359
83 29 99 27 0 1439
39 11 27 17 0 1679
29 78 20 70 0 1479
5 8 1 22 0 1419
129 77 136 88 0 1639
17 106 17 124 0 1339
56 142 45 135 0 879
126 90 111 87 0 1839
57 75 49 85 0 1599
85 77 77 67 0 799
59 79 45 83 0 1639
59 2 54 15 0 1019
32 78 17 75 0 1679
27 4 29 20 0 1299
74 24 59 21 0 439
90 67 75 70 0 1459
48 56 43 69 0 1519
55 83 44 77 0 1779
44 78 35 69 0 1799
26 137 18 127 0 1459
48 14 61 9 0 479
56 78 49 88 0 1859
29 26 15 30 0 99
36 91 44 81 0 459
55 61 63 71 0 1919
30 35 15 38 0 259
0 71 10 63 0 1179
60 97 61 80 0 1979
68 101 52 99 0 419
