100 100 100 5000 29 1000
6 31 21 34 40 1000
7 11 12 24 20 1000
12 26 0 21 41 1000
3 20 8 33 360 1000
10 31 24 27 80 1000
79 66 85 78 680 1000
70 53 86 51 680 1000
80 26 80 44 540 1000
34 7 49 4 80 1000
45 20 56 13 520 1000
27 25 20 36 260 1000
42 25 26 23 200 1000
42 21 53 14 120 1000
12 86 18 98 660 1000
26 24 38 18 220 1000
21 43 20 26 740 1000
83 81 89 69 300 1000
68 67 52 65 400 1000
41 64 48 53 280 1000
45 25 49 39 540 1000
54 17 54 35 280 1000
57 21 61 7 180 1000
35 31 50 28 980 1000
60 62 52 72 980 1000
39 95 38 78 660 1000
60 84 45 81 660 1000
25 59 20 72 780 1000
50 32 50 50 980 1000
19 51 24 64 860 1000
38 5 40 20 101 1000
2 52 6 38 660 1000
0 1 16 3 1 1000
67 92 77 84 880 1000
13 9 2 2 660 1000
26 7 24 23 40 1000
83 43 92 34 620 1000
7 36 2 49 720 1000
21 37 20 54 580 1000
18 1 14 15 40 1000
3 47 13 39 620 1000
21 88 10 95 800 1000
21 60 28 70 661 1000
16 54 5 61 580 1000
65 42 63 58 560 1000
15 54 8 65 720 1000
40 10 42 26 900 1000
43 52 59 54 760 1000
71 66 61 58 920 1000
10 21 27 20 80 1000
48 44 47 27 980 1000
38 36 36 20 820 1000
94 40 83 33 980 1000
22 54 35 59 580 1000
39 28 41 44 160 1000
26 61 32 49 880 1000
22 68 10 74 580 1000
29 61 39 53 180 1000
49 66 62 61 520 1000
23 32 25 16 160 1000
31 83 36 96 180 1000
19 47 13 35 580 1000
76 17 63 22 760 1000
21 74 29 84 760 1000
30 47 24 35 240 1000
77 62 77 80 880 1000
65 95 67 79 660 1000
1 37 17 35 500 1000
37 23 45 33 340 1000
42 40 30 46 220 1000
41 68 52 75 480 1000
59 59 58 43 761 1000
25 33 40 36 340 1000
24 51 32 61 440 1000
23 7 35 13 620 1000
66 35 54 41 440 1000
92 69 99 80 360 1000
14 45 1 40 520 1000
35 13 51 15 820 1000
28 58 19 67 340 1000
99 75 95 61 940 1000
87 35 78 44 740 1000
4 29 5 12 280 1000
10 3 21 10 640 1000
21 46 4 45 720 1000
32 5 30 21 680 1000
25 45 40 48 580 1000
35 88 27 78 320 1000
25 64 20 77 800 1000
12 29 22 37 680 1000
0 1 7 12 1 1000
56 47 68 53 680 1000
6 97 19 93 541 1000
2 85 9 74 880 1000
21 25 29 34 121 1000
56 21 60 35 880 1000
26 30 40 26 100 1000
64 49 72 39 920 1000
72 38 58 34 940 1000
54 27 57 13 581 1000
93 67 78 64 540 1000
29 29 16 33 321 1000
34 32 34 50 180 1000
27 37 41 33 300 1000
47 40 53 52 360 1000
36 21 39 36 80 1000
82 56 75 45 740 1000
22 4 13 13 620 1000
80 20 76 34 540 1000
0 18 14 14 20 1000
61 71 73 65 180 1000
34 43 19 46 240 1000
26 39 10 41 160 1000
35 20 32 6 981 1000
21 37 35 41 220 1000
9 47 21 53 460 1000
68 63 56 57 440 1000
29 52 28 35 360 1000
34 62 34 44 460 1000
18 2 9 11 420 1000
57 92 51 81 341 1000
88 97 78 89 920 1000
5 69 17 63 380 1000
46 11 33 16 200 1000
2 61 14 66 341 1000
49 82 56 72 821 1000
11 9 25 5 20 1000
22 18 16 7 41 1000
4 21 15 15 661 1000
60 26 50 34 700 1000
42 26 44 10 980 1000
43 80 44 97 440 1000
37 66 22 69 720 1000
18 75 16 59 800 1000
56 24 41 27 740 1000
51 9 65 13 620 1000
23 23 28 36 660 1000
21 61 38 60 260 1000
40 75 49 67 621 1000
74 17 58 19 920 1000
88 12 78 20 780 1000
19 28 3 26 760 1000
81 19 70 26 820 1000
24 31 15 40 120 1000
45 5 42 20 700 1000
54 37 70 35 200 1000
80 74 96 76 900 1000
96 75 83 80 920 1000
21 32 5 30 240 1000
0 1 11 8 1 1000
21 19 19 35 140 1000
24 21 28 7 520 1000
45 71 34 78 740 1000
38 59 37 42 360 1000
6 12 5 29 60 1000
84 55 84 73 680 1000
27 42 38 36 101 1000
56 71 51 83 581 1000
21 18 13 8 640 1000
13 49 28 46 740 1000
9 28 23 32 560 1000
44 32 39 45 780 1000
13 33 13 51 220 1000
98 96 94 83 401 1000
24 13 32 23 80 1000
45 40 37 30 360 1000
45 72 32 76 821 1000
43 46 57 42 320 1000
39 5 30 14 380 1000
27 69 29 53 860 1000
52 39 66 43 800 1000
28 31 28 49 760 1000
75 80 70 67 240 1000
43 11 43 29 860 1000
17 54 11 43 541 1000
23 4 19 18 240 1000
53 88 59 76 480 1000
3 23 15 17 660 1000
43 99 32 92 940 1000
28 81 13 78 520 1000
33 65 32 48 260 1000
26 25 11 28 600 1000
68 54 80 48 500 1000
24 35 20 21 240 1000
10 62 6 76 700 1000
17 8 17 25 941 1000
33 50 42 41 200 1000
68 40 70 56 340 1000
23 40 30 30 301 1000
79 91 93 88 601 1000
59 22 59 40 160 1000
28 58 38 66 260 1000
0 1 0 19 1 1000
20 92 28 82 780 1000
51 49 66 46 340 1000
19 46 19 28 440 1000
93 40 96 55 840 1000
67 85 71 71 580 1000
95 98 93 82 800 1000
75 10 83 0 960 1000
0 1 0 19 1 1000
8 49 18 57 640 1000
21 89 6 92 940 1000
73 68 60 63 600 1000
15 34 2 39 680 1000
47 64 45 49 861 1000
6 14 19 9 180 1000
9 50 14 37 240 1000
2 6 11 15 260 1000
19 23 25 35 300 1000
50 90 62 84 980 1000
77 73 60 72 940 1000
41 30 34 20 261 1000
14 23 14 41 40 1000
16 73 29 68 360 1000
8 23 5 38 120 1000
47 1 47 19 900 1000
7 9 22 12 60 1000
23 88 8 85 760 1000
39 50 45 39 421 1000
2 51 16 55 600 1000
84 35 98 31 400 1000
23 17 33 25 60 1000
13 19 28 22 100 1000
51 90 44 79 800 1000
99 10 88 17 480 1000
8 76 11 61 860 1000
29 27 43 23 300 1000
15 83 1 79 220 1000
31 13 44 18 740 1000
68 30 80 36 380 1000
77 22 77 4 720 1000
44 42 54 34 820 1000
13 14 23 22 640 1000
16 81 6 73 680 1000
49 47 50 64 700 1000
2 19 12 11 160 1000
30 31 15 34 80 1000
83 93 76 82 900 1000
13 26 16 41 40 1000
33 23 34 6 340 1000
7 7 10 22 60 1000
77 19 67 11 820 1000
18 16 11 27 180 1000
83 76 79 90 840 1000
60 23 69 32 880 1000
70 48 61 40 641 1000
42 26 51 17 500 1000
30 85 43 90 600 1000
34 74 19 71 460 1000
76 0 59 1 980 1000
41 36 29 30 360 1000
7 34 24 33 600 1000
9 23 15 11 60 1000
15 23 18 38 820 1000
39 24 56 23 80 1000
64 72 48 74 500 1000
34 16 39 3 940 1000
33 79 41 88 641 1000
19 38 8 45 320 1000
40 96 36 82 700 1000
39 64 47 74 320 1000
7 13 21 17 20 1000
28 57 25 72 360 1000
58 82 67 91 860 1000
51 96 43 86 560 1000
43 59 38 72 380 1000
67 57 50 56 820 1000
54 35 48 23 680 1000
75 32 74 16 901 1000
30 35 36 24 181 1000
30 18 35 5 620 1000
79 54 81 38 200 1000
72 58 81 67 420 1000
14 36 30 34 300 1000
21 72 8 77 840 1000
63 18 52 25 760 1000
33 38 31 23 821 1000
50 44 58 53 841 1000
13 33 28 30 740 1000
84 76 92 66 660 1000
26 17 12 21 160 1000
34 29 30 43 160 1000
23 71 21 55 540 1000
20 34 9 27 100 1000
82 36 71 29 780 1000
19 75 6 70 700 1000
41 40 55 36 400 1000
10 84 23 89 740 1000
68 66 58 58 540 1000
30 53 20 61 320 1000
51 24 64 19 640 1000
10 68 22 63 121 1000
43 14 47 0 880 1000
29 67 37 77 380 1000
25 94 40 91 440 1000
4 6 18 2 220 1000
84 86 98 90 940 1000
17 10 15 26 440 1000
83 56 89 68 480 1000
51 27 62 20 260 1000
76 74 76 56 460 1000
33 15 37 1 220 1000
25 21 8 20 300 1000
26 36 21 49 140 1000
14 21 13 4 80 1000
13 5 20 16 100 1000
6 53 10 39 960 1000
34 49 42 39 200 1000
16 10 18 26 60 1000
51 23 35 21 220 1000
9 18 1 28 120 1000
22 8 12 0 900 1000
45 48 41 34 400 1000
4 85 9 98 360 1000
82 50 82 32 780 1000
1 47 4 32 420 1000
8 75 18 67 680 1000
34 81 33 64 480 1000
27 74 39 79 301 1000
27 42 30 57 520 1000
76 25 81 38 680 1000
86 26 95 35 660 1000
70 55 64 67 360 1000
15 19 26 13 121 1000
56 48 59 33 860 1000
82 53 65 52 640 1000
19 2 19 20 200 1000
32 41 26 53 200 1000
17 36 28 29 520 1000
25 42 29 55 581 1000
68 28 78 36 820 1000
34 26 21 21 100 1000
15 12 0 15 520 1000
20 14 6 10 60 1000
0 1 11 8 1 1000
20 2 20 20 60 1000
27 31 15 37 740 1000
35 87 26 96 740 1000
59 51 68 60 380 1000
9 45 1 35 140 1000
41 7 40 24 220 1000
26 79 9 80 280 1000
62 61 46 63 840 1000
48 33 57 24 440 1000
45 50 39 38 880 1000
94 6 80 2 740 1000
47 28 32 25 920 1000
21 1 34 6 60 1000
20 43 12 33 120 1000
31 27 35 41 980 1000
47 21 47 39 580 1000
17 3 5 9 20 1000
48 31 38 23 200 1000
8 29 19 22 40 1000
52 76 35 75 500 1000
0 1 16 3 1 1000
38 18 21 19 620 1000
10 8 22 2 20 1000
30 37 17 42 160 1000
19 68 11 78 360 1000
12 22 29 21 180 1000
12 5 12 23 320 1000
14 69 13 86 240 1000
6 44 4 60 700 1000
20 74 12 65 281 1000
3 8 18 5 160 1000
15 29 7 39 940 1000
28 48 24 62 340 1000
19 86 27 77 181 1000
68 97 56 91 320 1000
44 32 45 15 300 1000
24 78 34 86 420 1000
32 14 19 9 220 1000
62 17 55 6 160 1000
15 27 8 16 100 1000
94 33 88 45 840 1000
70 98 61 90 721 1000
79 53 94 56 460 1000
74 57 75 40 600 1000
69 58 64 45 840 1000
60 67 61 84 720 1000
40 48 40 66 340 1000
27 76 15 70 640 1000
61 60 59 44 200 1000
14 85 9 72 680 1000
12 60 25 55 220 1000
57 55 74 54 620 1000
23 61 10 66 740 1000
9 11 19 19 20 1000
21 2 35 6 240 1000
0 26 1 43 300 1000
21 37 14 48 140 1000
14 39 19 52 840 1000
51 75 48 90 900 1000
93 11 80 6 780 1000
60 79 53 90 400 1000
77 47 81 61 540 1000
10 8 26 6 20 1000
26 38 16 30 780 1000
17 59 19 43 220 1000
0 1 8 11 1 1000
8 10 6 26 20 1000
25 26 11 22 680 1000
5 34 22 35 40 1000
45 61 40 48 700 1000
42 57 25 58 760 1000
24 46 12 40 340 1000
51 78 34 79 480 1000
58 54 43 51 740 1000
13 1 7 13 900 1000
12 6 17 18 201 1000
42 57 33 48 200 1000
26 33 32 21 720 1000
41 26 39 42 760 1000
0 1 8 11 1 1000
16 21 6 13 40 1000
15 56 14 39 200 1000
29 75 16 80 980 1000
18 85 21 70 720 1000
18 21 16 37 120 1000
54 65 62 55 360 1000
64 85 81 86 480 1000
22 51 35 56 440 1000
0 1 8 11 1 1000
30 20 30 2 700 1000
66 63 77 56 920 1000
11 71 18 82 660 1000
24 44 10 40 540 1000
93 86 83 94 880 1000
31 83 47 81 660 1000
17 28 16 45 80 1000
62 19 58 33 120 1000
25 60 12 55 560 1000
55 76 67 81 581 1000
29 17 22 28 380 1000
23 25 18 38 100 1000
36 10 53 9 60 1000
50 54 45 41 140 1000
41 57 34 67 401 1000
33 80 42 71 280 1000
17 70 18 53 520 1000
33 32 29 18 360 1000
32 78 48 76 580 1000
1 17 6 30 20 1000
0 1 12 7 1 1000
77 77 67 85 260 1000
31 31 16 28 540 1000
10 80 21 73 740 1000
85 66 94 75 800 1000
35 96 51 98 520 1000
0 1 8 11 1 1000
19 47 21 63 580 1000
73 33 73 51 740 1000
28 68 12 70 260 1000
14 46 6 55 161 1000
28 1 37 10 160 1000
27 13 21 1 140 1000
56 89 51 76 880 1000
28 74 30 90 660 1000
13 52 26 47 240 1000
24 10 14 18 220 1000
33 51 50 50 100 1000
14 15 12 31 200 1000
20 9 17 23 101 1000
10 76 8 91 601 1000
56 22 43 27 100 1000
35 4 29 16 480 1000
35 27 52 28 700 1000
25 94 35 86 720 1000
65 37 65 55 900 1000
20 70 3 71 660 1000
20 84 30 76 420 1000
45 66 62 67 920 1000
21 21 21 3 220 1000
26 87 29 72 480 1000
31 16 23 26 560 1000
85 55 76 46 980 1000
35 40 44 49 480 1000
45 59 40 72 860 1000
24 96 27 81 620 1000
23 69 24 53 601 1000
57 12 52 25 600 1000
86 22 90 36 660 1000
48 4 33 1 380 1000
31 25 35 39 140 1000
63 0 49 4 440 1000
6 52 15 61 220 1000
19 20 19 38 40 1000
19 49 32 44 460 1000
21 40 8 35 160 1000
78 89 67 82 680 1000
48 20 46 4 300 1000
62 54 66 40 380 1000
79 23 93 20 801 1000
52 71 57 58 760 1000
26 58 29 43 300 1000
37 83 27 75 620 1000
10 8 14 22 20 1000
33 68 31 84 160 1000
49 72 32 71 600 1000
70 97 54 99 680 1000
25 62 41 61 301 1000
23 4 38 7 40 1000
55 60 69 64 440 1000
25 1 40 3 81 1000
16 30 19 45 180 1000
28 11 30 27 120 1000
34 53 39 40 920 1000
40 58 40 76 500 1000
0 1 6 13 1 1000
46 22 61 24 121 1000
9 9 0 0 100 1000
67 66 75 76 640 1000
36 39 33 54 80 1000
92 36 75 35 980 1000
28 81 28 63 480 1000
70 65 80 73 920 1000
60 36 64 50 900 1000
57 74 48 83 320 1000
27 43 33 55 380 1000
33 54 34 37 400 1000
34 36 19 33 420 1000
19 34 20 51 440 1000
45 65 43 81 900 1000
27 9 43 7 900 1000
66 80 63 66 601 1000
14 69 26 63 520 1000
28 36 35 47 380 1000
24 13 24 31 40 1000
22 53 28 65 520 1000
74 66 66 76 900 1000
58 26 63 13 260 1000
48 66 52 79 641 1000
52 78 64 72 660 1000
64 71 66 55 680 1000
66 56 80 60 700 1000
62 16 79 17 700 1000
95 32 96 15 720 1000
37 23 26 16 260 1000
79 77 81 93 780 1000
79 17 87 7 500 1000
69 87 72 72 820 1000
51 69 61 61 180 1000
74 58 77 73 860 1000
5 2 11 13 541 1000
36 28 33 14 201 1000
45 79 58 74 540 1000
32 14 30 30 580 1000
78 71 64 67 960 1000
35 50 51 48 840 1000
22 50 24 66 660 1000
17 30 11 42 560 1000
32 83 34 67 720 1000
11 76 28 75 920 1000
25 71 42 72 980 1000
35 13 36 30 180 1000
63 93 55 83 980 1000
60 57 45 54 640 1000
71 71 56 68 660 1000
15 14 31 12 680 1000
56 69 46 77 680 1000
64 17 57 6 840 1000
71 45 59 40 841 1000
7 5 21 9 260 1000
18 0 32 3 241 1000
25 5 30 17 281 1000
31 9 31 27 860 1000
61 63 64 48 740 1000
8 55 18 63 800 1000
23 86 8 84 781 1000
46 40 42 54 540 1000
31 33 38 44 420 1000
4 32 16 26 620 1000
8 34 10 50 100 1000
67 94 64 79 720 1000
73 61 77 48 681 1000
12 39 27 42 360 1000
29 21 45 22 441 1000
62 18 55 7 100 1000
17 38 28 45 920 1000
76 19 81 32 920 1000
79 18 78 1 720 1000
30 95 30 77 880 1000
37 38 24 43 800 1000
11 50 13 66 200 1000
59 42 53 54 480 1000
3 29 10 40 60 1000
60 88 68 78 780 1000
39 7 35 21 140 1000
22 68 36 64 740 1000
2 54 15 49 60 1000
25 17 35 25 260 1000
31 22 31 4 840 1000
70 21 58 15 280 1000
18 19 4 15 600 1000
27 38 21 50 520 1000
18 18 24 6 260 1000
16 85 15 68 360 1000
14 4 16 20 980 1000
58 20 54 34 660 1000
0 1 10 9 1 1000
3 54 12 45 640 1000
73 95 56 96 620 1000
51 59 50 42 220 1000
47 65 33 69 140 1000
31 7 32 24 300 1000
65 31 68 46 580 1000
57 1 57 19 300 1000
43 3 43 21 140 1000
4 14 12 4 180 1000
34 25 41 35 461 1000
55 20 45 12 520 1000
39 31 40 14 220 1000
18 7 35 6 360 1000
62 27 73 34 720 1000
5 42 15 34 960 1000
10 91 0 83 680 1000
25 21 23 6 601 1000
38 3 29 12 520 1000
76 48 83 37 580 1000
38 9 33 22 960 1000
29 17 34 4 420 1000
19 46 13 34 200 1000
45 24 32 19 240 1000
0 1 5 14 1 1000
76 79 83 90 600 1000
34 73 46 67 560 1000
40 70 43 56 881 1000
81 67 91 59 540 1000
22 6 22 24 580 1000
22 25 28 13 600 1000
53 19 43 27 140 1000
11 32 15 46 320 1000
55 47 72 48 980 1000
85 48 88 63 680 1000
59 20 62 5 200 1000
94 28 88 17 801 1000
48 65 65 66 440 1000
55 41 67 47 700 1000
72 23 63 32 240 1000
34 73 45 66 720 1000
49 49 35 53 300 1000
91 90 82 81 840 1000
55 83 64 92 860 1000
5 31 4 14 260 1000
98 80 82 78 700 1000
61 61 53 71 420 1000
77 85 70 96 900 1000
62 74 71 83 940 1000
89 53 93 39 580 1000
74 35 58 37 640 1000
13 36 27 32 600 1000
31 54 29 38 920 1000
71 62 84 67 920 1000
33 21 36 36 460 1000
27 25 42 22 100 1000
1 1 8 11 2 1000
98 32 95 18 921 1000
27 85 32 72 580 1000
27 52 18 60 861 1000
15 60 2 55 240 1000
26 54 43 53 220 1000
26 49 9 48 640 1000
56 18 40 20 260 1000
40 19 45 6 280 1000
55 81 53 65 340 1000
77 4 84 15 640 1000
44 38 43 55 180 1000
72 19 80 29 840 1000
15 41 9 29 140 1000
29 54 17 48 200 1000
42 54 33 63 380 1000
34 68 48 64 420 1000
17 40 4 35 280 1000
49 51 44 38 180 1000
26 10 15 17 140 1000
29 84 34 71 800 1000
8 46 5 61 340 1000
42 17 39 32 200 1000
15 31 6 22 580 1000
51 19 63 13 580 1000
50 33 62 27 560 1000
7 20 12 7 640 1000
19 60 32 65 240 1000
0 1 6 13 1 1000
34 74 51 73 420 1000
35 97 31 83 700 1000
76 31 63 36 760 1000
25 77 19 88 281 1000
21 35 37 37 780 1000
30 29 38 19 600 1000
6 96 16 88 620 1000
2 45 16 41 120 1000
33 33 43 41 860 1000
17 65 11 53 940 1000
33 95 32 78 740 1000
49 36 55 24 920 1000
20 83 23 69 861 1000
66 90 70 76 660 1000
82 84 93 78 521 1000
17 49 19 65 420 1000
9 56 26 55 520 1000
24 65 33 56 680 1000
76 21 70 33 760 1000
11 55 16 68 380 1000
11 61 8 76 100 1000
28 5 43 2 120 1000
37 27 21 25 140 1000
28 59 43 62 200 1000
52 75 36 77 600 1000
98 95 88 87 960 1000
33 64 38 51 400 1000
3 10 13 17 261 1000
24 37 36 42 261 1000
36 41 44 31 280 1000
28 35 36 45 200 1000
42 73 39 88 440 1000
63 79 52 72 700 1000
44 16 52 25 361 1000
80 75 94 71 840 1000
54 9 51 24 400 1000
24 91 16 81 960 1000
49 40 65 42 440 1000
65 41 54 34 460 1000
74 12 90 10 460 1000
13 40 15 24 800 1000
74 39 88 35 520 1000
39 44 31 34 400 1000
72 72 56 71 841 1000
18 17 29 10 360 1000
69 40 65 54 600 1000
25 60 8 59 600 1000
37 63 39 47 420 1000
78 46 80 30 860 1000
57 43 45 49 340 1000
77 47 76 30 700 1000
6 43 11 56 360 1000
80 22 89 31 820 1000
68 12 76 22 580 1000
98 27 84 30 781 1000
11 41 2 50 580 1000
20 25 35 22 600 1000
25 16 19 28 160 1000
36 34 33 49 780 1000
14 21 25 14 40 1000
0 1 7 12 1 1000
25 42 16 33 400 1000
34 26 33 10 321 1000
19 25 18 8 340 1000
18 39 13 26 120 1000
14 47 15 64 680 1000
17 1 20 16 260 1000
16 22 27 15 100 1000
50 16 56 27 841 1000
14 39 15 22 640 1000
72 38 65 49 460 1000
19 8 2 7 240 1000
46 56 58 62 380 1000
62 79 47 76 840 1000
19 6 26 17 40 1000
7 35 23 33 100 1000
15 33 15 51 340 1000
21 45 23 29 740 1000
16 50 4 44 260 1000
84 64 87 49 540 1000
83 35 69 39 420 1000
31 54 47 56 760 1000
29 1 22 12 340 1000
20 4 25 17 60 1000
39 52 35 66 600 1000
20 39 4 37 920 1000
0 22 10 30 60 1000
10 96 24 92 820 1000
6 29 6 11 40 1000
56 23 61 10 640 1000
0 1 4 15 1 1000
84 77 68 79 760 1000
35 14 38 29 640 1000
73 16 63 23 381 1000
0 1 15 4 1 1000
9 69 4 82 420 1000
63 26 80 25 520 1000
31 3 39 13 860 1000
82 14 83 31 660 1000
41 21 54 16 260 1000
19 60 9 52 240 1000
90 42 82 52 540 1000
20 23 3 24 840 1000
51 30 51 12 760 1000
64 68 49 71 580 1000
51 83 66 86 500 1000
46 86 46 68 420 1000
37 36 33 22 320 1000
83 33 71 27 580 1000
59 32 75 30 880 1000
4 14 21 13 700 1000
28 32 13 35 140 1000
12 90 26 86 860 1000
42 70 32 62 300 1000
22 15 21 32 80 1000
42 44 32 52 780 1000
5 13 2 28 20 1000
2 27 18 25 40 1000
3 23 13 31 780 1000
13 32 13 50 280 1000
6 88 1 75 300 1000
45 38 61 40 440 1000
27 84 26 67 880 1000
42 11 38 25 840 1000
3 7 10 18 180 1000
20 15 4 13 120 1000
33 34 37 48 360 1000
47 14 50 29 760 1000
3 6 20 5 40 1000
39 36 34 24 941 1000
41 21 29 27 300 1000
36 55 36 73 760 1000
46 68 46 86 580 1000
44 78 52 88 980 1000
37 71 49 66 561 1000
32 14 49 13 260 1000
6 77 1 90 240 1000
13 53 30 52 300 1000
52 27 52 45 240 1000
75 64 68 53 480 1000
64 50 64 68 260 1000
25 17 34 8 140 1000
60 31 56 17 400 1000
83 50 87 36 720 1000
81 67 74 56 580 1000
16 17 30 21 200 1000
37 49 26 42 300 1000
75 61 85 53 740 1000
78 57 89 64 280 1000
62 94 68 82 780 1000
17 27 5 21 140 1000
53 91 37 89 420 1000
22 28 39 29 140 1000
58 14 52 2 980 1000
90 42 73 43 780 1000
22 36 7 33 100 1000
23 18 23 0 160 1000
78 51 68 59 840 1000
68 60 58 68 860 1000
36 88 27 97 860 1000
84 97 88 83 880 1000
37 30 29 21 781 1000
48 48 61 43 820 1000
2 16 17 19 20 1000
0 1 6 13 1 1000
40 88 56 90 860 1000
14 4 31 5 20 1000
57 43 55 59 420 1000
46 68 58 74 340 1000
24 13 24 30 101 1000
16 46 17 29 100 1000
46 26 43 12 841 1000
27 35 29 19 140 1000
89 3 99 11 460 1000
81 62 79 78 760 1000
36 19 31 32 520 1000
0 1 13 6 1 1000
50 69 43 80 560 1000
33 43 49 45 340 1000
24 73 19 60 520 1000
35 38 42 48 501 1000
20 81 11 72 280 1000
2 15 8 3 240 1000
73 64 83 72 200 1000
78 30 82 16 980 1000
10 8 22 14 20 1000
37 67 22 64 420 1000
22 63 16 51 440 1000
94 66 87 55 820 1000
67 10 74 21 840 1000
19 45 25 33 660 1000
35 76 23 70 520 1000
36 52 36 35 761 1000
18 41 30 47 320 1000
24 78 12 84 580 1000
71 70 79 80 600 1000
10 47 1 38 320 1000
16 87 20 73 640 1000
18 28 28 21 281 1000
28 48 17 41 780 1000
28 70 35 81 380 1000
29 80 33 94 720 1000
17 28 27 36 120 1000
29 42 46 43 800 1000
36 90 29 79 780 1000
33 44 21 50 400 1000
45 49 56 42 980 1000
35 28 49 32 600 1000
41 32 39 47 421 1000
4 13 0 27 280 1000
71 39 87 41 900 1000
87 42 91 56 920 1000
91 57 90 74 940 1000
90 75 94 89 960 1000
69 60 61 70 160 1000
13 47 28 49 321 1000
57 33 42 30 540 1000
53 14 53 32 280 1000
83 86 67 84 560 1000
0 31 15 28 80 1000
40 75 52 69 520 1000
84 32 97 37 940 1000
22 68 22 86 780 1000
35 58 19 60 600 1000
25 33 12 38 780 1000
34 64 34 82 460 1000
43 8 35 18 720 1000
21 46 29 36 120 1000
30 34 20 42 660 1000
28 31 33 43 381 1000
0 22 3 7 300 1000
19 5 3 7 140 1000
23 58 7 60 480 1000
18 17 17 0 240 1000
8 32 20 38 380 1000
70 8 68 24 860 1000
25 6 30 19 40 1000
37 10 53 12 920 1000
65 56 80 53 600 1000
18 33 9 24 400 1000
22 26 16 14 500 1000
94 79 93 63 861 1000
39 20 54 17 160 1000
56 95 73 94 480 1000
77 59 90 64 700 1000
56 41 64 31 520 1000
94 74 80 70 500 1000
45 14 44 31 760 1000
83 71 75 81 220 1000
0 1 7 12 1 1000
11 92 1 84 640 1000
47 82 63 80 680 1000
30 84 43 79 420 1000
9 11 2 22 60 1000
50 40 34 38 460 1000
34 78 24 71 201 1000
37 49 33 63 820 1000
5 62 3 46 600 1000
21 69 10 76 740 1000
47 68 59 62 520 1000
30 76 40 68 900 1000
51 83 67 81 740 1000
26 17 41 20 280 1000
10 13 24 17 320 1000
17 21 18 38 980 1000
34 93 51 92 600 1000
38 31 33 18 240 1000
84 3 93 12 760 1000
38 27 26 21 80 1000
17 82 23 93 461 1000
8 79 4 65 800 1000
27 44 23 30 680 1000
16 44 9 55 140 1000
49 86 35 90 520 1000
5 15 15 7 20 1000
29 51 32 36 460 1000
51 32 44 43 800 1000
46 81 45 64 880 1000
18 35 24 47 80 1000
40 28 43 43 260 1000
69 73 60 82 900 1000
12 34 22 26 100 1000
64 36 72 46 820 1000
44 30 43 13 620 1000
25 90 35 98 680 1000
1 86 14 91 400 1000
71 84 75 98 600 1000
19 85 34 88 740 1000
54 49 67 54 640 1000
24 82 26 66 860 1000
10 96 25 93 420 1000
47 24 30 23 200 1000
7 42 17 34 640 1000
21 56 21 38 560 1000
86 78 72 82 740 1000
20 53 18 69 600 1000
18 68 30 74 620 1000
30 75 28 59 640 1000
33 20 18 17 720 1000
64 33 55 42 880 1000
9 41 9 23 100 1000
20 42 16 29 721 1000
73 46 56 47 800 1000
30 15 23 26 80 1000
35 15 51 17 660 1000
41 28 25 27 981 1000
42 49 49 38 760 1000
24 9 28 23 40 1000
17 63 30 67 321 1000
31 52 28 67 880 1000
66 97 49 96 760 1000
72 83 60 89 760 1000
35 37 31 51 860 1000
24 65 14 73 760 1000
81 91 71 83 580 1000
25 43 26 26 980 1000
26 77 25 93 701 1000
67 64 53 68 920 1000
34 85 42 95 440 1000
37 57 21 55 420 1000
35 63 33 79 260 1000
39 49 28 56 380 1000
7 19 3 5 60 1000
37 65 32 52 340 1000
36 51 49 56 280 1000
50 33 51 50 200 1000
32 44 43 51 380 1000
59 52 59 70 200 1000
32 28 34 44 220 1000
81 79 81 61 740 1000
22 46 25 31 140 1000
23 62 29 50 920 1000
95 49 80 52 340 1000
11 14 2 5 520 1000
75 65 75 47 380 1000
14 31 11 16 240 1000
27 69 18 78 580 1000
86 47 90 61 880 1000
4 11 16 6 621 1000
83 36 78 23 600 1000
44 54 32 48 260 1000
19 42 30 48 941 1000
47 48 58 41 520 1000
23 34 21 18 120 1000
19 20 28 11 40 1000
34 26 25 35 140 1000
60 62 73 67 620 1000
20 19 7 14 520 1000
24 26 38 22 100 1000
40 27 36 41 120 1000
51 52 51 34 880 1000
47 85 62 88 420 1000
16 29 31 32 80 1000
26 47 36 39 200 1000
42 6 26 4 140 1000
18 15 1 14 160 1000
21 44 22 27 120 1000
45 5 62 4 700 1000
49 69 51 53 860 1000
27 82 20 93 640 1000
33 50 29 64 800 1000
79 91 93 87 860 1000
77 37 81 51 940 1000
15 13 3 19 340 1000
45 45 36 54 540 1000
0 1 2 17 1 1000
28 66 32 52 900 1000
3 15 14 8 20 1000
29 57 22 67 561 1000
80 30 68 36 860 1000
76 21 62 17 680 1000
5 42 16 49 80 1000
23 81 26 96 140 1000
40 86 47 97 380 1000
1 42 2 59 320 1000
27 76 15 82 200 1000
44 96 51 85 460 1000
23 33 16 22 260 1000
7 17 12 4 300 1000
0 2 3 16 2 1000
67 82 62 95 760 1000
22 72 31 80 321 1000
11 16 6 29 80 1000
22 35 14 25 400 1000
35 14 24 7 440 1000
14 89 15 72 400 1000
32 24 17 27 940 1000
21 22 34 27 120 1000
21 21 37 23 420 1000
19 59 13 48 481 1000
41 11 24 12 940 1000
20 16 16 29 41 1000
48 29 64 30 381 1000
26 87 27 70 560 1000
47 82 55 72 560 1000
55 14 51 0 560 1000
42 46 40 62 500 1000
38 6 49 13 300 1000
54 25 40 21 160 1000
81 75 78 60 940 1000
14 19 21 8 120 1000
93 64 82 71 880 1000
25 13 13 19 180 1000
36 53 25 46 560 1000
77 34 60 35 640 1000
52 33 66 30 901 1000
29 41 28 57 321 1000
93 89 99 77 620 1000
15 17 18 2 780 1000
29 52 25 66 880 1000
15 22 3 28 40 1000
20 55 3 54 920 1000
56 9 42 5 120 1000
51 69 43 59 420 1000
27 43 11 45 980 1000
34 24 51 25 660 1000
53 8 62 17 80 1000
2 18 18 16 20 1000
16 39 11 27 101 1000
15 71 7 61 300 1000
18 51 15 66 320 1000
17 40 1 42 280 1000
19 27 19 45 420 1000
10 83 21 90 920 1000
46 33 48 17 160 1000
18 56 26 46 420 1000
35 60 40 47 320 1000
53 61 66 56 980 1000
45 79 62 80 820 1000
6 14 6 32 20 1000
71 84 77 72 920 1000
12 31 9 46 120 1000
11 98 28 99 400 1000
20 19 10 27 80 1000
12 33 20 42 101 1000
12 57 27 60 800 1000
0 34 13 39 420 1000
21 7 24 22 140 1000
30 53 37 64 320 1000
18 53 33 50 80 1000
29 34 37 24 320 1000
14 58 9 45 700 1000
7 39 16 30 220 1000
50 91 51 75 621 1000
38 12 27 5 580 1000
53 55 47 67 500 1000
60 41 61 25 861 1000
52 16 51 33 500 1000
46 12 46 30 660 1000
10 67 21 60 760 1000
32 75 36 89 840 1000
50 35 39 42 720 1000
47 73 34 68 500 1000
34 23 17 22 960 1000
24 61 25 78 360 1000
9 73 2 62 900 1000
18 48 18 66 620 1000
79 37 86 48 500 1000
0 20 15 23 20 1000
9 7 1 17 60 1000
31 52 28 67 960 1000
70 77 72 61 680 1000
52 21 56 8 301 1000
77 24 82 37 800 1000
38 4 46 14 460 1000
84 14 94 22 660 1000
57 29 63 17 780 1000
28 73 28 91 480 1000
76 54 68 64 420 1000
21 47 5 49 340 1000
3 72 7 58 680 1000
58 84 51 95 540 1000
97 53 94 38 580 1000
47 23 41 35 340 1000
37 59 28 67 561 1000
77 49 94 50 500 1000
49 67 56 56 580 1000
61 14 73 8 400 1000
66 75 74 65 440 1000
4 14 10 2 620 1000
99 30 99 13 981 1000
20 55 4 53 280 1000
31 16 34 1 80 1000
49 31 58 40 300 1000
19 72 21 88 480 1000
15 62 6 53 200 1000
66 87 59 76 640 1000
19 80 31 74 280 1000
72 10 72 28 780 1000
83 17 90 6 820 1000
26 32 14 38 300 1000
82 37 80 22 701 1000
42 21 40 37 920 1000
50 34 51 51 140 1000
16 4 20 18 20 1000
61 39 63 23 460 1000
19 68 35 70 840 1000
34 74 40 86 900 1000
7 13 16 22 20 1000
70 33 74 19 640 1000
46 60 55 69 700 1000
30 38 33 53 940 1000
0 37 3 22 760 1000
22 11 37 8 360 1000
66 12 78 18 260 1000
68 85 54 89 800 1000
65 58 63 74 760 1000
20 17 9 24 40 1000
21 89 19 73 460 1000
30 74 17 69 500 1000
8 65 25 64 280 1000
38 81 22 83 720 1000
25 77 23 62 721 1000
38 74 30 64 580 1000
11 64 26 62 581 1000
17 22 17 39 261 1000
40 49 24 51 920 1000
72 79 55 78 760 1000
6 27 21 30 120 1000
8 41 20 47 120 1000
4 30 15 36 81 1000
26 12 26 30 140 1000
5 39 20 36 140 1000
14 86 6 76 820 1000
0 1 0 19 1 1000
55 37 59 23 420 1000
23 15 22 32 380 1000
50 74 59 83 940 1000
21 88 14 99 280 1000
4 16 20 18 20 1000
15 65 21 53 300 1000
21 52 31 44 320 1000
72 14 56 16 220 1000
42 39 38 25 360 1000
38 87 42 73 440 1000
95 58 94 41 960 1000
67 35 67 53 700 1000
15 42 7 51 501 1000
10 64 22 70 500 1000
73 26 65 17 541 1000
56 23 69 18 520 1000
29 31 43 35 140 1000
20 51 29 43 581 1000
26 89 33 78 640 1000
28 82 18 74 860 1000
15 33 8 22 100 1000
34 66 28 54 740 1000
25 75 24 92 300 1000
9 29 10 12 300 1000
6 37 2 51 680 1000
74 90 65 81 980 1000
0 1 12 7 1 1000
45 33 39 45 380 1000
55 95 55 78 761 1000
32 52 29 67 540 1000
49 65 32 64 620 1000
35 22 37 6 80 1000
88 96 88 78 820 1000
11 14 22 7 560 1000
34 87 34 69 880 1000
1 10 0 27 800 1000
53 76 68 79 720 1000
27 96 16 89 880 1000
75 99 66 90 620 1000
14 39 24 47 320 1000
25 15 15 23 60 1000
15 14 32 15 280 1000
18 75 21 60 640 1000
35 68 35 86 560 1000
2 41 17 38 80 1000
60 73 70 65 480 1000
44 61 61 62 400 1000
15 31 15 13 260 1000
33 26 34 43 80 1000
8 10 21 5 180 1000
10 7 6 21 400 1000
0 1 17 2 1 1000
75 46 83 36 400 1000
11 15 6 28 260 1000
37 32 35 48 200 1000
57 45 60 30 380 1000
19 7 30 14 60 1000
37 24 26 31 280 1000
16 2 24 12 20 1000
23 59 25 43 380 1000
42 11 33 20 320 1000
49 10 55 22 680 1000
4 24 5 41 940 1000
35 83 24 90 940 1000
20 52 27 62 481 1000
21 22 36 25 920 1000
32 17 29 32 120 1000
21 87 24 72 500 1000
1 19 14 14 180 1000
16 27 25 18 760 1000
7 75 24 76 260 1000
25 7 28 22 620 1000
16 43 20 29 360 1000
0 85 17 84 480 1000
93 67 98 80 900 1000
38 18 26 23 121 1000
18 20 29 27 180 1000
1 27 12 34 940 1000
37 42 20 43 920 1000
23 40 15 30 200 1000
29 30 39 38 800 1000
14 72 12 56 780 1000
36 23 31 10 840 1000
17 40 22 27 160 1000
31 53 19 59 460 1000
47 27 48 10 900 1000
48 11 33 14 920 1000
10 10 23 5 20 1000
49 4 59 12 560 1000
46 69 34 63 440 1000
22 70 22 53 561 1000
45 71 43 87 980 1000
46 1 48 17 440 1000
56 87 61 74 880 1000
33 66 24 57 560 1000
78 21 93 24 800 1000
97 63 95 47 780 1000
50 1 53 16 480 1000
32 45 35 60 880 1000
20 15 23 0 80 1000
33 25 41 35 220 1000
24 15 38 18 341 1000
2 65 1 48 400 1000
28 12 24 26 260 1000
19 21 25 33 220 1000
26 65 11 62 560 1000
15 35 24 43 321 1000
26 20 27 3 100 1000
32 35 18 31 80 1000
45 65 31 61 740 1000
35 47 22 52 220 1000
78 24 70 34 620 1000
27 36 23 22 880 1000
24 58 33 49 460 1000
26 81 31 94 840 1000
22 15 20 31 40 1000
47 45 51 31 380 1000
2 4 6 17 681 1000
48 87 45 72 720 1000
14 58 8 46 780 1000
28 23 44 21 640 1000
36 76 43 65 620 1000
21 10 23 26 40 1000
54 34 38 32 300 1000
31 32 30 49 400 1000
57 97 65 87 700 1000
43 57 38 70 900 1000
17 20 4 25 40 1000
25 64 39 60 160 1000
62 47 47 44 360 1000
47 32 35 38 920 1000
50 3 48 19 280 1000
38 8 26 2 60 1000
7 34 13 46 120 1000
3 12 5 27 141 1000
29 51 14 48 220 1000
22 38 11 31 980 1000
22 62 20 47 641 1000
60 55 55 42 960 1000
5 27 17 33 980 1000
16 30 11 17 140 1000
16 4 22 16 20 1000
21 17 21 34 41 1000
49 57 45 43 300 1000
17 29 12 16 60 1000
27 2 12 5 120 1000
0 1 14 5 1 1000
7 57 17 49 700 1000
17 35 31 39 460 1000
19 29 23 43 180 1000
42 25 41 8 200 1000
18 58 24 46 660 1000
16 83 24 73 960 1000
63 59 75 65 460 1000
20 41 22 25 680 1000
42 12 34 22 460 1000
29 22 32 37 800 1000
31 25 22 33 361 1000
18 97 35 98 680 1000
1 74 14 69 880 1000
85 98 93 88 600 1000
13 47 12 30 140 1000
18 68 11 79 580 1000
58 44 73 47 780 1000
42 31 35 20 560 1000
0 1 15 4 1 1000
0 1 7 12 1 1000
78 36 67 42 801 1000
37 15 48 8 140 1000
27 26 29 11 541 1000
5 10 5 27 61 1000
6 68 22 70 300 1000
83 1 96 6 980 1000
11 7 26 10 20 1000
82 51 81 68 560 1000
41 70 27 74 520 1000
9 30 21 36 200 1000
31 2 27 15 101 1000
21 72 23 88 760 1000
17 43 13 29 780 1000
12 28 11 12 801 1000
11 11 4 0 820 1000
12 27 5 38 40 1000
26 47 22 61 640 1000
29 4 40 11 880 1000
36 63 36 81 760 1000
18 61 11 50 880 1000
10 38 19 47 980 1000
3 4 1 20 80 1000
48 50 57 41 940 1000
43 33 34 42 740 1000
64 67 57 56 600 1000
9 27 26 26 580 1000
7 28 9 44 40 1000
24 74 31 85 980 1000
67 27 72 14 700 1000
13 81 1 75 860 1000
17 28 12 41 440 1000
92 84 82 77 721 1000
35 69 52 68 380 1000
19 19 26 30 260 1000
12 14 12 32 460 1000
33 78 20 83 240 1000
73 11 69 24 321 1000
21 11 32 4 660 1000
4 1 20 3 40 1000
2 65 5 80 320 1000
5 79 11 67 340 1000
77 43 89 49 540 1000
58 76 55 90 361 1000
26 15 17 6 920 1000
5 23 10 10 900 1000
82 62 72 70 900 1000
10 41 8 57 280 1000
89 41 98 32 860 1000
54 84 38 82 700 1000
59 63 46 68 540 1000
58 54 46 60 860 1000
18 36 24 47 841 1000
31 7 25 19 580 1000
5 28 12 17 80 1000
66 77 72 65 880 1000
39 40 36 25 160 1000
73 57 66 67 961 1000
83 66 83 48 760 1000
18 25 1 24 80 1000
50 63 53 48 720 1000
81 75 83 59 980 1000
49 33 51 17 620 1000
40 11 54 8 61 1000
81 18 82 35 760 1000
61 7 50 0 460 1000
31 19 34 4 180 1000
88 18 75 23 500 1000
44 1 58 5 480 1000
66 29 77 36 920 1000
50 43 44 55 240 1000
12 83 5 72 840 1000
55 74 72 75 360 1000
37 50 37 32 760 1000
0 1 3 16 1 1000
42 19 31 12 720 1000
19 34 16 49 160 1000
66 28 53 33 980 1000
0 28 3 13 820 1000
13 31 9 17 100 1000
61 9 44 10 660 1000
25 34 21 48 680 1000
17 19 2 16 220 1000
10 12 2 22 60 1000
71 26 60 33 600 1000
17 79 2 82 220 1000
45 48 29 50 360 1000
12 37 19 48 560 1000
82 34 83 18 801 1000
60 54 69 46 201 1000
40 18 34 30 140 1000
67 89 58 98 340 1000
18 44 2 42 380 1000
11 12 25 8 40 1000
89 24 77 30 640 1000
33 36 26 25 80 1000
50 17 50 35 120 1000
7 73 8 56 340 1000
22 52 24 36 220 1000
28 11 21 0 40 1000
48 2 44 16 180 1000
19 51 32 46 860 1000
98 30 94 16 420 1000
18 10 27 19 140 1000
78 90 94 92 660 1000
32 72 37 85 620 1000
56 47 40 46 901 1000
62 72 51 65 460 1000
31 78 46 81 680 1000
31 55 45 59 340 1000
17 24 29 30 120 1000
28 98 15 93 740 1000
20 17 15 30 280 1000
60 61 53 72 760 1000
25 50 37 56 400 1000
20 35 22 51 160 1000
24 27 10 23 280 1000
13 53 5 43 940 1000
29 58 29 76 960 1000
13 67 24 60 900 1000
14 38 31 37 260 1000
15 67 16 84 940 1000
63 87 48 90 500 1000
25 18 9 16 80 1000
0 1 7 12 1 1000
12 6 28 4 20 1000
30 65 40 73 600 1000
36 14 43 3 740 1000
27 4 30 19 600 1000
37 30 39 46 320 1000
7 13 21 9 20 1000
83 47 66 46 780 1000
55 62 70 65 600 1000
14 2 26 8 940 1000
21 20 24 35 80 1000
62 62 78 64 540 1000
22 51 9 46 240 1000
64 69 76 75 440 1000
86 52 99 47 700 1000
73 17 64 8 380 1000
49 41 46 26 500 1000
26 48 15 55 180 1000
15 39 30 36 460 1000
81 60 82 43 520 1000
26 13 9 12 120 1000
23 87 36 92 420 1000
6 77 16 69 840 1000
59 14 46 9 480 1000
44 48 31 43 500 1000
59 77 49 85 500 1000
14 84 28 88 180 1000
29 9 17 14 801 1000
34 39 49 42 480 1000
16 34 33 35 340 1000
72 15 66 27 720 1000
24 42 16 52 340 1000
71 45 65 57 980 1000
12 32 0 38 740 1000
33 19 44 12 260 1000
29 15 15 11 500 1000
43 24 30 29 320 1000
14 34 5 43 60 1000
29 61 25 47 100 1000
14 52 6 42 700 1000
7 16 16 7 40 1000
29 85 22 74 220 1000
5 64 17 58 200 1000
36 43 29 32 840 1000
16 31 16 49 240 1000
29 73 14 76 620 1000
41 94 42 77 400 1000
84 69 99 67 941 1000
48 81 47 98 600 1000
22 14 35 9 220 1000
12 14 21 5 540 1000
11 7 13 23 20 1000
93 23 93 41 820 1000
53 31 69 29 300 1000
15 28 0 25 80 1000
1 36 10 28 181 1000
24 30 38 26 60 1000
32 29 23 38 320 1000
18 97 12 85 640 1000
16 10 16 28 180 1000
46 59 45 76 680 1000
37 36 36 53 960 1000
26 19 23 34 240 1000
45 5 35 13 300 1000
12 22 11 39 340 1000
75 21 71 8 521 1000
35 34 38 19 880 1000
38 63 32 75 520 1000
32 51 20 57 800 1000
16 80 21 67 980 1000
11 28 23 34 120 1000
10 42 25 40 561 1000
37 16 25 22 280 1000
18 29 4 26 181 1000
41 39 58 40 300 1000
69 37 59 44 441 1000
12 40 25 35 460 1000
23 27 28 14 580 1000
46 71 46 88 661 1000
33 13 37 27 940 1000
35 84 35 67 541 1000
80 51 75 64 360 1000
22 16 23 33 620 1000
78 86 71 97 700 1000
97 97 91 85 540 1000
74 56 67 45 780 1000
2 55 13 48 720 1000
41 41 25 39 460 1000
0 1 3 16 1 1000
28 50 31 35 340 1000
1 16 9 6 40 1000
27 35 36 44 820 1000
28 76 11 77 780 1000
82 83 93 89 741 1000
12 34 28 32 140 1000
19 5 21 21 900 1000
45 50 43 66 880 1000
81 28 73 38 760 1000
27 8 27 26 240 1000
46 69 62 71 560 1000
29 62 18 69 560 1000
28 57 37 66 400 1000
0 1 10 9 1 1000
24 93 16 83 440 1000
17 6 29 0 80 1000
50 53 45 66 920 1000
19 71 12 82 820 1000
3 45 17 49 100 1000
22 61 11 68 440 1000
32 30 18 34 180 1000
18 35 20 19 200 1000
19 43 33 47 220 1000
17 79 5 85 780 1000
18 16 30 10 740 1000
23 66 11 72 640 1000
16 18 12 32 100 1000
49 28 42 39 200 1000
40 48 24 50 420 1000
8 85 22 89 800 1000
0 1 0 19 1 1000
80 23 80 6 341 1000
9 23 26 22 420 1000
4 31 19 34 440 1000
34 14 31 29 460 1000
85 41 80 28 700 1000
45 64 58 69 880 1000
26 63 13 58 600 1000
57 3 57 21 540 1000
55 38 57 22 160 1000
54 28 42 34 420 1000
15 4 31 6 560 1000
71 21 76 34 620 1000
45 32 29 33 501 1000
37 75 24 79 561 1000
77 92 75 76 720 1000
40 38 30 46 940 1000
74 29 70 15 720 1000
92 22 77 19 860 1000
69 15 77 5 620 1000
36 82 24 88 580 1000
19 33 24 46 60 1000
21 32 15 20 440 1000
47 94 57 86 400 1000
9 99 0 90 380 1000
48 85 59 79 341 1000
72 96 80 86 740 1000
47 56 31 54 320 1000
6 41 21 44 720 1000
12 46 3 55 620 1000
58 72 62 85 841 1000
0 1 5 14 1 1000
0 20 5 33 20 1000
94 83 84 75 640 1000
60 98 60 80 940 1000
20 29 29 38 200 1000
33 52 32 36 101 1000
32 35 32 53 120 1000
32 79 17 76 680 1000
20 20 24 34 220 1000
90 65 75 62 720 1000
33 21 28 34 980 1000
57 27 57 45 220 1000
59 75 72 70 820 1000
43 20 44 37 160 1000
63 12 57 0 280 1000
22 85 19 70 800 1000
37 27 48 34 420 1000
70 53 68 37 840 1000
81 80 91 72 880 1000
37 32 30 43 120 1000
12 83 6 95 600 1000
15 5 4 12 20 1000
59 10 51 20 560 1000
39 72 50 78 661 1000
78 37 89 30 360 1000
46 8 51 21 500 1000
20 82 12 72 340 1000
55 33 59 47 500 1000
1 12 7 1 581 1000
10 42 26 44 180 1000
1 36 1 18 160 1000
10 28 17 17 180 1000
83 58 97 54 560 1000
21 20 32 14 141 1000
20 63 20 81 320 1000
9 13 15 1 220 1000
20 38 20 20 500 1000
42 55 38 41 560 1000
9 22 20 15 40 1000
6 31 20 35 40 1000
15 47 1 43 340 1000
43 26 43 44 120 1000
75 57 82 47 841 1000
61 4 63 19 741 1000
76 63 78 48 581 1000
27 55 32 67 281 1000
35 7 24 14 380 1000
74 78 59 75 700 1000
69 18 80 11 920 1000
89 65 85 51 980 1000
5 15 7 31 60 1000
12 16 6 28 100 1000
4 87 9 74 360 1000
13 37 20 26 340 1000
48 14 61 9 460 1000
33 57 34 74 700 1000
86 38 97 31 900 1000
31 40 42 33 400 1000
42 94 49 83 460 1000
43 57 41 42 441 1000
21 42 17 29 381 1000
63 67 52 74 620 1000
5 11 22 10 300 1000
27 46 22 34 181 1000
22 16 28 28 340 1000
0 1 1 18 1 1000
46 5 53 16 320 1000
27 79 32 66 340 1000
61 85 59 69 740 1000
33 51 35 36 481 1000
61 60 74 65 960 1000
60 14 75 11 940 1000
55 8 44 1 120 1000
96 33 86 41 920 1000
68 94 84 96 860 1000
66 56 81 59 500 1000
3 42 5 26 520 1000
62 72 65 57 580 1000
11 30 14 15 640 1000
26 71 34 61 760 1000
21 31 37 33 100 1000
6 25 18 19 160 1000
50 14 59 23 140 1000
17 71 29 65 220 1000
36 59 34 75 880 1000
82 46 70 40 940 1000
54 77 50 91 960 1000
59 43 45 47 460 1000
17 86 24 97 640 1000
48 79 39 71 981 1000
71 75 79 65 980 1000
24 25 29 38 160 1000
65 82 49 84 640 1000
61 75 70 66 900 1000
17 12 16 29 120 1000
28 50 12 52 220 1000
24 21 16 11 160 1000
80 74 90 82 940 1000
16 40 22 28 180 1000
31 48 40 39 920 1000
0 1 4 15 1 1000
15 62 12 47 600 1000
13 30 4 38 221 1000
30 18 44 14 60 1000
31 36 25 47 421 1000
22 6 15 17 100 1000
20 88 36 86 460 1000
2 40 3 23 700 1000
27 43 37 51 740 1000
20 29 34 33 400 1000
12 35 9 20 960 1000
65 14 82 15 640 1000
39 44 44 57 800 1000
70 25 61 16 640 1000
22 69 37 72 520 1000
37 85 49 79 300 1000
29 46 25 32 440 1000
21 17 16 4 300 1000
47 33 47 15 740 1000
28 76 16 82 660 1000
9 15 12 30 100 1000
87 15 78 24 780 1000
7 75 2 88 500 1000
25 40 34 49 480 1000
51 72 53 88 440 1000
81 69 64 68 500 1000
64 67 81 66 520 1000
62 97 74 91 960 1000
83 42 95 48 320 1000
8 12 19 19 20 1000
14 16 9 29 180 1000
14 92 30 94 420 1000
56 32 68 38 660 1000
66 72 83 71 660 1000
47 34 41 46 880 1000
74 46 58 48 700 1000
58 49 57 66 720 1000
20 46 18 30 540 1000
18 48 2 46 100 1000
43 6 50 17 920 1000
31 34 33 19 701 1000
12 17 12 35 80 1000
86 59 74 65 880 1000
34 3 33 20 200 1000
38 59 21 60 120 1000
51 52 58 63 240 1000
8 64 15 53 740 1000
46 44 39 55 940 1000
37 42 52 39 920 1000
1 6 8 16 101 1000
35 63 25 71 420 1000
12 8 4 18 20 1000
49 78 49 60 320 1000
80 87 80 69 760 1000
17 20 14 35 40 1000
16 41 33 42 320 1000
73 93 88 90 500 1000
76 81 60 83 920 1000
41 71 37 57 940 1000
1 12 18 13 280 1000
42 64 58 66 820 1000
21 27 30 36 220 1000
14 77 28 73 640 1000
68 26 59 35 340 1000
13 30 0 35 800 1000
73 53 85 47 660 1000
68 66 85 65 660 1000
6 74 6 92 700 1000
16 52 33 53 460 1000
98 31 86 37 880 1000
58 57 61 71 701 1000
55 40 41 36 760 1000
6 27 2 13 120 1000
52 55 42 63 600 1000
11 8 8 23 520 1000
6 15 20 19 400 1000
0 24 4 10 220 1000
41 45 36 58 860 1000
88 46 88 28 860 1000
28 92 28 74 500 1000
4 8 10 19 241 1000
16 38 25 29 500 1000
31 81 16 84 340 1000
52 87 48 74 461 1000
88 78 88 96 900 1000
48 23 39 14 440 1000
3 30 11 40 720 1000
70 14 78 24 740 1000
19 5 30 12 380 1000
39 9 56 8 100 1000
16 9 28 15 800 1000
3 25 1 9 780 1000
78 90 78 72 940 1000
48 69 61 64 720 1000
8 11 1 22 880 1000
45 75 62 74 700 1000
1 6 7 18 920 1000
1 21 18 20 100 1000
53 13 43 21 260 1000
29 3 36 14 980 1000
54 25 55 41 741 1000
32 68 16 66 300 1000
17 4 23 16 40 1000
25 89 31 77 660 1000
26 49 9 50 240 1000
29 11 41 5 540 1000
9 86 6 71 360 1000
25 32 21 18 280 1000
20 28 21 11 900 1000
58 42 56 58 540 1000
9 40 9 57 61 1000
24 48 34 56 100 1000
28 94 39 87 700 1000
21 37 23 53 260 1000
51 13 51 31 780 1000
71 77 85 73 780 1000
39 36 22 37 80 1000
59 76 58 59 720 1000
8 22 17 31 540 1000
31 73 35 87 300 1000
29 56 41 62 640 1000
26 68 40 64 900 1000
89 66 80 75 880 1000
10 22 16 34 300 1000
24 45 40 43 480 1000
20 17 5 14 40 1000
87 48 83 34 560 1000
37 51 27 59 340 1000
61 91 64 76 740 1000
53 84 66 79 760 1000
55 20 57 4 520 1000
66 19 63 5 621 1000
17 62 25 52 480 1000
14 47 16 31 160 1000
10 73 4 61 680 1000
57 64 63 75 261 1000
21 12 33 18 920 1000
6 4 12 15 441 1000
73 50 71 66 760 1000
22 64 6 66 780 1000
9 49 25 51 660 1000
40 1 40 18 661 1000
16 20 5 13 980 1000
47 33 42 20 900 1000
0 1 6 13 1 1000
29 54 33 68 480 1000
53 39 58 26 420 1000
34 42 31 57 100 1000
14 16 15 33 660 1000
80 71 94 67 800 1000
84 47 91 36 640 1000
24 7 7 6 240 1000
13 49 19 37 300 1000
32 65 45 60 840 1000
41 61 51 69 660 1000
36 22 42 11 441 1000
14 53 28 49 560 1000
18 28 2 30 300 1000
50 63 49 80 800 1000
0 1 7 12 1 1000
15 18 31 20 160 1000
61 17 57 31 660 1000
10 28 16 17 201 1000
45 32 52 43 160 1000
40 42 36 56 500 1000
52 26 54 10 380 1000
45 80 42 65 800 1000
7 18 20 22 181 1000
39 24 39 6 360 1000
18 49 8 41 320 1000
17 29 3 25 60 1000
0 1 2 17 1 1000
61 82 72 75 760 1000
44 58 38 70 620 1000
30 9 28 25 40 1000
13 60 30 59 200 1000
53 57 39 54 481 1000
17 23 29 29 420 1000
59 58 54 71 320 1000
29 26 15 30 80 1000
2 53 13 46 680 1000
16 56 5 63 620 1000
67 83 73 72 801 1000
17 55 0 54 660 1000
12 6 29 7 20 1000
47 20 60 15 920 1000
79 40 67 34 920 1000
40 49 39 66 720 1000
10 65 17 76 760 1000
24 22 18 34 60 1000
11 22 14 7 120 1000
28 22 31 37 300 1000
71 7 71 25 540 1000
9 78 6 63 400 1000
26 58 35 49 540 1000
41 85 33 75 900 1000
33 76 38 63 920 1000
68 12 84 14 620 1000
52 61 55 46 960 1000
35 25 30 38 140 1000
13 20 8 33 120 1000
67 54 82 57 720 1000
31 29 43 35 380 1000
51 58 50 41 640 1000
45 19 45 1 420 1000
44 80 53 89 460 1000
16 42 4 48 140 1000
60 57 59 40 480 1000
69 40 78 31 840 1000
24 21 30 33 640 1000
73 33 80 22 780 1000
42 66 35 77 180 1000
0 1 0 19 1 1000
20 48 27 59 660 1000
4 14 16 20 20 1000
63 14 51 8 600 1000
23 15 17 3 60 1000
20 69 6 65 320 1000
26 32 39 37 180 1000
51 11 41 3 860 1000
23 61 8 63 521 1000
57 87 51 75 420 1000
51 74 57 86 440 1000
57 85 46 78 460 1000
56 15 72 17 360 1000
18 18 2 20 140 1000
42 95 45 80 520 1000
98 35 96 19 840 1000
81 23 80 6 580 1000
32 59 25 70 960 1000
49 39 48 22 420 1000
20 4 14 16 580 1000
99 76 98 59 640 1000
98 58 84 54 660 1000
37 64 52 62 941 1000
72 66 71 83 900 1000
89 14 74 11 440 1000
89 68 90 85 320 1000
1 22 3 6 160 1000
9 15 22 10 100 1000
95 46 95 64 800 1000
24 96 10 92 660 1000
82 71 75 60 840 1000
44 17 46 33 760 1000
46 79 53 90 480 1000
18 68 18 86 700 1000
17 49 21 35 220 1000
61 97 70 88 420 1000
45 34 31 30 360 1000
23 30 18 18 581 1000
3 86 10 97 400 1000
40 25 32 15 240 1000
41 36 49 46 240 1000
69 59 70 42 980 1000
16 53 15 36 360 1000
15 12 6 3 520 1000
13 57 1 63 620 1000
22 26 31 17 540 1000
58 39 51 50 320 1000
6 25 15 16 40 1000
25 31 31 43 460 1000
40 45 30 37 920 1000
31 6 18 11 40 1000
48 71 35 66 960 1000
14 20 6 11 41 1000
17 1 3 5 20 1000
8 17 17 26 120 1000
49 21 54 8 700 1000
17 51 26 60 860 1000
34 80 37 65 700 1000
37 57 30 68 940 1000
74 20 91 21 900 1000
39 61 29 53 180 1000
66 45 53 40 400 1000
1 1 15 4 2 1000
23 55 20 40 900 1000
17 20 13 34 240 1000
20 82 25 95 500 1000
20 21 32 15 200 1000
23 87 23 69 540 1000
57 37 57 20 961 1000
10 28 16 40 300 1000
8 12 13 25 20 1000
38 67 37 84 280 1000
14 44 12 28 300 1000
35 96 48 92 701 1000
40 15 56 17 240 1000
5 65 16 58 980 1000
78 36 86 46 860 1000
35 87 33 71 780 1000
9 30 16 41 160 1000
16 68 32 66 820 1000
83 52 79 38 480 1000
8 54 3 66 161 1000
77 72 88 79 880 1000
18 66 4 62 180 1000
1 5 11 13 60 1000
44 14 35 5 460 1000
19 12 29 4 960 1000
57 15 58 31 321 1000
57 40 64 51 240 1000
14 4 15 21 20 1000
21 18 31 26 120 1000
49 44 32 43 360 1000
10 41 14 55 80 1000
0 82 2 66 700 1000
58 36 47 29 660 1000
22 64 38 66 140 1000
21 11 8 7 121 1000
74 69 87 74 720 1000
0 1 15 4 1 1000
26 24 21 11 140 1000
28 39 28 57 240 1000
59 70 53 58 880 1000
8 12 21 16 921 1000
28 68 42 72 980 1000
49 11 59 3 980 1000
25 17 8 16 180 1000
80 45 95 48 560 1000
80 31 86 43 880 1000
33 9 30 24 340 1000
28 98 11 97 420 1000
32 43 20 37 480 1000
46 33 55 24 720 1000
48 61 57 53 421 1000
45 2 62 1 440 1000
29 43 14 40 380 1000
26 29 35 38 840 1000
28 12 45 11 620 1000
5 64 17 70 200 1000
51 26 45 15 741 1000
2 18 2 36 20 1000
9 58 3 46 80 1000
49 87 52 72 740 1000
43 26 52 17 480 1000
34 7 24 15 80 1000
27 14 19 4 120 1000
8 84 18 76 780 1000
35 80 23 86 400 1000
26 16 26 34 60 1000
61 44 48 49 800 1000
28 61 29 78 240 1000
61 44 77 42 840 1000
49 97 61 91 780 1000
78 57 66 63 880 1000
67 62 77 69 901 1000
21 10 28 21 280 1000
73 82 77 69 941 1000
38 67 31 56 880 1000
0 1 8 11 1 1000
53 92 55 76 960 1000
46 92 30 94 860 1000
16 55 31 52 400 1000
6 4 1 17 60 1000
15 39 28 34 140 1000
29 31 26 46 180 1000
43 84 39 70 640 1000
19 51 24 64 740 1000
16 67 13 52 320 1000
54 88 48 76 820 1000
30 58 36 70 540 1000
3 55 14 48 940 1000
46 87 49 72 680 1000
31 81 46 79 721 1000
12 71 28 73 280 1000
39 63 47 54 281 1000
39 78 55 80 320 1000
92 67 80 61 680 1000
53 66 46 55 360 1000
58 10 44 14 620 1000
43 61 38 48 220 1000
40 50 28 44 460 1000
90 59 75 62 440 1000
22 19 34 13 720 1000
94 57 94 75 480 1000
47 55 30 54 300 1000
21 26 24 41 880 1000
30 23 25 35 661 1000
53 59 67 63 900 1000
85 81 85 99 580 1000
12 45 11 62 80 1000
7 11 22 14 20 1000
56 34 60 20 500 1000
89 83 78 90 660 1000
73 22 66 11 240 1000
25 79 28 64 380 1000
23 29 19 43 700 1000
5 16 9 30 840 1000
12 92 8 78 780 1000
66 78 62 92 780 1000
33 13 23 5 220 1000
8 77 23 80 120 1000
68 35 55 31 941 1000
82 70 71 63 900 1000
76 35 92 33 560 1000
59 51 66 62 900 1000
62 44 55 55 860 1000
77 57 77 39 940 1000
30 20 24 32 220 1000
45 12 52 23 280 1000
3 18 10 29 160 1000
18 40 29 47 420 1000
0 1 11 8 1 1000
40 17 45 4 680 1000
44 59 59 56 680 1000
57 41 59 57 300 1000
38 28 36 44 660 1000
41 41 26 38 140 1000
20 21 14 32 221 1000
8 47 0 37 800 1000
80 21 91 14 800 1000
25 59 28 74 220 1000
28 75 28 93 240 1000
9 39 5 53 180 1000
44 20 38 32 660 1000
45 55 56 48 660 1000
47 98 49 82 400 1000
5 73 9 87 340 1000
0 1 4 15 1 1000
30 60 47 61 900 1000
25 72 34 63 440 1000
24 52 8 50 620 1000
75 77 83 67 740 1000
0 68 0 86 460 1000
40 37 31 28 360 1000
36 42 41 55 140 1000
21 14 36 11 40 1000
25 93 18 82 540 1000
23 31 30 21 641 1000
52 75 60 85 640 1000
96 56 89 67 860 1000
2 82 11 91 620 1000
6 93 10 79 720 1000
1 85 8 74 660 1000
23 18 26 3 160 1000
6 14 17 7 60 1000
8 3 7 20 480 1000
48 66 48 48 860 1000
40 55 46 67 320 1000
73 71 60 75 921 1000
9 73 25 75 700 1000
55 77 47 67 780 1000
73 63 78 50 820 1000
68 39 85 40 680 1000
72 54 60 60 740 1000
36 31 22 27 280 1000
2 63 17 66 920 1000
46 59 48 43 960 1000
10 75 22 69 760 1000
11 9 13 25 20 1000
25 21 29 7 780 1000
11 80 15 66 600 1000
6 3 19 8 40 1000
65 54 77 48 920 1000
98 81 98 98 381 1000
18 34 12 46 60 1000
31 21 15 23 220 1000
52 26 52 44 780 1000
51 23 49 39 420 1000
20 23 19 39 61 1000
59 11 51 21 580 1000
7 54 1 65 461 1000
40 21 50 13 120 1000
11 38 25 42 360 1000
47 81 63 83 700 1000
66 15 67 32 480 1000
62 48 50 54 820 1000
62 40 46 41 521 1000
39 18 38 2 981 1000
30 35 26 21 320 1000
39 4 28 10 101 1000
12 6 25 11 20 1000
67 41 69 57 820 1000
47 32 36 38 981 1000
29 78 20 87 440 1000
41 30 25 32 320 1000
21 24 31 32 280 1000
56 54 69 58 601 1000
51 64 60 72 741 1000
49 12 61 18 280 1000
4 67 13 59 181 1000
34 52 29 39 220 1000
24 89 12 95 600 1000
22 29 37 26 400 1000
73 67 65 57 860 1000
85 79 96 72 700 1000
2 4 9 15 540 1000
78 58 94 56 380 1000
14 51 6 42 341 1000
29 6 23 18 40 1000
10 73 20 81 480 1000
30 54 30 36 220 1000
1 39 9 29 540 1000
93 21 98 34 820 1000
29 12 20 3 560 1000
39 54 25 50 960 1000
96 89 84 83 920 1000
84 84 87 99 940 1000
1 18 9 8 80 1000
80 99 81 82 720 1000
30 13 21 22 400 1000
80 57 94 53 240 1000
13 12 1 6 40 1000
37 59 23 63 900 1000
19 1 19 19 380 1000
15 25 27 31 100 1000
21 12 36 15 720 1000
74 64 57 63 460 1000
25 30 25 12 160 1000
46 49 32 53 880 1000
18 21 24 9 200 1000
47 75 54 86 340 1000
26 23 21 10 80 1000
83 91 83 73 620 1000
66 52 65 69 980 1000
13 76 2 83 600 1000
25 42 34 51 200 1000
31 55 34 70 340 1000
36 22 51 24 201 1000
37 49 36 66 500 1000
32 79 26 67 960 1000
20 40 14 52 420 1000
11 12 15 26 80 1000
24 65 37 60 880 1000
7 13 18 20 20 1000
59 41 63 27 500 1000
7 17 19 11 940 1000
13 27 14 44 140 1000
36 5 50 2 261 1000
76 31 84 21 720 1000
22 36 5 37 140 1000
74 52 74 34 620 1000
0 1 11 8 1 1000
56 6 73 7 780 1000
48 22 62 26 700 1000
27 16 40 11 120 1000
67 48 81 52 720 1000
26 59 39 64 320 1000
17 77 29 83 780 1000
65 29 77 35 620 1000
43 16 32 23 160 1000
19 35 19 53 340 1000
13 51 20 62 300 1000
49 81 64 84 460 1000
2 2 19 3 180 1000
29 18 26 33 160 1000
61 17 44 18 300 1000
14 8 23 17 140 1000
90 42 78 36 340 1000
61 26 73 32 880 1000
10 17 10 35 200 1000
6 14 6 32 20 1000
14 14 14 32 420 1000
18 10 14 24 140 1000
70 32 70 50 620 1000
50 55 40 63 840 1000
55 86 68 90 501 1000
4 17 16 11 40 1000
22 72 10 66 740 1000
0 1 12 7 1 1000
37 11 42 24 180 1000
32 73 33 56 600 1000
60 3 51 12 840 1000
17 33 5 39 300 1000
50 68 52 84 540 1000
39 88 39 70 720 1000
65 26 68 41 320 1000
18 83 3 80 560 1000
2 23 11 32 80 1000
24 93 24 75 320 1000
51 49 66 46 220 1000
35 85 29 97 500 1000
73 41 79 53 180 1000
95 59 89 47 460 1000
34 6 49 9 660 1000
20 34 16 20 60 1000
44 61 44 79 360 1000
84 72 91 83 700 1000
98 6 95 21 700 1000
28 67 37 58 920 1000
57 97 66 89 641 1000
16 85 23 96 360 1000
18 15 18 33 40 1000
49 5 59 13 460 1000
33 80 27 68 840 1000
27 23 19 13 780 1000
23 82 29 94 240 1000
77 57 94 58 740 1000
34 89 20 93 760 1000
18 10 17 27 60 1000
55 25 44 32 940 1000
19 60 6 55 480 1000
57 17 51 28 241 1000
58 67 69 74 880 1000
26 65 34 55 880 1000
67 57 66 74 780 1000
29 77 18 84 260 1000
5 84 15 92 800 1000
46 13 42 27 480 1000
33 20 33 37 61 1000
16 21 2 17 40 1000
15 35 16 18 100 1000
11 39 8 54 500 1000
16 69 20 83 400 1000
51 50 46 37 400 1000
77 81 85 91 900 1000
25 6 39 10 480 1000
80 40 83 55 820 1000
32 67 47 64 360 1000
17 26 31 22 960 1000
19 33 19 51 900 1000
28 24 33 37 60 1000
52 40 48 26 940 1000
22 13 30 23 480 1000
27 74 19 84 720 1000
30 35 20 27 240 1000
32 16 23 7 300 1000
88 86 72 84 980 1000
19 54 27 44 720 1000
90 5 92 21 840 1000
85 59 69 58 961 1000
68 97 55 92 800 1000
77 83 77 66 441 1000
77 67 85 77 460 1000
3 23 8 10 860 1000
87 94 82 82 501 1000
64 31 80 33 400 1000
19 16 7 10 40 1000
1 63 7 74 481 1000
33 5 45 11 260 1000
24 45 35 51 541 1000
31 56 25 44 960 1000
30 2 46 0 420 1000
37 49 51 45 380 1000
56 27 67 34 680 1000
43 26 56 21 160 1000
43 80 43 98 920 1000
87 66 83 80 280 1000
33 57 21 63 620 1000
15 91 4 98 980 1000
12 28 26 32 700 1000
55 80 68 84 781 1000
78 40 92 44 900 1000
82 86 92 79 841 1000
12 56 10 72 660 1000
97 76 81 74 920 1000
0 1 14 5 1 1000
11 39 27 41 500 1000
6 81 14 91 280 1000
11 73 8 88 300 1000
35 71 24 64 860 1000
70 32 58 26 780 1000
37 44 29 34 440 1000
44 87 43 71 581 1000
78 71 78 89 640 1000
16 56 30 53 201 1000
48 86 57 95 740 1000
13 33 3 25 260 1000
28 11 16 5 40 1000
72 73 74 57 840 1000
28 14 20 24 820 1000
33 19 18 16 220 1000
14 96 6 87 281 1000
29 56 29 74 600 1000
37 79 41 93 380 1000
22 74 26 88 540 1000
2 34 12 41 561 1000
0 36 17 35 820 1000
96 55 90 43 320 1000
26 64 24 80 540 1000
13 50 8 63 640 1000
21 35 7 38 201 1000
22 31 21 47 701 1000
12 42 29 41 460 1000
63 18 58 31 800 1000
65 86 72 97 720 1000
51 32 45 44 520 1000
24 33 20 47 240 1000
31 52 16 55 560 1000
28 68 15 63 580 1000
71 24 76 37 960 1000
19 38 34 35 960 1000
11 7 26 4 20 1000
2 35 2 53 40 1000
73 66 68 79 640 1000
22 35 22 18 701 1000
15 69 2 64 380 1000
34 12 27 23 740 1000
63 35 57 47 780 1000
37 49 47 57 300 1000
35 22 48 27 160 1000
17 39 26 30 820 1000
51 99 51 81 540 1000
5 62 8 77 360 1000
44 45 40 31 880 1000
40 32 48 22 900 1000
48 21 34 17 920 1000
18 83 11 94 400 1000
30 28 27 43 340 1000
64 29 72 39 440 1000
78 45 73 32 760 1000
14 14 31 15 60 1000
85 49 85 67 780 1000
63 62 71 72 800 1000
10 37 18 47 80 1000
9 11 4 24 20 1000
54 8 54 26 140 1000
11 98 4 87 440 1000
39 41 31 51 940 1000
14 55 5 63 181 1000
36 9 51 12 120 1000
27 23 37 31 180 1000
44 0 37 11 900 1000
15 36 19 50 840 1000
53 7 40 3 81 1000
36 24 49 29 180 1000
15 33 27 28 441 1000
60 49 73 54 640 1000
14 82 2 76 980 1000
21 44 30 52 381 1000
0 1 9 10 1 1000
13 57 2 64 300 1000
70 85 80 93 720 1000
24 44 36 50 460 1000
53 30 36 29 480 1000
1 42 18 43 360 1000
34 37 34 55 120 1000
64 44 60 58 460 1000
40 87 41 70 920 1000
18 21 19 37 101 1000
41 32 41 50 320 1000
18 77 9 86 640 1000
40 36 39 19 100 1000
16 5 29 0 320 1000
17 30 3 34 400 1000
82 80 77 93 700 1000
15 84 7 74 320 1000
67 86 58 95 280 1000
26 51 13 56 280 1000
17 73 27 65 820 1000
27 84 25 68 840 1000
70 36 73 21 220 1000
7 67 19 61 220 1000
36 24 38 8 940 1000
61 29 62 46 900 1000
18 13 32 9 480 1000
78 75 90 69 920 1000
80 41 77 56 720 1000
45 46 61 47 501 1000
33 17 38 30 220 1000
73 57 60 62 980 1000
55 80 62 69 680 1000
21 6 4 7 40 1000
4 5 14 12 61 1000
13 11 0 7 81 1000
33 31 42 22 180 1000
43 68 46 83 520 1000
17 11 13 25 380 1000
21 50 6 47 80 1000
40 1 28 6 101 1000
7 30 21 27 101 1000
25 73 25 91 380 1000
74 34 62 40 980 1000
13 44 28 41 320 1000
25 90 34 99 560 1000
85 76 72 81 560 1000
80 61 81 78 720 1000
26 26 34 36 100 1000
38 17 49 24 200 1000
34 32 35 15 420 1000
1 41 18 42 300 1000
27 86 33 74 320 1000
9 9 11 25 20 1000
24 11 14 3 960 1000
77 69 66 76 420 1000
48 87 57 78 560 1000
72 82 63 91 580 1000
18 22 5 17 820 1000
82 53 90 63 960 1000
55 9 49 21 580 1000
7 21 24 20 500 1000
67 15 60 4 820 1000
63 4 59 18 640 1000
40 67 31 58 920 1000
32 24 42 16 100 1000
8 51 8 33 80 1000
36 42 51 39 460 1000
78 2 87 11 740 1000
87 12 79 22 760 1000
26 43 25 60 200 1000
34 8 42 18 180 1000
2 18 4 2 20 1000
50 14 50 32 540 1000
59 38 47 32 720 1000
3 82 17 86 120 1000
83 56 88 69 840 1000
31 95 48 96 860 1000
4 25 4 7 40 1000
97 44 85 38 560 1000
37 84 25 90 640 1000
21 6 20 23 560 1000
33 47 28 60 220 1000
0 18 11 11 20 1000
8 29 17 38 200 1000
9 5 26 4 60 1000
27 19 38 12 100 1000
71 28 81 36 680 1000
20 58 28 48 820 1000
68 82 54 78 940 1000
43 22 38 35 800 1000
76 74 64 68 420 1000
51 54 50 37 360 1000
0 53 10 61 680 1000
17 12 21 26 200 1000
7 61 24 60 500 1000
4 12 14 4 60 1000
15 69 5 61 220 1000
57 18 68 25 320 1000
48 65 63 68 440 1000
29 39 46 38 380 1000
34 9 22 3 160 1000
29 47 42 42 260 1000
63 81 56 92 580 1000
67 88 56 94 741 1000
10 10 19 19 20 1000
18 45 19 62 240 1000
91 22 87 36 920 1000
17 35 2 32 540 1000
48 66 35 61 300 1000
85 76 86 93 480 1000
16 38 27 45 140 1000
41 37 58 38 620 1000
52 62 64 68 580 1000
9 11 24 8 20 1000
83 30 67 28 680 1000
10 20 19 29 260 1000
23 18 27 32 720 1000
7 2 23 4 600 1000
32 22 41 31 300 1000
74 64 74 46 980 1000
22 31 5 32 400 1000
18 77 21 92 600 1000
55 54 70 51 880 1000
96 35 96 17 880 1000
82 76 97 79 740 1000
13 24 30 23 40 1000
63 33 70 22 260 1000
54 70 55 87 940 1000
36 40 26 32 220 1000
75 46 67 56 760 1000
93 79 83 87 540 1000
54 72 59 59 340 1000
61 90 59 74 800 1000
51 1 52 18 580 1000
5 44 5 26 960 1000
74 67 79 80 600 1000
15 24 10 37 80 1000
39 8 35 22 960 1000
44 11 45 28 680 1000
2 62 14 68 220 1000
93 39 77 41 820 1000
1 30 1 12 80 1000
10 24 4 13 601 1000
12 24 5 35 260 1000
9 46 18 55 400 1000
57 16 65 25 301 1000
26 40 36 48 220 1000
53 15 39 19 140 1000
14 60 1 65 340 1000
29 33 46 32 140 1000
8 34 11 49 180 1000
83 33 93 41 620 1000
78 61 79 78 960 1000
24 8 41 9 460 1000
11 14 19 24 280 1000
31 15 15 13 500 1000
77 40 62 43 840 1000
54 93 68 97 680 1000
5 8 19 4 40 1000
17 41 1 43 180 1000
82 46 74 56 860 1000
54 84 71 83 900 1000
36 53 47 47 501 1000
94 87 98 73 880 1000
33 54 27 43 141 1000
40 50 53 55 460 1000
51 46 68 47 720 1000
13 17 29 19 140 1000
62 59 78 61 760 1000
64 42 54 50 620 1000
65 50 71 38 880 1000
11 18 28 19 80 1000
48 16 62 12 180 1000
42 52 56 56 180 1000
10 39 19 48 560 1000
23 39 29 51 340 1000
69 43 69 61 140 1000
5 47 5 65 180 1000
4 42 9 30 281 1000
2 14 1 31 60 1000
74 55 68 67 640 1000
22 36 36 40 60 1000
22 15 9 10 40 1000
72 93 74 77 680 1000
31 44 42 51 480 1000
64 66 76 60 380 1000
29 39 31 55 940 1000
85 74 73 68 800 1000
9 56 22 51 640 1000
35 20 18 19 240 1000
33 70 35 86 760 1000
43 42 43 24 880 1000
9 24 3 36 240 1000
41 4 33 14 400 1000
27 70 42 67 160 1000
42 18 52 26 220 1000
95 49 87 59 580 1000
30 42 28 58 180 1000
1 18 16 21 80 1000
37 43 31 31 380 1000
27 31 11 29 620 1000
30 51 37 61 421 1000
23 53 36 58 540 1000
80 69 67 64 520 1000
32 35 16 37 480 1000
39 52 53 56 440 1000
42 62 45 77 620 1000
58 35 74 33 960 1000
35 52 19 50 560 1000
90 79 73 78 760 1000
29 42 41 36 600 1000
62 21 49 26 920 1000
59 39 57 54 641 1000
16 49 7 58 600 1000
8 58 18 50 300 1000
30 13 14 15 400 1000
2 97 8 86 261 1000
0 40 15 43 100 1000
10 11 4 23 640 1000
50 30 36 34 780 1000
36 35 40 49 800 1000
8 93 25 94 520 1000
15 35 11 49 980 1000
20 60 18 76 340 1000
29 32 24 45 520 1000
29 51 30 34 940 1000
15 62 12 77 560 1000
6 11 16 19 80 1000
79 59 81 74 961 1000
25 36 28 51 320 1000
34 56 37 41 900 1000
8 10 15 21 20 1000
5 25 12 36 540 1000
19 34 27 24 160 1000
4 65 15 72 280 1000
31 28 35 14 800 1000
20 14 15 27 60 1000
27 25 12 28 140 1000
35 12 27 2 320 1000
27 75 25 91 540 1000
15 5 30 8 20 1000
9 31 7 15 860 1000
26 33 42 31 240 1000
42 30 38 44 260 1000
78 37 74 23 840 1000
2 52 19 53 700 1000
43 51 26 50 540 1000
32 65 20 71 640 1000
3 14 19 12 840 1000
43 23 30 18 220 1000
66 66 64 82 980 1000
80 60 80 42 700 1000
21 56 7 52 440 1000
40 67 40 85 360 1000
4 37 18 41 240 1000
15 54 28 59 200 1000
2 86 6 99 521 1000
42 80 33 71 740 1000
68 83 79 89 581 1000
37 59 49 65 500 1000
51 84 56 71 600 1000
6 54 20 50 500 1000
17 62 32 65 400 1000
52 44 36 46 260 1000
17 8 28 15 480 1000
2 31 13 38 320 1000
50 36 36 32 380 1000
49 13 49 31 140 1000
30 9 25 22 760 1000
1 24 3 8 240 1000
16 31 26 23 800 1000
16 60 33 59 140 1000
24 35 10 31 840 1000
10 32 21 25 860 1000
61 39 58 54 660 1000
62 47 46 45 920 1000
57 40 71 44 960 1000
9 11 9 29 140 1000
10 49 25 52 960 1000
6 30 12 18 100 1000
88 70 81 81 860 1000
20 30 32 36 60 1000
10 27 5 14 40 1000
62 23 67 10 720 1000
89 31 88 14 380 1000
34 79 17 80 760 1000
97 80 97 62 760 1000
27 44 44 45 360 1000
87 63 89 79 580 1000
12 12 25 17 180 1000
30 37 22 27 480 1000
80 90 83 75 980 1000
53 41 69 39 820 1000
64 27 67 13 341 1000
9 33 0 41 81 1000
57 79 55 63 580 1000
28 27 26 11 120 1000
89 45 77 50 481 1000
4 27 9 14 200 1000
8 76 18 84 380 1000
54 33 56 49 840 1000
11 95 26 92 420 1000
31 54 37 43 901 1000
26 72 10 74 460 1000
13 34 20 45 160 1000
21 61 21 43 780 1000
98 89 98 71 960 1000
39 32 39 50 360 1000
80 48 84 34 380 1000
62 22 55 32 481 1000
99 68 92 79 960 1000
42 43 57 40 280 1000
42 85 45 70 640 1000
9 49 20 56 260 1000
32 18 36 32 260 1000
11 23 10 6 380 1000
21 34 38 35 240 1000
33 69 28 82 500 1000
90 12 84 1 481 1000
89 52 76 47 560 1000
77 38 92 35 960 1000
30 20 24 8 220 1000
7 11 24 12 60 1000
42 68 50 58 540 1000
26 43 41 40 120 1000
84 0 81 15 500 1000
59 19 76 20 660 1000
31 59 28 44 940 1000
34 45 50 47 480 1000
7 55 19 61 220 1000
41 83 26 86 460 1000
4 14 0 28 20 1000
62 13 74 7 200 1000
3 11 2 28 60 1000
2 29 11 38 80 1000
56 87 58 71 680 1000
57 18 69 12 240 1000
10 0 27 1 60 1000
31 16 14 17 160 1000
38 59 40 43 280 1000
26 49 29 64 560 1000
70 68 78 58 260 1000
28 35 27 52 160 1000
48 91 58 83 520 1000
43 42 48 55 280 1000
48 56 39 65 300 1000
11 9 1 17 20 1000
35 24 51 25 621 1000
54 85 53 68 360 1000
87 92 73 96 600 1000
52 40 47 27 820 1000
56 48 57 65 820 1000
45 16 36 7 320 1000
39 89 28 82 460 1000
45 63 54 72 900 1000
19 64 31 70 440 1000
47 22 57 30 760 1000
21 35 21 53 60 1000
19 13 16 28 60 1000
90 64 75 61 980 1000
64 24 76 18 940 1000
63 74 74 67 800 1000
69 47 80 54 220 1000
31 30 26 42 101 1000
60 76 48 70 940 1000
39 46 50 39 440 1000
45 11 58 16 540 1000
69 52 65 38 880 1000
88 77 74 73 840 1000
52 68 50 52 900 1000
38 13 42 27 960 1000
22 90 22 72 820 1000
22 71 28 83 840 1000
53 61 38 64 980 1000
4 67 19 69 821 1000
18 19 20 3 40 1000
5 54 13 45 301 1000
8 20 0 30 60 1000
4 65 18 61 360 1000
7 40 22 37 960 1000
69 31 78 22 900 1000
30 95 35 82 440 1000
67 65 72 78 540 1000
96 24 81 27 740 1000
32 80 43 87 540 1000
68 78 68 96 780 1000
50 65 58 55 720 1000
32 51 48 49 920 1000
46 40 42 53 161 1000
66 45 80 41 800 1000
56 57 39 56 200 1000
30 53 37 64 400 1000
58 70 74 68 700 1000
20 1 22 17 600 1000
10 22 27 23 740 1000
8 70 21 65 900 1000
33 14 49 12 120 1000
19 39 2 40 60 1000
37 40 48 33 280 1000
71 92 73 76 800 1000
8 13 17 21 221 1000
28 3 19 12 40 1000
23 45 30 55 841 1000
19 29 22 14 460 1000
83 79 98 82 940 1000
0 1 0 19 1 1000
49 61 55 73 340 1000
26 87 38 81 880 1000
34 80 18 78 500 1000
53 39 45 49 860 1000
43 22 41 38 280 1000
41 45 45 31 900 1000
44 15 39 2 640 1000
15 39 25 31 260 1000
12 31 16 45 120 1000
87 58 74 53 600 1000
0 1 10 9 1 1000
78 4 76 20 740 1000
37 19 24 14 60 1000
29 15 37 25 420 1000
11 2 2 11 40 1000
77 21 64 25 921 1000
28 87 12 89 200 1000
0 1 7 12 1 1000
43 30 60 29 880 1000
50 57 42 67 560 1000
57 58 50 69 320 1000
35 37 30 50 940 1000
30 51 38 61 960 1000
31 96 46 93 840 1000
51 52 51 70 160 1000
93 81 81 87 820 1000
3 8 15 14 320 1000
3 15 19 17 20 1000
5 71 2 86 860 1000
35 57 45 49 460 1000
17 40 26 31 320 1000
14 32 13 15 980 1000
67 78 78 85 680 1000
35 40 49 44 160 1000
0 1 3 16 1 1000
32 49 35 64 400 1000
64 48 48 49 481 1000
74 74 59 71 860 1000
59 41 50 32 180 1000
5 13 21 11 20 1000
31 60 17 63 461 1000
55 9 62 20 100 1000
51 16 43 26 520 1000
23 28 36 33 760 1000
33 78 37 64 400 1000
68 67 59 58 680 1000
43 52 27 54 240 1000
23 43 29 55 460 1000
21 52 29 62 80 1000
9 28 18 19 120 1000
81 31 68 26 940 1000
13 65 3 72 361 1000
28 16 44 17 601 1000
78 65 78 47 840 1000
55 95 39 97 580 1000
24 17 8 15 200 1000
0 1 9 10 1 1000
15 0 3 6 240 1000
81 39 80 56 220 1000
59 78 72 73 600 1000
20 34 12 44 540 1000
22 2 27 15 180 1000
14 75 14 93 520 1000
88 88 98 96 940 1000
20 41 19 24 160 1000
32 20 30 36 740 1000
78 30 89 37 860 1000
82 82 94 88 860 1000
4 49 14 57 160 1000
8 59 21 54 120 1000
14 92 27 87 300 1000
96 51 95 68 760 1000
9 28 6 13 160 1000
25 28 25 46 520 1000
0 1 9 10 1 1000
24 1 17 12 840 1000
15 24 10 11 40 1000
28 25 42 22 61 1000
39 34 43 20 120 1000
80 49 90 41 520 1000
12 29 23 22 240 1000
14 14 7 3 580 1000
43 53 59 51 180 1000
53 71 37 69 780 1000
33 79 45 85 660 1000
84 15 70 11 640 1000
2 54 12 46 260 1000
28 92 20 82 260 1000
52 69 66 65 400 1000
89 10 72 9 760 1000
16 28 20 42 140 1000
81 16 95 20 520 1000
15 48 26 41 80 1000
41 27 49 37 940 1000
31 54 26 66 901 1000
71 82 63 92 960 1000
75 77 77 61 820 1000
37 28 50 33 960 1000
1 11 10 2 100 1000
48 89 51 74 920 1000
22 11 27 24 80 1000
24 52 8 54 940 1000
40 92 56 94 460 1000
6 85 7 68 560 1000
94 82 77 81 420 1000
5 12 13 21 101 1000
45 27 49 13 700 1000
87 70 86 53 800 1000
6 27 17 34 280 1000
53 26 69 24 400 1000
61 70 51 62 720 1000
27 61 27 43 500 1000
19 32 6 37 480 1000
76 6 63 1 420 1000
2 67 7 80 160 1000
36 49 33 64 240 1000
32 91 46 87 400 1000
63 8 62 24 701 1000
20 3 12 13 520 1000
90 37 73 36 680 1000
15 18 18 33 680 1000
20 26 35 29 260 1000
12 58 2 66 140 1000
27 58 14 53 680 1000
18 24 1 25 220 1000
17 39 25 49 380 1000
5 25 3 40 41 1000
84 84 80 98 700 1000
17 61 27 53 260 1000
21 74 14 85 800 1000
17 78 20 93 840 1000
15 10 0 13 560 1000
84 70 98 66 860 1000
21 34 16 21 960 1000
10 44 18 34 340 1000
38 21 38 3 440 1000
21 51 25 65 780 1000
62 45 65 30 600 1000
36 83 22 80 781 1000
25 27 31 15 140 1000
58 41 63 28 320 1000
97 67 82 64 620 1000
21 22 11 30 200 1000
9 21 7 5 60 1000
27 2 34 13 80 1000
35 4 23 10 80 1000
59 20 48 13 440 1000
4 26 11 15 60 1000
68 25 84 27 960 1000
92 43 84 33 920 1000
55 9 54 25 321 1000
69 23 77 33 420 1000
95 64 85 56 640 1000
49 22 65 20 600 1000
8 94 8 76 980 1000
37 74 22 72 541 1000
73 8 81 18 800 1000
2 16 7 29 60 1000
14 51 24 59 440 1000
9 36 22 31 400 1000
18 17 13 30 80 1000
91 37 74 38 740 1000
33 73 44 80 340 1000
35 37 44 46 860 1000
6 18 7 35 700 1000
64 15 79 18 480 1000
8 55 5 70 360 1000
11 38 16 26 741 1000
37 21 39 6 121 1000
9 12 23 8 440 1000
19 32 23 19 701 1000
30 67 37 78 360 1000
89 69 89 51 500 1000
24 42 16 32 820 1000
73 17 89 15 420 1000
5 15 1 29 20 1000
30 21 34 8 61 1000
44 91 35 82 920 1000
50 44 57 34 401 1000
42 45 28 49 200 1000
21 17 37 16 121 1000
36 72 45 81 780 1000
48 7 35 12 160 1000
5 34 7 18 280 1000
12 47 25 42 280 1000
57 44 58 27 240 1000
27 39 12 36 180 1000
27 11 21 23 260 1000
20 46 32 40 260 1000
7 60 10 45 320 1000
25 34 17 24 240 1000
18 81 22 67 680 1000
29 23 22 13 201 1000
19 53 9 45 380 1000
0 1 10 9 1 1000
13 21 24 27 41 1000
26 29 27 46 160 1000
32 13 15 14 160 1000
16 33 21 46 320 1000
35 6 46 13 640 1000
19 71 34 73 441 1000
34 98 30 84 580 1000
26 46 37 39 260 1000
54 67 61 56 840 1000
40 64 23 65 620 1000
23 92 35 86 480 1000
3 82 13 75 581 1000
94 15 90 1 920 1000
0 1 17 2 1 1000
23 42 10 47 280 1000
12 6 10 22 60 1000
44 22 36 12 220 1000
2 12 5 27 60 1000
76 59 88 53 400 1000
49 82 63 86 480 1000
2 21 7 34 80 1000
35 48 24 41 560 1000
53 92 47 80 960 1000
19 49 22 34 380 1000
27 3 21 15 340 1000
27 47 15 53 180 1000
17 87 21 73 820 1000
97 38 82 41 960 1000
82 42 73 51 980 1000
0 1 7 12 1 1000
23 27 33 35 820 1000
49 54 42 43 760 1000
15 31 32 30 300 1000
7 4 5 20 80 1000
5 21 19 17 100 1000
19 16 16 31 120 1000
13 35 29 33 300 1000
28 58 37 67 340 1000
23 1 31 11 180 1000
31 12 32 29 200 1000
51 30 47 43 301 1000
61 90 65 76 800 1000
81 32 66 34 421 1000
14 49 27 44 960 1000
24 45 25 28 120 1000
26 43 37 50 320 1000
80 7 73 18 360 1000
27 58 35 68 360 1000
71 84 70 67 920 1000
61 57 61 39 860 1000
20 28 26 39 761 1000
9 28 4 15 160 1000
17 20 4 25 40 1000
80 12 94 16 940 1000
36 33 49 28 400 1000
47 49 57 57 300 1000
2 9 5 24 880 1000
4 2 20 0 580 1000
52 64 42 72 420 1000
27 9 26 25 41 1000
41 35 29 41 780 1000
53 53 41 59 380 1000
27 59 29 43 820 1000
31 31 19 36 321 1000
8 44 12 58 740 1000
14 60 3 53 380 1000
28 53 39 46 760 1000
63 59 74 66 580 1000
98 60 83 57 540 1000
55 46 43 52 520 1000
60 82 53 93 940 1000
33 60 30 45 160 1000
27 32 22 45 120 1000
26 3 39 8 80 1000
18 36 12 24 260 1000
30 37 16 33 320 1000
28 44 37 35 940 1000
89 91 87 75 980 1000
36 52 30 40 980 1000
5 28 19 32 40 1000
16 12 7 21 620 1000
24 36 39 33 100 1000
5 27 1 13 260 1000
42 37 57 39 221 1000
42 23 57 26 200 1000
41 62 28 57 320 1000
58 4 55 19 500 1000
24 36 21 21 180 1000
51 83 52 99 361 1000
61 8 72 15 200 1000
64 83 77 78 240 1000
56 58 59 43 460 1000
35 40 40 27 240 1000
56 22 54 38 180 1000
77 18 60 17 840 1000
16 19 27 26 120 1000
20 68 4 66 340 1000
11 79 11 97 380 1000
6 14 11 1 20 1000
34 63 40 75 400 1000
40 74 51 81 420 1000
42 78 48 66 420 1000
54 50 55 33 260 1000
39 63 54 66 340 1000
46 78 46 60 500 1000
84 22 90 34 740 1000
18 60 13 47 820 1000
38 26 41 41 380 1000
27 39 33 27 300 1000
36 81 49 86 720 1000
70 66 60 58 620 1000
40 65 42 50 741 1000
9 44 19 52 720 1000
0 1 4 15 1 1000
68 54 71 69 700 1000
26 24 19 13 60 1000
20 44 33 49 180 1000
26 4 17 13 180 1000
5 52 7 68 200 1000
5 62 17 56 640 1000
0 1 10 9 1 1000
28 19 29 3 301 1000
47 77 38 68 860 1000
31 47 26 59 281 1000
73 67 70 52 820 1000
26 79 25 95 821 1000
90 84 92 68 340 1000
62 2 66 16 460 1000
10 7 9 23 21 1000
5 15 3 31 60 1000
59 36 60 53 440 1000
82 74 71 80 641 1000
94 53 82 47 920 1000
14 3 13 20 80 1000
67 80 53 77 701 1000
27 33 12 30 220 1000
9 42 19 34 880 1000
21 50 18 65 160 1000
49 5 47 21 100 1000
74 18 74 36 660 1000
12 23 14 39 280 1000
64 43 66 27 960 1000
88 84 97 75 900 1000
19 33 8 40 100 1000
83 70 78 83 680 1000
21 8 10 1 40 1000
14 65 30 66 341 1000
5 67 3 83 100 1000
77 29 65 23 660 1000
33 24 33 6 240 1000
96 16 96 34 900 1000
30 37 27 22 760 1000
14 94 6 84 540 1000
79 81 66 86 620 1000
51 43 57 31 500 1000
11 29 16 17 321 1000
47 23 43 9 700 1000
49 38 66 39 560 1000
11 27 10 10 620 1000
66 43 63 58 440 1000
85 54 90 41 760 1000
50 18 61 25 940 1000
50 40 56 28 660 1000
60 81 60 99 920 1000
23 44 13 52 200 1000
10 13 23 8 40 1000
23 54 37 50 280 1000
25 41 20 28 380 1000
19 45 27 55 260 1000
3 5 12 14 260 1000
34 72 26 82 820 1000
36 25 26 33 600 1000
57 54 64 43 440 1000
8 4 3 17 260 1000
28 58 28 40 220 1000
66 26 51 29 740 1000
77 32 74 47 440 1000
47 45 36 52 260 1000
44 33 40 19 960 1000
56 14 49 3 540 1000
34 69 43 60 360 1000
91 50 78 55 960 1000
89 93 86 78 740 1000
17 13 24 2 820 1000
7 27 15 17 100 1000
15 16 32 15 120 1000
74 39 65 30 560 1000
76 20 83 10 881 1000
29 39 42 44 180 1000
23 1 22 18 100 1000
29 54 23 42 440 1000
12 51 21 60 240 1000
0 1 9 10 1 1000
33 70 16 69 800 1000
40 44 37 29 300 1000
31 28 40 37 720 1000
40 39 45 27 861 1000
41 62 50 53 360 1000
50 53 37 48 840 1000
48 69 34 73 400 1000
14 23 8 11 160 1000
76 57 81 70 480 1000
29 39 25 25 660 1000
35 10 41 22 240 1000
17 14 33 12 200 1000
48 73 39 82 520 1000
80 58 80 76 820 1000
31 57 46 60 660 1000
49 44 45 30 360 1000
35 68 33 53 981 1000
84 28 74 36 980 1000
0 20 5 33 20 1000
65 71 55 79 660 1000
92 81 86 92 981 1000
62 70 50 64 700 1000
31 38 31 56 320 1000
69 45 83 42 601 1000
34 70 34 52 900 1000
59 55 50 64 780 1000
26 35 43 34 720 1000
16 21 29 26 280 1000
10 27 7 12 40 1000
46 85 60 89 600 1000
38 73 52 69 880 1000
0 1 6 13 1 1000
40 22 46 10 180 1000
45 65 32 60 940 1000
54 43 64 35 800 1000
76 19 76 1 960 1000
29 30 17 36 440 1000
31 28 47 26 880 1000
12 31 29 30 480 1000
25 14 12 19 240 1000
10 23 10 5 80 1000
18 37 35 38 840 1000
96 29 89 40 840 1000
21 59 27 71 140 1000
77 62 93 64 840 1000
25 7 26 24 60 1000
25 25 42 26 180 1000
73 77 78 64 820 1000
58 61 62 47 800 1000
41 89 54 94 660 1000
26 31 33 42 280 1000
33 43 40 54 300 1000
10 8 10 26 20 1000
44 79 51 68 360 1000
38 62 42 76 980 1000
23 33 14 24 140 1000
66 77 50 75 920 1000
3 17 20 18 20 1000
48 91 42 79 720 1000
90 70 95 57 940 1000
19 72 10 63 480 1000
52 45 37 48 800 1000
8 33 17 42 160 1000
85 59 85 77 540 1000
18 40 26 50 260 1000
8 85 6 69 280 1000
12 20 26 24 260 1000
25 42 32 31 160 1000
39 38 33 26 200 1000
32 4 37 17 260 1000
2 12 6 26 140 1000
37 15 47 23 740 1000
43 65 28 68 900 1000
29 9 14 6 340 1000
70 25 70 7 840 1000
28 14 11 13 500 1000
0 45 4 31 600 1000
20 24 19 41 580 1000
7 28 19 34 80 1000
80 23 96 25 720 1000
15 62 0 59 880 1000
26 88 21 75 780 1000
57 27 52 39 801 1000
82 59 98 61 520 1000
13 66 17 80 200 1000
50 87 62 81 800 1000
13 9 18 22 180 1000
29 26 39 18 200 1000
27 22 24 36 821 1000
13 5 28 8 20 1000
43 26 38 13 560 1000
85 37 69 39 580 1000
32 22 28 36 180 1000
25 41 20 29 881 1000
35 60 41 48 600 1000
75 39 84 48 620 1000
48 28 39 37 180 1000
13 67 6 78 220 1000
57 35 66 44 420 1000
82 74 93 68 881 1000
2 37 9 48 440 1000
59 42 64 29 800 1000
1 76 16 79 320 1000
8 64 14 52 540 1000
9 24 21 18 120 1000
51 30 57 42 400 1000
18 53 2 51 640 1000
38 66 33 79 380 1000
14 29 8 40 101 1000
81 87 95 83 500 1000
87 98 74 93 960 1000
16 8 33 7 60 1000
10 49 12 65 120 1000
19 61 33 65 540 1000
15 8 10 21 720 1000
55 71 48 82 580 1000
4 62 15 55 700 1000
35 67 29 55 620 1000
33 54 49 52 560 1000
70 86 62 96 940 1000
51 68 62 75 680 1000
66 47 54 53 360 1000
51 75 53 91 940 1000
13 38 29 40 640 1000
74 24 59 21 420 1000
20 74 32 80 660 1000
35 35 19 37 940 1000
94 17 97 2 960 1000
62 81 68 93 840 1000
55 91 60 78 380 1000
34 63 45 70 960 1000
13 75 26 70 740 1000
3 30 16 25 80 1000
58 18 71 23 940 1000
81 21 94 16 900 1000
49 55 59 47 620 1000
22 79 34 73 800 1000
15 31 16 14 220 1000
68 36 69 53 860 1000
9 11 10 28 20 1000
30 24 45 21 500 1000
69 30 79 22 320 1000
29 31 23 19 860 1000
18 77 15 92 360 1000
13 29 29 27 60 1000
82 48 77 60 681 1000
47 56 38 65 360 1000
71 82 70 98 661 1000
87 8 80 19 520 1000
54 73 40 77 920 1000
31 51 31 69 860 1000
77 70 73 56 960 1000
4 14 13 23 20 1000
7 50 23 52 520 1000
58 97 53 84 360 1000
9 47 2 58 260 1000
44 39 44 21 200 1000
48 88 34 92 580 1000
27 23 27 40 281 1000
54 86 66 80 460 1000
66 79 51 82 480 1000
41 25 38 10 900 1000
74 8 72 24 220 1000
90 83 80 91 960 1000
70 91 63 80 560 1000
10 19 6 5 40 1000
56 93 50 81 600 1000
50 80 65 83 620 1000
71 68 87 69 781 1000
49 85 33 83 660 1000
94 17 89 4 440 1000
60 71 53 60 960 1000
63 82 78 85 720 1000
78 86 90 80 740 1000
20 44 32 50 380 1000
73 79 90 78 780 1000
90 79 75 76 800 1000
24 75 26 59 280 1000
11 40 0 33 400 1000
93 65 82 72 860 1000
12 29 24 35 160 1000
2 69 12 61 200 1000
10 26 17 15 100 1000
35 71 34 88 860 1000
28 19 21 30 240 1000
98 70 83 67 980 1000
30 33 14 31 960 1000
27 42 33 30 160 1000
63 85 68 98 300 1000
0 40 1 23 140 1000
49 35 65 37 540 1000
39 53 22 54 500 1000
41 56 34 67 600 1000
8 31 9 14 80 1000
69 23 77 33 340 1000
87 38 81 49 941 1000
15 6 9 18 40 1000
28 61 27 45 661 1000
10 27 14 41 360 1000
69 51 55 48 881 1000
62 80 62 62 820 1000
10 48 11 31 300 1000
46 10 34 5 641 1000
1 30 17 28 40 1000
10 11 4 23 920 1000
42 67 58 69 840 1000
2 41 18 39 400 1000
9 87 25 89 660 1000
39 11 51 17 500 1000
35 53 20 55 481 1000
15 95 20 83 601 1000
42 50 55 45 500 1000
29 51 16 56 380 1000
40 2 25 5 460 1000
29 98 35 86 520 1000
13 47 2 54 700 1000
11 29 23 35 220 1000
27 24 15 18 760 1000
30 53 19 46 640 1000
12 43 9 28 560 1000
4 11 14 3 920 1000
32 65 36 52 501 1000
10 13 7 28 80 1000
22 9 19 24 320 1000
62 77 68 65 520 1000
28 21 26 37 120 1000
22 32 10 38 60 1000
31 31 16 34 300 1000
36 65 32 78 941 1000
74 65 70 79 640 1000
8 53 20 47 520 1000
35 51 37 35 980 1000
57 53 44 58 660 1000
81 50 96 52 741 1000
18 70 16 54 180 1000
31 81 21 73 740 1000
23 46 28 33 120 1000
19 61 18 78 620 1000
50 54 48 70 380 1000
15 71 22 60 420 1000
12 6 17 19 660 1000
55 76 62 65 840 1000
17 14 22 27 120 1000
24 59 15 68 920 1000
8 63 20 69 320 1000
41 45 25 43 180 1000
84 9 76 18 901 1000
17 4 5 10 80 1000
33 48 47 44 240 1000
46 29 60 25 680 1000
42 49 28 53 840 1000
6 21 16 13 600 1000
58 23 74 21 880 1000
39 19 38 2 500 1000
51 72 58 83 840 1000
46 36 37 45 420 1000
21 44 9 50 800 1000
43 91 36 80 620 1000
93 88 82 95 760 1000
39 17 39 35 60 1000
42 15 37 28 120 1000
0 1 16 3 1 1000
20 18 30 10 420 1000
78 63 64 67 560 1000
15 13 16 30 180 1000
49 53 65 51 580 1000
44 15 55 8 80 1000
8 15 18 23 200 1000
59 48 56 33 640 1000
58 25 53 12 440 1000
11 66 21 74 360 1000
59 82 71 76 960 1000
36 8 44 18 340 1000
41 4 27 8 880 1000
25 67 20 54 900 1000
27 22 20 11 760 1000
57 46 48 37 800 1000
96 14 81 17 740 1000
40 45 53 40 840 1000
11 24 17 36 520 1000
37 68 45 78 800 1000
62 73 67 86 720 1000
1 1 2 17 2 1000
56 80 43 85 620 1000
30 69 33 54 960 1000
46 3 47 20 560 1000
0 1 11 8 1 1000
30 50 27 35 860 1000
58 21 49 13 981 1000
86 52 74 58 820 1000
16 7 25 16 120 1000
34 50 47 55 340 1000
14 48 13 65 180 1000
55 91 62 80 820 1000
52 29 52 47 720 1000
33 64 48 67 840 1000
28 48 35 59 580 1000
27 53 23 39 180 1000
38 45 24 41 280 1000
26 34 14 40 620 1000
64 75 47 74 760 1000
19 44 16 29 240 1000
30 60 29 77 220 1000
27 53 12 50 260 1000
34 54 39 66 481 1000
23 14 39 16 40 1000
94 90 86 80 980 1000
36 34 43 23 780 1000
68 25 81 20 880 1000
67 14 68 31 360 1000
25 94 20 81 840 1000
37 31 25 37 380 1000
22 38 8 34 140 1000
56 65 49 55 741 1000
89 48 87 64 560 1000
80 92 84 78 740 1000
56 32 56 14 300 1000
89 30 78 37 840 1000
65 16 55 8 560 1000
5 49 15 41 140 1000
38 79 55 80 680 1000
22 26 34 20 700 1000
0 1 17 0 1 1000
13 40 0 44 581 1000
15 24 21 36 240 1000
16 13 22 25 520 1000
80 37 93 33 941 1000
27 98 10 99 320 1000
39 43 31 53 740 1000
19 13 27 23 860 1000
7 76 18 69 160 1000
14 18 4 10 900 1000
64 80 66 96 740 1000
0 2 9 10 2 1000
20 52 36 54 460 1000
12 4 23 11 980 1000
0 1 0 19 1 1000
18 44 3 41 500 1000
65 77 51 73 820 1000
33 15 33 33 420 1000
1 42 7 54 200 1000
20 24 20 42 100 1000
20 43 16 29 120 1000
52 60 38 64 500 1000
4 86 18 90 460 1000
19 23 8 30 180 1000
9 51 7 35 580 1000
20 19 37 20 40 1000
47 30 55 40 680 1000
19 39 31 34 401 1000
31 36 14 37 280 1000
37 85 26 78 260 1000
74 24 64 32 860 1000
25 22 33 31 341 1000
39 79 53 83 660 1000
21 28 5 26 240 1000
79 23 93 27 780 1000
0 41 14 45 280 1000
29 1 33 15 100 1000
57 22 43 25 461 1000
82 84 68 88 540 1000
21 12 25 26 160 1000
36 43 49 48 680 1000
58 30 45 26 521 1000
87 77 72 80 660 1000
55 41 38 42 980 1000
21 35 8 30 60 1000
16 34 18 18 340 1000
45 37 45 20 401 1000
13 75 23 83 220 1000
37 65 29 55 420 1000
65 71 76 78 580 1000
38 21 52 25 720 1000
73 66 82 74 821 1000
36 24 32 11 321 1000
75 86 71 72 640 1000
48 32 43 45 300 1000
62 66 65 51 860 1000
24 90 40 89 841 1000
51 49 39 43 860 1000
39 42 41 26 880 1000
29 33 24 46 460 1000
16 24 16 6 100 1000
38 64 28 72 460 1000
45 30 47 46 920 1000
77 51 66 57 481 1000
0 1 6 13 1 1000
6 14 21 17 20 1000
50 57 50 39 800 1000
4 14 15 7 20 1000
33 8 34 25 80 1000
2 50 5 65 740 1000
15 23 4 30 660 1000
34 26 39 39 140 1000
22 21 29 10 80 1000
46 80 38 90 700 1000
49 32 49 50 160 1000
58 70 45 65 900 1000
45 48 37 58 480 1000
4 59 8 45 720 1000
25 57 9 55 500 1000
81 80 71 88 840 1000
60 36 56 22 580 1000
42 49 42 67 520 1000
16 11 11 24 360 1000
11 18 17 30 160 1000
20 78 5 81 820 1000
7 13 15 3 540 1000
39 67 23 65 500 1000
90 36 78 41 881 1000
31 17 42 10 820 1000
29 29 36 18 500 1000
73 44 73 62 800 1000
44 11 31 6 280 1000
79 62 63 61 781 1000
12 79 15 93 581 1000
49 27 38 20 420 1000
28 33 41 28 240 1000
63 17 73 9 300 1000
21 59 14 48 660 1000
20 17 4 15 680 1000
37 76 47 84 400 1000
27 27 23 41 260 1000
18 33 29 40 360 1000
43 2 56 7 760 1000
8 32 3 19 140 1000
57 64 47 72 480 1000
55 26 53 42 800 1000
1 64 12 57 640 1000
32 93 15 92 960 1000
15 26 17 11 101 1000
5 13 8 28 20 1000
35 46 21 50 400 1000
61 84 46 82 861 1000
90 20 98 29 961 1000
59 87 51 77 460 1000
14 26 17 11 420 1000
2 18 8 30 20 1000
16 33 33 32 840 1000
80 3 88 13 760 1000
20 40 26 29 81 1000
26 54 40 58 540 1000
13 35 25 41 140 1000
52 35 58 47 600 1000
2 71 3 87 381 1000
39 39 48 30 180 1000
11 40 8 25 760 1000
38 24 28 32 220 1000
38 11 41 26 920 1000
58 32 61 47 140 1000
39 2 49 10 960 1000
59 60 57 44 360 1000
50 79 41 70 680 1000
14 44 0 41 121 1000
33 87 27 99 980 1000
51 11 62 18 140 1000
18 85 25 74 280 1000
60 28 47 33 900 1000
54 33 67 28 480 1000
16 8 29 3 860 1000
88 34 97 43 540 1000
48 50 56 40 500 1000
76 38 76 56 980 1000
64 32 74 40 540 1000
40 50 42 66 820 1000
64 24 59 37 420 1000
24 42 28 56 900 1000
0 34 15 37 820 1000
93 33 86 23 641 1000
40 61 51 68 400 1000
38 20 26 14 900 1000
6 91 14 81 960 1000
37 58 53 60 960 1000
43 34 40 49 400 1000
30 49 46 51 960 1000
14 15 19 28 80 1000
4 61 15 68 200 1000
17 50 22 37 120 1000
26 67 28 83 920 1000
31 30 42 23 480 1000
50 49 47 64 120 1000
31 45 42 38 340 1000
1 64 14 59 360 1000
39 81 56 80 540 1000
87 23 74 28 700 1000
39 13 44 0 460 1000
14 49 18 35 240 1000
26 33 27 50 80 1000
46 61 52 73 520 1000
70 10 62 20 900 1000
8 8 2 20 140 1000
33 75 29 61 540 1000
78 65 82 79 560 1000
22 4 18 18 60 1000
21 0 13 10 160 1000
52 46 58 58 740 1000
61 26 47 30 960 1000
12 29 29 30 160 1000
6 36 11 23 500 1000
14 36 0 40 260 1000
49 45 42 56 180 1000
21 51 15 63 540 1000
14 38 9 25 220 1000
45 84 40 97 680 1000
4 13 12 3 360 1000
14 39 17 24 400 1000
36 45 22 49 280 1000
42 24 55 19 500 1000
70 12 71 29 660 1000
9 98 4 86 341 1000
98 45 95 60 440 1000
23 23 13 31 260 1000
28 20 36 10 100 1000
6 54 2 68 180 1000
43 88 55 94 560 1000
15 67 13 51 620 1000
48 59 59 52 360 1000
42 7 28 11 760 1000
88 48 75 53 980 1000
43 51 54 44 820 1000
0 1 12 7 1 1000
49 80 62 75 920 1000
56 71 48 81 840 1000
13 48 30 49 840 1000
58 68 66 78 860 1000
33 54 43 46 960 1000
18 20 19 4 361 1000
16 9 22 20 61 1000
91 58 77 62 560 1000
16 21 8 31 80 1000
64 58 62 43 881 1000
34 59 33 76 520 1000
16 28 11 41 740 1000
63 43 61 59 940 1000
64 7 64 25 400 1000
3 43 8 56 780 1000
0 2 3 16 2 1000
14 56 10 70 100 1000
81 69 79 54 441 1000
13 16 13 34 280 1000
24 31 12 25 240 1000
19 29 11 39 100 1000
11 49 17 37 900 1000
45 48 45 30 480 1000
2 57 13 50 280 1000
29 33 26 18 220 1000
3 18 10 29 280 1000
55 41 46 32 700 1000
74 94 89 97 980 1000
10 38 21 45 100 1000
43 47 56 52 980 1000
79 79 62 78 980 1000
36 81 41 69 461 1000
50 70 51 53 340 1000
31 27 18 32 380 1000
55 34 70 37 280 1000
20 4 21 21 60 1000
16 56 31 53 900 1000
46 23 31 20 440 1000
98 81 89 90 960 1000
39 39 36 24 820 1000
53 82 57 96 680 1000
0 1 11 8 1 1000
0 1 11 8 1 1000
66 45 54 51 240 1000
83 41 92 50 900 1000
19 42 25 54 600 1000
20 26 20 43 161 1000
0 1 5 14 1 1000
0 1 16 3 1 1000
45 80 45 62 680 1000
82 34 69 29 980 1000
20 44 7 49 180 1000
15 35 30 32 380 1000
31 62 28 77 760 1000
15 70 10 82 901 1000
11 78 20 69 800 1000
20 70 5 73 820 1000
5 72 13 82 840 1000
14 27 4 19 120 1000
32 16 24 26 140 1000
15 8 15 26 40 1000
41 56 39 40 160 1000
10 10 18 0 20 1000
47 41 47 24 321 1000
34 74 27 85 820 1000
95 65 82 70 820 1000
75 80 63 86 280 1000
18 91 29 84 480 1000
76 21 68 11 600 1000
62 74 70 84 700 1000
39 7 32 18 100 1000
26 44 27 28 521 1000
29 33 23 21 140 1000
23 22 7 20 160 1000
60 79 60 61 960 1000
99 46 91 36 720 1000
34 71 33 88 960 1000
34 21 23 14 720 1000
40 96 24 95 601 1000
12 2 6 14 380 1000
80 68 89 77 780 1000
15 13 13 28 41 1000
20 47 33 52 240 1000
31 36 20 43 360 1000
61 7 76 5 401 1000
20 22 37 23 260 1000
89 51 95 63 620 1000
30 3 37 14 720 1000
70 97 68 81 920 1000
28 43 33 30 960 1000
50 46 63 41 500 1000
70 66 79 57 940 1000
45 29 30 32 380 1000
58 65 73 68 840 1000
38 40 40 56 580 1000
6 14 22 12 20 1000
61 23 48 28 140 1000
35 28 49 32 280 1000
18 62 34 64 380 1000
52 42 60 52 180 1000
82 78 73 69 580 1000
17 48 13 34 720 1000
4 36 6 52 940 1000
20 49 23 34 520 1000
57 64 65 54 840 1000
17 40 23 28 800 1000
30 48 38 58 340 1000
33 34 31 50 840 1000
0 85 3 70 280 1000
80 7 69 14 600 1000
31 42 17 39 141 1000
54 39 69 42 120 1000
22 23 10 28 341 1000
30 65 44 62 341 1000
32 42 47 39 340 1000
12 59 13 43 461 1000
35 61 31 47 900 1000
34 0 47 5 100 1000
62 44 67 57 900 1000
80 37 74 25 400 1000
34 14 50 16 100 1000
62 87 49 82 440 1000
49 23 40 14 220 1000
21 73 9 79 380 1000
5 29 5 46 161 1000
15 69 14 86 660 1000
21 2 34 7 160 1000
22 32 30 22 420 1000
7 11 8 28 20 1000
24 23 22 7 80 1000
33 19 39 7 940 1000
1 15 17 13 180 1000
41 34 37 48 480 1000
59 80 59 62 360 1000
59 63 73 67 380 1000
73 68 76 53 400 1000
57 5 56 22 860 1000
14 40 31 41 380 1000
71 89 56 86 860 1000
20 42 35 39 460 1000
78 19 63 16 280 1000
15 22 17 38 800 1000
19 18 33 22 40 1000
13 83 9 70 401 1000
58 30 64 18 820 1000
86 40 82 54 940 1000
80 54 78 70 620 1000
15 54 22 65 760 1000
17 50 21 36 760 1000
67 9 76 18 740 1000
0 60 1 43 900 1000
15 63 9 51 700 1000
5 40 15 32 320 1000
94 21 98 7 680 1000
16 34 2 38 420 1000
74 55 87 50 880 1000
6 46 23 47 100 1000
39 34 33 22 440 1000
26 97 33 86 760 1000
52 85 64 80 381 1000
0 89 6 77 400 1000
51 66 46 79 480 1000
12 66 12 48 300 1000
46 44 35 51 820 1000
56 81 67 88 320 1000
67 46 68 29 800 1000
96 71 86 79 720 1000
17 75 29 81 700 1000
85 55 79 67 660 1000
11 21 3 31 700 1000
75 63 83 53 460 1000
25 16 27 32 200 1000
69 11 53 13 260 1000
38 19 28 11 240 1000
75 61 68 50 860 1000
7 59 18 52 620 1000
74 46 83 55 460 1000
14 43 29 40 200 1000
23 64 20 79 520 1000
43 23 49 35 900 1000
47 57 64 58 780 1000
77 70 72 83 920 1000
25 32 15 24 680 1000
27 66 24 81 840 1000
65 36 55 28 560 1000
64 66 77 61 980 1000
24 76 24 94 420 1000
8 17 18 9 120 1000
40 15 25 18 240 1000
12 15 0 21 280 1000
88 52 98 44 420 1000
58 61 72 57 400 1000
2 18 6 4 20 1000
47 38 56 29 600 1000
35 85 24 78 580 1000
24 79 29 92 600 1000
19 89 27 99 300 1000
26 59 40 63 520 1000
95 21 89 33 540 1000
19 18 18 1 400 1000
15 93 31 95 820 1000
39 52 51 58 200 1000
11 0 11 18 960 1000
19 70 14 57 760 1000
42 66 52 74 580 1000
8 79 12 93 760 1000
15 5 7 15 20 1000
25 48 15 40 120 1000
37 66 42 53 360 1000
43 14 34 23 640 1000
13 87 20 76 260 1000
3 24 20 25 80 1000
62 2 46 4 540 1000
51 16 50 33 520 1000
17 39 9 49 220 1000
3 69 20 68 300 1000
39 36 43 22 200 1000
34 68 30 54 620 1000
43 45 55 39 140 1000
24 13 19 0 80 1000
19 1 36 2 100 1000
16 30 10 42 260 1000
32 53 19 48 360 1000
51 76 65 72 640 1000
49 27 48 44 940 1000
35 69 33 53 540 1000
97 1 86 8 980 1000
38 49 35 64 240 1000
60 88 65 75 620 1000
61 37 59 52 881 1000
0 1 2 17 1 1000
36 87 30 75 480 1000
5 66 13 76 720 1000
20 37 9 30 280 1000
0 1 16 3 1 1000
65 52 49 54 600 1000
0 1 10 9 1 1000
41 71 27 75 700 1000
98 62 85 57 940 1000
69 81 55 84 481 1000
16 2 3 7 20 1000
68 89 82 85 520 1000
16 18 4 12 340 1000
68 87 76 97 560 1000
8 64 2 52 660 1000
4 8 4 26 60 1000
21 49 26 36 700 1000
47 75 63 73 780 1000
16 58 23 47 820 1000
19 54 17 38 360 1000
9 51 14 38 820 1000
47 59 49 43 340 1000
49 71 48 88 700 1000
27 16 42 19 200 1000
17 29 31 26 961 1000
16 48 8 58 100 1000
7 79 5 63 180 1000
54 45 49 32 840 1000
49 33 58 24 860 1000
69 63 60 72 460 1000
22 73 17 60 240 1000
34 7 48 3 360 1000
93 33 76 32 740 1000
42 27 41 10 920 1000
33 84 47 80 680 1000
20 94 27 83 860 1000
24 28 39 25 60 1000
1 39 16 42 340 1000
51 20 49 36 520 1000
74 39 82 49 760 1000
3 22 12 31 720 1000
30 75 41 82 440 1000
38 21 35 36 920 1000
24 36 40 34 260 1000
20 18 20 36 180 1000
32 10 20 4 500 1000
16 2 10 14 20 1000
57 96 60 81 760 1000
66 61 53 56 880 1000
29 9 41 3 380 1000
64 93 54 85 880 1000
29 68 34 81 560 1000
33 55 46 60 980 1000
56 11 54 27 360 1000
54 26 61 15 380 1000
38 19 48 27 360 1000
28 39 31 54 440 1000
13 40 13 58 440 1000
87 54 84 69 840 1000
9 77 19 69 740 1000
0 1 2 17 1 1000
91 48 89 64 960 1000
59 55 59 37 700 1000
49 16 62 11 560 1000
32 17 31 0 80 1000
73 4 73 22 600 1000
73 23 89 25 620 1000
31 4 23 14 40 1000
90 35 99 26 760 1000
40 62 46 50 860 1000
89 65 96 54 300 1000
26 11 12 7 40 1000
20 48 23 33 140 1000
22 27 28 39 200 1000
48 49 47 32 880 1000
51 80 36 83 560 1000
38 65 43 52 800 1000
16 45 28 39 560 1000
25 49 33 39 980 1000
81 50 66 53 960 1000
44 15 30 19 200 1000
54 7 56 23 720 1000
23 11 40 12 100 1000
48 82 38 74 860 1000
39 37 54 40 100 1000
61 29 68 40 500 1000
47 31 56 22 500 1000
21 61 21 43 100 1000
42 38 45 23 220 1000
84 29 93 38 800 1000
3 24 18 27 280 1000
8 39 22 35 120 1000
15 94 26 87 760 1000
9 19 17 29 980 1000
11 49 15 63 180 1000
38 39 47 30 480 1000
8 10 14 22 20 1000
25 48 15 40 440 1000
61 48 73 42 160 1000
85 64 82 79 680 1000
63 21 61 5 380 1000
6 20 5 3 420 1000
7 2 22 5 600 1000
13 24 14 41 400 1000
46 83 38 73 480 1000
29 73 14 76 500 1000
23 7 10 12 60 1000
65 24 62 9 680 1000
30 31 20 39 400 1000
36 95 29 84 200 1000
66 66 55 73 420 1000
25 19 16 10 780 1000
41 3 37 16 561 1000
54 16 38 18 180 1000
53 27 36 26 580 1000
94 49 85 58 520 1000
8 19 22 15 320 1000
73 76 61 71 381 1000
29 76 37 86 240 1000
4 29 6 45 680 1000
15 15 32 16 60 1000
3 38 17 41 261 1000
45 60 34 53 360 1000
12 59 21 50 760 1000
24 46 9 43 860 1000
54 52 66 46 380 1000
55 75 61 87 740 1000
24 79 38 75 560 1000
17 87 11 99 140 1000
95 69 80 72 780 1000
24 17 34 25 120 1000
38 89 28 97 720 1000
51 80 62 73 440 1000
19 10 4 7 200 1000
93 40 83 32 600 1000
0 1 16 3 1 1000
34 21 39 8 80 1000
31 19 18 14 460 1000
62 73 49 68 840 1000
15 10 20 23 80 1000
20 22 6 26 100 1000
70 87 54 85 440 1000
14 7 7 18 40 1000
29 56 18 49 600 1000
28 76 24 90 940 1000
15 41 20 28 180 1000
91 78 80 84 861 1000
11 39 24 44 100 1000
39 55 26 50 220 1000
26 60 18 50 300 1000
87 49 79 59 900 1000
63 21 77 25 780 1000
42 46 48 58 340 1000
39 41 54 44 780 1000
72 76 71 93 780 1000
68 59 77 68 400 1000
89 34 81 24 560 1000
20 31 4 30 261 1000
82 75 94 81 840 1000
85 98 89 84 640 1000
36 75 19 74 680 1000
24 13 30 1 400 1000
52 98 40 92 380 1000
0 1 8 11 1 1000
34 82 29 95 580 1000
28 94 27 78 601 1000
14 15 25 8 600 1000
15 50 23 60 360 1000
96 18 96 36 860 1000
40 61 50 69 520 1000
77 47 91 51 940 1000
52 73 48 87 720 1000
71 71 83 77 820 1000
68 48 62 60 740 1000
60 80 51 89 780 1000
14 40 18 54 60 1000
60 18 58 2 860 1000
32 12 16 10 340 1000
14 7 23 16 360 1000
41 8 31 16 480 1000
2 83 6 97 240 1000
51 68 50 51 320 1000
94 56 84 48 980 1000
0 1 14 5 1 1000
39 57 52 61 561 1000
37 60 29 50 440 1000
94 69 86 60 861 1000
25 50 14 57 680 1000
95 17 95 35 940 1000
16 48 17 65 180 1000
25 53 16 62 980 1000
58 48 51 59 620 1000
62 4 57 17 220 1000
25 34 15 42 160 1000
34 54 50 53 121 1000
81 62 89 52 560 1000
22 3 7 6 40 1000
25 21 34 13 441 1000
3 44 2 61 200 1000
37 9 54 10 380 1000
48 18 64 16 460 1000
7 14 13 2 880 1000
55 74 59 88 440 1000
0 1 7 12 1 1000
14 17 14 35 240 1000
48 75 40 65 600 1000
73 37 77 23 700 1000
66 42 49 43 820 1000
47 25 35 30 961 1000
23 17 36 22 60 1000
36 18 37 35 300 1000
46 28 57 34 521 1000
28 55 22 43 920 1000
21 16 19 0 360 1000
35 21 20 24 580 1000
28 28 43 25 540 1000
45 2 43 17 141 1000
0 1 5 14 1 1000
64 20 76 26 660 1000
8 27 4 13 40 1000
20 37 21 20 200 1000
20 25 17 10 360 1000
72 62 60 68 700 1000
94 57 85 48 760 1000
73 37 59 41 780 1000
11 24 11 6 40 1000
29 63 41 57 580 1000
38 37 21 36 120 1000
79 60 96 61 920 1000
68 37 72 51 880 1000
71 50 71 67 901 1000
60 90 57 75 300 1000
55 57 55 74 561 1000
16 70 9 81 860 1000
21 19 21 1 140 1000
32 66 26 78 260 1000
8 29 22 33 40 1000
33 85 50 86 780 1000
20 45 13 34 120 1000
0 53 5 66 80 1000
77 3 89 9 740 1000
47 68 58 61 800 1000
75 21 84 12 700 1000
11 98 14 83 160 1000
80 83 88 93 880 1000
49 14 32 13 560 1000
12 90 19 79 220 1000
19 80 4 77 240 1000
19 50 27 40 920 1000
93 39 89 52 601 1000
97 81 84 85 921 1000
26 7 12 3 960 1000
4 27 9 40 80 1000
40 65 54 69 920 1000
23 35 16 46 540 1000
12 94 26 90 620 1000
22 50 32 42 180 1000
3 83 0 69 441 1000
12 17 27 14 120 1000
49 32 49 15 541 1000
45 44 34 51 320 1000
23 5 39 4 321 1000
55 33 55 15 540 1000
7 13 23 15 20 1000
34 52 51 51 380 1000
51 19 44 29 601 1000
49 14 51 30 320 1000
38 71 48 63 400 1000
28 38 29 55 580 1000
9 35 14 47 161 1000
22 11 22 29 40 1000
28 35 41 40 680 1000
34 36 26 46 980 1000
47 45 35 50 961 1000
39 5 39 23 340 1000
18 30 20 46 100 1000
1 23 14 28 100 1000
4 24 14 16 60 1000
65 55 77 61 860 1000
33 82 34 65 680 1000
36 57 24 51 520 1000
85 90 70 87 920 1000
55 30 58 15 960 1000
46 32 31 29 780 1000
37 2 27 10 240 1000
61 10 61 28 480 1000
6 15 13 25 21 1000
20 73 17 88 800 1000
16 40 24 50 60 1000
28 64 41 69 500 1000
13 43 18 56 100 1000
49 81 38 88 420 1000
70 6 84 2 740 1000
15 39 0 37 161 1000
5 22 20 19 160 1000
91 71 78 76 900 1000
16 3 31 5 21 1000
21 49 22 32 420 1000
60 52 77 53 460 1000
31 28 19 22 80 1000
86 79 71 76 760 1000
5 80 12 91 840 1000
53 15 42 8 340 1000
30 91 25 78 680 1000
39 23 53 27 380 1000
24 76 16 86 340 1000
51 38 48 53 480 1000
43 36 43 54 160 1000
22 68 5 67 700 1000
24 50 26 66 540 1000
94 54 87 65 260 1000
89 52 97 42 520 1000
97 43 89 53 540 1000
23 13 19 27 740 1000
40 76 34 64 940 1000
19 18 22 3 40 1000
64 47 74 55 760 1000
17 62 17 79 821 1000
60 32 60 50 620 1000
74 37 75 20 680 1000
21 4 21 22 200 1000
84 11 70 7 720 1000
62 93 54 83 800 1000
47 23 36 17 281 1000
68 96 62 84 700 1000
36 11 53 12 240 1000
88 13 73 16 400 1000
30 33 29 16 400 1000
67 27 74 38 500 1000
36 81 39 96 640 1000
90 60 93 75 900 1000
93 76 88 89 920 1000
2 19 2 1 160 1000
55 77 39 75 980 1000
52 72 48 86 540 1000
39 69 36 54 740 1000
26 54 37 48 281 1000
49 25 43 13 860 1000
16 31 27 24 240 1000
95 34 87 24 680 1000
66 89 66 71 640 1000
17 66 22 53 200 1000
58 60 62 74 820 1000
46 52 53 41 980 1000
38 32 47 23 180 1000
45 28 61 30 880 1000
30 24 21 33 220 1000
53 55 40 50 900 1000
69 73 70 90 540 1000
18 3 18 21 800 1000
39 67 29 60 161 1000
53 17 51 33 500 1000
95 36 88 47 960 1000
13 76 16 62 541 1000
55 81 43 75 700 1000
39 47 41 63 340 1000
9 50 21 44 720 1000
51 63 40 57 481 1000
16 31 12 45 200 1000
4 78 8 64 260 1000
0 1 7 12 1 1000
89 89 97 98 521 1000
38 80 44 92 900 1000
33 2 29 16 400 1000
65 76 65 94 640 1000
16 29 26 21 560 1000
34 23 22 17 480 1000
76 88 91 91 820 1000
67 55 64 40 660 1000
37 90 21 88 440 1000
78 82 76 98 700 1000
76 96 89 92 721 1000
63 81 46 82 460 1000
49 39 55 27 780 1000
54 26 56 10 340 1000
30 18 42 12 300 1000
14 25 9 38 160 1000
36 3 40 17 120 1000
32 10 20 16 660 1000
43 64 39 78 640 1000
29 37 21 27 220 1000
30 34 17 39 260 1000
14 55 20 43 440 1000
29 44 17 50 840 1000
78 54 89 61 980 1000
6 70 13 81 380 1000
49 36 41 26 960 1000
79 81 94 84 620 1000
22 51 18 64 301 1000
47 14 58 21 640 1000
33 29 33 11 980 1000
22 25 13 16 120 1000
39 14 44 1 880 1000
12 4 28 2 140 1000
58 96 56 80 300 1000
61 60 56 73 560 1000
53 67 60 56 940 1000
30 17 30 35 240 1000
43 25 49 13 540 1000
23 7 8 4 460 1000
32 64 29 79 420 1000
34 5 44 13 440 1000
1 91 15 95 260 1000
5 38 11 50 160 1000
40 91 30 83 400 1000
28 47 39 40 840 1000
33 39 26 29 81 1000
26 5 18 15 160 1000
27 27 40 32 460 1000
40 33 56 35 480 1000
29 65 33 79 820 1000
56 30 70 26 620 1000
9 53 4 66 260 1000
24 35 26 50 621 1000
82 39 70 33 600 1000
16 16 27 9 220 1000
22 28 16 16 180 1000
25 55 9 57 620 1000
13 47 17 61 500 1000
57 32 49 22 680 1000
36 51 25 58 480 1000
34 69 32 53 520 1000
68 80 56 86 660 1000
18 26 9 35 60 1000
14 39 27 44 160 1000
20 56 14 68 500 1000
36 91 44 81 440 1000
13 7 28 10 20 1000
42 7 39 22 360 1000
70 78 72 62 660 1000
55 21 38 22 700 1000
47 63 45 47 380 1000
59 48 55 34 520 1000
9 16 4 3 560 1000
19 12 15 26 80 1000
14 6 10 20 20 1000
56 79 48 89 560 1000
11 9 12 26 20 1000
28 12 31 27 60 1000
5 26 19 30 80 1000
21 15 21 33 940 1000
82 38 94 32 820 1000
51 87 67 88 481 1000
61 57 64 42 940 1000
28 43 35 54 480 1000
21 94 18 79 640 1000
8 53 25 54 960 1000
25 94 31 82 520 1000
13 24 9 38 40 1000
13 18 0 23 200 1000
5 48 19 52 360 1000
44 44 44 62 380 1000
28 38 28 20 220 1000
6 75 22 73 720 1000
38 74 34 60 500 1000
36 65 32 79 520 1000
59 34 63 20 360 1000
7 11 21 15 20 1000
45 23 50 36 460 1000
70 41 82 35 960 1000
60 73 46 69 760 1000
93 40 76 41 640 1000
82 44 65 43 540 1000
23 23 38 20 900 1000
48 70 52 56 580 1000
74 20 60 24 860 1000
21 19 33 25 220 1000
20 78 37 77 540 1000
48 26 38 33 161 1000
30 9 34 23 440 1000
15 40 22 50 421 1000
75 77 72 92 660 1000
7 13 17 5 20 1000
28 33 26 49 160 1000
29 83 38 74 780 1000
38 75 26 81 800 1000
19 5 35 3 60 1000
45 88 44 71 800 1000
24 47 31 36 680 1000
23 68 8 71 880 1000
17 83 8 92 500 1000
21 64 13 54 920 1000
20 94 23 79 660 1000
25 51 14 44 500 1000
35 13 21 17 100 1000
28 47 25 32 760 1000
77 32 80 47 360 1000
12 1 3 10 920 1000
23 80 28 93 680 1000
21 10 14 20 61 1000
56 22 60 35 561 1000
10 29 21 22 200 1000
7 69 23 71 580 1000
27 44 34 33 160 1000
17 38 13 52 280 1000
76 98 87 91 580 1000
66 17 73 28 520 1000
11 40 12 57 120 1000
66 40 52 36 580 1000
63 69 48 67 281 1000
18 29 14 15 560 1000
5 66 13 76 200 1000
60 19 62 3 520 1000
62 21 51 28 280 1000
69 17 59 9 540 1000
98 72 96 88 900 1000
18 55 5 50 120 1000
51 29 56 16 340 1000
29 40 15 44 480 1000
64 44 66 60 860 1000
12 35 26 39 200 1000
17 3 13 17 20 1000
52 68 61 59 540 1000
37 49 35 33 860 1000
35 89 34 72 540 1000
3 39 8 52 60 1000
56 72 67 65 620 1000
22 15 9 20 40 1000
63 67 68 80 460 1000
92 32 82 40 580 1000
96 62 91 49 940 1000
1 19 9 29 140 1000
57 58 54 44 741 1000
54 45 71 46 760 1000
71 47 79 37 780 1000
6 78 19 73 420 1000
7 13 19 7 20 1000
95 22 94 5 720 1000
24 92 8 93 961 1000
62 28 62 46 580 1000
76 35 86 27 640 1000
42 23 35 12 80 1000
41 51 28 56 340 1000
6 12 5 29 20 1000
25 53 14 46 980 1000
0 1 7 12 1 1000
11 4 2 13 40 1000
69 59 82 54 620 1000
18 14 6 20 300 1000
1 44 1 26 920 1000
88 29 83 42 880 1000
40 46 44 59 601 1000
26 31 37 24 240 1000
8 42 15 31 340 1000
29 57 39 65 260 1000
94 55 88 43 400 1000
36 44 20 46 220 1000
19 31 24 18 100 1000
32 77 36 91 760 1000
31 48 18 44 261 1000
16 27 29 32 200 1000
31 53 14 54 420 1000
59 43 51 53 220 1000
17 41 3 45 180 1000
27 20 27 38 160 1000
9 81 8 64 300 1000
88 44 90 60 420 1000
40 37 47 48 280 1000
5 66 15 74 760 1000
16 13 15 30 240 1000
19 38 21 22 120 1000
11 22 11 40 480 1000
27 41 29 57 940 1000
21 29 26 16 140 1000
16 6 11 19 60 1000
52 40 39 35 420 1000
11 9 22 16 20 1000
22 82 8 78 740 1000
30 26 19 33 140 1000
53 72 63 80 440 1000
88 64 83 51 700 1000
1 27 9 37 140 1000
87 75 72 78 740 1000
4 34 17 39 300 1000
59 68 49 60 760 1000
12 51 15 66 280 1000
91 13 77 17 820 1000
0 1 10 9 1 1000
44 78 45 61 820 1000
49 20 45 34 360 1000
21 49 28 38 420 1000
18 80 33 83 660 1000
82 77 75 66 720 1000
61 86 53 96 760 1000
28 8 24 22 540 1000
54 40 38 38 460 1000
60 34 47 29 660 1000
35 24 40 37 80 1000
28 63 24 77 400 1000
19 12 31 18 800 1000
25 34 11 38 480 1000
10 1 18 11 120 1000
57 4 40 3 440 1000
36 9 48 3 160 1000
89 78 88 95 800 1000
29 4 32 19 320 1000
35 17 42 6 740 1000
65 53 68 68 660 1000
25 92 24 75 400 1000
32 49 49 50 280 1000
52 26 47 13 620 1000
35 52 47 58 320 1000
43 70 37 82 600 1000
66 53 78 59 360 1000
21 64 21 82 600 1000
72 27 67 14 800 1000
62 92 56 81 601 1000
51 22 58 11 600 1000
62 10 73 3 580 1000
36 35 39 20 480 1000
0 20 17 19 20 1000
41 35 39 51 420 1000
4 1 16 7 840 1000
43 74 31 80 720 1000
38 15 35 29 581 1000
26 97 20 85 160 1000
26 37 15 30 920 1000
41 49 26 46 620 1000
12 64 7 77 140 1000
51 18 45 6 680 1000
32 25 29 10 320 1000
24 21 15 30 560 1000
27 80 27 97 621 1000
68 39 77 48 520 1000
64 81 61 96 400 1000
47 6 53 18 120 1000
3 15 17 19 20 1000
28 66 31 51 540 1000
56 26 47 35 860 1000
64 39 74 47 680 1000
9 43 21 49 60 1000
23 36 31 46 240 1000
94 74 81 79 820 1000
34 66 48 70 700 1000
25 38 19 26 400 1000
8 26 13 39 780 1000
98 65 82 63 880 1000
25 12 40 9 40 1000
10 6 11 23 100 1000
32 74 29 59 540 1000
28 29 21 40 360 1000
92 51 98 63 920 1000
17 20 22 33 680 1000
47 74 55 84 840 1000
23 3 24 20 620 1000
43 54 29 50 200 1000
9 80 13 66 880 1000
29 96 21 87 261 1000
91 37 82 46 660 1000
12 44 16 30 220 1000
14 40 30 38 300 1000
28 42 45 41 340 1000
39 46 24 43 440 1000
22 26 36 22 300 1000
12 54 25 59 580 1000
29 83 35 95 500 1000
13 18 9 4 40 1000
86 49 84 65 520 1000
22 42 10 48 940 1000
53 44 52 61 480 1000
26 91 26 73 440 1000
29 40 29 58 240 1000
50 50 66 52 340 1000
95 84 93 68 520 1000
38 26 39 9 860 1000
80 27 93 32 720 1000
8 90 21 95 620 1000
6 96 0 84 260 1000
8 12 5 27 20 1000
26 20 10 22 580 1000
59 71 64 84 220 1000
15 19 19 33 460 1000
63 74 60 89 280 1000
61 73 76 75 401 1000
28 82 34 70 940 1000
11 54 5 66 960 1000
6 45 19 50 440 1000
11 60 23 54 880 1000
23 27 35 21 60 1000
92 84 81 90 561 1000
55 43 71 45 900 1000
49 47 40 38 260 1000
22 16 11 9 500 1000
3 33 17 29 420 1000
59 24 61 8 440 1000
38 11 54 9 120 1000
33 19 39 31 340 1000
94 93 98 79 680 1000
73 7 57 5 420 1000
70 28 77 18 801 1000
5 33 21 31 420 1000
56 23 71 20 600 1000
29 35 45 33 140 1000
7 48 19 42 200 1000
0 1 2 17 1 1000
62 5 78 3 720 1000
20 28 9 35 380 1000
80 55 82 71 240 1000
82 69 75 79 261 1000
13 98 15 83 301 1000
40 13 35 26 120 1000
18 33 11 23 461 1000
54 11 54 29 400 1000
47 73 54 83 681 1000
33 23 23 31 340 1000
23 70 32 79 560 1000
29 20 31 36 160 1000
31 68 45 64 880 1000
55 16 46 24 421 1000
17 16 31 20 200 1000
67 89 62 76 500 1000
43 74 51 65 461 1000
53 60 51 44 480 1000
58 59 65 70 560 1000
72 79 84 85 680 1000
6 19 22 21 320 1000
63 24 47 26 400 1000
30 56 25 43 860 1000
18 67 32 63 640 1000
1 23 1 5 900 1000
54 98 67 93 700 1000
72 77 85 82 560 1000
6 67 18 61 800 1000
34 56 25 65 140 1000
77 40 78 56 861 1000
9 75 1 85 380 1000
27 22 14 17 880 1000
13 51 13 69 220 1000
56 70 45 63 860 1000
78 47 64 43 600 1000
18 73 35 74 880 1000
32 61 32 43 320 1000
62 66 73 59 940 1000
50 37 42 47 480 1000
38 31 47 22 680 1000
15 75 21 87 780 1000
40 55 49 64 600 1000
90 0 90 18 940 1000
22 30 35 25 60 1000
23 97 14 88 380 1000
47 60 35 66 920 1000
18 76 23 88 521 1000
48 54 51 69 300 1000
6 64 6 46 420 1000
17 62 22 75 520 1000
58 14 53 26 561 1000
5 39 0 52 60 1000
49 59 38 66 780 1000
18 4 24 16 180 1000
49 29 53 43 460 1000
15 25 15 7 700 1000
51 16 35 14 640 1000
1 78 2 95 240 1000
24 32 29 44 361 1000
68 80 53 83 740 1000
22 28 14 38 140 1000
39 19 25 15 220 1000
0 26 3 12 41 1000
63 73 61 89 780 1000
31 38 18 43 480 1000
44 58 47 73 820 1000
58 3 70 9 880 1000
27 30 18 22 341 1000
51 73 46 60 940 1000
3 6 8 19 40 1000
33 32 49 30 440 1000
73 73 58 70 820 1000
43 50 52 41 400 1000
23 20 19 6 880 1000
80 5 80 23 800 1000
38 69 31 58 640 1000
58 73 67 82 560 1000
0 1 13 6 1 1000
4 17 18 14 141 1000
53 97 45 87 780 1000
51 24 35 26 680 1000
13 71 28 69 241 1000
48 95 41 84 880 1000
71 46 81 38 920 1000
54 84 54 66 820 1000
11 7 19 17 20 1000
16 28 20 14 60 1000
23 15 34 22 60 1000
30 47 45 50 960 1000
40 38 37 53 740 1000
18 45 27 36 280 1000
24 40 16 50 580 1000
22 83 33 77 621 1000
57 57 61 43 780 1000
44 16 56 22 620 1000
27 51 38 58 100 1000
15 32 20 45 360 1000
71 70 72 53 720 1000
43 21 36 10 140 1000
44 78 47 93 380 1000
75 67 65 59 740 1000
23 72 33 79 221 1000
40 33 56 31 280 1000
20 84 6 80 260 1000
71 26 68 11 560 1000
68 77 76 87 800 1000
93 89 85 99 620 1000
19 10 15 23 781 1000
59 77 47 71 660 1000
51 69 40 62 380 1000
1 1 10 9 2 1000
0 2 11 8 2 1000
55 7 59 21 180 1000
22 33 12 41 440 1000
29 80 44 83 800 1000
34 48 26 58 500 1000
78 23 87 14 760 1000
40 62 25 59 540 1000
55 70 51 84 720 1000
48 54 43 67 500 1000
46 68 58 62 780 1000
8 60 7 43 620 1000
16 27 3 22 640 1000
17 33 1 35 660 1000
1 36 12 29 680 1000
15 36 3 42 760 1000
19 94 27 84 560 1000
64 30 72 20 820 1000
81 51 94 55 961 1000
31 58 16 61 120 1000
24 65 16 55 880 1000
28 81 17 74 800 1000
36 19 49 24 840 1000
53 11 38 14 940 1000
39 8 22 7 880 1000
34 43 17 42 760 1000
15 93 32 92 380 1000
3 11 11 1 940 1000
39 37 47 27 900 1000
11 19 0 26 980 1000
73 33 69 19 900 1000
28 75 26 59 520 1000
13 42 1 36 480 1000
31 11 31 29 700 1000
53 13 53 31 460 1000
29 9 28 26 100 1000
49 12 61 6 720 1000
64 57 80 59 800 1000
82 92 69 88 801 1000
65 55 74 64 620 1000
26 30 26 12 100 1000
31 21 40 12 980 1000
45 76 28 75 640 1000
38 34 47 25 260 1000
17 11 2 8 860 1000
1 14 15 11 541 1000
24 56 39 53 580 1000
13 24 20 13 40 1000
32 18 49 19 340 1000
47 27 64 28 420 1000
81 35 95 31 700 1000
16 30 23 19 140 1000
61 46 77 44 520 1000
70 64 82 58 500 1000
21 56 21 39 141 1000
9 19 24 22 60 1000
0 1 5 14 1 1000
46 84 50 70 540 1000
38 33 42 47 320 1000
43 81 59 79 580 1000
27 96 31 82 640 1000
72 72 75 87 620 1000
66 39 49 40 400 1000
45 60 41 46 840 1000
0 24 14 20 100 1000
46 78 32 82 700 1000
47 30 55 40 680 1000
38 69 51 74 920 1000
53 69 68 66 380 1000
39 45 52 40 780 1000
38 45 38 63 440 1000
1 16 13 11 21 1000
44 82 55 75 820 1000
0 1 1 18 1 1000
46 59 30 61 880 1000
16 90 11 77 900 1000
67 56 63 42 920 1000
31 48 26 36 901 1000
5 60 7 76 240 1000
26 66 15 73 980 1000
66 87 69 72 520 1000
32 62 36 76 660 1000
26 3 23 18 40 1000
53 50 42 56 741 1000
5 66 16 72 341 1000
12 46 12 28 660 1000
4 11 20 9 40 1000
66 73 67 56 800 1000
33 53 41 63 260 1000
30 44 14 42 180 1000
51 32 50 15 520 1000
29 39 18 46 220 1000
36 51 35 68 520 1000
19 63 19 81 260 1000
41 39 51 47 700 1000
0 1 11 8 1 1000
28 69 34 81 680 1000
52 83 48 69 560 1000
10 34 26 32 220 1000
25 43 26 60 300 1000
40 12 25 15 140 1000
93 32 78 29 960 1000
22 34 11 41 380 1000
35 75 49 79 900 1000
57 40 44 45 480 1000
53 55 57 41 460 1000
37 24 36 41 440 1000
62 85 55 74 720 1000
21 91 18 76 620 1000
8 87 5 72 320 1000
89 78 97 68 600 1000
6 34 17 28 41 1000
82 63 87 76 640 1000
44 17 33 24 320 1000
11 7 22 14 60 1000
0 1 1 18 120 1000
12 71 28 69 360 1000
26 45 40 49 440 1000
31 42 20 35 520 1000
83 94 95 99 781 1000
11 69 20 60 460 1000
0 18 7 29 20 1000
48 75 35 70 840 1000
67 33 66 16 500 1000
0 1 10 9 1 1000
88 92 85 77 900 1000
85 78 99 74 920 1000
47 99 42 86 620 1000
16 78 4 84 340 1000
34 19 38 5 280 1000
55 86 44 79 960 1000
8 12 21 7 20 1000
2 65 9 76 720 1000
34 60 50 58 780 1000
35 26 22 31 280 1000
25 69 15 61 860 1000
58 32 62 46 340 1000
16 4 28 10 20 1000
42 33 40 49 440 1000
16 61 9 50 560 1000
70 36 83 41 300 1000
3 15 11 5 20 1000
65 65 53 59 460 1000
29 66 29 48 240 1000
50 41 42 50 821 1000
22 30 16 42 300 1000
16 43 14 59 320 1000
30 35 15 38 240 1000
9 29 10 46 300 1000
70 50 79 41 900 1000
3 52 17 48 400 1000
19 82 18 98 621 1000
4 44 17 49 740 1000
31 69 23 59 460 1000
31 81 47 83 540 1000
48 36 40 46 820 1000
25 54 24 37 240 1000
95 62 85 54 960 1000
76 42 70 54 660 1000
7 30 20 35 80 1000
24 47 21 62 80 1000
6 69 10 83 720 1000
36 30 27 39 500 1000
58 55 46 61 680 1000
47 45 58 38 940 1000
12 37 27 34 800 1000
15 27 30 30 60 1000
46 78 61 81 740 1000
0 1 6 13 1 1000
88 18 96 28 820 1000
31 39 32 23 281 1000
24 51 13 44 80 1000
29 93 17 87 620 1000
0 1 4 15 1 1000
53 89 42 96 500 1000
86 42 94 52 900 1000
48 75 64 73 480 1000
15 25 17 9 460 1000
16 7 32 9 640 1000
28 12 29 29 780 1000
