500 500 100 10000 17 2000
0 1 12 7 80 99
33 54 49 52 560 579
9 158 16 147 1680 1699
61 71 73 65 180 199
73 129 66 139 961 979
24 26 38 22 100 119
37 21 39 6 121 139
181 30 181 13 1541 1559
25 63 32 74 1300 1319
39 120 31 110 1120 1139
172 26 177 39 1220 1239
25 68 37 62 1240 1259
109 29 115 17 340 359
110 149 110 131 1880 1899
40 37 47 48 280 299
43 26 52 17 480 499
11 89 25 93 1100 1119
70 130 81 123 980 999
56 34 54 50 1500 1519
50 36 36 32 380 399
132 53 140 63 960 979
171 25 161 33 1660 1679
17 40 22 27 160 179
70 75 80 82 981 999
109 52 118 43 1600 1619
14 103 15 86 1080 1099
72 103 75 118 1320 1339
61 41 50 34 420 439
49 14 32 13 560 579
36 53 25 46 560 579
30 29 38 19 600 619
0 1 15 4 1 19
58 45 66 55 1000 1019
26 100 24 116 1100 1119
105 46 113 36 400 419
62 49 55 59 701 719
21 25 29 34 121 139
75 67 65 59 740 759
70 50 58 44 980 999
171 93 155 95 1700 1719
21 88 10 95 800 819
10 96 24 100 820 839
133 23 138 36 1380 1399
40 96 56 98 860 879
63 18 52 25 760 779
32 15 19 10 560 579
74 132 81 143 1420 1439
20 25 14 13 320 339
167 12 184 13 1360 1379
0 29 15 26 1720 1739
8 10 23 13 20 39
53 66 53 48 480 499
72 74 75 89 1620 1639
39 81 43 95 1940 1959
28 267 28 249 1880 1899
72 50 88 48 900 919
56 58 59 43 460 479
38 227 45 216 1600 1619
67 106 50 105 1240 1259
12 71 28 73 280 299
59 58 61 74 240 259
47 85 30 86 1220 1239
191 91 198 102 1380 1399
48 68 34 72 1940 1959
30 35 20 27 240 259
83 85 95 90 521 539
30 119 43 124 600 619
34 84 42 94 1340 1359
42 95 28 91 1360 1379
98 82 96 98 1900 1919
29 163 13 161 1620 1639
100 24 117 23 500 519
86 7 86 25 560 579
59 60 57 44 360 379
28 121 14 124 1461 1479
83 49 92 40 780 799
104 31 115 24 960 979
27 25 12 28 140 159
28 98 41 103 500 519
65 17 79 21 300 319
65 65 53 59 460 479
156 70 139 69 1580 1599
54 104 66 98 460 479
16 72 27 65 1660 1679
27 66 25 50 1680 1699
208 25 194 29 1440 1459
6 75 22 73 720 739
103 25 103 7 860 879
81 35 82 18 1820 1839
15 98 15 80 1200 1219
215 15 198 16 1420 1439
53 37 59 25 1820 1839
234 74 230 60 1980 1999
49 63 61 69 1580 1599
52 75 36 77 600 619
120 52 135 54 1121 1139
53 168 55 152 960 979
67 45 53 41 1940 1959
65 50 77 44 640 659
15 56 0 59 1880 1899
27 17 40 22 340 359
24 110 8 111 961 979
82 100 79 115 980 999
23 17 36 22 60 79
20 35 5 38 280 299
51 271 64 266 1820 1839
151 28 148 13 1880 1899
55 38 71 36 1560 1579
69 60 61 70 160 179
53 58 52 75 1080 1099
73 64 83 72 200 219
50 17 43 6 200 219
15 101 29 97 460 479
70 68 78 58 260 279
92 91 82 83 520 539
69 30 80 23 280 299
149 91 157 100 1521 1539
27 18 11 16 1680 1699
63 33 70 22 260 279
177 171 189 165 1500 1519
64 152 67 137 1860 1879
142 34 152 41 1161 1179
6 147 20 143 1040 1059
27 30 19 40 1080 1099
40 19 43 4 1680 1699
14 35 6 25 160 179
153 16 167 20 520 539
54 52 66 46 380 399
189 102 173 104 1480 1499
70 59 83 64 760 779
45 194 53 184 1560 1579
43 60 36 71 1040 1059
149 4 156 15 640 659
93 64 95 48 680 699
47 126 32 123 920 939
84 72 87 57 1540 1559
35 20 21 24 80 99
26 234 27 217 1980 1999
152 3 160 13 760 779
160 12 150 20 780 799
155 66 169 62 1640 1659
6 175 14 185 1360 1379
45 44 56 51 840 859
56 82 60 96 1940 1959
72 22 84 28 1260 1279
72 89 66 100 1181 1199
32 93 20 87 1320 1339
85 81 87 66 641 659
52 40 36 38 100 119
179 91 177 75 980 999
177 76 175 60 1000 1019
80 213 95 216 1520 1539
34 29 49 32 1400 1419
38 19 25 24 280 299
162 91 173 84 1080 1099
23 53 17 65 900 919
50 17 50 35 120 139
34 48 26 58 500 519
5 49 3 33 580 599
56 22 60 35 561 579
205 123 190 125 1441 1459
121 10 134 5 1720 1739
236 85 248 79 1960 1979
173 89 184 82 1260 1279
90 42 82 52 540 559
65 9 64 26 1260 1279
1 17 6 30 20 39
111 58 115 44 880 899
12 8 9 23 20 39
77 66 73 80 1440 1459
104 227 116 221 1720 1739
43 124 28 121 920 939
20 102 21 86 1521 1539
26 159 38 165 1200 1219
64 226 49 229 1500 1519
34 31 20 35 1440 1459
45 26 29 24 1760 1779
38 274 28 266 1620 1639
66 61 52 65 1400 1419
15 66 15 48 1160 1179
13 32 2 39 200 219
123 45 115 55 500 519
149 14 147 30 1400 1419
1 63 7 74 481 499
82 152 88 164 1180 1199
90 30 90 48 1700 1719
26 173 33 184 760 779
101 84 102 67 1840 1859
68 9 52 7 560 579
67 151 61 163 1660 1679
102 41 97 54 1800 1819
23 82 29 94 240 259
25 26 11 22 680 699
108 44 102 32 1860 1879
114 125 101 130 1520 1539
15 4 31 6 560 579
119 82 132 87 1960 1979
119 5 134 2 1940 1959
23 83 21 99 1500 1519
142 10 155 15 1980 1999
145 31 132 26 940 959
111 48 99 54 1680 1699
16 77 7 86 1160 1179
97 91 94 76 1740 1759
69 87 84 90 500 519
32 60 19 55 260 279
26 152 15 159 1740 1759
30 17 15 20 80 99
199 7 208 16 1740 1759
11 84 11 102 1280 1299
16 1 8 11 160 179
89 236 95 248 1840 1859
73 22 66 11 240 259
66 12 78 18 260 279
181 95 184 110 1300 1319
63 17 73 9 300 319
19 63 19 81 260 279
91 145 83 135 1140 1159
207 95 219 101 1900 1919
97 43 105 53 540 559
84 35 98 31 400 419
62 17 49 22 1920 1939
38 137 36 153 720 739
83 84 99 86 880 899
99 10 110 17 480 499
36 136 30 124 1220 1239
99 75 114 78 1580 1599
38 59 21 60 120 139
30 78 19 84 1001 1019
26 22 13 27 220 239
25 40 25 57 741 759
118 179 130 185 1920 1939
57 121 48 112 1860 1879
39 19 38 2 500 519
35 89 34 106 540 559
129 35 143 31 700 719
22 134 22 116 1020 1039
148 76 158 68 1540 1559
93 40 96 25 680 699
32 22 41 31 300 319
49 11 59 3 980 999
15 5 21 17 20 39
27 65 32 52 1700 1719
51 69 49 85 1980 1999
36 23 23 28 1400 1419
99 37 89 44 441 459
74 32 74 50 900 919
5 25 11 14 1601 1619
8 39 22 35 120 139
3 256 13 264 1800 1819
45 33 43 49 1060 1079
141 13 150 22 1020 1039
8 105 5 120 360 379
22 259 29 270 1720 1739
79 37 66 42 780 799
196 120 190 108 1420 1439
48 15 65 14 160 179
130 59 146 57 760 779
29 17 22 28 380 399
45 65 37 55 220 239
53 13 41 19 740 759
220 66 227 56 1841 1859
44 187 42 203 1880 1899
188 26 199 19 1260 1279
31 66 31 83 1261 1279
12 71 28 69 360 379
67 35 67 53 700 719
58 17 64 29 800 819
85 1 86 18 1180 1199
165 30 170 42 1381 1399
44 18 51 29 1660 1679
49 110 61 116 1040 1059
14 100 6 110 1140 1159
87 74 87 92 1800 1819
76 73 77 89 1381 1399
13 82 24 75 320 339
56 42 56 24 1100 1119
20 15 18 31 40 59
16 184 19 199 1500 1519
80 88 89 97 780 799
0 1 11 8 1 19
138 102 136 118 700 719
10 38 21 45 100 119
130 8 131 25 1580 1599
26 49 9 48 640 659
153 22 169 24 1600 1619
115 16 110 29 360 379
184 11 180 25 1240 1259
45 75 29 77 740 759
214 161 211 176 1960 1979
233 118 248 121 1560 1579
43 129 51 139 1580 1599
38 120 32 132 1140 1159
60 96 63 81 1740 1759
39 5 48 14 940 959
5 12 0 0 21 39
26 143 22 129 1360 1379
26 60 28 45 361 379
17 239 24 250 1980 1999
146 19 143 5 1981 1999
123 170 121 186 1960 1979
49 25 38 32 660 679
32 45 38 56 1781 1799
32 16 17 13 580 599
25 92 29 105 581 599
13 5 20 16 100 119
85 127 69 129 700 719
82 88 78 74 1100 1119
55 75 61 87 740 759
45 54 49 40 1040 1059
66 43 56 51 1600 1619
25 169 19 181 1260 1279
24 68 36 62 380 399
16 141 31 144 1960 1979
166 53 149 52 1160 1179
29 117 20 126 1380 1399
37 32 35 48 200 219
31 25 44 30 1180 1199
96 168 98 152 1740 1759
44 11 45 28 680 699
197 113 189 103 1460 1479
36 43 49 48 680 699
66 56 80 60 700 719
129 17 114 14 1780 1799
40 8 53 3 1220 1239
35 4 29 16 480 499
183 236 167 234 1560 1579
32 33 19 28 160 179
118 59 117 42 1960 1979
37 106 22 104 541 559
11 22 6 9 240 259
118 60 124 48 1940 1959
28 25 20 35 120 139
72 96 80 106 740 759
31 176 18 181 1160 1179
21 50 24 65 880 899
26 49 37 55 421 439
128 81 145 80 1000 1019
3 55 2 38 260 279
33 183 50 184 780 799
34 23 22 17 480 499
50 118 61 125 1420 1439
15 121 19 107 1460 1479
9 71 9 53 1060 1079
44 25 27 26 1760 1779
29 156 25 170 1240 1259
44 41 30 45 920 939
159 184 155 170 1800 1819
17 127 31 124 961 979
60 111 55 98 960 979
35 77 31 91 1060 1079
44 16 52 25 361 379
194 8 205 1 1580 1599
20 144 36 142 1060 1079
26 26 23 11 1820 1839
21 22 21 4 200 219
48 33 57 24 440 459
2 141 0 157 1600 1619
50 17 45 4 440 459
37 70 43 58 400 419
13 71 28 69 241 259
25 25 10 28 1660 1679
184 17 188 4 1301 1319
61 124 72 117 1440 1459
157 41 151 29 1860 1879
7 78 5 94 1360 1379
63 115 47 113 1780 1799
38 239 29 230 1920 1939
38 27 32 15 440 459
41 89 54 94 660 679
29 202 25 216 1400 1419
105 75 114 66 900 919
72 30 81 39 540 559
67 81 71 95 940 959
38 143 49 150 1240 1259
162 99 157 112 960 979
21 84 23 69 1541 1559
23 72 33 79 221 239
14 80 8 68 1140 1159
13 69 22 78 980 999
44 261 38 273 1600 1619
46 111 42 97 1520 1539
95 16 88 27 600 619
28 31 12 33 480 499
21 8 10 1 40 59
147 28 137 20 1240 1259
0 1 2 17 1 19
0 59 6 47 1480 1499
29 35 36 24 1380 1399
19 34 20 51 440 459
113 67 107 79 1060 1079
18 49 29 55 501 519
10 37 11 54 200 219
23 32 10 27 360 379
96 140 100 154 1340 1359
29 28 12 29 160 179
69 157 78 148 1540 1559
53 109 55 125 780 799
29 171 14 168 1460 1479
67 59 79 65 500 519
8 10 15 21 20 39
122 216 113 225 1580 1599
35 57 28 46 1140 1159
9 248 17 238 1960 1979
86 19 81 32 640 659
35 15 51 17 660 679
10 8 10 26 20 39
21 40 37 38 280 299
7 105 23 103 1140 1159
18 4 24 16 180 199
24 17 8 15 200 219
24 65 14 73 760 779
106 60 109 75 900 919
19 56 30 49 280 299
26 11 12 7 40 59
138 38 138 20 1540 1559
145 47 131 51 1020 1039
27 22 28 5 80 99
153 33 158 46 1060 1079
17 11 13 25 380 399
86 20 74 26 1620 1639
106 30 107 46 401 419
153 122 164 129 760 779
48 34 54 46 1340 1359
95 48 95 66 1240 1259
124 143 112 149 1520 1539
205 141 209 127 940 959
33 69 28 82 500 519
30 34 19 41 900 919
49 26 59 18 480 499
10 11 5 24 1440 1459
52 36 37 38 1121 1139
20 103 12 113 1840 1859
12 27 13 44 40 59
204 59 208 45 1360 1379
9 79 7 94 1601 1619
37 158 24 163 1840 1859
45 201 50 214 1620 1639
40 107 25 109 421 439
53 97 45 87 780 799
146 282 148 298 1940 1959
27 82 14 77 680 699
49 44 56 33 640 659
168 125 178 133 1720 1739
113 15 104 24 780 799
77 59 90 63 1921 1939
35 23 21 19 1500 1519
199 94 195 80 1960 1979
102 122 102 140 1460 1479
26 101 25 84 1600 1619
97 110 97 92 1720 1739
111 148 102 139 1280 1299
31 96 43 102 1520 1539
19 151 23 165 1060 1079
48 273 53 286 1600 1619
53 39 58 26 420 439
55 160 52 175 1120 1139
59 44 47 38 800 819
7 34 24 33 600 619
36 194 41 207 1180 1199
41 206 34 195 1200 1219
28 63 38 55 720 739
0 1 1 18 1 19
24 154 17 165 1820 1839
33 138 41 148 1880 1899
123 21 119 8 521 539
101 40 86 43 1040 1059
73 240 79 252 1080 1099
55 124 47 134 960 979
9 9 20 16 20 39
45 14 44 31 760 779
25 195 35 187 1420 1439
35 186 46 193 1440 1459
147 35 159 29 1100 1119
79 53 94 56 460 479
213 38 223 46 1640 1659
20 86 20 104 1340 1359
57 22 43 25 461 479
24 86 27 71 1620 1639
16 23 28 29 40 59
28 180 29 164 1601 1619
50 95 58 85 1720 1739
40 62 25 59 540 559
73 59 72 76 940 959
13 58 20 47 320 339
122 51 124 36 1741 1759
18 131 3 128 1720 1739
14 40 31 41 380 399
43 63 49 75 700 719
39 96 35 110 1960 1979
50 83 45 96 1920 1939
49 39 48 22 420 439
9 112 2 101 1840 1859
171 40 156 43 840 859
28 172 35 183 1140 1159
80 37 74 25 400 419
42 96 26 94 1300 1319
50 31 65 34 1760 1779
68 75 78 67 1520 1539
52 110 40 116 380 399
17 8 31 4 800 819
21 1 21 19 60 79
66 1 66 19 1200 1219
59 71 54 84 1900 1919
25 1 40 3 81 99
39 4 28 10 101 119
13 69 9 55 1020 1039
49 24 36 19 1400 1419
48 43 53 55 741 759
12 53 17 66 400 419
62 85 55 74 720 739
22 71 22 53 680 699
24 35 20 21 240 259
28 14 20 24 820 839
8 30 0 39 1441 1459
39 211 34 198 1820 1839
14 39 24 47 320 339
24 46 12 40 340 359
91 6 98 17 920 939
37 24 26 31 280 299
30 42 28 58 180 199
52 103 50 87 1240 1259
6 29 21 32 80 99
239 121 244 108 1820 1839
70 50 69 33 1980 1999
15 13 13 28 41 59
20 4 25 17 60 79
26 64 24 80 540 559
59 104 55 118 880 899
176 121 169 132 1200 1219
113 73 124 80 900 919
49 151 33 149 1260 1279
66 47 54 53 360 379
43 43 35 53 1140 1159
59 40 74 37 440 459
20 18 29 27 1500 1519
142 107 126 105 1800 1819
25 269 12 274 1980 1999
32 92 32 110 860 879
155 27 160 14 1700 1719
54 11 54 29 400 419
23 12 37 8 1440 1459
72 103 74 87 840 859
5 64 16 71 1640 1659
66 19 63 5 621 639
88 108 88 126 900 919
92 119 88 133 1360 1379
15 39 0 37 161 179
90 66 82 76 900 919
183 43 172 50 980 999
65 135 73 145 1660 1679
20 20 11 11 620 639
163 30 165 46 1520 1539
7 58 18 51 1040 1059
27 23 37 31 180 199
40 44 45 57 1780 1799
50 35 42 45 440 459
102 59 90 65 880 899
36 33 39 47 461 479
171 9 183 15 1500 1519
119 51 125 63 620 639
0 1 2 17 1 19
26 70 15 77 860 879
29 1 22 12 340 359
42 202 48 214 1900 1919
20 36 8 42 540 559
116 101 131 104 960 979
70 142 55 139 1100 1119
88 113 71 114 1480 1499
88 132 82 144 1380 1399
19 143 19 161 1900 1919
52 176 38 180 1140 1159
52 120 69 121 1620 1639
51 16 50 0 261 279
150 28 150 10 1020 1039
40 25 51 18 200 219
60 73 70 65 480 499
39 38 38 21 1040 1059
67 144 78 151 680 699
63 37 65 52 1281 1299
238 120 237 137 1780 1799
94 55 111 56 1880 1899
13 62 21 72 1760 1779
33 6 33 24 1320 1339
150 55 166 53 1200 1219
87 73 78 82 900 919
20 153 28 143 1720 1739
28 142 38 150 1740 1759
38 149 38 131 1760 1779
41 42 41 24 1880 1899
29 52 28 35 360 379
64 14 79 11 260 279
86 24 94 34 580 599
32 102 40 112 1860 1879
96 95 84 89 1760 1779
17 89 23 77 1060 1079
38 109 54 111 1920 1939
1 117 5 131 1740 1759
14 35 16 19 600 619
43 125 45 109 1980 1999
54 47 47 58 1360 1379
10 10 19 19 20 39
102 251 119 252 1400 1419
33 20 33 37 61 79
86 22 94 32 860 879
44 50 56 44 380 399
13 48 22 39 920 939
31 16 34 1 80 99
111 131 98 126 1060 1079
187 50 187 32 1640 1659
28 117 11 116 1280 1299
17 19 2 16 220 239
17 87 21 101 820 839
8 4 3 17 260 279
21 50 6 47 80 99
157 98 160 113 1200 1219
89 51 82 62 1100 1119
20 73 17 88 800 819
40 31 31 40 800 819
214 82 210 68 1260 1279
29 63 46 62 300 319
23 136 40 137 1880 1899
34 5 44 13 440 459
3 19 5 35 60 79
35 36 33 20 1360 1379
49 49 35 53 300 319
217 98 216 115 1760 1779
57 100 40 101 920 939
47 54 59 60 1000 1019
47 73 33 69 1740 1759
16 135 9 146 1400 1419
51 112 35 114 480 499
78 41 69 50 1320 1339
20 137 31 130 1640 1659
49 10 55 22 680 699
0 1 1 18 1 19
38 21 52 25 720 739
71 37 58 42 1580 1599
3 38 16 33 120 139
25 1 19 13 60 79
33 158 23 150 1680 1699
167 235 152 238 1580 1599
52 5 41 12 320 339
55 83 64 92 860 879
64 93 54 85 880 899
54 84 71 83 900 919
210 111 210 93 1000 1019
121 31 113 41 1500 1519
27 48 43 50 1120 1139
156 45 171 48 1600 1619
122 36 110 30 1460 1479
55 47 63 37 1020 1039
63 36 51 30 1040 1059
34 73 35 90 1960 1979
96 17 84 12 461 479
27 61 33 73 1100 1119
33 19 33 37 1380 1399
58 178 55 164 1361 1379
53 40 68 37 1160 1179
146 113 159 108 1280 1299
10 23 10 5 80 99
12 36 20 26 300 319
54 35 70 37 1240 1259
49 54 51 70 1960 1979
18 62 6 56 1700 1719
18 40 12 52 380 399
14 52 4 60 540 559
21 12 19 28 120 139
49 62 62 57 1160 1179
17 61 24 50 260 279
33 36 32 19 1400 1419
4 64 6 80 940 959
49 153 39 145 1660 1679
7 24 24 25 160 179
51 100 58 111 840 859
10 92 25 90 561 579
55 47 72 48 980 999
51 78 34 79 480 499
131 26 116 23 1600 1619
51 143 65 139 1300 1319
4 21 14 13 1600 1619
104 157 109 144 1640 1659
12 6 25 11 20 39
96 116 85 123 1940 1959
29 15 34 2 700 719
3 54 12 45 640 659
19 46 2 45 1720 1739
189 0 172 1 1440 1459
20 18 20 0 1580 1599
138 37 140 53 1400 1419
121 211 124 196 1620 1639
64 14 66 30 1260 1279
71 41 66 54 700 719
25 23 19 11 1060 1079
85 63 96 69 441 459
20 22 37 23 260 279
130 88 147 87 980 999
132 10 140 0 1500 1519
51 29 50 45 1001 1019
37 18 36 2 1981 1999
95 233 95 251 1780 1799
105 77 100 90 1780 1799
89 29 105 31 380 399
29 17 34 4 420 439
24 13 32 23 80 99
32 24 42 16 100 119
25 97 28 82 1380 1399
6 24 5 7 1380 1399
90 112 104 108 1380 1399
42 84 40 100 340 359
33 210 29 196 1880 1899
25 200 26 217 1360 1379
16 58 16 76 740 759
37 102 24 97 1440 1459
48 42 55 53 1820 1839
67 135 62 148 500 519
45 16 36 7 320 339
36 8 44 18 340 359
47 142 55 152 1240 1259
15 136 19 122 600 619
16 21 15 38 40 59
57 74 67 66 520 539
49 40 65 42 440 459
103 117 95 107 1060 1079
144 23 157 18 1520 1539
18 10 14 24 140 159
74 39 88 35 520 539
89 98 88 115 800 819
80 107 80 89 760 779
189 179 189 197 1860 1879
4 16 1 1 20 39
37 49 33 63 820 839
54 158 66 152 1620 1639
13 156 21 146 800 819
31 96 36 83 1400 1419
19 81 34 84 1220 1239
35 50 51 48 840 859
53 68 38 71 1480 1499
122 35 131 26 760 779
132 27 146 30 781 799
2 65 5 80 320 339
61 110 56 123 1480 1499
2 100 17 97 1860 1879
123 25 123 43 1620 1639
149 54 164 51 880 899
22 84 11 77 1780 1799
78 53 73 40 1760 1779
42 151 51 142 1280 1299
75 36 86 30 461 479
54 48 60 36 1260 1279
146 1 140 13 1000 1019
34 44 29 57 940 959
29 16 21 26 80 99
165 47 165 29 1540 1559
34 49 29 36 1240 1259
25 69 31 81 1220 1239
155 44 156 27 1120 1139
37 30 33 16 1320 1339
1 91 12 98 940 959
231 89 237 77 1700 1719
82 146 71 152 641 659
42 58 35 69 1180 1199
55 46 44 39 1120 1139
13 77 10 92 1580 1599
29 29 16 33 321 339
25 163 13 157 780 799
126 13 112 17 1320 1339
40 121 51 114 1280 1299
136 88 137 105 1340 1359
30 47 24 35 240 259
87 66 83 80 600 619
111 37 95 39 1020 1039
154 35 142 41 1440 1459
72 3 74 19 1200 1219
0 22 10 30 60 79
21 89 19 105 460 479
127 47 122 34 1700 1719
196 24 186 16 1380 1399
86 19 100 15 680 699
185 78 196 71 1160 1179
42 98 37 111 1580 1599
31 175 37 163 1300 1319
153 14 170 15 1640 1659
23 157 11 163 1340 1359
59 36 60 53 440 459
39 8 22 7 880 899
142 33 144 49 1840 1859
38 44 36 28 860 879
46 124 34 130 820 839
22 123 29 112 1240 1259
28 130 44 128 1820 1839
18 36 35 37 60 79
36 84 43 73 1420 1439
73 32 64 23 960 979
6 29 6 11 40 59
163 32 162 16 1901 1919
162 17 146 19 1920 1939
136 28 127 20 1441 1459
159 24 164 37 1960 1979
164 38 164 56 1980 1999
192 104 184 94 1860 1879
17 20 13 34 240 259
91 0 96 13 800 819
24 15 37 20 400 419
24 27 10 23 280 299
0 40 15 43 100 119
68 34 81 39 1260 1279
6 12 5 29 60 79
136 1 136 19 1360 1379
26 51 13 56 280 299
39 96 42 81 720 739
11 72 7 58 1080 1099
60 102 61 85 1540 1559
91 91 94 106 1020 1039
4 24 12 34 60 79
210 86 195 89 1900 1919
171 17 182 10 1180 1199
16 34 33 35 340 359
16 55 26 47 800 819
53 260 37 258 1280 1299
101 18 112 12 381 399
221 169 216 156 1620 1639
66 43 63 58 440 459
92 164 91 147 1100 1119
46 93 63 94 1200 1219
182 85 167 88 1280 1299
80 49 90 41 520 539
154 23 148 35 720 739
36 115 39 130 640 659
214 140 202 134 1660 1679
74 57 75 40 600 619
60 154 45 157 700 719
45 2 62 1 440 459
9 9 0 0 60 79
100 48 95 60 681 699
85 71 78 82 1860 1879
158 39 145 44 1160 1179
104 93 113 84 1200 1219
216 155 214 139 1640 1659
23 114 38 117 1440 1459
14 205 31 206 1400 1419
141 62 149 52 960 979
96 51 86 59 840 859
134 6 143 15 1740 1759
69 8 86 9 960 979
26 122 35 113 1180 1199
34 32 34 50 180 199
201 141 197 127 1700 1719
37 179 21 177 1300 1319
81 37 77 23 340 359
20 36 6 40 140 159
80 67 80 49 1760 1779
39 41 54 44 780 799
71 56 65 68 1640 1659
49 176 65 174 1400 1419
7 80 16 71 1120 1139
56 77 48 87 1560 1579
45 63 39 74 321 339
0 1 8 11 1 19
19 20 7 25 141 159
56 105 62 117 1520 1539
9 31 3 20 41 59
189 164 200 157 1520 1539
244 52 239 65 1780 1799
26 42 21 29 220 239
142 62 144 46 660 679
46 10 34 5 641 659
45 148 39 136 880 899
34 96 50 94 780 799
75 79 64 86 1380 1399
244 90 246 74 1860 1879
166 12 154 18 1060 1079
228 133 224 119 1880 1899
0 1 9 10 1 19
112 63 117 76 640 659
14 15 16 31 160 179
10 133 5 121 1101 1119
119 7 119 25 540 559
21 73 9 79 380 399
17 1 20 16 260 279
5 19 11 8 1041 1059
27 70 42 67 160 179
11 12 6 25 1360 1379
35 95 34 112 860 879
34 109 19 106 1680 1699
60 26 58 10 1860 1879
59 76 67 66 1040 1059
36 132 20 130 1580 1599
7 11 22 14 20 39
24 129 8 127 1560 1579
53 93 45 103 1580 1599
57 40 64 51 240 259
57 162 64 151 1840 1859
33 78 37 64 400 419
19 35 19 53 180 199
13 10 8 22 61 79
60 12 43 13 1380 1399
49 109 52 94 1140 1159
28 53 42 57 1160 1179
13 83 14 100 1940 1959
100 102 114 98 820 839
57 104 51 93 341 359
57 81 51 69 620 639
145 28 147 12 1960 1979
35 147 49 151 1180 1199
76 111 62 115 760 779
144 95 156 89 920 939
81 67 74 56 580 599
26 127 17 136 1680 1699
12 57 9 72 1040 1059
227 86 210 85 1880 1899
20 127 25 114 1400 1419
93 61 103 53 740 759
12 32 0 26 500 519
12 15 0 21 280 299
0 22 3 7 300 319
91 44 91 62 800 819
34 3 50 1 480 499
137 25 153 23 1580 1599
8 29 19 22 40 59
35 47 37 31 1980 1999
31 36 25 47 421 439
24 51 36 57 520 539
70 48 63 37 700 719
30 37 22 27 480 499
39 86 37 71 381 399
39 43 31 53 740 759
22 26 31 17 540 559
31 16 23 26 560 579
16 27 25 18 760 779
28 16 44 17 601 619
57 97 65 87 700 719
36 30 33 44 881 899
67 35 52 32 1540 1559
33 4 29 18 1400 1419
21 34 24 49 80 99
21 141 32 148 900 919
94 206 101 217 1940 1959
42 79 46 93 240 259
27 83 34 94 1180 1199
52 45 37 48 800 819
20 28 37 29 1500 1519
1 12 7 1 581 599
66 44 49 45 1820 1839
61 13 66 0 1180 1199
29 9 28 26 100 119
221 107 214 96 1820 1839
31 27 18 32 380 399
34 23 17 22 960 979
30 9 19 2 240 259
29 45 15 49 140 159
8 43 7 59 1021 1039
4 20 21 21 180 199
48 249 43 262 1680 1699
83 84 87 98 560 579
103 21 115 15 700 719
137 37 125 43 860 879
92 54 96 40 1700 1719
290 142 305 145 1780 1799
48 102 33 99 340 359
31 51 20 58 500 519
152 7 141 14 600 619
27 112 35 122 1240 1259
101 95 84 96 620 639
27 32 31 18 1000 1019
17 125 25 135 1300 1319
88 4 84 18 1180 1199
201 131 203 147 1780 1799
2 44 15 49 1740 1759
22 40 12 32 220 239
7 66 18 59 600 619
9 119 24 122 980 999
12 157 17 170 1440 1459
30 17 30 35 240 259
91 51 85 63 1180 1199
29 123 14 126 620 639
105 23 109 9 1180 1199
5 159 3 143 1540 1559
3 144 3 126 1560 1579
230 186 217 191 1620 1639
74 48 86 43 1321 1339
15 43 7 33 540 559
122 97 117 109 1101 1119
3 3 16 8 60 79
20 89 19 72 1560 1579
13 43 29 41 1300 1319
2 130 6 117 1721 1739
23 58 21 42 1440 1459
3 18 9 29 21 39
188 29 184 42 1301 1319
9 128 11 112 1800 1819
11 111 14 126 1820 1839
38 30 52 26 220 239
43 21 37 9 100 119
51 74 41 82 1520 1539
117 77 132 80 660 679
28 139 44 137 1920 1939
159 15 159 33 1900 1919
14 20 11 34 361 379
132 277 146 281 1920 1939
0 1 5 14 1 19
66 3 75 12 560 579
29 98 42 93 480 499
174 108 180 96 1540 1559
77 47 79 31 820 839
38 5 40 20 101 119
56 75 67 68 1360 1379
50 14 59 23 140 159
5 73 0 86 1260 1279
55 7 59 21 180 199
195 132 195 149 1381 1399
77 9 75 25 1860 1879
105 277 108 262 1780 1799
54 50 55 33 260 279
135 53 122 58 1140 1159
36 88 27 97 860 879
0 1 4 15 1 19
66 48 61 61 1340 1359
220 53 217 68 1920 1939
105 65 105 47 380 399
94 78 84 86 1300 1319
119 21 124 34 820 839
15 33 8 22 100 119
77 73 60 72 940 959
53 27 36 26 580 599
39 44 29 36 1360 1379
9 11 12 26 20 39
93 135 92 152 1220 1239
115 87 121 99 1780 1799
59 24 65 12 1120 1139
103 68 90 63 600 619
84 13 67 12 1320 1339
159 48 169 56 1680 1699
67 35 53 39 1140 1159
65 15 67 31 180 199
88 35 88 17 1240 1259
100 16 117 15 700 719
9 38 2 27 360 379
12 89 6 101 1800 1819
150 20 161 26 1041 1059
39 27 37 43 100 119
58 25 53 38 1800 1819
18 19 20 3 40 59
79 69 81 53 860 879
19 15 4 18 1020 1039
192 91 176 93 1360 1379
8 34 10 50 100 119
12 29 29 30 840 859
178 17 163 14 1840 1859
33 29 17 31 1220 1239
28 140 19 131 1340 1359
103 54 108 41 760 779
30 72 20 64 380 399
29 2 23 14 1400 1419
32 251 15 252 1760 1779
76 19 60 17 1640 1659
54 87 39 90 1480 1499
118 114 121 129 1140 1159
19 42 25 54 600 619
18 33 9 24 400 419
25 134 8 135 1320 1339
80 58 80 76 820 839
96 135 97 152 1240 1259
87 53 71 51 1220 1239
46 64 44 48 1540 1559
12 5 5 15 21 39
65 80 55 88 1480 1499
178 37 192 41 1280 1299
119 83 129 75 1780 1799
0 1 0 19 1 19
76 258 69 269 1580 1599
110 184 117 173 1420 1439
22 77 6 76 541 559
21 71 30 62 1780 1799
74 52 80 41 1681 1699
108 160 112 174 1500 1519
19 162 11 153 1341 1359
12 79 15 93 581 599
154 26 139 29 1740 1759
66 73 67 56 800 819
65 33 50 36 1780 1799
85 41 89 55 1060 1079
13 45 12 62 260 279
25 54 24 37 240 259
166 18 169 3 1820 1839
73 58 57 57 1261 1279
103 102 100 87 1800 1819
89 164 93 150 1840 1859
69 30 65 16 240 259
35 31 50 28 980 999
26 125 36 133 1560 1579
19 161 21 145 1060 1079
22 58 6 56 1500 1519
122 246 124 230 1860 1879
124 229 120 243 1880 1899
2 12 5 27 60 79
87 94 97 86 1400 1419
85 151 75 159 1340 1359
87 226 100 221 1960 1979
43 146 36 135 1200 1219
26 61 32 49 880 899
165 13 177 7 1260 1279
12 6 12 24 100 119
21 50 18 65 160 179
242 103 250 113 1680 1699
118 84 129 77 820 839
19 19 8 12 300 319
99 109 103 95 1100 1119
23 65 14 74 300 319
82 80 65 79 1460 1479
205 2 205 20 1600 1619
0 1 5 14 1 19
18 15 1 14 160 179
7 11 7 29 20 39
27 23 27 40 281 299
26 109 21 96 1800 1819
78 26 95 27 420 439
33 9 30 24 340 359
170 43 158 49 1400 1419
20 60 18 76 340 359
65 151 77 145 1780 1799
43 26 38 13 560 579
53 58 36 59 1120 1139
6 61 20 65 1640 1659
43 15 50 4 1740 1759
36 84 41 96 1481 1499
17 36 28 29 520 539
77 26 60 25 1840 1859
37 102 49 108 1120 1139
38 12 27 5 580 599
27 4 30 19 600 619
51 53 51 35 500 519
22 111 17 124 1800 1819
11 33 27 35 380 399
48 167 43 154 1960 1979
40 50 53 55 460 479
125 59 139 55 1060 1079
35 46 21 50 400 419
13 56 30 55 120 139
70 121 65 108 1120 1139
29 18 26 33 160 179
137 12 135 28 1800 1819
14 8 23 17 140 159
109 83 116 73 1001 1019
59 81 68 72 1060 1079
108 43 123 46 480 499
48 18 40 8 1340 1359
66 74 75 83 940 959
13 160 3 168 1640 1659
87 75 95 65 980 999
95 64 89 76 1000 1019
89 77 89 59 1020 1039
27 19 13 15 260 279
88 142 101 137 1620 1639
74 79 82 89 1080 1099
117 40 106 34 1661 1679
78 75 68 67 1120 1139
196 70 196 52 1180 1199
45 47 38 36 540 559
69 67 75 55 1180 1199
80 104 73 115 940 959
70 45 82 51 320 339
22 29 37 26 640 659
26 158 25 175 1180 1199
44 47 47 32 360 379
109 110 107 126 1080 1099
49 28 61 34 1320 1339
144 112 127 111 1060 1079
20 20 24 34 220 239
184 38 175 46 841 859
144 39 161 38 1240 1259
74 11 76 27 1080 1099
36 188 46 196 1660 1679
5 41 13 31 1940 1959
17 99 29 105 1220 1239
46 29 60 25 680 699
100 38 90 46 820 839
7 17 19 11 940 959
25 110 15 102 440 459
100 24 94 12 1100 1119
135 32 123 26 1600 1619
2 11 18 9 200 219
17 104 11 93 541 559
14 12 12 28 340 359
227 126 238 119 1760 1779
84 17 100 19 360 379
51 125 44 114 660 679
104 76 120 74 1740 1759
168 201 153 198 1760 1779
83 179 83 161 1740 1759
136 18 149 13 1380 1399
4 230 10 241 1841 1859
178 85 167 78 1520 1539
28 12 45 11 620 639
171 144 160 137 1320 1339
61 60 59 44 200 219
0 1 7 12 1 19
31 119 21 112 521 539
18 13 32 9 480 499
68 122 57 129 1980 1999
95 59 108 64 700 719
21 16 32 9 40 59
39 65 31 75 940 959
72 10 70 26 980 999
1 14 15 11 541 559
76 280 63 285 1980 1999
8 23 5 38 120 139
5 39 20 36 140 159
89 89 80 80 780 799
19 125 18 108 1300 1319
27 109 32 96 580 599
128 167 145 166 1880 1899
13 6 21 16 160 179
115 68 129 64 1840 1859
187 84 202 87 1200 1219
26 47 18 37 640 659
21 52 31 44 320 339
95 85 90 72 1180 1199
141 105 147 93 1340 1359
38 26 41 41 380 399
41 40 55 36 400 419
12 37 7 50 200 219
89 49 89 67 1140 1159
72 76 89 77 1580 1599
67 13 54 18 1900 1919
78 153 64 149 960 979
62 37 72 45 880 899
117 147 115 163 1940 1959
32 14 30 30 580 599
155 35 141 38 1201 1219
40 46 44 59 601 619
119 142 119 160 1240 1259
38 69 31 58 640 659
35 47 22 52 220 239
127 81 112 78 1500 1519
45 75 62 74 700 719
103 73 95 82 481 499
47 98 61 94 1480 1499
43 104 44 121 440 459
30 38 16 34 1620 1639
157 20 162 33 1600 1619
8 43 3 30 680 699
21 36 36 33 200 219
7 4 5 20 80 99
47 72 35 66 1800 1819
34 94 34 76 900 919
47 37 38 28 420 439
48 111 40 101 600 619
31 76 28 91 960 979
18 117 22 103 680 699
89 3 99 11 460 479
4 27 9 40 80 99
54 39 69 42 120 139
9 132 5 118 1680 1699
20 2 20 20 60 79
12 61 12 79 1600 1619
25 86 40 89 1400 1419
17 127 8 118 1140 1159
0 1 3 16 1 19
52 41 66 45 1800 1819
46 182 48 166 1940 1959
0 1 14 5 40 59
51 36 41 44 760 779
82 37 80 22 701 719
79 80 87 90 760 779
63 14 62 31 240 259
67 70 54 75 1040 1059
19 183 34 180 1580 1599
15 22 17 38 800 819
5 40 22 39 200 219
75 48 67 58 480 499
34 7 24 15 80 99
129 49 129 67 780 799
27 105 15 111 1460 1479
87 50 81 38 1200 1219
41 27 39 43 820 839
150 21 165 24 800 819
22 115 8 118 1261 1279
24 23 29 36 1160 1179
1 30 1 12 80 99
84 16 84 34 1500 1519
25 58 39 54 1160 1179
34 83 45 76 1240 1259
62 26 62 8 460 479
7 136 2 148 1341 1359
20 24 20 42 100 119
49 49 40 58 1740 1759
29 55 36 44 1740 1759
232 44 232 26 1860 1879
10 8 14 22 20 39
23 34 33 42 1800 1819
35 28 44 37 1800 1819
30 27 25 14 1840 1859
36 20 44 10 1420 1439
203 148 202 165 1800 1819
35 62 48 67 1920 1939
174 167 180 155 1920 1939
23 6 36 11 320 339
73 140 77 154 1160 1179
40 57 28 51 440 459
42 99 32 91 840 859
72 19 80 29 840 859
24 13 24 31 40 59
113 224 116 239 1600 1619
38 27 26 21 80 99
135 33 135 51 420 439
20 230 3 229 1820 1839
191 61 201 69 1260 1279
20 64 20 46 900 919
62 129 70 119 1080 1099
20 56 32 62 1300 1319
31 101 27 87 1340 1359
17 55 0 54 660 679
84 35 67 36 1520 1539
18 117 22 103 1640 1659
168 52 156 58 1460 1479
25 252 25 270 1960 1979
102 84 118 82 700 719
16 53 15 36 360 379
102 1 108 13 1240 1259
32 74 18 71 681 699
20 40 14 52 420 439
27 8 40 13 360 379
42 91 54 86 1461 1479
33 51 35 36 481 499
57 8 44 3 520 539
56 132 54 116 1860 1879
15 14 15 32 120 139
76 26 59 25 1100 1119
27 74 39 79 301 319
45 5 45 23 460 479
0 85 11 92 1280 1299
112 164 108 150 1940 1959
86 35 93 45 1901 1919
62 28 66 42 1620 1639
83 64 86 49 560 579
2 21 18 19 120 139
28 124 30 140 660 679
3 39 14 46 100 119
13 149 21 140 881 899
33 197 30 183 1841 1859
67 57 50 56 820 839
35 37 44 46 860 879
3 53 18 50 140 159
104 37 87 36 680 699
38 68 49 75 860 879
37 27 43 15 100 119
64 147 67 162 1080 1099
20 57 15 44 520 539
40 7 40 25 1360 1379
38 97 22 99 1000 1019
22 100 28 88 1020 1039
168 1 177 10 1720 1739
71 4 56 7 1240 1259
23 29 6 28 60 79
54 56 71 55 1620 1639
50 14 50 32 540 559
36 44 51 41 1460 1479
8 67 8 49 1160 1179
58 84 43 81 1740 1759
96 24 81 27 740 759
6 39 1 52 160 179
8 20 0 30 60 79
68 14 82 10 740 759
44 168 37 179 980 999
19 101 36 100 1300 1319
13 122 24 128 1541 1559
122 87 129 98 1280 1299
12 98 18 86 1540 1559
28 186 18 178 860 879
4 183 3 200 1200 1219
121 271 104 272 1460 1479
105 259 100 246 1140 1159
81 84 67 80 920 939
40 61 51 68 400 419
98 60 113 57 540 559
17 30 8 21 1520 1539
12 65 0 71 680 699
86 102 97 109 1700 1719
10 18 26 16 1580 1599
32 81 29 96 1040 1059
59 19 65 31 1940 1959
49 21 50 4 1620 1639
23 6 10 1 40 59
184 128 187 143 1340 1359
38 21 50 27 440 459
27 16 40 11 120 139
37 66 29 56 1720 1739
163 90 168 103 1160 1179
40 23 40 5 240 259
18 44 17 28 1801 1819
77 46 73 60 600 619
11 91 23 97 1300 1319
0 1 15 4 1 19
4 14 0 28 20 39
23 72 23 55 301 319
90 37 101 30 360 379
27 88 18 96 861 879
30 27 20 19 1960 1979
67 123 65 107 1580 1599
0 1 2 17 1 19
37 25 47 33 660 679
28 150 25 165 620 639
35 90 47 84 1520 1539
6 36 4 52 700 719
34 52 21 57 660 679
140 103 147 114 1920 1939
37 116 30 106 1461 1479
49 12 61 6 720 739
1 19 14 14 180 199
37 65 29 55 420 439
13 30 4 38 221 239
39 123 28 116 460 479
18 97 11 86 880 899
121 33 126 46 660 679
69 151 81 157 1420 1439
32 101 48 103 1440 1459
5 79 11 67 340 359
16 9 28 15 800 819
16 20 13 5 300 319
9 78 6 63 400 419
111 147 124 142 1500 1519
7 36 2 49 720 739
209 27 197 21 1660 1679
32 43 20 37 480 499
7 186 1 174 1400 1419
95 34 87 24 680 699
223 154 221 170 1600 1619
0 1 15 4 1 19
84 17 88 31 1200 1219
7 31 22 29 761 779
57 28 67 36 1240 1259
35 14 38 29 640 659
82 64 84 80 1300 1319
206 63 194 57 1320 1339
49 47 50 64 700 719
22 34 11 41 380 399
53 50 42 56 741 759
47 115 55 125 1860 1879
25 59 20 72 780 799
34 36 19 33 420 439
146 29 155 38 800 819
20 71 21 88 1480 1499
32 45 21 38 1240 1259
50 46 39 39 1020 1039
23 83 20 68 900 919
52 82 35 83 1460 1479
21 19 19 35 140 159
41 30 51 38 280 299
10 49 12 65 120 139
8 20 15 31 1540 1559
15 39 28 34 620 639
32 91 35 76 1040 1059
23 106 26 91 1400 1419
6 13 20 16 21 39
85 106 81 92 640 659
11 13 21 21 500 519
47 31 49 47 380 399
88 26 86 10 1300 1319
152 114 166 117 1401 1419
73 146 90 147 1680 1699
25 82 29 96 1800 1819
67 30 73 18 200 219
205 75 206 58 1220 1239
0 1 8 11 1 19
59 115 69 107 820 839
26 64 17 73 1140 1159
107 111 111 97 860 879
59 25 49 33 1300 1319
71 191 71 173 1500 1519
50 173 60 181 1400 1419
18 72 33 69 700 719
68 48 62 60 740 759
104 120 109 107 1860 1879
49 106 59 114 280 299
59 244 59 261 1541 1559
140 35 152 41 520 539
43 95 29 91 780 799
77 46 65 51 621 639
38 26 45 37 740 759
62 201 45 200 1600 1619
63 125 77 121 1900 1919
63 58 51 52 480 499
84 58 99 61 1020 1039
14 76 6 66 700 719
0 1 7 12 1 19
25 22 33 31 341 359
26 268 24 253 1721 1739
16 41 10 52 581 599
27 44 34 33 160 179
177 108 185 98 1120 1139
51 58 50 41 640 659
19 242 9 234 1840 1859
138 19 130 9 1560 1579
2 4 6 17 681 699
60 149 56 163 1720 1739
25 217 35 225 1420 1439
77 40 83 28 1400 1419
8 23 17 14 360 379
74 211 87 216 1280 1299
30 56 19 63 420 439
9 11 4 24 20 39
39 37 54 40 100 119
85 96 100 93 1440 1459
33 105 43 113 1020 1039
32 141 45 136 840 859
43 19 54 12 1700 1719
11 4 12 21 120 139
42 25 26 23 200 219
29 19 33 5 1300 1319
305 144 319 140 1800 1819
118 42 135 41 1620 1639
92 3 99 13 1461 1479
112 3 99 8 960 979
151 82 160 91 880 899
45 138 62 139 920 939
121 38 135 34 400 419
114 82 105 91 580 599
104 83 108 70 1061 1079
110 51 105 64 360 379
35 80 23 86 400 419
20 30 20 48 220 239
12 112 0 118 540 559
42 37 57 39 221 239
72 55 75 40 1360 1379
41 45 45 31 900 919
115 50 100 53 1120 1139
104 182 93 175 900 919
95 67 105 75 1260 1279
53 25 42 32 1940 1959
25 57 20 44 180 199
218 8 218 26 1220 1239
43 75 55 81 1020 1039
65 129 67 145 660 679
67 98 75 108 640 659
147 159 147 177 1900 1919
74 51 74 68 1461 1479
103 96 104 79 1120 1139
194 114 177 113 1020 1039
39 24 39 6 360 379
63 186 74 179 800 819
39 18 35 32 440 459
28 154 12 156 1420 1439
0 1 7 12 1 19
54 117 41 122 1200 1219
119 28 129 36 680 699
15 35 16 18 100 119
106 181 121 179 941 959
73 42 82 51 1040 1059
114 193 108 204 981 999
80 23 96 25 720 739
21 87 35 91 1500 1519
20 68 27 79 300 319
2 57 13 50 280 299
32 49 35 63 1861 1879
169 96 183 92 1400 1419
10 56 11 39 1740 1759
66 31 67 14 1880 1899
8 48 14 60 220 239
74 200 74 218 1180 1199
74 217 87 222 1200 1219
46 233 39 222 1840 1859
61 60 54 71 1360 1379
12 125 26 121 1160 1179
125 64 135 56 640 659
170 81 179 90 960 979
101 214 88 219 1320 1339
90 47 103 42 680 699
85 234 102 235 1360 1379
35 52 32 37 1160 1179
18 28 2 30 300 319
71 1 85 5 580 599
51 16 35 14 640 659
17 96 5 90 1920 1939
4 59 8 45 720 739
110 153 103 164 1600 1619
155 21 142 25 921 939
28 101 34 113 680 699
18 32 27 23 60 79
88 9 102 5 880 899
69 270 73 256 1600 1619
77 182 94 183 1480 1499
29 41 25 55 820 839
22 34 22 16 340 359
70 18 73 3 1060 1079
100 104 100 122 1860 1879
30 33 13 34 200 219
27 239 12 236 1740 1759
43 179 57 175 1740 1759
80 69 89 60 1240 1259
50 69 50 51 1400 1419
37 225 46 234 1820 1839
19 11 35 13 180 199
42 19 31 12 720 739
24 118 7 119 1300 1319
16 100 11 87 1820 1839
184 88 187 103 900 919
61 46 77 44 520 539
19 29 2 30 180 199
49 76 46 61 720 739
114 101 99 99 1861 1879
42 92 32 84 500 519
48 20 46 4 300 319
20 30 32 36 60 79
29 40 29 58 240 259
41 81 26 78 620 639
122 83 139 84 1360 1379
92 62 108 64 540 559
25 42 32 31 160 179
5 195 16 202 1020 1039
60 35 45 32 1040 1059
115 17 131 15 420 439
70 58 84 62 420 439
17 137 0 138 1460 1479
31 112 16 109 1360 1379
13 19 13 37 380 399
3 125 2 142 1580 1599
25 33 40 36 340 359
176 7 166 15 1480 1499
11 146 14 131 1520 1539
148 110 140 100 1060 1079
50 34 51 51 140 159
132 15 118 11 640 659
34 14 31 29 460 479
53 60 51 44 480 499
61 72 75 68 520 539
47 61 31 59 1380 1399
40 54 44 68 740 759
47 40 53 52 360 379
60 36 56 22 580 599
44 16 56 22 620 639
14 14 31 15 60 79
6 27 18 33 160 179
82 69 75 79 261 279
34 130 38 144 1220 1239
87 23 100 28 700 719
30 125 37 114 1240 1259
9 24 12 39 40 59
59 35 67 25 660 679
37 63 37 45 1260 1279
39 12 37 28 80 99
20 45 21 62 200 219
34 16 39 3 940 959
80 7 73 18 360 379
101 40 97 54 600 619
67 133 61 145 1980 1999
19 125 27 135 1340 1359
52 38 51 22 1681 1699
10 29 21 22 200 219
12 28 26 32 700 719
0 1 12 7 1 19
155 81 150 94 1020 1039
13 72 19 60 800 819
167 97 181 101 1060 1079
181 100 178 115 1080 1099
184 12 170 8 1380 1399
38 114 24 110 1580 1599
178 115 172 104 1141 1159
117 113 128 106 1220 1239
31 30 18 35 760 779
28 68 12 70 260 279
202 88 202 106 1220 1239
51 57 47 71 500 519
29 54 33 68 480 499
20 72 27 83 660 679
8 126 18 118 1620 1639
202 43 213 50 1320 1339
213 51 204 60 1340 1359
101 216 84 215 1960 1979
25 49 25 31 1700 1719
28 71 15 66 1600 1619
33 77 42 86 1100 1119
46 140 54 130 1740 1759
19 71 12 60 1580 1599
38 8 26 2 60 79
56 162 65 171 1740 1759
196 29 194 45 1520 1539
11 56 2 64 1181 1199
20 97 17 112 1640 1659
35 32 23 27 1501 1519
88 142 94 130 1660 1679
49 27 58 18 780 799
115 109 115 91 940 959
22 26 16 14 500 519
48 49 32 47 1760 1779
193 31 207 35 1700 1719
14 107 26 113 1840 1859
75 39 71 53 1380 1399
5 69 11 81 300 319
216 77 232 78 1781 1799
42 95 33 104 1000 1019
28 101 22 113 1240 1259
54 10 40 6 140 159
227 55 219 65 1860 1879
98 232 87 225 1940 1959
23 73 22 90 540 559
28 106 44 108 1380 1399
31 8 43 14 240 259
159 13 156 28 1420 1439
13 27 14 44 140 159
11 51 21 44 641 659
17 82 12 69 1840 1859
70 79 80 71 1920 1939
21 95 19 111 1420 1439
11 18 28 19 80 99
191 185 191 203 1940 1959
37 59 31 71 1020 1039
5 56 22 57 1200 1219
47 118 48 101 320 339
2 50 5 65 740 759
284 62 278 50 1580 1599
41 39 51 47 700 719
218 29 215 14 1400 1419
16 18 9 29 140 159
25 10 8 9 40 59
41 30 25 28 560 579
16 38 27 45 140 159
29 31 29 49 860 879
59 71 64 84 220 239
46 125 49 140 1520 1539
37 5 24 10 140 159
41 30 25 32 320 339
26 112 42 110 1740 1759
30 141 25 154 680 699
77 51 66 57 481 499
41 101 45 115 460 479
19 132 25 144 1360 1379
27 140 24 155 1880 1899
33 48 47 44 240 259
104 34 110 22 620 639
74 67 79 80 600 619
39 6 26 1 1560 1579
91 37 100 46 660 679
80 27 93 32 720 739
82 54 77 67 1420 1439
124 60 124 42 700 719
142 40 126 38 1460 1479
4 14 12 4 180 199
54 95 59 82 1040 1059
42 38 51 47 340 359
107 109 118 102 1740 1759
46 75 59 70 1880 1899
80 55 82 71 240 259
115 89 100 86 860 879
40 197 43 182 1640 1659
10 242 15 229 1820 1839
66 97 71 84 800 819
83 163 83 145 620 639
53 165 66 160 1860 1879
39 63 39 45 1340 1359
21 31 37 33 100 119
89 145 77 151 1460 1479
87 252 76 259 1560 1579
61 91 58 76 1580 1599
35 17 49 21 260 279
8 34 21 29 100 119
14 101 29 98 1520 1539
27 91 24 106 380 399
25 236 15 228 1880 1899
45 71 60 74 1780 1799
59 108 58 91 720 739
24 30 33 21 100 119
31 50 28 65 1240 1259
123 54 133 46 1960 1979
29 97 20 88 1540 1559
33 63 47 67 1340 1359
116 87 116 69 1320 1339
172 22 160 27 1881 1899
216 114 232 112 1780 1799
3 201 15 207 1220 1239
10 131 13 116 1760 1779
105 52 92 47 560 579
17 39 11 27 1260 1279
171 101 181 94 1281 1299
143 66 148 79 1480 1499
25 100 19 112 1520 1539
131 76 148 75 1520 1539
108 69 123 66 1080 1099
182 104 182 86 1260 1279
93 132 102 123 1440 1459
47 49 57 57 300 319
19 12 7 18 1080 1099
95 66 93 50 1560 1579
0 1 11 8 1 19
51 31 62 38 860 879
11 9 14 24 60 79
76 21 91 24 1600 1619
76 113 77 96 1400 1419
19 9 27 19 100 119
193 21 180 26 1100 1119
12 63 22 71 280 299
64 33 51 38 1480 1499
14 47 3 54 120 139
0 72 15 69 700 719
115 89 122 100 940 959
191 144 205 140 920 939
157 56 141 54 1920 1939
139 30 139 12 1760 1779
68 126 63 139 1060 1079
30 41 21 50 1640 1659
11 10 28 9 360 379
36 123 19 124 1280 1299
4 17 16 11 40 59
0 1 5 14 1 19
24 58 33 49 460 479
76 160 81 172 1361 1379
14 27 4 19 120 139
25 25 26 8 300 319
12 38 16 51 1001 1019
15 38 2 43 120 139
179 95 188 86 1100 1119
21 27 30 36 220 239
42 31 35 20 560 579
23 26 15 36 120 139
89 43 75 47 460 479
31 68 31 86 200 219
16 5 29 0 320 339
16 6 11 19 60 79
31 33 41 41 1860 1879
14 16 9 29 180 199
105 154 100 141 1000 1019
120 38 123 53 1940 1959
2 42 5 57 140 159
45 31 58 26 700 719
48 109 34 113 1920 1939
57 43 55 59 420 439
22 53 28 65 520 539
139 68 124 71 1600 1619
132 28 143 21 620 639
101 129 89 135 1540 1559
84 78 70 82 820 839
41 31 45 17 180 199
50 16 56 27 841 859
29 39 25 25 660 679
124 58 131 48 1761 1779
11 21 3 31 700 719
120 73 125 60 1040 1059
9 52 15 64 1080 1099
38 32 42 46 140 159
140 25 149 34 1120 1139
24 98 10 94 1980 1999
21 146 8 141 1080 1099
43 133 26 134 1060 1079
19 29 12 40 100 119
8 11 1 22 880 899
11 121 10 138 1180 1199
28 6 28 24 100 119
63 69 48 67 281 299
19 12 29 4 960 979
49 39 65 37 1060 1079
126 94 125 77 1340 1359
17 90 6 97 1320 1339
19 12 25 24 1040 1059
61 38 74 43 1480 1499
107 78 106 95 1080 1099
69 18 80 11 920 939
15 178 31 176 1080 1099
13 76 16 62 541 559
82 161 86 147 1120 1139
12 36 19 25 1180 1199
94 17 97 2 960 979
96 52 95 69 980 999
203 29 199 43 1660 1679
15 39 25 31 260 279
12 2 4 12 380 399
19 117 30 124 1900 1919
37 22 27 29 1061 1079
98 17 96 1 1040 1059
26 39 31 52 280 299
124 35 131 24 1760 1779
50 55 40 63 840 859
70 68 83 63 780 799
35 69 33 53 540 559
31 12 20 19 1480 1499
39 128 37 144 920 939
122 101 122 119 960 979
73 3 86 8 540 559
14 79 7 68 1000 1019
6 24 19 19 700 719
24 117 40 119 440 459
9 45 1 35 140 159
88 2 94 14 540 559
21 106 14 117 280 299
37 46 45 56 1320 1339
111 125 117 114 1201 1219
15 3 3 9 20 39
83 43 92 34 620 639
49 14 32 13 1120 1139
17 27 10 16 1820 1839
15 20 15 38 80 99
30 47 26 33 1560 1579
11 98 18 87 1280 1299
98 80 82 78 700 719
39 77 25 81 1780 1799
29 44 25 30 1880 1899
51 52 37 56 1480 1499
4 27 9 14 200 219
46 59 45 76 680 699
43 125 36 114 620 639
36 44 28 54 1980 1999
0 1 13 6 1 19
16 166 21 179 1380 1399
0 1 10 9 1 19
52 75 55 60 1880 1899
106 60 90 62 1260 1279
55 44 71 42 440 459
76 85 82 73 1880 1899
29 1 33 15 100 119
111 262 121 270 1440 1459
27 53 23 39 180 199
23 40 15 30 200 219
237 85 220 86 1340 1359
111 45 115 59 1420 1439
209 123 201 113 1740 1759
26 31 37 24 240 259
34 77 39 64 920 939
48 10 60 4 1700 1719
42 3 51 12 440 459
135 102 139 116 1760 1779
39 5 30 14 380 399
19 98 27 108 560 579
66 61 78 67 1360 1379
32 245 30 229 1920 1939
170 25 185 22 1720 1739
52 29 59 40 240 259
74 82 68 94 1220 1239
186 106 196 114 1020 1039
45 12 33 18 120 139
0 1 4 15 1 19
148 28 138 36 980 999
46 37 49 52 440 459
60 22 74 18 500 519
55 97 38 98 980 999
74 27 70 41 1640 1659
0 53 10 61 680 699
45 16 45 34 360 379
199 122 212 118 1621 1639
26 53 42 51 1480 1499
10 65 17 76 760 779
17 77 29 83 780 799
106 31 106 14 1981 1999
34 120 48 124 1100 1119
37 140 28 149 600 619
93 40 110 41 640 659
0 1 17 0 1 19
48 50 55 61 380 399
152 175 150 159 1840 1859
269 108 253 110 1640 1659
142 127 126 125 1960 1979
104 94 116 88 1300 1319
72 47 76 33 1000 1019
132 86 132 68 1980 1999
22 59 31 51 1221 1239
110 18 123 23 500 519
43 48 56 43 1080 1099
29 6 23 18 40 59
56 25 65 16 1120 1139
91 79 107 81 540 559
147 49 139 39 580 599
67 54 82 57 720 739
67 16 82 19 1200 1219
21 56 38 57 680 699
65 157 52 162 1340 1359
10 17 10 35 200 219
99 98 98 81 1880 1899
40 14 43 29 380 399
24 150 41 151 1100 1119
21 178 18 163 1320 1339
84 61 84 79 1360 1379
84 78 87 93 1380 1399
26 135 11 132 1080 1099
97 87 91 75 1420 1439
174 91 161 96 1200 1219
7 28 9 44 40 59
108 181 106 197 1520 1539
73 69 84 76 1060 1079
38 35 55 34 560 579
85 79 98 74 1540 1559
130 50 126 63 1041 1059
16 9 22 21 1800 1819
101 154 108 165 1680 1699
133 89 139 77 1620 1639
53 112 53 94 1560 1579
30 51 36 40 981 999
21 139 22 155 961 979
26 20 33 10 1601 1619
43 127 39 113 1820 1839
147 20 160 24 1021 1039
187 80 187 62 1760 1779
45 19 45 1 420 439
77 32 80 47 360 379
54 72 59 59 340 359
172 71 165 60 1840 1859
45 74 38 63 1360 1379
24 117 16 127 960 979
28 35 28 17 640 659
161 46 156 34 1181 1199
26 113 32 102 1421 1439
200 72 208 62 1180 1199
133 47 146 52 1980 1999
135 77 140 90 1860 1879
147 10 139 20 1560 1579
16 21 6 13 40 59
134 114 145 108 881 899
17 53 11 65 180 199
15 39 28 34 140 159
15 47 5 55 1180 1199
65 11 69 25 1100 1119
27 17 19 27 1060 1079
108 96 102 85 681 699
13 101 4 110 1860 1879
23 18 26 3 160 179
52 40 48 26 940 959
10 47 2 57 1080 1099
43 22 41 38 280 299
41 39 58 40 300 319
168 88 158 96 780 799
20 43 16 29 120 139
105 61 109 48 681 699
74 35 57 36 1240 1259
66 45 53 40 400 419
50 46 58 55 1841 1859
11 40 0 33 400 419
117 35 131 39 1300 1319
2 14 1 31 60 79
36 30 27 39 500 519
32 26 32 44 140 159
11 22 14 7 120 139
82 211 74 201 1160 1179
30 230 32 246 1940 1959
64 21 78 25 1400 1419
44 58 49 45 620 639
8 72 25 71 1540 1559
42 85 48 73 1120 1139
153 20 155 4 1160 1179
155 47 155 65 1620 1639
245 25 256 32 1380 1399
121 157 133 163 1980 1999
65 68 65 51 461 479
12 51 15 66 280 299
66 49 58 59 1160 1179
32 38 45 33 1180 1199
50 135 33 134 880 899
34 133 33 116 1200 1219
45 57 45 75 1340 1359
149 91 164 88 1460 1479
38 145 51 150 920 939
30 33 29 16 400 419
22 50 23 33 1780 1799
14 79 8 90 1221 1239
59 19 76 20 660 679
25 145 26 128 1020 1039
13 17 30 18 180 199
135 91 119 89 1020 1039
47 102 60 97 1720 1739
46 25 62 27 440 459
9 39 5 53 180 199
9 171 25 173 1140 1159
159 282 147 276 1880 1899
32 75 36 89 840 859
39 53 22 54 500 519
60 127 64 141 1560 1579
168 104 179 97 1180 1199
100 89 112 83 1800 1819
35 13 51 15 820 839
35 24 51 25 621 639
0 1 9 10 1 19
25 50 34 59 960 979
72 123 57 120 1840 1859
126 56 116 48 1380 1399
65 42 76 35 560 579
70 6 62 16 1900 1919
67 120 77 128 880 899
87 130 79 120 1800 1819
5 47 5 65 180 199
22 16 11 9 500 519
60 137 67 126 1520 1539
66 54 73 43 1020 1039
41 104 27 108 520 539
37 7 22 4 1460 1479
18 25 5 21 181 199
15 237 29 233 1620 1639
15 31 5 39 1100 1119
85 85 74 92 1420 1439
57 13 49 23 620 639
3 24 20 25 80 99
173 187 159 183 1740 1759
40 6 33 17 100 119
95 70 97 86 1000 1019
106 13 110 27 1240 1259
15 56 32 57 1840 1859
4 25 4 7 40 59
89 128 93 142 1920 1939
45 27 49 13 700 719
120 102 116 88 1620 1639
70 285 80 292 1901 1919
141 128 128 133 840 859
76 305 80 292 1941 1959
90 45 103 50 840 859
142 157 155 153 941 959
42 74 57 76 1561 1579
5 74 21 76 1120 1139
50 40 56 28 660 679
12 25 3 34 1840 1859
184 40 184 23 1321 1339
16 22 27 15 100 119
151 14 139 8 1600 1619
49 125 33 123 660 679
213 130 212 113 1480 1499
158 128 156 112 1260 1279
18 32 34 34 180 199
167 38 165 22 1800 1819
97 24 109 30 320 339
44 32 38 20 260 279
24 276 22 260 1700 1719
95 67 95 49 1220 1239
57 3 70 8 660 679
66 97 51 100 480 499
53 66 46 55 360 379
68 40 70 56 340 359
127 59 127 77 540 559
173 80 190 79 1840 1859
126 18 126 36 860 879
20 46 28 56 780 799
65 122 49 124 640 659
23 48 17 60 240 259
24 40 34 48 540 559
74 20 85 27 1820 1839
34 132 30 118 580 599
32 2 29 17 900 919
54 34 54 52 700 719
110 30 121 37 380 399
0 1 12 7 1 19
58 109 70 103 1520 1539
116 121 105 114 680 699
42 68 50 58 540 559
91 108 106 111 720 739
85 49 93 39 660 679
49 113 38 120 420 439
34 93 29 80 1440 1459
10 44 15 31 1020 1039
62 50 46 48 1300 1319
19 42 34 45 920 939
89 56 85 42 1080 1099
33 16 23 24 120 139
97 103 104 114 900 919
38 60 44 49 361 379
50 165 57 176 1560 1579
114 18 112 2 940 959
20 242 25 255 1860 1879
38 58 51 53 1460 1479
18 24 14 37 1601 1619
119 88 110 79 1040 1059
122 53 113 44 1120 1139
149 58 154 45 720 739
8 29 8 47 200 219
90 18 90 36 660 679
80 35 71 26 1320 1339
19 26 14 39 1560 1579
89 69 89 51 500 519
5 82 18 87 1080 1099
94 35 99 48 1040 1059
104 23 113 14 760 779
1 10 9 0 80 99
102 1 85 2 1160 1179
149 54 163 57 1181 1199
99 154 96 139 1320 1339
5 15 15 7 20 39
41 8 31 16 480 499
97 137 90 148 1380 1399
90 150 86 137 1401 1419
49 0 57 9 501 519
14 6 10 20 20 39
40 115 30 107 400 419
51 82 58 93 1960 1979
94 150 85 159 1500 1519
19 19 26 30 260 279
20 59 33 64 1200 1219
61 150 46 147 1560 1579
46 149 56 142 1581 1599
56 143 45 150 1600 1619
42 18 40 33 121 139
3 23 8 10 860 879
90 146 78 151 1121 1139
6 104 10 118 780 799
27 70 25 86 1840 1859
46 22 33 27 1740 1759
23 39 29 51 340 359
51 35 36 32 140 159
38 45 24 49 160 179
85 83 77 73 1100 1119
6 54 2 68 180 199
42 39 58 41 200 219
21 25 23 41 100 119
70 90 86 92 820 839
191 17 196 30 1500 1519
15 121 24 130 1340 1359
57 45 60 30 380 399
20 63 20 81 320 339
70 8 64 20 1380 1399
0 1 2 17 1 19
65 86 72 97 720 739
159 28 160 11 1880 1899
114 73 127 78 720 739
72 56 83 49 1100 1119
19 98 6 103 760 779
80 9 88 19 1800 1819
61 9 44 10 660 679
30 194 24 182 1620 1639
20 31 19 47 1701 1719
184 22 178 34 1340 1359
28 36 35 47 380 399
19 80 31 74 280 299
117 110 116 127 1200 1219
68 29 73 16 1360 1379
24 58 10 54 100 119
29 9 35 21 380 399
58 32 62 46 340 359
131 35 136 48 1980 1999
127 31 140 36 500 519
16 54 5 61 580 599
28 248 38 240 1900 1919
55 60 69 64 440 459
16 75 3 80 760 779
45 38 40 51 600 619
70 64 82 58 500 519
32 68 31 51 300 319
7 13 3 27 100 119
141 39 132 30 1220 1239
33 13 23 5 220 239
68 64 85 63 1740 1759
87 114 73 118 1200 1219
16 56 5 63 620 639
3 67 5 83 1060 1079
80 79 93 84 800 819
5 25 11 37 1460 1479
46 56 58 62 380 399
67 125 67 107 1540 1559
1 2 13 8 40 59
0 1 9 10 1 19
58 25 53 12 440 459
13 38 29 40 640 659
188 7 186 23 1360 1379
57 19 70 24 1940 1959
182 87 186 101 880 899
189 73 182 84 1260 1279
11 19 1 27 1420 1439
35 67 34 50 1820 1839
15 60 2 55 240 259
97 1 97 19 1940 1959
26 50 22 64 260 279
153 33 144 42 540 559
194 101 182 95 1040 1059
182 94 172 86 1060 1079
39 79 53 83 660 679
176 98 188 104 1100 1119
4 34 17 39 300 319
101 109 117 111 1180 1199
186 103 186 85 1160 1179
39 129 38 146 660 679
16 61 9 50 560 579
251 54 237 58 1720 1739
42 8 57 5 340 359
165 40 168 55 840 859
79 45 86 56 1500 1519
94 93 98 79 680 699
47 34 41 46 880 899
34 47 50 49 560 579
187 142 196 133 1360 1379
40 81 24 83 920 939
34 80 18 78 500 519
117 151 126 159 1321 1339
134 73 139 60 1040 1059
32 25 31 9 301 319
21 67 19 51 420 439
148 133 148 151 1640 1659
162 84 172 77 1721 1739
233 99 233 117 1540 1559
249 113 252 128 1820 1839
71 83 82 76 820 839
111 9 97 13 1860 1879
269 125 269 107 1620 1639
37 21 39 5 1540 1559
253 109 242 102 1660 1679
81 68 85 54 1040 1059
19 45 27 55 260 279
34 62 23 55 220 239
20 32 6 36 180 199
291 124 290 141 1760 1779
14 39 15 22 640 659
40 12 25 15 140 159
64 108 72 118 1900 1919
54 49 64 57 1520 1539
323 143 337 139 1860 1879
151 35 138 40 660 679
87 217 101 213 1300 1319
312 144 299 148 1921 1939
44 91 52 81 1840 1859
240 61 240 79 1480 1499
28 37 31 52 960 979
0 1 6 13 1 19
169 32 154 34 1421 1439
6 31 20 35 40 59
24 19 29 32 160 179
50 29 45 16 360 379
105 23 119 20 801 819
29 72 40 65 1680 1699
30 48 27 63 300 319
17 21 31 25 140 159
66 12 76 20 1580 1599
62 13 74 7 200 219
74 8 72 24 220 239
72 23 63 32 240 259
61 90 59 105 861 879
38 26 46 36 420 439
57 16 65 25 301 319
2 245 6 231 1880 1899
7 51 15 61 220 239
70 55 64 67 360 379
13 24 14 41 400 419
0 1 15 4 1 19
12 21 7 8 360 379
161 20 144 19 1280 1299
107 56 119 62 1960 1979
29 63 27 79 1220 1239
63 4 59 18 640 659
140 20 147 10 881 899
15 110 28 115 1240 1259
16 1 16 18 21 39
49 233 45 219 1940 1959
53 40 38 43 840 859
98 102 85 107 620 639
34 285 24 277 1680 1699
14 186 29 188 1321 1339
61 152 45 150 1640 1659
59 64 42 63 1640 1659
90 57 73 58 920 939
22 51 35 56 440 459
106 77 106 59 1240 1259
38 15 35 29 581 599
70 123 59 116 800 819
70 38 54 40 1260 1279
51 46 47 60 1360 1379
66 124 68 108 860 879
65 56 80 53 600 619
40 67 40 85 360 379
110 140 96 136 1220 1239
54 117 57 102 1880 1899
81 212 79 228 1040 1059
120 11 133 16 1320 1339
0 1 6 13 1 19
211 175 214 190 1980 1999
7 193 21 197 1460 1479
36 74 42 86 340 359
23 66 12 59 480 499
15 95 20 107 601 619
45 95 32 90 1940 1959
127 44 121 32 640 659
21 46 25 32 920 939
42 107 39 122 440 459
117 228 134 227 1720 1739
0 51 17 52 800 819
27 19 42 17 801 819
43 5 43 23 1700 1719
182 85 178 99 1280 1299
54 77 71 78 760 779
39 34 33 22 440 459
185 103 187 119 1340 1359
56 58 62 47 721 739
50 33 51 50 200 219
195 151 191 164 1401 1419
32 58 29 43 1860 1879
58 80 53 67 1500 1519
21 28 5 26 240 259
53 135 48 123 1521 1539
116 222 118 206 1740 1759
18 142 6 148 1020 1039
224 184 234 192 1540 1559
15 14 32 15 280 299
36 58 49 62 1561 1579
222 175 230 185 1600 1619
223 65 207 67 1820 1839
217 192 210 181 1640 1659
51 32 45 44 520 539
59 262 59 280 1560 1579
4 61 15 68 200 219
32 5 18 9 160 179
84 12 85 29 780 799
145 99 131 95 1580 1599
28 100 22 112 1540 1559
102 42 90 36 340 359
34 29 25 38 720 739
19 200 14 187 1520 1539
6 91 14 101 960 979
82 52 66 54 1300 1319
188 164 174 168 1900 1919
1 113 7 125 980 999
3 7 10 18 180 199
36 21 39 36 80 99
108 151 121 156 1960 1979
35 9 45 1 100 119
29 49 13 47 900 919
74 42 58 40 1500 1519
84 40 70 44 300 319
13 72 28 70 1581 1599
80 135 78 119 840 859
28 27 26 11 120 139
43 33 31 39 1060 1079
58 97 53 84 360 379
83 134 82 151 1160 1179
34 3 33 20 200 219
56 50 59 65 1620 1639
48 55 55 66 1560 1579
30 41 17 46 600 619
7 19 3 5 60 79
12 41 16 54 61 79
32 29 23 38 320 339
93 108 95 92 600 619
65 75 81 77 660 679
200 12 211 19 1420 1439
168 44 180 38 1940 1959
64 49 80 48 381 399
22 33 12 41 440 459
21 119 21 101 1500 1519
43 82 59 84 1760 1779
47 57 64 58 780 799
175 61 175 79 1020 1039
23 53 36 58 540 559
72 52 87 54 1201 1219
47 45 57 37 660 679
81 40 68 35 1280 1299
0 137 11 130 1480 1499
54 84 57 99 900 919
12 46 12 28 660 679
5 2 11 13 541 559
127 110 140 105 1080 1099
18 33 34 34 1501 1519
1 93 11 85 1700 1719
27 22 20 11 760 779
136 119 126 127 720 739
12 59 13 43 461 479
54 85 39 82 1920 1939
89 66 91 50 1160 1179
23 114 34 121 1080 1099
49 141 55 153 1540 1559
16 67 3 62 840 859
170 54 169 37 1300 1319
41 149 54 144 1900 1919
183 86 171 92 1760 1779
22 42 19 57 620 639
106 97 101 84 480 499
27 70 20 59 320 339
64 50 64 68 260 279
27 34 21 22 400 419
152 26 152 44 1180 1199
78 71 78 89 640 659
23 46 9 42 1120 1139
133 97 145 102 721 739
21 50 11 58 1160 1179
65 172 68 187 1760 1779
2 65 14 59 1200 1219
19 29 23 43 180 199
28 193 19 184 1560 1579
40 107 52 101 520 539
7 42 5 58 1280 1299
5 59 15 51 1300 1319
36 34 24 28 220 239
5 43 12 32 1340 1359
166 183 163 198 1440 1459
47 98 49 114 400 419
25 32 41 30 1880 1899
61 68 54 57 1600 1619
36 47 21 44 1440 1459
46 12 46 30 660 679
33 52 22 59 1480 1499
33 9 31 25 220 239
16 41 12 28 821 839
75 136 75 118 1320 1339
38 154 31 165 1780 1799
56 35 41 38 1360 1379
198 49 195 63 1381 1399
163 197 180 198 1460 1479
235 142 231 156 1640 1659
177 8 184 19 1280 1299
88 20 77 27 1820 1839
70 118 59 111 1100 1119
100 123 107 134 1880 1899
50 120 65 123 620 639
189 16 179 9 1101 1119
229 57 213 56 1961 1979
6 14 6 32 20 39
60 26 50 34 700 719
80 57 85 70 1840 1859
118 176 128 168 1860 1879
92 46 100 37 801 819
88 72 101 77 1900 1919
22 66 10 72 940 959
86 10 101 7 980 999
32 51 29 65 1781 1799
186 86 174 92 1180 1199
0 1 8 11 1 19
8 12 21 7 20 39
46 12 61 9 580 599
54 93 68 97 680 699
67 10 50 11 600 619
50 84 47 99 1460 1479
8 17 18 9 120 139
44 66 55 73 820 839
53 123 60 112 940 959
19 112 27 122 1440 1459
5 52 7 68 200 219
7 67 19 61 220 239
19 60 9 52 240 259
129 118 118 125 1000 1019
60 57 73 62 1640 1659
150 91 140 83 1840 1859
165 36 166 19 1800 1819
219 77 225 89 1300 1319
142 83 130 89 760 779
0 2 3 16 2 19
38 133 36 149 1320 1339
28 144 13 147 860 879
43 9 59 10 1441 1459
67 6 71 19 581 599
33 17 34 0 1340 1359
164 50 173 41 900 919
10 148 21 141 1980 1999
14 51 24 59 440 459
65 16 55 8 560 579
39 21 33 33 860 879
50 62 56 74 1340 1359
14 20 6 11 41 59
321 135 311 143 1900 1919
44 32 45 15 300 319
11 102 28 101 920 939
46 86 50 72 1540 1559
58 38 75 37 1300 1319
110 29 117 40 1480 1499
93 57 93 39 1140 1159
22 15 9 20 40 59
17 64 21 50 920 939
0 110 6 122 700 719
173 137 181 128 1721 1739
152 42 148 28 540 559
100 153 97 138 1360 1379
100 38 111 31 900 919
22 75 34 69 1200 1219
109 17 109 35 940 959
26 87 38 81 880 899
116 48 103 53 980 999
38 131 46 141 1720 1739
1 19 7 7 20 39
31 19 20 12 1020 1039
22 28 29 39 1060 1079
160 114 145 111 1220 1239
62 7 60 23 480 499
13 2 7 14 80 99
43 52 27 54 240 259
172 103 178 91 1160 1179
34 150 31 135 1500 1519
92 143 81 136 1960 1979
1 28 4 13 1440 1459
61 92 56 105 560 579
132 11 144 17 1920 1939
34 76 40 64 980 999
31 61 16 64 900 919
174 9 182 19 1040 1059
77 27 75 43 1380 1399
78 98 78 80 940 959
0 26 3 12 41 59
64 76 48 77 1521 1539
60 182 75 185 1420 1439
52 6 67 9 580 599
60 20 64 34 1460 1479
15 25 30 28 100 119
51 43 57 31 500 519
48 112 38 104 1860 1879
62 36 47 33 1540 1559
50 52 48 68 1380 1399
58 41 45 45 1581 1599
59 33 74 30 940 959
126 35 126 17 880 899
53 28 40 23 1640 1659
83 166 70 171 1480 1499
52 19 55 34 1680 1699
39 132 28 139 1320 1339
42 23 39 38 1800 1819
64 32 52 38 1740 1759
74 20 74 38 1300 1319
22 83 33 77 621 639
136 60 130 48 1500 1519
28 12 24 26 260 279
170 14 171 31 1660 1679
108 114 97 121 1820 1839
64 107 63 124 1880 1899
61 96 65 82 720 739
126 16 126 34 900 919
23 40 29 52 1880 1899
101 11 117 9 1460 1479
45 32 35 25 381 399
83 41 71 35 1580 1599
87 67 77 74 1361 1379
11 24 11 6 40 59
32 21 32 3 1600 1619
22 15 21 32 80 99
183 26 183 44 960 979
23 27 35 21 60 79
25 32 39 28 80 99
16 30 15 13 180 199
81 31 86 18 660 679
54 34 45 43 820 839
30 20 24 32 220 239
41 23 47 35 1900 1919
96 32 80 34 860 879
46 25 35 32 480 499
79 12 65 16 280 299
4 102 4 84 1660 1679
12 22 11 39 340 359
11 38 25 42 360 379
49 176 36 171 1360 1379
47 17 59 23 700 719
34 32 35 15 420 439
48 79 44 65 800 819
234 191 218 189 1560 1579
58 40 72 36 1300 1319
31 15 15 13 500 519
33 0 23 8 120 139
26 168 33 157 1660 1679
37 43 21 45 1940 1959
29 101 31 117 500 519
169 36 183 40 1320 1339
142 70 127 67 1660 1679
22 25 13 16 120 139
233 35 244 42 1340 1359
75 80 63 86 280 299
20 84 6 80 260 279
133 107 146 112 1260 1279
64 57 80 59 800 819
102 45 94 35 1120 1139
62 2 66 16 460 479
20 23 30 15 240 259
64 267 80 265 1840 1859
47 63 45 47 380 399
30 26 19 33 140 159
128 257 122 245 1840 1859
128 132 113 129 860 879
168 60 174 72 1180 1199
16 69 10 57 1720 1739
32 85 34 69 1720 1739
34 41 21 46 160 179
24 96 11 91 1460 1479
62 58 66 44 1580 1599
159 28 168 37 1120 1139
12 47 25 42 280 299
88 127 78 135 920 939
31 110 39 119 1101 1119
73 85 73 68 1041 1059
31 111 47 109 1140 1159
27 18 35 28 240 259
19 39 31 34 401 419
1 27 1 9 100 119
77 21 63 25 1340 1359
28 54 13 51 1220 1239
17 19 8 27 41 59
19 38 11 48 160 179
20 76 17 61 340 359
91 21 77 25 1820 1839
164 87 148 89 1480 1499
63 46 77 42 1800 1819
26 120 20 108 1380 1399
31 54 47 56 760 779
67 147 75 137 1300 1319
18 70 16 54 180 199
5 26 12 37 1160 1179
21 112 5 114 1480 1499
103 164 101 148 1280 1299
14 105 14 123 1520 1539
74 41 77 26 1360 1379
7 187 15 177 1260 1279
45 29 30 32 380 399
87 76 70 77 480 499
46 10 49 25 460 479
48 116 46 131 1641 1659
21 28 32 35 120 139
81 73 86 86 500 519
48 132 48 114 1700 1719
48 115 36 109 1720 1739
0 1 11 8 1 19
36 91 39 76 1760 1779
59 77 49 85 500 519
26 55 32 67 280 299
189 120 172 119 1080 1099
55 143 40 140 1460 1479
240 62 251 55 1700 1719
96 68 87 77 460 479
35 63 33 79 260 279
66 6 70 20 1740 1759
14 69 15 86 440 459
12 35 26 39 200 219
14 46 11 31 460 479
40 8 49 17 660 679
79 93 96 94 1740 1759
28 39 32 26 1941 1959
44 32 39 45 780 799
7 13 16 22 20 39
101 140 113 146 1280 1299
16 19 27 26 120 139
68 40 53 37 380 399
46 9 57 16 520 539
15 25 9 37 1740 1759
26 47 36 39 200 219
17 55 26 46 140 159
75 31 87 37 1860 1879
191 110 191 92 1360 1379
2 104 15 99 1180 1199
9 13 15 1 220 239
34 107 46 101 560 579
19 32 32 27 80 99
196 115 186 107 1040 1059
83 60 79 46 1480 1499
50 71 43 82 1560 1579
22 33 19 48 960 979
187 22 171 24 1760 1779
72 81 68 95 800 819
112 129 116 143 1320 1339
7 75 2 88 500 519
2 86 6 99 521 539
6 101 19 97 541 559
55 67 66 60 860 879
46 3 47 20 560 579
12 25 23 18 120 139
44 138 53 129 1940 1959
3 15 13 23 20 39
100 29 96 15 720 739
108 31 92 33 680 699
21 43 4 42 660 679
115 90 119 104 440 459
213 57 214 40 1980 1999
20 52 26 63 761 779
26 62 16 54 780 799
33 34 37 48 360 379
27 46 24 60 821 839
24 59 10 55 840 859
16 65 1 68 920 939
64 56 57 45 1300 1319
86 7 78 17 1000 1019
20 24 34 20 620 639
44 58 38 70 620 639
201 34 213 40 1320 1339
56 41 64 31 520 539
72 60 89 59 780 799
12 8 4 18 20 39
3 169 9 157 1660 1679
30 67 32 51 1840 1859
120 10 120 28 780 799
54 88 48 100 820 839
28 62 14 66 1100 1119
66 91 78 97 1680 1699
26 1 37 8 560 579
54 206 54 224 1540 1559
129 182 118 175 1840 1859
25 85 10 82 1220 1239
53 287 41 281 1620 1639
87 27 92 40 1180 1199
59 84 74 81 1200 1219
77 140 80 154 1701 1719
9 24 26 23 1440 1459
125 152 125 134 1520 1539
104 110 100 124 780 799
6 3 23 4 200 219
22 25 28 13 600 619
42 19 54 25 1120 1139
34 21 45 15 221 239
71 4 59 10 1960 1979
95 36 106 43 1880 1899
174 29 182 19 1920 1939
23 182 29 194 1520 1539
78 43 74 29 1280 1299
15 23 27 29 420 439
7 10 3 24 280 299
30 91 25 79 1581 1599
29 15 15 11 500 519
11 64 22 57 360 379
21 175 9 170 1121 1139
34 20 32 4 140 159
196 100 209 105 1700 1719
20 20 22 4 1980 1999
43 243 32 250 1740 1759
19 111 2 110 1540 1559
15 251 3 257 1780 1799
62 125 76 129 1520 1539
13 265 29 267 1820 1839
29 268 44 265 1840 1859
45 77 47 93 1260 1279
36 89 48 95 1080 1099
15 37 17 21 1340 1359
41 1 42 18 1100 1119
44 39 44 21 200 219
97 13 90 24 1260 1279
71 240 66 253 1640 1659
232 27 227 40 1880 1899
46 28 57 34 521 539
29 63 22 52 780 799
3 11 2 28 60 79
74 105 61 100 720 739
11 39 24 44 100 119
24 45 25 28 120 139
50 213 38 219 1640 1659
32 85 40 95 520 539
54 61 65 54 1680 1699
76 35 86 27 640 659
47 51 59 45 780 799
23 70 23 87 1261 1279
23 1 31 11 180 199
43 42 48 55 280 299
48 56 39 65 300 319
38 46 31 56 1601 1619
27 232 15 238 1600 1619
54 85 53 102 360 379
53 103 68 100 380 399
145 57 150 44 820 839
21 46 29 36 120 139
32 69 37 82 680 699
86 33 90 19 640 659
178 30 163 27 780 799
7 97 8 80 1020 1039
28 67 43 64 680 699
27 109 25 125 540 559
14 78 11 63 340 359
237 59 235 43 1740 1759
109 108 116 97 1040 1059
49 44 64 41 760 779
139 9 153 13 1620 1639
53 55 57 41 460 479
38 147 55 148 680 699
39 63 47 54 281 299
21 12 36 9 40 59
51 19 63 13 220 239
42 21 40 37 920 939
109 40 103 28 1080 1099
8 153 22 157 800 819
35 69 28 58 1820 1839
72 38 65 49 460 479
47 33 42 20 900 919
35 36 28 25 1080 1099
23 4 19 18 240 259
49 184 62 179 920 939
18 169 23 157 1461 1479
104 54 95 63 1220 1239
63 197 55 207 980 999
134 44 141 54 1841 1859
185 23 183 39 1740 1759
72 91 88 93 960 979
39 132 22 133 1720 1739
56 15 72 17 360 379
8 10 6 26 20 39
12 15 14 31 240 259
15 42 7 51 501 519
24 79 38 75 560 579
97 257 111 261 1180 1199
111 262 94 261 1200 1219
147 86 135 92 1000 1019
17 45 9 55 1100 1119
209 169 222 174 1780 1799
15 27 19 41 100 119
70 42 68 26 1660 1679
27 89 27 106 1041 1059
18 54 16 38 580 599
32 245 24 235 1360 1379
88 52 98 44 420 439
22 8 20 24 60 79
27 40 38 33 120 139
6 251 6 233 1440 1459
0 1 7 12 1 19
87 123 87 141 1060 1079
202 166 207 153 1820 1839
32 225 43 218 1520 1539
84 68 67 69 1020 1039
71 39 58 34 660 679
26 153 25 169 701 719
28 99 39 106 1960 1979
15 67 6 76 220 239
33 54 34 37 400 419
10 72 17 61 1740 1759
69 45 83 42 601 619
85 100 93 90 600 619
136 38 152 36 900 919
65 175 63 191 1740 1759
155 20 149 32 600 619
33 30 26 19 1080 1099
92 50 92 32 620 639
40 4 49 13 260 279
197 131 205 121 1420 1439
20 15 25 2 40 59
24 75 18 63 1680 1699
35 74 34 57 600 619
38 170 49 163 660 679
15 134 7 124 320 339
160 12 157 27 1900 1919
1 128 4 113 1760 1779
87 38 91 24 1880 1899
1 130 5 144 1840 1859
187 63 185 47 1780 1799
3 23 5 7 60 79
107 51 122 54 1100 1119
6 46 23 47 100 119
172 85 176 99 1080 1099
106 1 119 6 1920 1939
13 34 20 45 160 179
48 31 38 23 200 219
26 40 36 48 220 239
223 100 212 107 1760 1779
21 5 13 15 220 239
148 90 134 94 1500 1519
132 79 144 85 680 699
12 4 28 2 140 159
16 39 4 33 600 619
124 242 128 256 1820 1839
76 87 91 90 1000 1019
34 252 28 240 1780 1799
47 45 36 52 260 279
0 117 9 126 560 579
29 54 23 42 440 459
75 9 91 7 900 919
75 36 87 31 581 599
140 28 138 44 1540 1559
60 41 61 25 861 879
40 7 36 21 160 179
34 12 27 23 740 759
17 18 31 15 61 79
20 18 25 31 380 399
21 51 38 52 1660 1679
27 79 32 66 340 359
9 49 25 51 660 679
25 50 14 57 680 699
14 58 9 45 700 719
63 91 56 101 561 579
121 68 117 82 1680 1699
18 85 5 90 1560 1579
171 185 168 200 1740 1759
63 131 64 148 1060 1079
82 65 79 80 1680 1699
24 236 12 242 1380 1399
17 51 26 60 860 879
55 21 38 22 700 719
18 99 33 101 1021 1039
81 114 82 97 1720 1739
21 11 16 24 140 159
9 48 26 49 640 659
6 42 13 31 1740 1759
3 25 10 14 300 319
0 2 16 3 2 19
113 73 97 75 1580 1599
21 38 35 35 1061 1079
25 24 17 14 1360 1379
97 87 113 85 1020 1039
22 28 39 29 140 159
24 38 28 52 1140 1159
68 99 55 104 1240 1259
22 175 28 187 840 859
25 8 15 16 120 139
129 51 120 60 1260 1279
32 109 41 118 880 899
38 21 38 3 440 459
38 27 47 36 400 419
1 37 17 35 500 519
222 173 223 156 1800 1819
17 125 9 135 1340 1359
10 28 23 23 380 399
14 25 9 38 160 179
44 199 47 214 1680 1699
113 60 127 64 1880 1899
201 24 201 42 1560 1579
116 39 127 32 480 499
30 105 30 123 1480 1499
155 19 145 11 820 839
96 24 86 32 700 719
73 123 85 129 1420 1439
165 116 168 131 1240 1259
92 27 92 45 1240 1259
70 172 55 169 1500 1519
26 215 31 202 1960 1979
2 103 11 95 1181 1199
24 35 26 50 621 639
87 150 78 141 1680 1699
31 62 28 77 760 779
67 55 80 60 980 999
47 187 63 185 780 799
79 156 65 152 1760 1779
193 87 187 75 1140 1159
7 54 1 65 461 479
18 60 34 58 620 639
197 22 194 7 1680 1699
67 35 76 26 1260 1279
194 30 204 22 1460 1479
158 67 172 71 1560 1579
21 61 12 52 220 239
29 90 31 106 800 819
55 119 71 121 1020 1039
26 76 13 72 921 939
42 156 33 147 740 759
36 9 51 12 120 139
191 91 178 86 1500 1519
3 39 8 52 60 79
11 53 8 67 121 139
13 205 13 187 1300 1319
58 16 68 24 500 519
4 47 14 55 1080 1099
79 20 81 36 320 339
4 55 19 58 1240 1259
157 5 167 13 1340 1359
39 47 52 42 1780 1799
140 64 155 61 980 999
36 52 20 54 1220 1239
85 37 101 39 580 599
49 31 58 40 300 319
91 168 83 178 1720 1739
64 27 67 13 341 359
4 5 14 12 61 79
16 260 15 277 1660 1679
24 29 28 15 80 99
8 75 20 69 1800 1819
37 56 25 62 1280 1299
37 27 47 35 740 759
48 66 35 61 300 319
61 29 68 40 500 519
35 13 48 8 1900 1919
77 47 81 61 540 559
81 62 89 52 560 579
12 29 29 30 160 179
28 18 33 31 1060 1079
16 6 14 22 340 359
32 114 48 112 580 599
16 94 24 104 1460 1479
146 71 156 79 720 739
90 37 91 20 680 699
133 46 125 36 720 739
125 37 108 38 740 759
108 39 116 49 760 779
81 94 92 100 661 679
163 93 172 102 1260 1279
57 12 60 27 240 259
82 84 68 88 540 559
47 62 43 76 1000 1019
71 34 60 41 840 859
56 50 41 53 860 879
102 21 111 12 920 939
20 138 36 136 460 479
73 89 66 78 1780 1799
95 38 108 43 1840 1859
138 35 145 46 1000 1019
69 90 64 77 840 859
80 42 70 50 1700 1719
1 23 1 5 900 919
0 1 9 10 1 19
55 41 47 51 1260 1279
27 56 27 74 200 219
127 57 134 46 1820 1839
32 33 16 34 141 159
145 45 146 28 1180 1199
53 26 69 24 400 419
143 13 147 27 1220 1239
102 234 102 252 1380 1399
66 171 53 166 1840 1859
82 187 94 193 840 859
74 158 87 153 1060 1079
126 19 131 32 1320 1339
6 123 19 118 720 739
182 113 192 105 1840 1859
23 7 35 13 620 639
210 127 217 116 1440 1459
86 148 79 137 1140 1159
108 31 122 35 1440 1459
21 112 29 122 1440 1459
148 78 131 77 1500 1519
81 78 85 64 680 699
3 41 12 50 540 559
18 17 17 0 240 259
15 120 10 133 1760 1779
67 15 53 19 460 479
22 101 37 104 520 539
55 40 41 36 760 779
53 42 69 40 1960 1979
110 240 104 228 1700 1719
93 143 92 160 1940 1959
1 149 13 155 1900 1919
34 26 25 35 140 159
58 18 55 33 1700 1719
0 1 9 10 1 19
69 63 77 53 420 439
93 31 105 36 641 659
18 88 17 105 1300 1319
216 157 217 174 1480 1499
160 16 171 23 1860 1879
124 35 126 19 840 859
12 34 22 26 100 119
86 60 76 68 860 879
16 110 31 113 1380 1399
24 94 20 108 1980 1999
210 28 201 37 1980 1999
33 50 41 40 1040 1059
77 197 62 200 1580 1599
72 144 56 143 841 859
21 51 25 65 780 799
33 51 32 68 660 679
13 28 13 46 240 259
34 81 33 64 480 499
69 23 77 33 340 359
93 92 83 84 1800 1819
42 33 38 19 1960 1979
22 50 24 66 660 679
32 28 34 44 220 239
15 31 30 34 1020 1039
140 86 140 104 1900 1919
109 106 105 92 1880 1899
26 123 39 128 1040 1059
97 7 106 16 500 519
90 12 84 24 1020 1039
37 37 39 53 300 319
35 69 52 68 380 399
39 24 40 7 1200 1219
44 207 59 210 1680 1699
55 74 59 88 440 459
22 86 20 71 641 659
0 124 1 107 900 919
141 15 149 5 620 639
18 76 23 88 521 539
43 72 50 83 1440 1459
84 88 87 73 1780 1799
88 1 98 9 1560 1579
38 54 35 68 1801 1819
85 101 98 96 900 919
23 102 11 108 640 659
11 107 18 118 660 679
22 64 35 59 1100 1119
13 22 10 37 40 59
43 57 59 59 220 239
41 54 31 62 880 899
10 0 9 17 60 79
0 1 13 6 1 19
177 96 177 114 1120 1139
10 40 5 27 1140 1159
97 197 99 213 1020 1039
57 46 54 61 1320 1339
64 153 58 141 1000 1019
7 69 22 66 1740 1759
127 74 123 60 1000 1019
27 4 23 18 40 59
32 79 29 64 1200 1219
14 14 14 32 420 439
8 179 22 183 1960 1979
12 39 27 42 360 379
25 28 24 11 80 99
10 124 23 119 1620 1639
185 46 185 64 1800 1819
96 41 109 46 1720 1739
33 76 38 63 920 939
14 40 23 49 1580 1599
33 50 42 41 200 219
7 85 23 87 1180 1199
79 82 77 98 1920 1939
162 32 152 24 1620 1639
34 50 25 59 1140 1159
82 32 86 18 1220 1239
39 107 37 123 1980 1999
99 85 98 102 900 919
19 160 12 149 1920 1939
46 93 48 77 960 979
39 84 53 80 480 499
58 75 64 63 1600 1619
21 77 15 65 1140 1159
25 8 36 1 440 459
47 26 62 29 640 659
34 30 34 12 1060 1079
76 63 88 68 1341 1359
62 45 65 30 600 619
68 133 67 150 1640 1659
76 98 79 83 900 919
140 19 145 32 920 939
46 229 43 244 1720 1739
65 106 80 109 1600 1619
44 29 53 20 280 299
75 28 74 11 600 619
71 81 85 77 1300 1319
23 26 24 43 1520 1539
137 91 151 95 820 839
79 35 83 21 1980 1999
32 35 48 33 1440 1459
106 65 102 79 640 659
29 96 21 105 261 279
15 15 32 16 60 79
91 68 89 52 1080 1099
63 30 67 43 261 279
42 9 42 27 480 499
52 98 42 106 420 439
45 34 30 31 1200 1219
36 111 38 127 1920 1939
38 126 44 114 1940 1959
156 0 153 15 500 519
18 30 20 46 100 119
104 115 100 101 1680 1699
19 182 22 167 1280 1299
89 85 87 101 740 759
73 79 83 71 1460 1479
30 34 17 39 260 279
17 76 20 61 1680 1699
67 89 58 98 340 359
39 99 48 108 1900 1919
200 85 207 96 1880 1899
183 39 183 21 1340 1359
74 49 73 66 760 779
98 183 98 165 1840 1859
42 24 46 10 500 519
7 75 24 76 260 279
24 75 26 59 280 299
87 56 83 42 1560 1579
9 83 15 95 460 479
79 77 81 93 780 799
68 126 54 122 940 959
17 20 28 13 1360 1379
41 94 42 77 400 419
39 75 38 58 340 359
34 101 22 107 1640 1659
29 58 39 66 440 459
89 47 87 32 921 939
149 34 165 33 741 759
59 245 53 257 1500 1519
87 43 102 40 300 319
14 15 25 21 301 319
183 158 177 170 1480 1499
147 83 134 88 1740 1759
42 53 49 64 760 779
6 21 16 29 120 139
29 44 18 37 160 179
27 2 12 5 120 139
166 122 181 125 980 999
27 72 30 87 1320 1339
236 57 234 73 1960 1979
7 32 24 31 1480 1499
139 28 153 32 1040 1059
11 117 27 115 1300 1319
14 15 12 31 200 219
99 26 101 10 1440 1459
51 69 61 61 180 199
19 34 27 24 160 179
88 77 82 65 1280 1299
37 42 52 39 920 939
249 115 252 130 1940 1959
14 109 28 105 1360 1379
131 211 128 226 1780 1799
72 77 85 82 560 579
31 13 44 18 740 759
40 32 33 21 1580 1599
21 45 13 55 1580 1599
79 84 62 85 920 939
57 25 49 15 1100 1119
33 25 33 7 1020 1039
19 131 17 115 1700 1719
23 70 14 61 1560 1579
14 36 9 23 1620 1639
108 59 99 51 421 439
64 7 64 25 400 419
59 41 50 32 180 199
20 71 5 68 280 299
209 128 219 120 960 979
71 34 60 41 1600 1619
56 81 67 88 320 339
9 50 14 37 240 259
25 170 35 162 720 739
17 10 17 28 440 459
37 98 22 101 720 739
56 80 69 75 700 719
6 19 22 21 320 339
11 4 2 13 40 59
48 73 64 71 1480 1499
64 70 48 72 1500 1519
40 52 47 63 620 639
39 79 56 78 1540 1559
53 58 63 66 1120 1139
25 8 12 13 280 299
56 32 56 14 300 319
52 40 39 35 420 439
43 16 55 21 821 839
6 15 13 25 21 39
55 50 69 46 920 939
85 47 91 59 380 399
25 32 21 18 280 299
78 62 70 72 980 999
136 33 153 32 1560 1579
118 39 129 33 1501 1519
148 29 156 39 560 579
49 112 56 102 1821 1839
56 101 48 111 1840 1859
29 128 20 137 440 459
38 103 52 99 1880 1899
185 105 184 122 1620 1639
19 89 15 103 1740 1759
39 274 52 279 1720 1739
75 186 86 193 1880 1899
57 33 42 30 540 559
189 186 173 188 1720 1739
31 19 34 4 180 199
101 110 96 123 1440 1459
38 35 49 28 760 779
6 24 6 6 820 839
1 1 10 9 2 19
54 74 53 57 1060 1079
187 5 186 21 1321 1339
98 10 81 11 1580 1599
26 4 17 13 180 199
39 35 46 24 460 479
39 45 41 61 1340 1359
74 47 66 57 320 339
156 31 156 13 1160 1179
26 31 33 42 280 299
36 21 42 9 320 339
15 31 16 14 220 239
68 100 75 110 1081 1099
60 34 47 29 660 679
105 93 116 100 940 959
29 47 36 37 1641 1659
46 33 48 17 160 179
80 30 68 36 860 879
95 91 83 85 540 559
143 83 143 65 1460 1479
155 62 155 80 1000 1019
247 23 253 35 1420 1439
29 232 36 243 1640 1659
48 50 56 40 500 519
35 121 24 114 1260 1279
35 92 41 80 600 619
116 47 107 38 1400 1419
41 54 25 52 680 699
55 64 57 80 600 619
0 1 12 7 1 19
81 65 81 47 1220 1239
30 112 14 110 1340 1359
31 72 43 66 1040 1059
69 96 61 106 720 739
15 276 10 263 1680 1699
68 96 62 84 700 719
101 4 89 10 1080 1099
35 17 26 26 220 239
46 27 46 9 480 499
15 126 0 123 880 899
13 31 4 22 1580 1599
124 136 124 154 900 919
89 12 76 7 1280 1299
14 7 1 2 240 259
9 83 17 93 980 999
106 196 91 193 1540 1559
17 77 32 80 1020 1039
78 18 83 31 1220 1239
29 95 20 104 1060 1079
68 97 56 103 320 339
46 52 37 61 340 359
1 120 14 115 1120 1139
12 134 13 117 1700 1719
149 30 152 15 960 979
157 99 151 111 1540 1559
4 111 6 127 1200 1219
33 35 37 22 1521 1539
13 138 8 151 1240 1259
68 150 75 139 1580 1599
36 13 21 10 120 139
87 160 96 169 1720 1739
28 117 22 105 1360 1379
79 124 91 130 1960 1979
19 160 12 171 840 859
88 218 85 233 1340 1359
82 92 69 88 801 819
1 175 14 170 1420 1439
32 26 43 19 100 119
12 22 13 5 140 159
85 160 68 161 1520 1539
77 65 86 56 860 879
69 47 80 54 220 239
57 35 66 44 420 439
48 49 47 32 880 899
12 81 6 69 1680 1699
142 117 153 123 741 759
14 46 6 55 161 179
24 183 36 189 1640 1659
74 10 59 7 1340 1359
51 32 50 15 520 539
19 47 27 37 1180 1199
112 15 126 18 1341 1359
75 219 79 233 1740 1759
79 232 95 234 1760 1779
21 6 4 7 40 59
26 60 21 73 1220 1239
50 46 56 58 500 519
192 97 194 113 1000 1019
42 26 51 17 500 519
59 147 72 142 820 839
115 267 124 258 1900 1919
1 67 9 57 940 959
12 1 11 18 1400 1419
57 30 43 34 1040 1059
15 20 2 15 1880 1899
32 115 23 106 1960 1979
26 32 14 38 300 319
32 28 49 29 1300 1319
72 25 86 21 840 859
240 148 234 159 1681 1699
28 13 43 16 1720 1739
48 16 62 12 180 199
51 29 36 32 1060 1079
51 69 43 59 420 439
21 100 8 105 840 859
110 4 114 17 921 939
186 176 175 169 1860 1879
64 105 63 122 1600 1619
136 291 151 289 1981 1999
45 46 61 47 501 519
199 53 206 64 1300 1319
171 23 165 35 1780 1799
22 102 22 85 561 579
10 33 14 46 661 679
48 74 56 84 460 479
64 81 61 96 400 419
132 27 142 19 1440 1459
53 61 66 56 980 999
89 76 103 72 1600 1619
25 85 14 78 980 999
9 54 23 50 1120 1139
114 172 108 161 1481 1499
69 91 70 108 540 559
160 15 154 27 1720 1739
202 86 213 93 1540 1559
32 19 17 16 960 979
82 36 74 46 820 839
98 80 86 86 660 679
0 2 12 7 2 19
43 90 54 96 1021 1039
91 55 106 58 900 919
167 196 155 190 1800 1819
127 60 115 66 1800 1819
70 25 61 16 640 659
191 138 192 155 1760 1779
83 62 84 79 800 819
156 74 143 69 1700 1719
187 104 185 88 920 939
61 57 64 42 940 959
23 45 38 42 580 599
200 61 214 65 1880 1899
65 50 67 66 1160 1179
20 29 20 47 320 339
84 29 74 21 1280 1299
150 110 135 107 980 999
135 108 152 109 1000 1019
7 13 15 3 540 559
28 59 26 75 1840 1859
19 12 12 1 360 379
58 43 58 26 221 239
5 122 17 128 1120 1139
10 30 25 33 60 79
43 113 38 100 1340 1359
1 191 8 180 980 999
22 22 12 14 220 239
104 157 112 147 1600 1619
7 13 17 21 20 39
252 129 250 113 1840 1859
128 124 124 138 1260 1279
162 111 146 109 1200 1219
111 145 112 128 1300 1319
30 123 35 110 1920 1939
6 116 1 129 1740 1759
16 10 18 26 60 79
47 27 64 28 420 439
103 138 87 136 1400 1419
27 43 33 55 380 399
22 59 18 46 141 159
33 43 40 54 300 319
32 4 16 2 140 159
32 61 32 43 320 339
25 163 21 177 1100 1119
15 146 22 135 1000 1019
35 6 46 13 640 659
34 69 39 56 520 539
53 34 48 21 520 539
134 1 142 11 1960 1979
27 116 25 132 840 859
19 83 10 92 1900 1919
94 129 84 121 1680 1699
84 122 84 104 1700 1719
41 41 41 23 1060 1079
14 38 31 37 260 279
14 3 30 5 840 859
8 28 24 30 60 79
113 84 113 66 1040 1059
96 22 105 31 820 839
99 50 99 32 440 459
230 83 229 66 1640 1659
234 113 247 118 1880 1899
153 110 157 124 1600 1619
20 122 23 107 1380 1399
29 67 20 58 1180 1199
90 45 85 32 1960 1979
49 14 35 10 80 99
0 1 7 12 1 19
7 13 18 20 20 39
28 35 41 40 680 699
62 95 73 88 1160 1179
20 19 10 27 80 99
67 67 81 63 540 559
241 71 236 58 1940 1959
45 16 54 25 240 259
151 11 138 6 1380 1399
26 132 16 140 1940 1959
18 139 21 154 1880 1899
6 90 1 102 1161 1179
48 46 36 52 340 359
7 112 5 128 840 859
53 2 69 3 421 439
23 86 19 100 1280 1299
10 154 7 169 1860 1879
3 15 16 10 1780 1799
145 53 134 60 1620 1639
37 19 24 14 60 79
21 69 28 58 380 399
163 73 166 88 1180 1199
104 93 119 96 1160 1179
135 92 145 100 1560 1579
64 48 48 49 481 499
24 105 24 87 1480 1499
155 7 154 24 700 719
235 119 236 102 1980 1999
45 167 30 164 900 919
30 165 47 164 1880 1899
77 88 70 99 1400 1419
15 12 0 15 520 539
65 101 55 109 1660 1679
13 156 3 164 1920 1939
68 39 85 40 680 699
85 41 80 28 700 719
67 32 50 33 1400 1419
4 103 4 121 1400 1419
110 31 97 36 760 779
35 148 48 144 701 719
91 46 82 37 800 819
205 100 202 85 1520 1539
74 45 87 40 840 859
56 75 62 64 541 559
12 78 9 93 1620 1639
57 24 69 29 221 239
11 7 17 19 20 39
30 182 30 164 1860 1879
19 5 3 7 140 159
15 165 6 174 1340 1359
135 27 151 25 1820 1839
20 23 19 39 61 79
36 39 33 24 1000 1019
20 77 36 75 320 339
63 62 71 72 800 819
152 40 150 56 1180 1199
91 75 93 91 1780 1799
98 128 85 133 1620 1639
59 59 45 55 1020 1039
133 17 136 2 1340 1359
41 98 36 110 1901 1919
26 7 33 18 200 219
120 61 106 57 1280 1299
78 70 76 86 980 999
10 72 16 84 260 279
98 97 85 92 920 939
23 164 38 161 1080 1099
50 104 64 108 1260 1279
35 125 34 142 1740 1759
47 60 43 47 1381 1399
29 31 26 46 180 199
29 51 43 47 1420 1439
43 46 38 59 1440 1459
94 260 81 255 1220 1239
8 8 4 22 1540 1559
149 58 162 63 1640 1659
194 21 199 8 1720 1739
117 99 110 110 780 799
27 34 31 48 80 99
31 86 26 99 1080 1099
33 20 49 22 1600 1619
41 25 38 10 900 919
50 5 56 17 1640 1659
51 16 43 26 520 539
51 69 42 60 1100 1119
79 114 77 98 1000 1019
82 18 92 26 1220 1239
7 12 17 20 40 59
11 106 24 101 1520 1539
29 23 27 7 1780 1799
191 88 207 86 1920 1939
12 39 29 38 840 859
40 139 34 151 1480 1499
37 6 54 7 360 379
14 63 4 70 1101 1119
124 139 111 144 1280 1299
63 56 78 53 600 619
22 0 34 6 1940 1959
5 91 6 108 1580 1599
40 62 46 50 860 879
0 1 0 19 1 19
109 26 95 30 960 979
18 74 29 68 1161 1179
34 41 35 24 200 219
26 43 37 50 320 339
27 33 43 35 1820 1839
78 79 78 61 960 979
11 38 20 29 1480 1499
7 11 12 24 20 39
33 10 33 28 560 579
84 35 84 17 880 899
24 72 8 74 1780 1799
139 160 155 162 1040 1059
77 26 77 8 1840 1859
31 36 14 37 280 299
58 96 56 80 300 319
30 121 33 136 1800 1819
29 73 23 85 540 559
181 14 194 9 1560 1579
196 132 191 145 1380 1399
55 65 71 67 1580 1599
37 27 48 34 420 439
19 18 35 16 720 739
81 110 85 96 1440 1459
47 6 53 18 120 139
29 66 29 48 240 259
87 47 78 38 1940 1959
217 117 213 131 1460 1479
80 37 66 40 1221 1239
146 17 137 26 1560 1579
62 73 67 86 720 739
109 47 108 30 700 719
220 27 227 38 1280 1299
18 36 8 44 660 679
54 49 44 41 1440 1459
55 41 46 32 700 719
58 22 63 35 1260 1279
54 25 55 41 741 759
23 18 23 0 160 179
113 50 105 60 1000 1019
178 134 191 139 1740 1759
23 51 13 59 1140 1159
37 41 37 23 900 919
51 49 39 43 860 879
27 13 32 1 41 59
102 140 99 155 1300 1319
5 22 20 19 200 219
154 44 157 59 740 759
1 134 17 136 1360 1379
60 146 53 157 940 959
109 143 101 153 1660 1679
44 67 48 53 760 779
35 23 31 9 220 239
11 9 28 8 1060 1079
56 23 71 20 600 619
29 27 16 22 1100 1119
16 23 29 28 1120 1139
19 14 5 10 200 219
96 176 104 186 1980 1999
14 82 19 69 1900 1919
25 34 15 42 160 179
10 19 6 5 40 59
59 41 65 29 260 279
46 92 49 107 260 279
124 86 108 84 980 999
36 88 30 76 980 999
31 25 27 12 1321 1339
31 159 43 165 1780 1799
38 129 30 120 1781 1799
29 104 42 109 1240 1259
34 19 38 5 280 299
18 70 27 61 340 359
211 94 216 107 1480 1499
7 15 7 33 1460 1479
75 46 67 56 760 779
72 63 71 80 1280 1299
54 37 70 35 200 219
26 32 11 29 1540 1559
60 19 64 33 1720 1739
9 24 21 18 120 139
166 31 171 18 1160 1179
11 12 23 7 1621 1639
23 8 39 10 1640 1659
44 20 32 14 580 599
117 174 106 181 1440 1459
161 27 176 24 1060 1079
118 136 123 123 1660 1679
9 1 15 13 100 119
135 44 136 61 1480 1499
63 7 80 8 1780 1799
185 65 172 70 1820 1839
196 117 196 99 1680 1699
33 170 26 159 1160 1179
61 8 55 20 600 619
75 26 88 21 1880 1899
65 38 77 44 1080 1099
94 83 104 75 640 659
49 126 46 141 1360 1379
12 28 21 37 180 199
49 38 66 39 560 579
167 77 159 87 1540 1559
0 1 6 13 1 19
31 65 31 83 380 399
46 32 31 29 780 799
20 40 26 29 81 99
26 30 40 26 100 119
30 37 27 22 760 779
48 42 50 26 380 399
41 56 39 40 160 179
55 13 71 15 1780 1799
35 21 20 24 580 599
38 28 50 34 780 799
106 44 89 45 1900 1919
36 209 46 217 1560 1579
56 76 73 77 1460 1479
62 33 62 51 1280 1299
49 14 51 30 320 339
41 42 53 48 1440 1459
79 167 90 174 1900 1919
46 44 35 51 820 839
47 76 42 89 1440 1459
227 22 233 34 1320 1339
19 35 19 53 340 359
60 25 55 12 1760 1779
47 77 56 86 780 799
37 143 21 141 940 959
67 78 54 82 821 839
194 102 191 87 1900 1919
74 39 65 30 560 579
185 51 199 54 1281 1299
25 94 12 90 1781 1799
172 150 161 157 980 999
93 33 100 23 641 659
94 28 88 17 801 819
27 251 19 241 1820 1839
90 60 105 57 940 959
26 10 15 17 140 159
91 3 103 9 740 759
45 48 45 30 480 499
15 12 6 3 520 539
147 32 163 30 1880 1899
19 18 33 22 40 59
66 41 77 48 800 819
60 124 58 108 1500 1519
89 4 75 8 880 899
82 64 93 58 1121 1139
6 25 15 16 40 59
40 33 56 31 280 299
144 18 150 6 1940 1959
38 4 54 2 140 159
63 80 73 88 1760 1779
66 61 72 49 880 899
103 70 111 80 1360 1379
33 6 27 18 1040 1059
86 59 81 72 1080 1099
81 73 97 71 1100 1119
25 15 15 23 60 79
28 122 13 119 940 959
43 83 59 81 1580 1599
65 17 69 31 260 279
162 12 156 1 481 499
97 72 95 56 1120 1139
121 200 122 217 1560 1579
70 147 79 155 1741 1759
78 19 63 16 280 299
153 51 156 66 1140 1159
85 11 90 23 1321 1339
90 24 78 18 1340 1359
63 121 76 126 1620 1639
40 28 43 43 260 279
13 52 5 42 1920 1939
78 24 88 16 1420 1439
8 12 8 30 180 199
23 15 10 10 1420 1439
16 9 12 23 80 99
95 27 94 44 1500 1519
10 49 22 43 1000 1019
18 26 9 35 60 79
47 30 41 42 400 419
34 5 45 11 461 479
98 74 82 73 1601 1619
43 131 29 127 1700 1719
9 41 9 23 100 119
78 68 95 67 1540 1559
168 88 183 85 1740 1759
56 97 51 110 880 899
140 54 155 57 1420 1439
44 82 59 85 980 999
20 78 5 81 820 839
28 14 43 11 300 319
18 1 14 15 40 59
31 52 16 55 560 579
116 87 131 90 1840 1859
39 14 27 9 1101 1119
122 80 120 65 1881 1899
248 122 256 132 1580 1599
59 11 64 24 1460 1479
54 96 47 85 420 439
28 11 21 0 40 59
1 23 14 28 100 119
15 39 25 31 100 119
93 40 83 32 600 619
42 164 50 174 1380 1399
48 43 47 26 1920 1939
5 95 13 85 1380 1399
89 49 93 63 660 679
4 114 9 127 1780 1799
37 122 38 105 1920 1939
33 146 35 162 760 779
96 14 104 24 740 759
59 45 68 54 740 759
20 63 34 67 400 419
46 33 55 24 720 739
56 24 41 27 740 759
13 52 17 38 1240 1259
9 109 1 119 1100 1119
59 58 54 71 320 339
64 56 66 72 1540 1559
95 99 101 111 1420 1439
22 148 16 136 1940 1959
111 50 96 53 960 979
25 14 12 19 240 259
57 17 52 4 300 319
31 19 18 14 460 479
65 80 68 95 840 859
36 67 45 58 440 459
49 173 44 186 1860 1879
104 4 88 2 1540 1559
187 76 200 71 1160 1179
16 28 20 42 140 159
43 36 53 44 1840 1859
26 60 18 50 300 319
26 79 22 93 640 659
13 33 24 27 241 259
20 95 27 106 1440 1459
34 1 48 5 1360 1379
71 18 57 14 600 619
58 110 67 119 860 879
55 132 63 122 1560 1579
16 12 20 25 601 619
11 78 20 69 800 819
91 129 82 120 1980 1999
5 6 4 23 80 99
198 7 209 14 1200 1219
11 88 23 82 880 899
15 70 10 82 901 919
10 83 21 90 920 939
99 85 91 95 1340 1359
8 33 16 43 1680 1699
69 69 59 77 1020 1039
136 33 145 25 1501 1519
52 20 39 16 1081 1099
33 100 25 90 1040 1059
25 91 36 98 1060 1079
32 45 24 35 1160 1179
35 107 47 112 921 939
16 5 10 17 160 179
5 32 18 27 40 59
25 76 9 74 1160 1179
9 72 22 76 1181 1199
13 19 28 22 100 119
171 30 155 28 1680 1699
120 100 126 89 1801 1819
40 33 56 35 480 499
5 115 14 106 1500 1519
21 59 27 71 1300 1319
172 120 177 107 1100 1119
82 45 78 31 760 779
22 104 5 103 700 719
57 135 70 131 961 979
34 58 42 68 620 639
70 156 72 140 1980 1999
50 57 42 67 560 579
21 157 13 166 1281 1299
9 15 21 9 180 199
55 72 48 61 840 859
32 83 22 75 520 539
49 84 47 100 1880 1899
150 24 150 6 1540 1559
47 34 47 16 680 699
57 47 47 55 980 999
13 51 13 69 220 239
57 60 56 77 1440 1459
22 106 5 107 1660 1679
116 126 119 141 1220 1239
161 39 161 21 1260 1279
42 44 55 49 900 919
20 5 14 17 280 299
2 29 11 38 80 99
60 18 43 17 1660 1679
37 53 39 68 441 459
160 162 158 178 1700 1719
79 54 79 36 760 779
10 67 12 51 240 259
127 79 135 89 740 759
39 55 46 44 540 559
26 7 42 9 80 99
34 112 28 100 1940 1959
20 29 34 33 400 419
18 119 30 113 1600 1619
31 57 16 54 1020 1039
14 72 12 56 780 799
12 42 29 41 460 479
59 80 72 75 1600 1619
149 18 153 32 520 539
36 32 29 43 260 279
130 49 138 39 1520 1539
135 49 136 32 1540 1559
53 30 36 29 480 499
1 36 10 28 181 199
83 132 100 131 880 899
31 26 47 28 240 259
51 138 52 121 1600 1619
156 12 147 3 1180 1199
63 74 60 89 280 299
31 66 40 75 480 499
2 105 14 100 1501 1519
23 86 37 82 1360 1379
31 54 37 43 901 919
64 20 76 26 660 679
149 35 137 29 1140 1159
7 11 15 21 1860 1879
55 16 46 24 421 439
54 53 61 42 720 739
59 42 53 54 480 499
27 69 27 87 860 879
38 166 37 149 1220 1239
15 65 32 66 620 639
46 69 62 71 560 579
41 77 36 90 1060 1079
25 33 10 36 180 199
19 40 32 35 120 139
85 44 87 29 1101 1119
75 184 62 179 1440 1459
7 20 15 29 1101 1119
21 24 33 18 240 259
60 280 64 266 1780 1799
106 112 91 115 740 759
227 39 227 21 1300 1319
25 58 20 45 760 779
61 90 65 104 800 819
183 20 196 25 1360 1379
39 78 53 82 1080 1099
38 45 24 41 280 299
27 27 12 24 1820 1839
77 129 70 140 900 919
237 102 235 118 1960 1979
94 34 83 41 1140 1159
13 13 27 9 500 519
32 89 25 100 1960 1979
111 25 106 12 1220 1239
11 164 16 177 1360 1379
87 65 94 54 660 679
37 26 29 16 680 699
224 74 235 81 1380 1399
7 101 12 88 1540 1559
117 187 121 201 1540 1559
45 16 57 22 200 219
109 102 114 89 640 659
65 67 82 66 1660 1679
69 128 59 136 1200 1219
59 135 47 141 1220 1239
79 81 74 94 1700 1719
17 102 11 90 1080 1099
26 31 27 48 80 99
41 36 49 46 240 259
65 138 65 156 1320 1339
140 99 141 116 720 739
52 163 49 178 1360 1379
63 37 51 43 1340 1359
49 198 48 215 1400 1419
54 43 64 35 800 819
77 153 94 154 1180 1199
106 100 109 115 580 599
42 58 47 71 1780 1799
36 109 50 105 1960 1979
53 258 59 246 1520 1539
216 127 232 125 1600 1619
198 178 205 188 1681 1699
59 279 48 272 1580 1599
31 220 26 207 1640 1659
79 91 93 87 860 879
5 20 12 31 40 59
48 290 34 286 1660 1679
31 16 14 17 160 179
71 172 71 190 1480 1499
114 69 116 84 621 639
62 138 73 131 940 959
18 21 24 33 360 379
60 19 62 3 520 539
90 63 82 53 1280 1299
78 72 81 87 1660 1679
0 1 14 5 1 19
51 54 50 37 360 379
31 95 48 96 860 879
57 16 48 25 880 899
15 244 23 234 1920 1939
23 25 23 7 140 159
40 81 23 82 1880 1899
81 79 81 61 740 759
35 39 44 48 140 159
49 86 35 90 520 539
27 56 20 67 240 259
183 50 198 47 1360 1379
160 13 176 11 1680 1699
19 1 36 2 100 119
53 82 57 96 680 699
19 47 21 63 580 599
28 10 14 6 220 239
30 18 47 19 700 719
1 8 9 18 120 139
29 57 39 65 260 279
39 56 39 74 1720 1739
38 83 28 75 360 379
22 38 11 31 980 999
5 20 10 7 1640 1659
42 15 37 28 120 139
20 134 26 122 1020 1039
3 18 10 29 280 299
15 2 27 7 341 359
42 66 35 77 180 199
27 7 42 4 340 359
15 5 4 12 20 39
63 67 68 80 460 479
46 45 58 51 640 659
40 3 35 16 240 259
57 103 50 114 860 879
52 47 51 64 1480 1499
179 25 166 30 1140 1159
43 7 38 20 420 439
15 0 3 6 240 259
7 93 20 98 1620 1639
5 34 20 37 80 99
22 54 39 55 1700 1719
106 57 108 73 920 939
100 62 88 68 700 719
29 18 34 31 920 939
67 73 69 89 820 839
75 109 72 124 660 679
77 91 66 98 780 799
13 54 21 64 1600 1619
24 36 40 34 260 279
82 77 77 64 840 859
22 112 11 105 1500 1519
86 55 102 53 880 899
137 72 137 90 800 819
20 66 26 78 260 279
18 33 35 32 320 339
38 179 36 195 1160 1179
122 88 132 80 980 999
132 79 145 74 1000 1019
2 18 6 4 20 39
159 77 158 61 1041 1059
158 60 151 49 1060 1079
114 275 98 273 1720 1739
147 35 140 24 1100 1119
80 34 72 24 820 839
51 64 45 52 1200 1219
27 49 32 62 180 199
162 72 173 79 1820 1839
152 45 153 28 1200 1219
91 63 96 50 820 839
65 213 81 211 1020 1039
146 117 151 105 1421 1439
197 163 214 162 1940 1959
31 30 42 23 480 499
66 28 53 33 980 999
24 13 19 0 80 99
28 83 17 90 1040 1059
186 22 193 11 1380 1399
77 34 60 35 640 659
7 16 16 7 40 59
45 17 38 28 380 399
172 0 157 3 1460 1479
60 79 53 90 400 419
22 29 10 35 1680 1699
131 49 147 48 1121 1139
39 7 35 21 140 159
15 32 10 19 1560 1579
61 35 74 40 1340 1359
29 26 39 18 200 219
198 103 196 119 1400 1419
61 89 64 74 1260 1279
146 18 159 23 1940 1959
45 98 36 89 1920 1939
195 6 194 22 1701 1719
161 25 178 24 1500 1519
7 8 14 19 40 59
208 15 195 20 1760 1779
144 56 155 63 1780 1799
89 58 72 57 1080 1099
25 13 25 31 1860 1879
225 91 237 86 1321 1339
83 71 75 81 220 239
175 33 163 27 940 959
16 48 17 65 180 199
3 15 14 8 20 39
143 101 135 91 1540 1559
74 113 68 125 1040 1059
20 19 7 14 520 539
29 117 22 106 500 519
0 18 14 14 20 39
13 121 19 133 1020 1039
111 148 112 165 1920 1939
60 60 51 51 620 639
29 128 12 127 1280 1299
80 12 94 16 940 959
5 62 17 56 640 659
5 38 11 50 160 179
11 49 15 63 180 199
48 52 61 57 780 799
29 39 15 43 860 879
77 68 88 61 800 819
69 186 73 200 1440 1459
25 64 20 77 800 819
25 43 26 60 300 319
22 158 22 176 820 839
32 28 24 37 1761 1779
9 28 4 15 160 179
100 141 111 148 1480 1499
18 51 15 66 320 339
195 81 193 97 1980 1999
36 48 36 66 780 799
7 42 9 58 1280 1299
44 1 58 5 480 499
54 223 39 226 1560 1579
84 91 91 80 520 539
17 32 23 44 1240 1259
52 85 54 101 760 779
122 58 113 49 980 999
33 64 48 67 840 859
77 70 73 56 1840 1859
80 33 92 39 1920 1939
78 2 87 11 740 759
16 148 15 164 1321 1339
6 44 4 60 700 719
22 45 9 40 760 779
33 74 35 58 1120 1139
12 59 21 50 760 779
69 85 56 81 681 699
175 68 174 51 1240 1259
12 56 25 61 1780 1799
9 26 10 43 1000 1019
27 14 19 4 120 139
76 76 85 85 1540 1559
50 69 63 74 440 459
61 89 71 81 460 479
60 88 45 91 1180 1199
84 75 99 72 1080 1099
16 6 8 16 420 439
64 29 59 42 1000 1019
75 36 72 51 1320 1339
49 46 43 58 400 419
46 88 39 99 1060 1079
221 62 219 47 1541 1559
166 33 151 36 640 659
43 111 59 109 1420 1439
6 45 19 50 440 459
56 1 61 14 1160 1179
49 18 49 36 1440 1459
37 63 30 53 1201 1219
22 44 15 55 260 279
43 50 49 38 1240 1259
12 80 21 71 1140 1159
37 11 42 24 180 199
58 41 62 27 1600 1619
4 21 8 7 1520 1539
106 33 90 31 1680 1699
28 102 24 116 940 959
11 129 11 147 1500 1519
155 149 156 132 1140 1159
36 244 48 250 1660 1679
24 65 33 56 680 699
25 55 9 57 620 639
28 115 28 97 480 499
103 93 96 104 900 919
44 116 59 114 681 699
101 39 91 31 1380 1399
48 32 52 46 1460 1479
117 75 102 78 740 759
28 113 36 103 1880 1899
68 27 74 39 1680 1699
47 64 47 47 941 959
39 159 55 157 1660 1679
111 95 122 88 1260 1279
61 39 77 37 980 999
46 216 38 226 1580 1599
23 59 19 45 1780 1799
18 55 5 50 120 139
68 186 59 195 1780 1799
10 240 25 237 1860 1879
52 206 53 189 1820 1839
33 48 20 44 1661 1679
62 35 79 34 1960 1979
76 27 68 17 1280 1299
123 54 117 42 1640 1659
46 102 46 120 580 599
22 53 39 54 1120 1139
45 220 61 222 1960 1979
33 61 41 71 1260 1279
7 146 22 149 1920 1939
35 14 24 7 440 459
86 29 100 25 480 499
22 23 32 16 1821 1839
5 26 19 30 80 99
31 25 22 33 361 379
62 28 62 46 580 599
245 75 244 92 1420 1439
10 56 21 49 860 879
61 97 70 106 420 439
20 29 29 38 200 219
135 52 118 53 440 459
27 188 32 175 1680 1699
5 27 1 13 260 279
66 17 73 28 520 539
18 14 6 20 300 319
130 88 138 78 780 799
22 23 10 28 341 359
10 27 14 41 360 379
166 118 168 134 1420 1439
2 32 2 50 1740 1759
43 106 51 97 461 479
120 194 120 212 1980 1999
47 135 37 127 980 999
45 51 62 52 1220 1239
92 48 99 37 580 599
73 257 71 241 1620 1639
180 39 174 27 1960 1979
168 130 175 119 1260 1279
36 92 41 105 1300 1319
37 58 48 65 920 939
29 33 46 32 140 159
75 53 59 51 1980 1999
15 75 21 87 780 799
12 13 22 21 200 219
0 1 10 9 1 19
43 23 30 18 220 239
244 26 244 44 1460 1479
57 88 42 85 320 339
73 37 59 41 780 799
3 5 12 14 260 279
15 19 15 37 100 119
117 41 106 34 1980 1999
67 136 73 124 1880 1899
68 37 72 51 880 899
101 16 97 2 1920 1939
26 60 26 42 740 759
38 80 26 74 900 919
22 252 22 234 1780 1799
51 115 34 116 1300 1319
9 141 12 126 1140 1159
42 42 43 59 1020 1039
57 37 57 20 961 979
30 114 47 115 1620 1639
66 13 80 9 480 499
22 15 32 7 40 59
179 42 172 31 1680 1699
100 67 87 72 1920 1939
179 160 164 162 1341 1359
14 30 29 27 1540 1559
49 150 33 152 1200 1219
43 42 44 59 1400 1419
174 90 187 95 1140 1159
24 49 33 58 280 299
60 243 49 236 1680 1699
34 35 40 47 320 339
28 125 15 120 1320 1339
41 177 32 185 1121 1139
168 102 163 89 1140 1159
14 102 2 96 980 999
38 37 38 55 120 139
58 60 61 45 1180 1199
127 21 138 14 1460 1479
180 25 180 43 1120 1139
94 69 102 60 861 879
50 113 33 114 880 899
47 50 55 40 240 259
44 59 30 55 400 419
104 107 93 114 1400 1419
43 141 56 146 740 759
166 6 152 2 740 759
4 30 15 36 81 99
106 119 107 136 920 939
10 67 14 81 1120 1139
77 67 72 54 1340 1359
45 44 34 51 320 339
16 23 25 32 160 179
34 39 49 42 480 499
69 6 52 5 520 539
94 56 82 62 1180 1199
188 105 183 118 1120 1139
94 34 103 25 1460 1479
21 68 17 82 1040 1059
53 45 45 55 1860 1879
58 52 41 53 660 679
34 78 24 71 201 219
23 12 7 10 1840 1859
0 18 7 29 20 39
172 30 183 23 1700 1719
69 101 76 112 1380 1399
187 33 179 43 1660 1679
23 71 32 80 980 999
50 134 62 128 980 999
42 85 28 89 840 859
21 180 25 194 1400 1419
83 76 79 90 840 859
3 8 18 5 160 179
31 90 26 103 1080 1099
15 87 28 82 1100 1119
24 30 38 26 60 79
98 160 110 154 1580 1599
6 34 17 28 41 59
91 74 97 86 1440 1459
2 51 15 56 1760 1779
55 165 64 156 1380 1399
73 13 84 6 540 559
46 5 53 16 320 339
114 90 131 91 660 679
34 106 27 117 820 839
45 49 53 39 1620 1639
75 54 81 66 1200 1219
6 43 14 34 1421 1439
87 64 85 48 360 379
74 46 83 55 460 479
83 56 89 68 480 499
125 127 112 122 1620 1639
21 49 28 38 940 959
205 189 189 187 1700 1719
25 177 29 190 1201 1219
168 86 184 87 881 899
99 36 94 23 600 619
94 24 86 34 620 639
200 163 189 157 1861 1879
15 18 9 29 101 119
42 12 34 22 460 479
76 128 60 126 1540 1559
66 12 76 20 1620 1639
32 49 49 50 280 299
38 162 55 161 1100 1119
45 44 59 48 280 299
96 5 96 23 800 819
99 109 109 101 620 639
46 25 48 9 1680 1699
94 36 102 46 860 879
20 25 35 22 600 619
211 18 194 19 1440 1459
17 71 29 65 220 239
30 122 46 124 1500 1519
16 45 13 30 1240 1259
53 31 69 29 300 319
12 163 10 147 1640 1659
79 17 80 34 1300 1319
0 1 11 8 1 19
51 18 45 6 680 699
144 14 159 17 740 759
85 32 84 15 1480 1499
24 154 28 140 1900 1919
28 66 31 51 540 559
20 63 35 65 1701 1719
22 52 28 64 700 719
146 12 162 10 460 479
93 52 85 42 1040 1059
20 23 3 24 840 859
174 52 178 66 1260 1279
29 193 45 195 1540 1559
74 28 75 45 1300 1319
54 33 67 28 480 499
15 39 30 36 460 479
116 83 128 77 640 659
72 45 85 50 640 659
82 98 79 83 1900 1919
70 98 85 95 1420 1439
80 90 64 92 1540 1559
48 186 45 171 1020 1039
132 38 146 42 780 799
42 6 42 24 1140 1159
55 91 60 78 380 399
36 35 47 42 720 739
129 123 141 129 820 839
13 111 26 106 740 759
109 96 95 100 1400 1419
27 78 31 64 1240 1259
15 96 29 100 480 499
163 197 159 183 1780 1799
34 43 19 46 240 259
17 63 27 71 1820 1839
158 180 171 184 1721 1739
35 11 25 19 1740 1759
45 46 41 32 1600 1619
153 199 167 195 1780 1799
71 16 67 30 1800 1819
53 4 65 10 1240 1259
62 67 71 58 920 939
150 158 151 175 1860 1879
171 47 187 49 1620 1639
120 131 106 135 960 979
52 85 64 80 381 399
54 79 57 94 1840 1859
136 87 146 95 1640 1659
69 95 75 84 1241 1259
0 1 5 14 1 19
5 117 1 131 1700 1719
1 30 17 28 40 59
91 192 77 196 1560 1579
35 29 26 38 260 279
14 117 7 106 1120 1139
17 84 17 101 1061 1079
13 17 29 19 140 159
63 65 65 49 1140 1159
34 239 27 250 1800 1819
59 126 53 114 880 899
8 22 17 31 540 559
11 96 28 95 1200 1219
8 117 2 105 1160 1179
37 150 31 162 1240 1259
29 231 26 216 1940 1959
16 94 17 78 1001 1019
252 86 260 96 1900 1919
18 20 19 4 361 379
26 82 26 100 1580 1599
30 13 14 15 400 419
11 12 19 2 640 659
105 117 107 101 820 839
179 33 162 32 900 919
202 105 203 88 1240 1259
56 34 60 20 500 519
8 51 8 33 80 99
62 2 46 4 540 559
22 157 15 147 981 999
0 1 0 19 1 19
65 53 70 40 1300 1319
13 117 3 125 1780 1799
74 0 91 1 780 799
51 101 66 104 500 519
59 63 46 68 540 559
35 184 24 177 1160 1179
0 1 8 11 1 19
47 44 61 40 960 979
70 69 56 73 1960 1979
19 62 16 47 160 179
33 43 49 45 340 359
130 89 135 76 1840 1859
71 45 59 40 841 859
41 121 28 116 1260 1279
55 81 53 65 340 359
73 33 69 19 900 919
48 143 42 155 720 739
218 59 216 75 1760 1779
28 24 30 40 580 599
42 23 43 40 1160 1179
40 59 23 58 1760 1779
18 121 12 133 640 659
89 26 98 17 1040 1059
27 61 44 60 380 399
14 19 12 35 280 299
88 9 89 25 1101 1119
21 1 34 6 60 79
12 29 22 37 680 699
15 7 15 24 81 99
178 35 166 29 1360 1379
67 75 71 89 1140 1159
39 21 45 9 1580 1599
165 34 178 29 760 779
53 17 51 33 500 519
90 25 79 18 1280 1299
6 128 16 136 1380 1399
34 30 19 27 1540 1559
39 73 45 85 1740 1759
56 31 60 17 1360 1379
60 16 49 23 1380 1399
47 84 42 96 1301 1319
29 37 42 42 1180 1199
108 63 104 77 1720 1739
57 40 44 45 480 499
82 58 89 48 1121 1139
12 90 26 86 860 879
16 55 4 61 80 99
36 35 33 20 1560 1579
17 20 11 8 40 59
13 1 29 3 140 159
24 44 10 48 980 999
33 19 18 16 220 239
13 33 3 25 260 279
85 83 85 100 1561 1579
121 21 129 31 460 479
80 32 85 19 1140 1159
20 81 24 67 1720 1739
81 280 69 286 1880 1899
109 47 98 40 1740 1759
40 48 40 66 340 359
47 27 30 28 1940 1959
26 5 38 11 1360 1379
14 72 6 63 321 339
59 43 51 53 220 239
59 63 73 67 380 399
0 58 13 53 1900 1919
32 114 37 101 1420 1439
151 106 149 90 1440 1459
124 74 134 82 940 959
13 15 25 21 1980 1999
0 1 3 16 1 19
36 45 22 49 1760 1779
75 66 74 49 1680 1699
21 28 14 17 1320 1339
84 23 70 19 1040 1059
71 66 61 58 920 939
46 43 44 59 600 619
186 15 200 11 1400 1419
41 51 24 52 500 519
79 81 94 84 620 639
55 96 38 97 640 659
124 51 129 64 920 939
18 26 20 42 60 79
94 2 79 0 761 779
23 113 17 124 1281 1299
89 26 91 10 1120 1139
33 60 30 45 160 179
78 68 67 74 801 819
47 163 34 168 1900 1919
71 115 62 124 1500 1519
45 170 42 155 1040 1059
26 81 31 94 840 859
106 182 115 173 1460 1479
66 105 69 90 520 539
59 11 65 23 1980 1999
61 30 61 48 480 499
10 10 25 7 540 559
52 100 61 91 540 559
82 82 83 65 540 559
74 34 73 51 1660 1679
51 116 56 103 600 619
41 63 40 80 500 519
76 57 64 51 1720 1739
157 58 142 61 760 779
26 107 34 97 760 779
30 105 25 118 1480 1499
64 89 64 107 1880 1899
57 90 54 76 741 759
32 8 16 6 180 199
9 125 15 137 580 599
22 172 32 164 1260 1279
114 99 107 110 840 859
37 49 51 45 380 399
153 31 156 46 1580 1599
66 93 53 88 880 899
155 94 168 89 1720 1739
13 37 20 26 340 359
24 84 8 86 940 959
129 66 138 75 800 819
46 86 46 68 420 439
17 12 16 29 120 139
28 96 27 113 1220 1239
179 19 190 12 860 879
108 83 119 89 1581 1599
36 33 49 28 400 419
62 56 55 45 1100 1119
11 12 25 8 40 59
90 136 94 149 1561 1579
43 24 32 31 1160 1179
61 47 56 34 1340 1359
94 153 93 136 1200 1219
35 224 43 234 1440 1459
35 22 37 6 80 99
3 30 11 40 720 739
41 72 48 61 1280 1299
33 26 34 43 80 99
24 27 17 16 240 259
10 95 24 99 1960 1979
0 1 2 17 1 19
98 73 107 82 1560 1579
36 12 37 29 1300 1319
17 180 28 173 1120 1139
150 54 141 63 940 959
75 71 83 61 1460 1479
49 67 49 85 1860 1879
33 100 39 88 360 379
45 136 58 141 880 899
35 65 45 73 180 199
75 21 69 9 940 959
28 35 27 52 160 179
26 33 42 31 240 259
111 96 114 111 880 899
64 64 71 53 1620 1639
39 138 45 126 1480 1499
67 61 77 69 1820 1839
46 13 42 27 480 499
71 154 70 170 661 679
20 74 23 59 1420 1439
173 40 161 34 920 939
0 1 12 7 1 19
80 29 91 22 1800 1819
31 7 25 19 580 599
35 163 33 147 780 799
34 196 27 185 1220 1239
82 11 74 1 760 779
31 205 14 204 1420 1439
39 100 30 109 1080 1099
10 28 16 40 300 319
109 83 122 87 961 979
33 88 19 84 1880 1899
156 67 168 61 1160 1179
102 47 106 61 880 899
161 19 172 25 1201 1219
92 136 92 118 820 839
32 22 39 11 60 79
27 72 20 61 1640 1659
10 1 18 11 120 139
14 92 27 87 300 319
37 80 43 68 1920 1939
37 109 21 111 1420 1439
43 0 30 5 760 779
12 46 3 55 620 639
88 70 104 68 700 719
16 56 30 53 201 219
14 107 7 118 400 419
75 88 71 74 1640 1659
22 57 18 71 960 979
90 15 94 29 640 659
26 49 22 63 1080 1099
38 101 25 96 1360 1379
45 32 52 43 160 179
47 2 33 6 440 459
40 46 39 63 340 359
26 9 21 22 320 339
2 31 13 38 320 339
159 18 175 17 1061 1079
41 43 53 37 1100 1119
29 11 41 5 540 559
4 59 8 73 280 299
62 114 70 124 780 799
66 50 50 48 420 439
116 236 109 225 1660 1679
70 109 63 120 560 579
25 39 40 42 380 399
33 28 46 33 320 339
45 5 42 20 700 719
31 39 22 30 1660 1679
66 24 60 12 1020 1039
44 17 46 33 760 779
56 133 50 121 600 619
26 53 14 47 440 459
29 5 19 13 1020 1039
159 41 149 33 1940 1959
33 57 34 74 700 719
183 24 184 7 1720 1739
5 38 18 43 1120 1139
45 30 47 46 920 939
126 126 138 120 1980 1999
56 23 61 10 640 659
58 21 49 13 981 999
94 6 97 21 1180 1199
67 139 59 149 1580 1599
15 113 19 127 1580 1599
39 24 53 21 1061 1079
27 44 18 35 1480 1499
55 9 49 21 580 599
66 48 78 42 1300 1319
53 88 59 76 480 499
61 107 76 110 740 759
126 107 139 112 1200 1219
68 85 54 89 800 819
86 79 93 90 1480 1499
160 76 160 94 1220 1239
34 50 40 62 460 479
42 10 33 1 100 119
96 12 87 21 820 839
124 71 124 88 741 759
134 87 119 84 1760 1779
7 124 21 128 1000 1019
76 151 83 162 600 619
80 48 84 34 380 399
132 31 132 49 1240 1259
82 98 70 104 1740 1759
48 86 59 93 1020 1039
44 14 35 5 460 479
65 29 77 35 620 639
61 110 61 92 1560 1579
31 77 28 62 1540 1559
18 170 23 183 1500 1519
51 52 34 53 640 659
167 11 181 15 980 999
18 31 8 39 600 619
29 56 14 53 520 539
35 172 31 158 1760 1779
23 19 36 24 1180 1199
33 99 47 103 1700 1719
0 1 0 19 1 19
87 63 89 79 580 599
84 39 84 57 1000 1019
124 87 117 98 760 779
26 32 39 37 180 199
21 62 4 61 1240 1259
46 60 49 45 740 759
73 57 63 65 1860 1879
199 193 202 178 1900 1919
116 86 106 79 561 579
119 26 116 11 560 579
79 70 92 66 1941 1959
12 31 9 46 120 139
48 74 59 81 1140 1159
108 166 91 167 1700 1719
106 56 100 68 1300 1319
3 17 20 18 20 39
58 25 65 36 720 739
33 73 44 80 340 359
38 81 48 73 440 459
51 30 57 42 400 419
29 35 45 33 140 159
211 79 207 92 1961 1979
112 148 95 147 1540 1559
26 23 35 14 1880 1899
57 58 50 69 320 339
9 43 21 49 60 79
38 3 29 12 520 539
125 38 125 56 1080 1099
50 158 61 151 1620 1639
20 103 9 110 1080 1099
60 140 56 126 740 759
192 4 176 6 1460 1479
100 102 97 117 1700 1719
8 179 5 194 1000 1019
30 108 43 103 420 439
105 132 97 122 1760 1779
24 16 21 1 180 199
69 30 79 22 320 339
201 101 207 113 1540 1559
205 3 189 1 1420 1439
60 115 62 130 1061 1079
58 131 65 142 560 579
65 143 76 150 580 599
20 34 16 20 60 79
42 85 40 69 1520 1539
0 1 0 19 1 19
56 34 58 50 1500 1519
181 129 181 147 1740 1759
40 76 57 75 500 519
65 26 68 41 320 339
30 46 47 45 940 959
41 49 28 45 161 179
31 12 32 29 200 219
159 86 156 71 1560 1579
51 42 64 37 1960 1979
94 57 94 75 480 499
47 85 42 72 1540 1559
8 85 25 86 960 979
235 44 244 53 1760 1779
98 8 97 25 300 319
115 90 130 87 960 979
66 153 49 154 1640 1659
140 37 156 39 1880 1899
75 137 88 141 1601 1619
58 142 74 140 1020 1039
171 91 166 104 1780 1799
34 57 19 60 640 659
98 77 100 61 680 699
18 20 29 27 180 199
19 10 15 23 781 799
162 64 159 49 1660 1679
160 17 170 24 1701 1719
77 152 94 151 1480 1499
28 43 36 53 1200 1219
31 22 40 13 400 419
92 153 84 143 1240 1259
84 142 101 141 1260 1279
173 76 171 92 1680 1699
113 145 96 146 1300 1319
96 145 85 152 1320 1339
73 17 64 8 380 399
152 110 148 124 1020 1039
253 79 237 77 1660 1679
66 167 69 152 1400 1419
17 24 29 30 120 139
65 31 68 46 580 599
185 97 185 79 1140 1159
78 81 78 99 920 939
194 128 191 143 900 919
55 170 57 154 1520 1539
41 30 34 20 261 279
147 47 158 40 1140 1159
25 41 20 28 380 399
51 164 37 160 1600 1619
157 38 153 52 1120 1139
62 72 65 57 580 599
59 55 65 66 441 459
106 64 91 67 1060 1079
57 63 70 67 1321 1339
45 7 39 19 420 439
48 50 61 46 1281 1299
22 81 38 79 1640 1659
49 63 48 80 780 799
130 45 120 37 1920 1939
57 182 43 178 1720 1739
20 60 7 65 340 359
36 91 36 108 1941 1959
106 76 120 72 1020 1039
21 155 17 141 1900 1919
6 177 1 190 960 979
41 45 25 43 180 199
92 249 91 266 1520 1539
64 142 49 145 1580 1599
82 131 73 122 1400 1419
7 30 21 27 101 119
68 34 74 46 1300 1319
71 27 56 30 1340 1359
26 33 27 50 80 99
76 68 86 76 740 759
171 68 177 57 1021 1039
120 58 128 48 1980 1999
37 28 39 44 1320 1339
15 23 4 30 660 679
14 61 3 54 240 259
43 19 58 17 1681 1699
34 114 40 102 1740 1759
44 8 44 26 1980 1999
87 113 79 123 1940 1959
144 102 133 109 820 839
93 33 110 32 740 759
44 76 38 64 820 839
44 79 51 68 360 379
60 95 76 97 1120 1139
54 42 64 34 340 359
47 94 47 76 760 779
4 65 15 72 280 299
155 189 152 174 1820 1839
2 51 16 55 600 619
59 42 60 26 1741 1759
113 162 123 169 1941 1959
44 40 61 39 1460 1479
25 60 12 55 560 579
32 16 23 7 300 319
25 60 8 59 600 619
8 60 7 43 620 639
7 42 17 34 640 659
53 57 39 54 481 499
46 21 32 17 560 579
182 105 194 100 1021 1039
70 112 69 95 580 599
17 39 25 49 380 399
9 50 26 49 240 259
41 24 41 42 1080 1099
123 41 114 33 1641 1659
24 117 14 109 1280 1299
156 14 166 22 660 679
43 31 55 37 1540 1559
112 93 116 79 1080 1099
30 40 16 36 260 279
79 23 93 27 780 799
26 15 39 20 1560 1579
24 1 10 5 40 59
11 19 0 26 980 999
54 76 70 78 1900 1919
42 64 30 70 1660 1679
54 9 51 24 400 419
3 15 17 19 20 39
0 1 7 12 1 19
74 87 78 101 1840 1859
51 107 46 94 940 959
14 205 7 194 1440 1459
143 103 127 101 1140 1159
78 98 81 113 1700 1719
35 20 46 27 1880 1899
95 62 79 60 1240 1259
21 28 38 29 1240 1259
38 49 35 64 240 259
140 1 133 12 1520 1539
58 76 55 90 361 379
147 94 156 103 1360 1379
31 2 27 15 101 119
78 102 76 86 1860 1879
126 126 114 120 740 759
99 150 88 143 1640 1659
121 20 134 15 1680 1699
41 43 48 54 1540 1559
52 235 44 245 1560 1579
22 104 34 110 1660 1679
91 21 100 12 700 719
146 58 154 48 780 799
127 23 125 39 1060 1079
52 33 36 31 1560 1579
3 72 14 65 1640 1659
126 16 136 24 580 599
17 49 25 58 161 179
10 18 3 29 220 239
71 73 56 70 1660 1679
45 45 36 54 540 559
71 118 72 102 1301 1319
196 53 200 67 1200 1219
13 60 19 48 1160 1179
28 55 39 48 1760 1779
38 54 34 40 140 159
42 33 40 49 440 459
14 119 1 114 1320 1339
104 80 101 95 1140 1159
58 56 46 62 1860 1879
46 61 30 63 1880 1899
30 62 47 63 1900 1919
44 86 46 70 1620 1639
12 170 28 168 860 879
80 104 97 103 980 999
94 74 80 70 500 519
5 49 15 41 140 159
26 68 10 66 220 239
26 3 23 18 40 59
262 121 276 125 1720 1739
59 112 64 99 1120 1139
217 69 210 80 1940 1959
29 189 19 181 1220 1239
88 15 92 1 1440 1459
22 111 34 105 800 819
151 174 147 160 1880 1899
14 43 29 40 200 219
106 192 98 182 1820 1839
32 29 32 47 1640 1659
28 32 29 49 1620 1639
38 245 27 238 1720 1739
3 8 15 14 320 339
35 88 27 78 320 339
181 138 165 136 1960 1979
32 67 47 64 360 379
31 16 17 20 80 99
24 143 24 161 1440 1459
20 38 20 20 500 519
39 52 53 56 440 459
33 146 16 145 800 819
87 22 81 34 1800 1819
201 114 201 132 1760 1779
69 81 55 84 481 499
173 105 190 104 1500 1519
27 168 24 153 1800 1819
22 19 34 13 720 739
56 43 66 51 400 419
97 67 112 64 620 639
34 85 37 100 1400 1419
274 141 272 126 1981 1999
6 100 16 108 660 679
59 22 59 40 160 179
29 31 43 35 140 159
16 6 28 12 460 479
146 47 130 46 1901 1919
6 107 8 123 1600 1619
39 52 31 42 1440 1459
175 117 187 123 820 839
9 23 26 22 420 439
2 97 17 100 1000 1019
30 85 32 69 1240 1259
36 43 49 38 1200 1219
25 72 13 78 1560 1579
55 86 70 83 280 299
21 21 4 20 1500 1519
61 17 57 31 660 679
15 135 14 118 1300 1319
15 29 31 31 860 879
39 65 39 83 460 479
120 244 115 231 1900 1919
207 90 202 103 1080 1099
40 24 52 30 220 239
8 117 4 103 1640 1659
23 17 33 25 60 79
9 22 19 30 40 59
88 116 88 134 820 839
22 67 22 85 1760 1779
64 25 59 38 1280 1299
67 67 76 76 1380 1399
10 64 23 69 1180 1199
11 32 2 23 1000 1019
33 16 40 5 1440 1459
182 87 180 103 1320 1339
180 104 167 109 1340 1359
24 47 27 62 1080 1099
75 62 75 80 1360 1379
4 111 10 99 600 619
183 93 185 109 1420 1439
174 28 158 26 1980 1999
58 48 51 59 620 639
65 52 49 54 600 619
77 43 89 49 540 559
12 6 24 0 20 39
99 23 95 37 1860 1879
54 28 42 34 420 439
102 8 106 22 1500 1519
131 27 132 10 1900 1919
61 92 69 102 1360 1379
184 121 175 130 1640 1659
47 13 54 23 961 979
59 8 68 17 1360 1379
58 4 55 19 500 519
37 27 21 25 140 159
171 230 183 235 1541 1559
19 35 35 37 1780 1799
113 130 124 137 880 899
237 136 239 120 1800 1819
71 79 79 69 780 799
105 82 111 94 1240 1259
27 13 11 11 1340 1359
246 75 252 87 1880 1899
40 15 40 32 341 359
69 43 69 61 140 159
143 83 131 77 1420 1439
38 78 32 90 1660 1679
248 78 235 73 1980 1999
11 7 26 4 20 39
276 123 291 125 1741 1759
54 6 51 21 380 399
57 26 65 36 320 339
63 71 57 59 1420 1439
140 106 157 105 1100 1119
49 36 41 26 960 979
99 214 106 203 1040 1059
45 19 43 4 161 179
36 38 51 36 121 139
85 99 76 108 1580 1599
28 24 45 23 220 239
45 1 49 15 60 79
34 14 50 16 100 119
48 65 55 76 520 539
12 42 13 59 300 319
57 42 68 35 1240 1259
42 50 38 64 1500 1519
56 100 47 91 580 599
110 80 107 95 1060 1079
13 36 30 37 400 419
30 38 26 52 420 439
148 125 144 111 1040 1059
116 74 121 87 1020 1039
11 29 11 12 481 499
156 110 171 112 1281 1299
175 78 175 96 1040 1059
134 226 140 214 1740 1759
16 109 0 111 680 699
6 29 8 45 240 259
244 93 239 80 1440 1459
17 247 32 244 1900 1919
165 30 173 20 1560 1579
169 132 178 124 1981 1999
49 16 45 30 680 699
116 119 113 104 1120 1139
15 13 3 19 340 359
165 23 178 18 1820 1839
156 27 160 41 1440 1459
69 47 73 33 940 959
4 111 17 116 1880 1899
192 156 207 153 1780 1799
62 129 55 118 1000 1019
20 2 31 9 1980 1999
5 80 12 91 840 859
17 27 31 23 1300 1319
19 74 16 89 1000 1019
24 56 16 66 1180 1199
65 131 50 134 860 879
72 94 72 112 980 999
72 111 62 119 1000 1019
78 55 89 48 640 659
84 18 74 26 500 519
37 81 25 87 1380 1399
86 70 85 87 1500 1519
17 12 21 26 200 219
73 78 58 81 1480 1499
170 36 161 45 1460 1479
24 31 12 25 240 259
22 50 32 42 180 199
24 160 8 162 1460 1479
57 203 45 197 1780 1799
57 15 68 8 540 559
39 23 53 27 380 399
54 200 68 204 1300 1319
84 58 97 53 1660 1679
27 116 18 125 1320 1339
95 32 84 38 981 999
100 67 91 76 1320 1339
22 106 31 97 1380 1399
17 22 21 36 1040 1059
194 148 189 161 1820 1839
26 127 17 136 1400 1419
159 51 149 59 1620 1639
66 53 63 38 1320 1339
15 50 19 36 1760 1779
43 22 39 36 1720 1739
92 101 83 92 680 699
194 18 180 22 1460 1479
41 20 28 25 200 219
106 94 103 109 1100 1119
75 91 90 94 1620 1639
179 96 177 112 1200 1219
35 79 34 62 1140 1159
110 72 102 62 1740 1759
134 13 121 9 1701 1719
36 41 44 31 280 299
1 1 10 9 2 19
100 82 116 84 540 559
38 49 24 45 960 979
62 149 68 137 520 539
33 81 21 87 620 639
112 32 109 18 921 939
35 28 49 32 280 299
55 32 52 17 360 379
127 95 140 90 1900 1919
114 65 124 73 920 939
129 99 122 110 1940 1959
110 122 99 115 1580 1599
39 91 26 96 1500 1519
54 24 41 29 260 279
71 21 76 34 620 639
12 54 25 59 580 599
82 59 98 61 520 539
86 6 100 2 740 759
192 37 194 21 1160 1179
17 3 7 11 20 39
15 31 15 13 260 279
26 47 19 36 160 179
29 50 30 33 880 899
45 24 47 8 480 499
184 111 184 129 1320 1339
21 30 27 18 240 259
54 22 64 30 980 999
91 8 102 2 1141 1159
5 15 1 29 20 39
159 169 173 173 1940 1959
99 1 98 18 1020 1039
42 3 29 8 360 379
121 180 114 191 960 979
35 22 33 6 400 419
53 27 40 32 780 799
50 34 66 32 1420 1439
50 93 44 81 960 979
69 87 72 102 820 839
161 156 148 151 1000 1019
95 57 95 39 1140 1159
103 10 120 9 760 779
95 71 95 54 1761 1779
232 79 231 62 1800 1819
51 29 56 16 340 359
77 43 81 57 1100 1119
10 44 18 34 340 359
32 122 17 125 940 959
87 37 91 23 700 719
99 32 98 49 1080 1099
5 25 3 40 41 59
145 28 136 37 720 739
158 97 144 101 800 819
60 11 73 6 1040 1059
28 76 11 77 780 799
67 27 59 37 860 879
54 81 47 92 840 859
42 37 42 19 1320 1339
46 75 54 85 880 899
135 79 146 72 700 719
20 42 3 41 1060 1079
40 102 50 94 940 959
60 73 43 74 1800 1819
74 12 90 14 620 639
175 170 188 165 1880 1899
74 9 62 3 1160 1179
114 13 119 26 1800 1819
66 45 54 51 240 259
53 158 44 167 960 979
57 29 71 33 820 839
179 82 190 89 1080 1099
38 218 44 206 1660 1679
83 90 67 92 1160 1179
35 81 51 83 1940 1959
130 184 132 200 1940 1959
22 4 13 13 620 639
160 176 171 183 1980 1999
35 57 45 49 460 479
5 64 17 70 200 219
50 68 34 70 500 519
84 87 99 84 1320 1339
21 89 6 92 940 959
26 2 25 19 1580 1599
34 68 21 63 1220 1239
3 114 6 129 1360 1379
116 29 127 22 1040 1059
195 129 185 137 1940 1959
200 158 204 172 1540 1559
42 164 28 167 1801 1819
119 139 125 151 1500 1519
83 81 90 92 620 639
95 146 98 161 1560 1579
114 141 106 131 1560 1579
148 299 136 293 1960 1979
113 120 125 126 1600 1619
102 66 94 56 1860 1879
65 173 69 187 1420 1439
14 31 24 39 1120 1139
47 82 34 77 1400 1419
7 11 8 28 20 39
19 106 3 104 1480 1499
101 145 105 131 1740 1759
138 7 131 18 1400 1419
11 40 12 57 1760 1779
19 29 24 42 140 159
79 119 92 114 1820 1839
62 120 68 132 1620 1639
58 67 62 53 560 579
26 54 37 48 281 299
178 24 183 37 820 839
53 55 47 67 500 519
87 109 92 96 1940 1959
92 95 108 97 1960 1979
108 98 112 112 1980 1999
79 24 85 36 1840 1859
147 176 159 170 1920 1939
46 32 45 15 340 359
58 21 58 39 1280 1299
25 197 29 211 1980 1999
96 12 86 20 620 639
20 19 37 20 120 139
37 21 48 14 140 159
42 24 55 19 500 519
37 15 36 31 601 619
71 122 56 120 821 839
73 17 71 1 220 239
217 94 221 108 1800 1819
12 8 28 10 20 39
97 1 86 8 980 999
47 130 54 141 1440 1459
135 42 135 24 1640 1659
46 69 37 60 1640 1659
3 60 8 73 1520 1539
6 11 6 28 221 239
37 44 26 51 120 139
48 178 35 173 1740 1759
116 43 125 34 1640 1659
118 68 104 72 460 479
24 30 22 14 60 79
29 52 31 67 461 479
184 87 185 104 1320 1339
30 31 15 34 80 99
103 131 114 124 1500 1519
87 97 93 109 580 599
63 75 63 57 460 479
37 19 34 4 460 479
12 29 18 41 360 379
36 159 26 167 1640 1659
9 21 7 5 60 79
6 70 17 63 1700 1719
8 10 8 28 60 79
125 76 128 61 1360 1379
80 68 72 59 761 779
50 28 58 38 660 679
37 23 26 16 260 279
11 101 17 89 1300 1319
145 110 140 123 1240 1259
79 47 84 34 860 879
51 11 62 18 140 159
68 54 80 48 500 519
19 49 32 44 460 479
63 70 56 81 1920 1939
72 29 72 11 960 979
45 54 46 71 1880 1899
25 30 26 47 400 419
25 128 12 133 1680 1699
160 23 166 11 1040 1059
12 134 18 146 660 679
85 62 94 71 1200 1219
10 132 14 118 1780 1799
4 135 19 132 1680 1699
111 79 109 95 1380 1399
83 93 69 97 700 719
117 71 130 66 1180 1199
82 95 85 80 1520 1539
95 110 112 111 1040 1059
168 56 161 67 860 879
42 40 30 46 220 239
33 79 41 88 641 659
15 40 8 51 200 219
27 72 10 71 240 259
91 77 103 71 1340 1359
161 18 157 4 1320 1339
100 52 111 59 1140 1159
13 75 23 83 220 239
91 32 100 41 1400 1419
62 28 49 33 660 679
15 33 27 28 441 459
96 141 103 130 1480 1499
34 30 17 29 1500 1519
102 105 87 108 1920 1939
138 262 121 261 1980 1999
171 110 171 93 1301 1319
87 43 78 52 1740 1759
20 38 36 40 100 119
160 136 177 137 1340 1359
47 213 46 230 1700 1719
33 136 48 138 901 919
35 122 43 112 1400 1419
73 65 72 82 780 799
58 41 63 28 320 339
53 68 38 65 1520 1539
81 17 77 3 1140 1159
58 30 45 26 521 539
105 174 106 191 1800 1819
14 21 25 14 40 59
57 28 41 26 800 819
98 166 98 184 1860 1879
16 13 15 30 240 259
105 173 118 178 1900 1919
42 78 48 66 420 439
26 20 27 3 100 119
78 70 88 78 1260 1279
57 6 45 12 1280 1299
61 10 61 28 480 499
47 93 49 108 601 619
22 166 5 165 1300 1319
77 41 80 56 1820 1839
37 11 27 3 1260 1279
29 28 14 31 1520 1539
23 45 25 61 1260 1279
182 83 191 92 1480 1499
25 27 31 15 140 159
117 17 124 6 820 839
90 146 87 161 1700 1719
23 23 32 14 540 559
91 116 104 111 760 779
278 49 279 66 1600 1619
16 35 17 18 280 299
60 11 57 26 1080 1099
12 6 17 18 201 219
47 94 39 104 1280 1299
107 96 122 99 1080 1099
20 105 20 123 1360 1379
124 41 109 39 1061 1079
153 86 136 87 1320 1339
8 17 16 7 440 459
5 62 3 46 600 619
28 13 24 27 480 499
24 26 32 16 500 519
31 17 42 23 521 539
42 24 52 32 540 559
29 271 39 263 1740 1759
192 80 192 98 980 999
105 21 117 15 1020 1039
63 121 64 104 1580 1599
17 67 3 71 420 439
34 41 31 26 1160 1179
21 97 20 114 1660 1679
29 31 40 24 180 199
34 111 34 93 880 899
45 246 44 262 1581 1599
71 41 63 51 460 479
75 125 76 142 1260 1279
8 23 19 30 80 99
28 9 34 21 240 259
70 71 80 79 360 379
99 11 89 3 860 879
16 76 20 63 881 899
87 152 92 165 1080 1099
85 131 80 143 1641 1659
31 37 38 48 940 959
66 101 66 83 1200 1219
36 20 23 25 100 119
82 77 66 75 920 939
22 44 16 56 1020 1039
168 135 175 146 1440 1459
78 136 78 154 940 959
54 24 44 16 1140 1159
41 45 56 42 1100 1119
33 65 32 48 260 279
70 7 70 25 680 699
28 47 14 51 1160 1179
92 65 77 62 1960 1979
19 64 19 82 1200 1219
182 132 182 114 1820 1839
49 146 54 159 1600 1619
64 71 66 55 680 699
28 1 37 10 160 179
195 24 210 27 1960 1979
6 10 14 20 260 279
209 106 209 124 1720 1739
25 31 19 19 1900 1919
131 52 144 57 1760 1779
85 65 85 47 700 719
84 16 75 7 900 919
40 25 27 20 1240 1259
12 87 26 83 1560 1579
23 24 34 31 1480 1499
35 16 35 34 360 379
46 69 34 63 440 459
66 56 81 59 500 519
8 34 2 22 100 119
126 160 111 163 1340 1359
121 45 136 42 540 559
21 21 37 23 420 439
33 7 47 3 420 439
17 135 33 133 1700 1719
93 36 92 53 1680 1699
63 47 76 51 761 779
36 25 26 33 600 619
100 125 92 135 800 819
4 8 4 26 60 79
0 1 11 8 1 19
42 91 51 100 1600 1619
26 90 22 104 1420 1439
68 85 80 91 1520 1539
81 254 64 255 1240 1259
32 190 38 202 1500 1519
156 172 165 181 1380 1399
61 191 58 176 1340 1359
49 162 60 155 680 699
142 263 147 276 1840 1859
18 38 34 40 180 199
49 14 37 20 1000 1019
0 20 12 14 20 39
43 20 36 31 1480 1499
26 37 15 30 920 939
22 184 23 167 1980 1999
19 34 16 49 160 179
30 29 26 15 120 139
30 4 17 9 780 799
129 30 146 31 480 499
22 20 12 12 180 199
115 70 109 81 941 959
40 18 34 30 140 159
135 247 135 264 1641 1659
19 5 26 16 1540 1559
47 45 51 31 380 399
56 10 64 20 1700 1719
104 53 120 51 680 699
21 67 20 50 740 759
18 97 19 80 1960 1979
133 21 144 28 1340 1359
34 14 42 4 420 439
55 34 70 37 280 299
73 178 82 186 821 839
39 2 49 10 960 979
96 59 99 74 1560 1579
102 33 111 42 1920 1939
22 53 29 42 680 699
76 98 87 91 580 599
23 84 25 68 560 579
25 67 19 79 580 599
98 127 99 110 1080 1099
2 18 8 30 20 39
79 60 70 51 1960 1979
119 113 112 124 1180 1199
75 67 76 84 540 559
29 44 36 34 701 719
136 29 152 30 1381 1399
180 24 171 15 1260 1279
37 126 33 139 1861 1879
100 87 105 74 880 899
34 141 38 155 1760 1779
37 32 30 43 120 139
43 36 43 54 160 179
32 121 32 103 1840 1859
23 25 18 38 100 119
74 37 66 47 1320 1339
30 31 20 39 400 419
140 107 147 118 1400 1419
31 39 32 23 281 299
50 89 51 105 1621 1639
205 21 221 23 1620 1639
79 62 63 61 781 799
16 38 15 21 60 79
4 44 18 48 1060 1079
93 86 103 94 880 899
19 6 26 17 40 59
12 57 9 42 1720 1739
77 169 64 164 1940 1959
61 173 64 188 740 759
17 17 9 27 980 999
44 24 58 21 1241 1259
15 65 21 53 300 319
7 84 19 90 1720 1739
32 10 20 4 500 519
11 56 27 57 221 239
33 124 47 120 680 699
104 273 96 263 1480 1499
34 23 30 36 1341 1359
36 143 24 149 1080 1099
33 75 34 92 1420 1439
81 163 71 171 1460 1479
76 75 85 84 1400 1419
98 28 88 36 1220 1239
0 1 17 2 1 19
47 68 59 62 520 539
73 5 60 10 1060 1079
37 57 21 55 420 439
21 198 32 191 1480 1499
28 28 43 25 540 559
34 51 38 65 1840 1859
71 155 60 148 1700 1719
92 73 79 68 840 859
183 1 174 10 1020 1039
16 178 7 187 1380 1399
147 11 160 6 1980 1999
3 127 15 121 1740 1759
79 11 71 2 561 579
39 37 44 24 1740 1759
179 126 166 121 960 979
27 27 27 9 1780 1799
178 104 191 109 1340 1359
9 16 8 33 80 99
6 4 1 17 60 79
3 35 8 48 1860 1879
132 279 125 268 1680 1699
23 45 28 58 1900 1919
13 11 0 7 81 99
107 47 119 53 420 439
26 24 12 27 121 139
24 34 7 33 1980 1999
29 27 34 40 1140 1159
113 60 104 69 1800 1819
55 106 39 107 1261 1279
36 22 42 11 441 459
31 201 31 183 1980 1999
5 60 20 57 1280 1299
43 3 41 19 180 199
12 88 25 83 420 439
33 15 46 20 540 559
105 10 100 23 1080 1099
6 35 20 31 200 219
35 140 18 141 1000 1019
9 218 17 228 1480 1499
61 84 72 90 941 959
124 41 121 56 720 739
0 156 12 162 1620 1639
9 13 2 3 321 339
2 2 11 11 340 359
25 39 11 35 1780 1799
75 80 70 67 240 259
28 66 37 57 1260 1279
21 72 12 81 1640 1659
30 69 20 61 1680 1699
51 11 66 14 460 479
142 43 142 61 640 659
80 8 94 12 500 519
0 85 13 90 360 379
15 65 3 71 1620 1639
232 58 224 68 1900 1919
326 127 323 142 1840 1859
199 20 188 27 1280 1299
157 106 143 102 1120 1139
111 164 118 175 1360 1379
47 112 55 122 1800 1819
123 39 119 52 601 619
14 33 31 32 1840 1859
66 55 55 48 720 739
61 154 53 164 1800 1819
11 7 17 19 20 39
41 152 36 165 1120 1139
41 85 33 75 900 919
48 65 63 68 440 459
25 7 26 24 60 79
100 142 100 124 1020 1039
76 134 60 136 1500 1519
50 35 41 26 800 819
77 50 61 48 920 939
61 49 68 38 940 959
138 15 137 32 1480 1499
142 60 149 71 780 799
18 47 15 32 1080 1099
44 25 33 31 421 439
159 51 145 48 1881 1899
161 90 163 74 1160 1179
208 73 202 61 1280 1299
15 41 20 28 180 199
41 27 28 22 820 839
235 68 243 78 1600 1619
18 45 27 53 1381 1399
0 156 7 145 1900 1919
48 48 55 59 700 719
171 14 164 3 1280 1299
70 21 58 15 280 299
27 17 39 23 1180 1199
89 259 105 258 1121 1139
99 53 108 62 1700 1719
34 64 36 48 1420 1439
27 20 27 38 160 179
64 267 51 272 1800 1819
50 62 66 60 1380 1399
136 40 131 28 1881 1899
0 1 6 13 1 19
164 139 155 148 1120 1139
67 88 56 94 741 759
32 115 33 98 1680 1699
66 160 61 173 1700 1719
34 63 24 55 1160 1179
83 33 93 41 620 639
21 64 21 82 600 619
93 49 109 51 1580 1599
25 133 15 125 860 879
20 3 20 21 400 419
34 3 34 21 440 459
60 52 77 53 460 479
59 78 51 68 1080 1099
132 108 117 105 1140 1159
43 7 57 11 220 239
81 124 80 107 1000 1019
248 90 236 84 1940 1959
13 31 7 43 1260 1279
126 112 114 106 940 959
14 15 19 28 80 99
111 38 100 45 1840 1859
101 66 113 72 1560 1579
93 34 86 45 1880 1899
101 6 90 13 1000 1019
39 64 47 74 320 339
17 14 33 12 200 219
49 41 46 26 500 519
65 43 51 47 1980 1999
1 53 5 39 180 199
74 130 59 127 860 879
48 56 51 41 900 919
91 94 90 111 1360 1379
140 122 154 118 860 879
15 41 8 30 740 759
59 92 48 85 1000 1019
72 77 72 95 960 979
43 8 36 19 160 179
12 16 6 28 100 119
7 48 19 42 200 219
66 65 72 54 1181 1199
53 54 53 36 760 779
68 94 65 79 820 839
109 168 110 185 1400 1419
42 44 50 34 460 479
41 46 39 62 320 339
39 63 36 78 340 359
36 79 31 66 360 379
46 33 36 25 1280 1299
3 11 11 1 940 959
12 180 28 182 1580 1599
24 101 41 100 440 459
193 45 176 46 1420 1439
45 117 29 116 481 499
35 115 35 97 500 519
16 35 26 43 160 179
84 49 85 33 901 919
159 18 160 35 760 779
64 30 72 20 820 839
29 106 26 91 1960 1979
19 123 34 126 620 639
153 58 152 75 1720 1739
25 62 39 58 1280 1299
184 83 195 76 1280 1299
59 113 61 97 700 719
64 66 76 60 380 399
131 25 137 13 1780 1799
9 11 9 29 140 159
54 100 59 113 780 799
150 11 159 20 1040 1059
66 20 57 29 1220 1239
111 51 111 33 1700 1719
0 34 13 39 420 439
6 25 18 19 160 179
33 115 39 127 900 919
0 1 12 7 1 19
48 78 47 61 980 999
12 9 12 26 21 39
65 11 56 2 1140 1159
5 25 20 28 300 319
19 59 33 55 820 839
73 97 58 94 1420 1439
7 85 3 71 620 639
180 104 169 97 1380 1399
128 60 127 43 1380 1399
44 45 40 31 880 899
31 123 42 116 1140 1159
19 186 19 204 1520 1539
46 130 43 145 1180 1199
51 44 50 61 1360 1379
50 46 37 51 540 559
82 63 95 68 1200 1219
0 40 1 23 140 159
137 62 149 67 1581 1599
43 100 34 91 1400 1419
204 108 196 118 1660 1679
117 16 119 32 1040 1059
56 41 67 34 1120 1139
71 26 80 35 800 819
49 74 48 57 880 899
131 33 115 35 1340 1359
29 195 31 179 1900 1919
67 166 64 151 720 739
68 89 82 85 520 539
98 103 105 92 920 939
25 94 22 109 1520 1539
25 5 36 12 100 119
44 47 40 33 1560 1579
34 57 20 61 1160 1179
26 17 41 20 280 299
68 16 67 33 1380 1399
75 127 90 129 1641 1659
9 47 2 58 260 279
51 76 50 59 1320 1339
118 145 101 144 1720 1739
126 39 135 30 1480 1499
3 28 19 30 120 139
0 1 6 13 1 19
27 130 43 128 1560 1579
123 116 108 113 1800 1819
23 40 30 30 301 319
93 89 82 96 1500 1519
82 120 74 110 1860 1879
74 109 82 99 1880 1899
76 45 62 49 1280 1299
40 75 49 67 621 639
22 72 10 66 740 759
179 31 167 37 1780 1799
29 38 14 41 1080 1099
5 13 21 11 20 39
15 5 1 1 20 39
96 55 102 43 320 339
39 14 45 2 1240 1259
9 22 19 14 80 99
14 123 22 113 1480 1499
5 66 13 76 200 219
85 97 69 99 1060 1079
111 252 115 266 1880 1899
52 67 39 62 1880 1899
44 20 30 16 1860 1879
19 57 5 61 1260 1279
83 42 95 48 320 339
10 10 18 0 20 39
108 27 113 14 960 979
182 20 184 4 1060 1079
157 81 163 92 1241 1259
37 181 48 187 1001 1019
29 40 15 36 1320 1339
185 108 197 114 1440 1459
49 107 55 95 620 639
15 8 15 26 40 59
15 24 10 37 80 99
18 124 28 116 1340 1359
39 28 41 44 160 179
53 81 61 71 500 519
102 52 119 53 900 919
6 14 3 29 20 39
25 26 19 14 1000 1019
98 45 95 60 440 459
19 72 29 64 760 779
17 112 32 115 400 419
82 154 75 143 1220 1239
6 3 19 8 40 59
183 47 166 48 1820 1839
110 25 111 8 1840 1859
84 77 76 67 720 739
32 18 32 36 1420 1439
97 14 82 17 1880 1899
57 56 58 39 1280 1299
54 39 59 26 1280 1299
79 227 73 239 1060 1079
22 52 24 36 220 239
28 139 39 133 1301 1319
86 19 97 12 1240 1259
64 165 54 157 1960 1979
45 8 59 11 501 519
79 253 89 261 1100 1119
74 91 60 87 1160 1179
6 4 22 2 100 119
4 61 19 59 461 479
140 85 128 80 1381 1399
48 99 35 94 840 859
37 79 41 93 380 399
31 114 47 116 1840 1859
8 56 22 52 660 679
67 93 59 83 1180 1199
17 66 22 53 200 219
20 26 20 43 161 179
59 87 51 77 460 479
71 84 77 72 920 939
51 169 57 181 1700 1719
34 179 30 193 1600 1619
96 29 107 36 920 939
67 108 67 126 1560 1579
100 13 115 16 400 419
175 120 182 131 1280 1299
13 120 1 114 960 979
79 32 67 26 840 859
93 125 82 132 1380 1399
93 46 93 64 1920 1939
12 150 3 141 1940 1959
36 35 39 20 480 499
112 146 104 156 1620 1639
17 137 0 136 1420 1439
55 43 59 57 1900 1919
38 203 54 205 1520 1539
113 252 116 237 1640 1659
95 49 110 52 340 359
22 103 16 91 1440 1459
17 14 22 27 120 139
160 26 174 30 1900 1919
180 156 181 139 1940 1959
86 57 84 73 1520 1539
61 162 51 170 1680 1699
118 90 128 82 980 999
27 19 31 33 1260 1279
23 107 26 122 1980 1999
82 246 89 235 1820 1839
104 23 94 16 1181 1199
83 58 87 44 1720 1739
80 80 88 90 380 399
112 31 100 37 880 899
170 82 182 88 860 879
45 88 44 71 800 819
119 60 119 43 1981 1999
101 194 94 205 1920 1939
64 43 66 27 960 979
66 161 79 166 1880 1899
84 217 98 220 1981 1999
24 36 40 34 1180 1199
55 60 69 64 400 419
17 85 0 86 340 359
74 139 74 157 1040 1059
17 164 5 158 1520 1539
165 32 165 14 1240 1259
15 80 9 69 901 919
103 110 118 113 1120 1139
90 62 90 44 1940 1959
25 87 25 105 1860 1879
97 54 111 50 1680 1699
49 11 45 25 1740 1759
79 39 78 56 620 639
37 72 36 89 960 979
49 22 34 19 280 299
8 73 19 66 1600 1619
198 15 192 3 1440 1459
42 19 50 29 640 659
134 63 120 59 1960 1979
3 70 8 57 640 659
77 96 84 86 1941 1959
33 84 43 92 360 379
80 144 80 162 1660 1679
66 154 66 172 1820 1839
55 85 69 88 481 499
25 50 25 68 1200 1219
98 18 109 25 940 959
50 40 34 38 460 479
51 49 66 46 340 359
142 80 127 82 1481 1499
109 116 99 108 600 619
8 29 17 38 200 219
43 261 39 275 1700 1719
6 234 9 219 1460 1479
153 59 166 54 1140 1159
13 42 1 36 480 499
12 33 17 46 1360 1379
75 64 68 53 480 499
114 119 109 106 760 779
109 105 112 120 780 799
112 121 129 122 800 819
7 45 19 39 140 159
80 293 75 306 1920 1939
299 149 287 143 1940 1959
105 112 91 109 701 719
80 42 65 44 1961 1979
124 155 141 156 920 939
25 42 34 51 200 219
99 62 94 49 1040 1059
51 42 68 41 360 379
21 71 9 77 1580 1599
148 150 139 159 1020 1039
99 23 101 7 340 359
64 76 66 92 860 879
41 46 41 29 781 799
100 42 108 32 1420 1439
34 5 20 1 1960 1979
25 94 30 81 1120 1139
88 34 77 41 1380 1399
66 27 78 33 320 339
2 16 12 8 1900 1919
156 59 143 54 1480 1499
29 39 46 38 380 399
32 51 35 66 160 179
94 13 88 1 520 539
16 144 32 142 820 839
41 35 29 41 780 799
64 29 72 39 440 459
33 0 38 13 640 659
237 78 231 90 1680 1699
123 108 126 93 1320 1339
64 87 73 96 1400 1419
93 139 80 134 1020 1039
25 104 39 100 1880 1899
184 31 183 48 1800 1819
43 219 36 208 1540 1559
62 178 62 160 820 839
5 16 19 12 40 59
23 109 18 121 1601 1619
221 169 223 153 1580 1599
139 32 132 43 1800 1819
216 99 233 98 1520 1539
28 26 14 30 1100 1119
17 186 25 196 1960 1979
70 81 60 89 840 859
23 168 26 153 1720 1739
2 17 14 11 80 99
67 127 53 131 1580 1599
125 78 121 64 1920 1939
1 128 9 118 960 979
58 33 57 16 280 299
152 110 163 116 1561 1579
9 28 24 31 40 59
26 20 34 30 1100 1119
120 35 129 44 720 739
26 59 40 63 520 539
34 184 19 187 1500 1519
42 26 28 22 220 239
40 21 50 13 120 139
48 31 39 22 840 859
1 27 15 30 1001 1019
227 151 217 159 1740 1759
33 25 41 35 220 239
154 19 154 1 960 979
45 9 47 25 660 679
14 12 15 29 100 119
25 14 36 21 80 99
116 22 122 34 740 759
49 15 47 31 380 399
21 10 23 26 40 59
20 113 29 122 1680 1699
15 39 16 56 60 79
34 6 49 9 660 679
14 168 29 170 1441 1459
39 5 39 23 340 359
36 3 36 20 301 319
30 25 22 35 320 339
20 70 5 73 820 839
22 15 19 0 360 379
19 1 24 14 380 399
145 10 152 21 840 859
31 49 38 38 100 119
82 15 69 19 741 759
212 117 204 107 1640 1659
119 91 133 88 1601 1619
116 12 132 14 620 639
106 204 101 217 1060 1079
3 43 17 46 1081 1099
8 27 4 13 40 59
16 9 22 20 61 79
4 16 20 14 20 39
129 137 118 144 1700 1719
75 142 75 124 1240 1259
6 65 21 68 720 739
58 39 69 46 680 699
165 23 165 41 820 839
84 45 71 40 720 739
51 24 64 19 640 659
62 4 57 17 220 239
50 51 50 69 480 499
90 25 75 28 800 819
75 27 64 34 820 839
16 9 18 24 421 439
131 89 123 79 1860 1879
206 59 191 62 1240 1259
106 21 104 5 1520 1539
70 13 74 27 320 339
71 38 70 55 1080 1099
39 135 47 125 900 919
12 60 25 55 220 239
39 13 33 1 620 639
105 59 93 53 1020 1039
23 98 33 90 1320 1339
27 86 33 74 320 339
146 26 143 12 1201 1219
71 71 83 77 820 839
33 11 46 16 460 479
65 17 74 8 1140 1159
25 141 29 127 1260 1279
184 8 187 23 1740 1759
128 47 112 49 960 979
86 99 100 103 1840 1859
95 26 84 19 480 499
11 84 7 70 1720 1739
211 92 201 100 1520 1539
15 10 0 13 560 579
43 10 27 8 320 339
47 68 36 61 1360 1379
19 28 2 29 1080 1099
0 86 13 81 300 319
187 42 179 32 880 899
100 130 106 118 900 919
66 15 67 32 480 499
93 149 110 148 1860 1879
20 48 17 33 340 359
115 82 115 64 1880 1899
52 35 58 47 600 619
28 127 41 122 1240 1259
83 71 74 62 1380 1399
31 166 46 169 1800 1819
10 53 15 66 600 619
1 1 10 9 2 19
14 33 31 32 1440 1459
17 62 10 73 1720 1739
27 58 35 68 360 379
65 55 73 45 1700 1719
141 53 134 64 1940 1959
31 52 19 46 320 339
62 166 52 158 1780 1799
62 53 55 42 1240 1259
84 29 74 21 1800 1819
50 57 55 45 421 439
85 28 99 24 1840 1859
30 54 38 44 140 159
25 124 34 133 560 579
150 118 162 112 1180 1199
98 50 115 51 1100 1119
97 33 105 23 1940 1959
105 22 104 5 1960 1979
17 51 7 44 1401 1419
35 52 47 58 320 339
0 18 10 26 20 39
52 137 61 145 1661 1679
109 10 111 26 1200 1219
58 94 63 81 1980 1999
14 12 5 21 1620 1639
36 39 21 42 120 139
118 124 114 110 1020 1039
74 38 74 56 860 879
33 19 19 23 1580 1599
21 10 26 23 200 219
12 82 24 76 1660 1679
5 21 19 17 100 119
156 38 157 55 1900 1919
20 39 20 21 600 619
36 164 31 177 1140 1159
33 77 26 87 321 339
13 35 25 41 140 159
8 104 11 89 860 879
17 69 22 57 121 139
45 104 44 87 1600 1619
24 25 39 22 1040 1059
218 175 213 187 1501 1519
85 31 74 24 1980 1999
22 42 14 32 1820 1839
44 143 37 132 1480 1499
70 49 69 32 1720 1739
32 14 24 24 1140 1159
3 72 16 77 440 459
104 54 90 50 740 759
35 84 39 98 1920 1939
21 6 20 23 560 579
207 36 218 43 1720 1739
28 18 30 34 660 679
30 35 30 17 680 699
74 26 84 18 340 359
11 64 26 67 200 219
55 13 58 28 1340 1359
65 27 59 39 420 439
78 33 72 21 1240 1259
173 56 159 52 1600 1619
47 37 61 41 820 839
61 42 74 37 840 859
182 110 176 122 1180 1199
74 55 91 54 880 899
47 121 63 123 700 719
97 45 90 56 900 919
76 50 83 60 521 539
37 9 54 10 380 399
95 59 107 53 980 999
33 108 41 118 1360 1379
12 1 3 10 920 939
67 42 84 41 280 299
11 66 21 74 360 379
94 27 88 15 1080 1099
93 130 91 146 1120 1139
100 21 84 19 1120 1139
84 20 73 27 1140 1159
26 59 39 64 320 339
19 105 31 111 1700 1719
135 105 148 109 1041 1059
74 20 71 5 1220 1239
70 21 85 24 1760 1779
56 6 58 22 1260 1279
64 36 72 46 820 839
27 64 20 75 320 339
72 35 77 22 1320 1339
91 25 82 34 580 599
63 24 48 21 1360 1379
48 22 45 37 1380 1399
45 38 36 47 1400 1419
30 58 24 46 1020 1039
32 176 49 175 1700 1719
23 27 28 14 580 599
52 115 60 105 1160 1179
130 49 133 34 1080 1099
77 77 67 85 260 279
34 29 30 43 160 179
75 10 78 25 400 419
35 54 18 55 400 419
19 31 24 18 140 159
49 14 52 29 280 299
14 7 7 18 40 59
117 22 114 7 520 539
3 28 8 41 240 259
5 46 12 56 1701 1719
5 71 4 54 1220 1239
19 128 3 130 1600 1619
19 139 27 129 1540 1559
5 108 1 94 1680 1699
7 57 22 54 1100 1119
18 42 32 46 1140 1159
80 61 81 78 720 739
49 32 41 22 1320 1339
101 27 99 11 820 839
36 150 26 142 1340 1359
77 102 88 109 880 899
244 109 244 91 1840 1859
16 4 28 10 20 39
0 54 14 50 1980 1999
164 26 167 12 961 979
43 57 41 42 441 459
23 12 23 30 40 59
15 29 7 39 940 959
80 118 80 136 820 839
62 14 49 9 180 199
189 142 197 132 1400 1419
37 46 34 31 1280 1299
3 17 12 26 20 39
5 13 2 28 20 39
52 8 60 18 220 239
23 120 19 134 1640 1659
89 45 101 50 481 499
12 50 7 63 260 279
193 110 197 96 1480 1499
12 13 3 4 40 59
30 54 30 36 220 239
97 104 82 101 960 979
7 18 2 5 80 99
19 21 32 25 121 139
45 65 31 61 740 759
7 119 24 118 420 439
49 53 51 69 460 479
22 38 30 28 340 359
50 77 42 86 821 839
80 133 63 132 1040 1059
25 48 15 40 440 459
22 126 10 132 1740 1759
77 135 77 153 1460 1479
26 33 32 21 720 739
69 94 80 101 600 619
72 142 69 127 1180 1199
40 65 30 57 1000 1019
16 203 10 191 1040 1059
66 55 55 48 1000 1019
20 15 4 13 120 139
69 130 60 139 720 739
94 191 93 175 861 879
180 100 179 83 1060 1079
42 26 53 33 500 519
55 124 50 137 800 819
144 84 140 98 700 719
62 145 65 130 840 859
224 69 241 70 1920 1939
86 75 89 90 760 779
7 187 20 182 1220 1239
97 44 85 38 560 579
90 71 103 76 1200 1219
12 49 21 58 1240 1259
177 113 194 112 1220 1239
43 13 32 20 260 279
44 264 28 266 1860 1879
28 92 42 96 980 999
76 59 88 53 400 419
40 66 54 62 1700 1719
33 166 40 176 1101 1119
152 126 168 124 1700 1719
96 264 92 250 1500 1519
40 28 27 33 980 999
100 86 116 88 1820 1839
42 96 46 110 1500 1519
41 136 37 150 1680 1699
19 104 10 95 480 499
1 6 7 18 920 939
49 37 62 32 1260 1279
49 85 42 95 1481 1499
37 162 32 175 1320 1339
32 176 49 175 1340 1359
54 72 47 83 1380 1399
79 1 72 12 780 799
30 165 19 172 920 939
112 123 118 135 1640 1659
153 44 165 38 1560 1579
51 151 53 167 940 959
64 73 64 55 1280 1299
79 231 80 214 1500 1519
28 66 32 80 1180 1199
95 217 97 201 1540 1559
127 63 124 48 1900 1919
113 204 110 218 1581 1599
39 46 50 39 440 459
6 98 3 113 1340 1359
124 195 108 197 1640 1659
108 198 109 215 1660 1679
33 79 21 73 660 679
31 57 46 60 660 679
94 63 88 51 1400 1419
40 37 51 44 1160 1179
31 28 35 14 800 819
37 61 54 60 1660 1679
70 105 63 116 1760 1779
237 76 225 82 1720 1739
74 49 66 59 920 939
46 193 45 210 1600 1619
14 63 24 71 280 299
6 100 20 104 1820 1839
130 163 113 164 1920 1939
180 21 174 33 1480 1499
59 147 68 138 1940 1959
121 187 124 172 1980 1999
33 29 38 16 580 599
14 64 12 80 1660 1679
149 121 136 125 921 939
15 69 5 61 220 239
92 18 79 13 540 559
49 32 49 50 160 179
35 68 50 65 1800 1819
110 219 121 212 1600 1619
127 66 127 48 1680 1699
6 26 12 38 180 199
65 41 54 34 460 479
56 57 50 45 520 539
182 18 195 23 1940 1959
57 152 62 165 1760 1779
29 42 12 43 280 299
33 19 33 37 220 239
33 6 25 15 61 79
96 117 112 115 1680 1699
40 29 37 44 1920 1939
7 69 19 75 380 399
19 70 13 82 1920 1939
12 66 27 63 420 439
91 127 92 144 1940 1959
147 28 132 26 1421 1439
75 83 87 89 1260 1279
21 80 34 75 960 979
0 25 3 40 520 539
137 30 152 27 1160 1179
70 84 57 89 300 319
155 39 171 41 820 839
20 57 19 74 600 619
3 165 8 178 1940 1959
36 73 39 88 640 659
206 106 211 93 1460 1479
69 117 68 134 1620 1639
50 185 62 179 800 819
32 73 39 62 1320 1339
25 43 36 49 761 779
56 104 67 97 620 639
6 52 23 53 100 119
248 119 250 134 1901 1919
103 41 112 32 860 879
64 48 75 41 1980 1999
91 91 100 83 641 659
137 244 138 261 1960 1979
44 80 53 89 460 479
28 33 41 28 240 259
9 37 22 32 940 959
37 111 52 114 1140 1159
20 49 12 40 981 999
146 94 152 106 1660 1679
22 128 35 123 1380 1399
61 101 61 119 740 759
242 60 229 55 1940 1959
14 130 26 124 1540 1559
45 68 45 50 1600 1619
94 13 85 22 560 579
60 26 66 14 260 279
103 26 102 9 1480 1499
2 109 15 114 1560 1579
73 26 78 13 1160 1179
80 50 80 68 1220 1239
9 223 22 228 1780 1799
32 20 23 11 1420 1439
139 113 143 127 1220 1239
49 237 38 244 1700 1719
42 57 25 58 760 779
12 243 6 231 1400 1419
231 157 239 147 1660 1679
17 123 26 132 1820 1839
71 54 79 64 1400 1419
79 65 90 58 1420 1439
12 8 9 23 20 39
54 63 54 80 1821 1839
88 55 86 71 1480 1499
156 102 152 116 1380 1399
44 49 40 35 160 179
34 58 18 60 980 999
28 116 30 132 1260 1279
39 55 29 47 1180 1199
208 61 205 76 1200 1219
5 29 5 46 161 179
60 90 57 75 300 319
125 57 138 62 1100 1119
85 30 101 28 800 819
25 50 37 56 400 419
78 147 67 140 1560 1579
34 11 41 0 1080 1099
41 280 48 291 1640 1659
33 70 45 76 720 739
73 220 79 232 1480 1499
16 41 33 42 320 339
73 61 85 55 1660 1679
27 83 14 79 1121 1139
23 9 13 16 161 179
16 88 7 96 1001 1019
10 93 10 111 1920 1939
10 10 23 5 20 39
175 147 183 157 1460 1479
67 67 59 77 1060 1079
137 21 131 9 1260 1279
34 35 35 18 200 219
139 76 140 59 1640 1659
91 12 78 17 1200 1219
40 28 53 33 700 719
113 35 99 39 420 439
116 97 133 96 1480 1499
8 68 19 61 140 159
52 34 62 42 300 319
19 23 8 30 180 199
16 116 32 115 1401 1419
60 54 69 46 201 219
20 16 21 33 60 79
76 67 87 74 880 899
208 148 216 158 1460 1479
65 34 59 45 741 759
76 54 68 64 420 439
94 35 92 51 600 619
111 30 101 22 1000 1019
88 14 100 20 1100 1119
0 1 10 9 1 19
271 68 284 63 1560 1579
25 40 34 49 480 499
46 108 31 111 1340 1359
152 31 168 33 1400 1419
64 74 48 72 500 519
56 71 46 79 1680 1699
52 42 60 52 180 199
29 28 20 19 1560 1579
102 3 102 20 901 919
40 141 27 136 1680 1699
8 38 11 53 620 639
49 44 45 30 360 379
165 150 160 163 1680 1699
32 166 37 178 1281 1299
4 60 14 52 700 719
14 53 26 59 720 739
47 41 35 46 1961 1979
74 88 77 103 860 879
24 32 18 20 340 359
171 72 173 57 1581 1599
85 42 88 56 1461 1479
38 63 27 70 840 859
93 174 106 179 920 939
21 49 22 32 420 439
24 44 10 40 540 559
52 18 62 26 380 399
138 57 129 48 760 779
185 136 169 134 1960 1979
55 140 61 152 1120 1139
22 77 13 68 1000 1019
16 128 1 131 1820 1839
32 4 40 14 1620 1639
27 36 19 46 1200 1219
114 110 102 104 1180 1199
27 39 12 36 180 199
117 8 132 11 1480 1499
49 44 56 55 1160 1179
0 1 5 14 1 19
36 31 20 33 160 179
79 14 72 4 1181 1199
88 22 101 17 1900 1919
29 113 40 120 1260 1279
20 142 20 160 1980 1999
10 6 11 23 100 119
56 103 51 115 581 599
78 152 71 163 700 719
67 65 72 78 540 559
68 140 70 155 1961 1979
18 90 25 101 1500 1519
71 66 64 55 1600 1619
19 65 22 80 1620 1639
13 37 4 46 460 479
54 142 39 139 1460 1479
27 151 27 169 1780 1799
28 46 25 61 180 199
61 43 51 35 740 759
15 50 5 42 1320 1339
61 84 72 77 1560 1579
34 137 32 122 1821 1839
147 275 159 281 1860 1879
103 71 89 67 1620 1639
89 66 82 77 1640 1659
45 135 40 148 860 879
98 30 94 16 420 439
61 35 66 47 1281 1299
19 63 11 73 1060 1079
21 18 25 4 80 99
48 65 65 66 440 459
42 59 43 42 1120 1139
44 183 44 200 1661 1679
83 83 86 98 1820 1839
24 129 29 116 1360 1379
102 39 99 24 320 339
74 93 72 77 1720 1739
25 18 9 16 80 99
144 27 146 12 1101 1119
51 218 41 226 1720 1739
115 162 121 174 1960 1979
121 173 137 175 1980 1999
55 116 60 103 1520 1539
51 28 43 18 1680 1699
14 60 16 44 1220 1239
64 33 65 50 360 379
162 49 168 61 1640 1659
0 31 15 28 80 99
183 14 182 31 1520 1539
11 34 25 38 1800 1819
81 144 81 162 1440 1459
66 142 57 151 1740 1759
38 51 54 49 200 219
20 3 13 14 480 499
84 33 79 46 840 859
45 39 28 38 260 279
28 36 33 24 281 299
162 22 147 25 1340 1359
31 8 16 5 320 339
9 29 22 25 1681 1699
16 30 11 17 140 159
98 18 101 3 1060 1079
64 83 77 78 240 259
21 23 25 9 420 439
48 62 60 68 860 879
36 0 20 2 460 479
6 12 22 14 20 39
81 31 94 36 1020 1039
27 8 12 5 520 539
38 12 29 3 1380 1399
19 106 18 122 621 639
37 9 46 0 580 599
12 125 28 124 1301 1319
36 32 46 40 1580 1599
68 87 76 97 560 579
39 12 37 27 661 679
10 13 26 11 280 299
30 57 37 67 781 799
34 3 41 14 720 739
95 46 107 52 1080 1099
13 14 23 22 640 659
26 14 28 30 140 159
19 62 4 59 440 459
192 23 203 30 1640 1659
64 24 59 37 420 439
144 48 147 33 1860 1879
80 54 78 70 620 639
43 53 59 51 180 199
4 25 13 17 101 119
15 20 19 34 40 59
83 63 66 62 780 799
27 8 26 25 1800 1819
35 17 32 3 881 899
70 65 84 62 1341 1359
20 11 22 27 1040 1059
8 13 17 21 221 239
97 118 107 110 1720 1739
191 41 178 36 1260 1279
14 186 14 204 1380 1399
43 51 40 36 1140 1159
22 6 22 24 580 599
51 46 36 44 1181 1199
253 34 244 25 1440 1459
49 37 60 30 1220 1239
63 121 56 132 580 599
63 59 75 65 460 479
97 55 106 64 620 639
57 19 42 22 1300 1319
42 23 30 17 1320 1339
94 32 89 44 1761 1779
18 67 17 83 1821 1839
156 78 142 82 740 759
159 184 163 198 1760 1779
38 56 49 63 700 719
4 12 14 4 60 79
2 38 9 49 220 239
36 110 35 126 1601 1619
26 12 30 26 300 319
77 24 89 30 360 379
178 113 177 97 1101 1119
8 46 4 60 260 279
45 58 29 59 381 399
100 220 84 222 1980 1999
64 53 60 40 1621 1639
60 39 74 35 1640 1659
59 196 52 207 1800 1819
47 64 47 46 640 659
148 39 161 44 1160 1179
18 45 19 62 240 259
68 33 73 45 1741 1759
73 44 72 27 1760 1779
68 39 57 46 960 979
18 37 8 45 1000 1019
124 70 123 53 1620 1639
10 15 27 16 320 339
39 65 27 71 300 319
84 47 91 36 640 659
17 39 26 30 820 839
51 26 45 15 741 759
60 107 54 118 1181 1199
25 156 34 165 1080 1099
11 38 16 26 741 759
26 95 34 85 1320 1339
28 81 13 78 520 539
59 114 71 120 800 819
48 123 31 124 1120 1139
36 114 22 110 1780 1799
14 46 27 41 100 119
105 37 93 31 660 679
86 136 81 149 1420 1439
156 131 150 119 1160 1179
13 40 13 58 440 459
32 61 45 66 200 219
97 200 113 202 1560 1579
99 75 85 79 620 639
21 51 38 50 260 279
72 58 81 67 420 439
47 56 31 55 301 319
31 54 46 51 320 339
22 80 34 86 1380 1399
17 1 3 5 20 39
129 97 123 109 1300 1319
59 14 66 3 880 899
99 49 99 31 1060 1079
50 47 34 49 440 459
67 86 58 95 280 299
39 63 51 58 481 499
81 171 66 168 1380 1399
20 35 22 51 160 179
1 65 16 68 1700 1719
30 18 35 5 620 639
269 76 253 78 1640 1659
34 103 43 94 760 779
27 59 13 56 401 419
34 49 42 39 200 219
31 85 27 71 220 239
37 116 29 126 680 699
71 9 85 13 260 279
167 154 154 149 1080 1099
36 154 41 167 740 759
35 111 20 108 1980 1999
80 110 70 102 1620 1639
154 19 143 26 1080 1099
21 145 19 161 820 839
52 69 66 65 400 419
136 43 147 50 560 579
69 41 57 47 1980 1999
18 154 13 166 1281 1299
30 53 20 61 320 339
19 173 6 178 940 959
56 122 56 104 1500 1519
127 102 119 112 1160 1179
143 53 157 49 1500 1519
85 124 68 123 1960 1979
127 76 114 81 560 579
10 192 15 179 1060 1079
12 24 25 29 100 119
31 175 17 179 1100 1119
60 48 77 49 900 919
95 59 89 47 460 479
49 21 54 8 700 719
24 178 19 191 1180 1199
19 192 7 186 1200 1219
68 16 84 14 1300 1319
37 39 40 24 1220 1239
29 189 39 197 1260 1279
39 196 54 199 1280 1299
46 49 50 63 1320 1339
67 203 61 192 1321 1339
46 195 57 202 1680 1699
30 6 36 18 860 879
18 47 33 50 160 179
26 60 30 74 700 719
28 51 15 56 560 579
59 130 55 144 1440 1459
63 43 54 34 1220 1239
81 135 89 145 1980 1999
17 120 18 103 520 539
80 49 70 57 400 419
37 57 34 72 1500 1519
90 119 105 116 800 819
52 37 63 44 1200 1219
112 116 126 120 1700 1719
115 43 124 52 900 919
69 120 65 134 1640 1659
77 142 93 140 1000 1019
81 37 74 48 740 759
31 87 25 75 1140 1159
11 43 24 48 1060 1079
11 30 21 22 1560 1579
38 62 39 45 1580 1599
29 42 46 43 800 819
82 167 87 180 1800 1819
6 52 15 61 220 239
72 13 55 14 800 819
22 21 29 10 80 99
15 55 15 37 1780 1799
79 197 82 212 1140 1159
34 72 26 82 820 839
201 179 191 186 1921 1939
34 33 37 47 1301 1319
16 118 26 110 1780 1799
92 44 76 46 1260 1279
31 32 17 28 1280 1299
60 17 71 10 240 259
2 12 6 26 140 159
15 230 20 243 1840 1859
40 143 25 140 1240 1259
15 178 31 176 1280 1299
137 53 127 61 1780 1799
13 50 21 60 1280 1299
62 51 58 64 1301 1319
126 47 125 64 680 699
16 44 3 49 1700 1719
13 88 13 70 960 979
23 86 17 98 1200 1219
69 1 67 16 441 459
19 54 17 38 360 379
100 94 116 96 1460 1479
84 82 69 80 1321 1339
145 67 142 82 1460 1479
98 47 94 33 1440 1459
31 24 19 18 280 299
40 14 46 26 420 439
24 8 41 9 460 479
4 21 13 30 1560 1579
65 49 50 47 481 499
17 13 29 7 380 399
28 74 20 84 380 399
198 22 181 23 900 919
81 69 79 54 441 459
36 66 40 80 1860 1879
82 50 87 63 340 359
49 64 33 62 1320 1339
29 64 14 67 1800 1819
19 1 11 11 660 679
51 95 52 111 361 379
23 87 23 105 540 559
14 66 30 68 1820 1839
30 35 26 21 320 339
115 46 104 53 720 739
128 227 124 241 1800 1819
7 42 6 25 800 819
69 74 76 85 720 739
6 5 21 2 840 859
21 4 34 8 861 879
34 7 50 9 880 899
50 8 37 3 900 919
37 2 25 8 920 939
59 56 67 46 1920 1939
116 238 113 253 1620 1639
17 61 24 72 860 879
0 1 16 3 1 19
11 41 2 50 580 599
15 32 1 36 1040 1059
52 12 51 29 1860 1879
152 14 146 2 980 999
2 58 5 73 1100 1119
240 78 237 63 1500 1519
83 159 96 163 1761 1779
14 32 30 30 260 279
57 17 58 0 1420 1439
25 21 34 13 441 459
53 49 53 67 1460 1479
40 15 52 9 200 219
20 46 32 40 260 279
54 63 47 74 1720 1739
97 55 95 39 1820 1839
59 108 50 117 1440 1459
124 90 127 75 980 999
156 28 148 38 1140 1159
55 20 55 2 840 859
99 45 99 27 1140 1159
6 27 2 13 120 139
49 57 45 43 300 319
12 6 10 22 60 79
114 66 115 49 1220 1239
110 111 100 103 800 819
33 68 42 59 1760 1779
108 3 99 12 840 859
105 115 116 122 660 679
91 38 80 44 1941 1959
199 44 193 32 1680 1699
8 50 21 55 1620 1639
15 54 23 64 280 299
13 45 8 32 1660 1679
12 112 28 114 1860 1879
100 24 100 6 380 399
3 50 2 33 1720 1739
47 50 56 42 1821 1839
215 97 210 85 1841 1859
56 27 67 34 680 699
148 28 155 18 801 819
207 85 199 95 1940 1959
50 66 57 77 1820 1839
7 30 15 40 40 59
69 81 61 91 1340 1359
18 128 21 113 1460 1479
53 37 65 43 780 799
152 20 138 24 860 879
163 13 153 21 1140 1159
73 68 76 53 400 419
27 121 30 106 1460 1479
39 78 55 80 320 339
3 142 20 141 1960 1979
17 20 22 7 40 59
36 72 31 85 1060 1079
170 7 159 14 1400 1419
99 89 97 104 881 899
19 51 24 64 740 759
80 293 76 279 1960 1979
26 174 16 167 1161 1179
55 153 39 151 980 999
22 58 19 73 740 759
202 104 208 92 1100 1119
32 32 35 17 380 399
20 41 19 24 160 179
116 89 126 81 1640 1659
20 9 17 23 101 119
18 8 12 20 340 359
126 62 130 48 1060 1079
77 122 91 126 1920 1939
31 125 35 139 980 999
92 113 104 119 1840 1859
24 100 16 90 1540 1559
98 3 96 19 440 459
46 17 56 9 480 499
62 178 77 181 1460 1479
194 16 188 27 1241 1259
52 6 66 2 540 559
86 19 82 33 1200 1219
13 138 29 136 880 899
73 41 80 30 1780 1799
21 2 35 6 240 259
85 88 82 73 1520 1539
94 28 108 32 660 679
67 163 82 160 1100 1119
55 123 72 124 1820 1839
98 19 83 16 720 739
210 182 198 176 1660 1679
69 18 61 28 760 779
61 29 44 30 780 799
22 30 27 17 780 799
53 23 53 41 820 839
160 42 158 58 1460 1479
32 15 44 21 1840 1859
3 115 20 114 1780 1799
53 183 46 194 1580 1599
49 176 65 174 1720 1739
1 15 17 13 180 199
9 28 7 44 120 139
40 56 32 46 980 999
14 23 19 10 80 99
32 34 32 52 140 159
71 34 88 33 1360 1379
41 60 55 56 320 339
44 8 50 19 1601 1619
0 1 7 12 1 19
83 72 68 69 1480 1499
65 81 52 86 740 759
44 107 50 119 1400 1419
12 58 2 66 140 159
111 13 108 28 940 959
38 28 36 44 660 679
45 158 43 142 720 739
46 141 54 150 1421 1439
0 1 11 8 1 19
32 41 26 53 200 219
32 19 15 18 80 99
96 65 95 82 720 739
100 5 88 11 400 419
93 41 108 39 801 819
1 11 10 2 100 119
77 95 81 109 1420 1439
10 66 19 75 980 999
85 97 88 112 1460 1479
76 85 83 74 1120 1139
12 26 9 11 140 159
13 18 13 0 120 139
109 76 104 89 920 939
7 75 20 71 561 579
18 86 7 79 1100 1119
73 44 83 36 1720 1739
91 22 91 4 720 739
210 45 200 37 1560 1579
161 34 153 24 560 579
38 45 21 46 1560 1579
64 178 75 185 1860 1879
33 68 38 80 421 439
18 180 4 184 1180 1199
128 112 142 108 1780 1799
99 57 96 72 1740 1759
38 139 43 126 1800 1819
121 65 119 81 1940 1959
39 114 25 118 1840 1859
27 136 26 119 1360 1379
78 57 89 64 280 299
40 136 37 121 1900 1919
54 121 50 135 960 979
169 25 170 8 1620 1639
39 146 43 132 1680 1699
32 0 32 18 60 79
47 110 45 126 1160 1179
10 8 9 25 20 39
62 54 66 40 380 399
47 17 36 11 1281 1299
31 45 42 38 340 359
4 62 16 68 100 119
32 81 26 69 1960 1979
45 25 49 39 540 559
21 70 27 82 1160 1179
133 31 149 29 1100 1119
227 94 214 99 1040 1059
57 15 58 31 321 339
21 45 33 51 1460 1479
58 93 52 81 1440 1459
15 92 7 83 1701 1719
98 143 94 129 1440 1459
112 78 103 69 580 599
42 11 38 25 840 859
101 6 100 23 360 379
24 71 16 81 880 899
15 37 26 30 60 79
88 10 98 2 420 439
27 38 21 50 520 539
68 101 59 93 981 999
24 26 21 41 260 279
34 24 45 30 401 419
26 50 42 48 140 159
145 101 158 96 740 759
160 36 149 29 780 799
23 7 14 16 140 159
50 138 62 144 820 839
22 36 5 37 140 159
131 130 138 119 1000 1019
22 28 16 16 180 199
64 109 71 120 1280 1299
218 42 218 60 1740 1759
2 67 7 80 160 179
105 9 93 3 740 759
13 7 9 21 60 79
87 28 81 16 1120 1139
19 18 24 31 320 339
17 14 34 15 400 419
65 8 76 15 840 859
76 14 88 8 860 879
78 18 89 25 1020 1039
46 23 31 20 440 459
33 80 42 71 280 299
19 42 30 48 1101 1119
27 86 38 79 880 899
11 14 22 7 560 579
36 51 35 68 520 539
5 66 15 74 760 779
72 107 89 108 640 659
22 172 17 185 1940 1959
29 76 30 59 760 779
51 95 40 89 481 499
43 25 49 13 540 559
55 113 69 117 620 639
77 54 75 38 440 459
23 42 26 56 261 279
42 70 32 62 300 319
160 92 144 94 900 919
45 125 55 117 1500 1519
53 64 62 55 1080 1099
88 52 90 68 1420 1439
234 161 218 162 1701 1719
26 68 15 75 1980 1999
67 11 68 28 1340 1359
11 26 13 42 1280 1299
73 17 65 27 1380 1399
143 14 129 18 1760 1779
51 33 49 17 1420 1439
0 1 10 9 1 19
72 26 87 23 1780 1799
35 42 35 24 1480 1499
34 50 47 55 340 359
18 143 19 160 1040 1059
123 59 112 52 1020 1039
152 23 168 25 1640 1659
186 106 189 121 1060 1079
188 122 198 115 841 859
161 28 145 29 1941 1959
60 25 69 16 1640 1659
49 33 51 17 620 639
16 90 11 103 900 919
15 35 30 32 380 399
72 209 79 198 1120 1139
66 71 62 57 1560 1579
73 41 71 25 780 799
66 138 64 154 980 999
170 173 186 175 1840 1859
31 42 17 39 141 159
13 9 2 2 660 679
22 13 24 29 80 99
81 50 86 37 1880 1899
65 17 72 28 940 959
247 119 256 128 1980 1999
93 63 79 59 1940 1959
107 125 93 129 1100 1119
95 81 82 86 500 519
0 1 12 7 1 19
60 71 53 60 960 979
70 101 55 98 1640 1659
47 25 35 30 961 979
44 91 35 100 920 939
28 233 39 226 1760 1779
35 60 35 78 1120 1139
45 151 41 137 1660 1679
53 38 53 20 1640 1659
15 31 32 30 300 319
125 29 126 12 1300 1319
37 30 41 44 1520 1539
16 137 10 149 1960 1979
38 65 26 59 1520 1539
19 32 34 29 1520 1539
22 80 22 98 1980 1999
49 37 35 41 1460 1479
86 192 101 195 1900 1919
89 53 93 39 580 599
40 64 30 71 361 379
81 74 76 86 1101 1119
51 63 37 67 1500 1519
21 20 15 8 400 419
15 247 32 246 1340 1359
147 4 146 21 1200 1219
93 47 84 38 820 839
115 56 121 44 520 539
146 88 161 91 820 839
20 32 31 25 260 279
7 123 8 106 340 359
138 40 132 29 601 619
24 43 37 38 200 219
15 131 1 127 940 959
174 85 185 79 1101 1119
64 148 77 143 980 999
155 79 170 82 940 959
97 121 87 129 1780 1799
15 62 12 77 560 579
47 56 38 65 360 379
77 4 94 5 1160 1179
3 20 8 33 360 379
137 43 137 60 1561 1579
232 83 232 101 1720 1739
175 47 187 41 860 879
87 39 79 49 860 879
22 15 20 31 40 59
162 33 176 37 920 939
43 50 52 41 400 419
17 74 28 81 920 939
164 2 161 17 1300 1319
15 5 7 15 20 39
2 24 17 21 1020 1039
177 56 186 65 1040 1059
186 66 185 83 1060 1079
48 216 48 234 1420 1439
13 16 28 13 280 299
25 22 15 14 600 619
17 40 4 35 280 299
49 51 44 38 180 199
17 229 32 226 1500 1519
89 60 92 45 800 819
59 17 57 33 500 519
100 123 111 130 1040 1059
40 118 51 111 460 479
58 29 60 13 1360 1379
4 29 6 45 680 699
153 23 152 6 580 599
35 31 50 28 340 359
164 163 156 173 1360 1379
84 109 71 105 861 879
34 112 37 97 700 719
28 32 13 35 140 159
62 118 74 112 1020 1039
146 32 149 17 500 519
28 12 40 6 1380 1399
173 211 163 219 1500 1519
150 53 135 50 1520 1539
41 35 39 51 420 439
32 71 42 78 1261 1279
44 58 47 73 820 839
69 35 85 33 1460 1479
61 81 61 63 1980 1999
17 40 26 31 320 339
213 36 216 21 1600 1619
5 119 17 113 380 399
57 34 72 31 520 539
57 38 49 48 680 699
98 274 104 262 1740 1759
47 74 55 84 840 859
70 65 86 63 560 579
185 26 199 30 1120 1139
125 263 142 262 1820 1839
31 73 35 87 300 319
14 53 19 65 1181 1199
61 121 66 109 761 779
55 99 66 92 1660 1679
167 108 180 103 1360 1379
45 48 41 34 400 419
35 91 33 107 1980 1999
58 142 45 137 900 919
27 28 39 34 440 459
15 3 20 16 20 39
74 35 61 31 461 479
55 20 57 4 520 539
4 11 16 5 400 419
116 50 116 32 780 799
126 121 140 117 1720 1739
24 29 14 36 581 599
213 147 212 131 1841 1859
55 54 49 66 1840 1859
99 117 109 109 1020 1039
20 22 35 25 420 439
65 4 79 7 901 919
33 43 42 52 260 279
42 51 59 52 280 299
59 51 74 48 300 319
16 30 23 19 140 159
155 152 172 151 960 979
173 74 156 73 1680 1699
53 165 50 180 1820 1839
34 78 22 84 1420 1439
104 85 115 91 421 439
30 35 28 19 1040 1059
24 252 11 257 1740 1759
219 48 221 64 1560 1579
101 83 92 92 500 519
48 66 52 79 641 659
23 113 7 111 820 839
102 33 106 19 1880 1899
86 48 87 65 580 599
10 24 25 26 1641 1659
88 32 74 36 1220 1239
43 70 46 85 1520 1539
13 29 29 27 60 79
12 102 4 112 580 599
94 90 98 76 660 679
90 128 96 116 1660 1679
52 20 39 15 1220 1239
47 145 57 137 940 959
55 37 59 23 420 439
144 63 137 52 1760 1779
25 101 42 102 1980 1999
29 3 13 1 140 159
51 52 58 63 240 259
36 97 41 84 1080 1099
94 184 108 180 1500 1519
32 97 33 80 600 619
178 92 187 83 1180 1199
50 35 39 42 720 739
52 31 44 21 560 579
75 117 87 111 1340 1359
77 97 72 84 1020 1039
72 83 57 86 1040 1059
87 71 70 70 1940 1959
132 201 120 195 1960 1979
151 48 147 34 1080 1099
19 53 34 51 441 459
77 63 81 49 1980 1999
59 80 48 73 1160 1179
35 40 40 27 240 259
34 76 26 85 1201 1219
89 52 97 42 520 539
3 30 13 22 40 59
48 55 42 43 880 899
24 108 14 116 1100 1119
73 119 67 107 1220 1239
85 23 90 36 1780 1799
87 137 98 144 1420 1439
140 57 151 64 840 859
36 67 44 77 800 819
22 227 37 224 1800 1819
49 52 60 46 1421 1439
32 41 22 48 821 839
7 66 24 67 360 379
71 46 86 44 901 919
117 69 122 57 1241 1259
184 3 188 17 1080 1099
33 21 36 36 460 479
35 17 31 31 740 759
49 24 45 10 640 659
164 34 162 50 1620 1639
110 125 104 113 920 939
32 186 33 169 1140 1159
8 232 9 249 1940 1959
68 68 62 56 1140 1159
89 58 74 61 1040 1059
51 23 49 39 420 439
43 103 53 111 1540 1559
9 38 25 40 1760 1779
38 259 30 250 1301 1319
2 15 11 7 21 39
25 39 28 24 1820 1839
37 50 35 34 560 579
64 155 56 145 1400 1419
29 8 45 6 400 419
68 39 77 48 520 539
65 42 54 35 800 819
132 42 142 34 1820 1839
70 25 75 38 1960 1979
184 82 179 94 1081 1099
85 47 93 37 1660 1679
66 40 52 36 580 599
10 6 15 19 1660 1679
108 65 112 79 560 579
27 54 34 65 1400 1419
189 19 201 25 1540 1559
98 82 101 67 980 999
34 117 31 102 1320 1339
30 84 37 94 401 419
74 23 88 27 1280 1299
116 144 102 140 1340 1359
9 54 19 62 1040 1059
37 76 47 84 1200 1219
61 75 55 87 260 279
12 8 27 5 20 39
42 52 49 41 1900 1919
73 43 66 32 1540 1559
20 44 33 49 180 199
40 101 26 105 360 379
26 106 27 89 380 399
176 36 183 25 940 959
38 26 39 9 860 879
16 168 26 160 1180 1199
53 15 42 8 340 359
10 30 4 19 161 179
16 78 23 67 460 479
36 15 33 30 200 219
33 115 28 102 1220 1239
24 43 17 54 160 179
80 61 69 68 1000 1019
86 214 72 210 1100 1119
10 98 2 88 620 639
2 87 6 101 640 659
48 44 39 53 1420 1439
54 115 70 113 560 579
94 15 99 2 1000 1019
21 17 16 4 300 319
5 28 12 17 80 99
209 22 214 35 1800 1819
55 82 41 78 1040 1059
54 111 37 112 1120 1139
0 37 0 55 1960 1979
31 30 42 36 1461 1479
65 212 75 220 1720 1739
51 46 68 47 720 739
29 135 24 122 900 919
14 25 18 11 200 219
19 54 26 43 200 219
140 258 137 243 1940 1959
48 123 51 108 920 939
56 54 69 59 1180 1199
21 41 18 26 140 159
30 30 44 26 1220 1239
4 24 14 16 60 79
229 67 224 80 1660 1679
31 110 47 108 1320 1339
31 40 42 33 400 419
73 34 70 49 680 699
213 41 226 36 1340 1359
7 105 0 116 1180 1199
12 49 9 64 560 579
64 187 47 186 760 779
139 13 139 31 1780 1799
30 29 15 32 280 299
26 104 22 90 1100 1119
82 33 96 30 901 919
12 4 26 0 540 559
26 24 38 18 220 239
60 127 46 123 800 819
21 101 4 102 1380 1399
25 19 16 10 780 799
38 98 37 115 660 679
8 111 15 122 1440 1459
7 13 21 9 20 39
28 73 13 70 1560 1579
13 51 20 62 300 319
26 20 19 31 1500 1519
105 76 104 93 1280 1299
17 43 21 29 1220 1239
30 44 14 42 180 199
17 87 32 84 500 519
61 93 76 96 1500 1519
15 71 7 61 300 319
1 12 18 13 280 299
180 97 194 93 1560 1579
29 123 38 132 1700 1719
103 54 113 46 1000 1019
54 7 56 23 720 739
19 31 24 18 100 119
125 80 115 88 840 859
45 40 43 25 1141 1159
30 249 15 246 1320 1339
70 24 70 42 700 719
60 45 69 36 1440 1459
63 38 78 35 720 739
0 1 4 15 1 19
197 35 184 30 1780 1799
14 36 30 34 300 319
10 36 25 33 60 79
28 267 16 261 1640 1659
43 142 31 148 720 739
26 218 29 203 1380 1399
111 58 117 70 1160 1179
35 60 40 47 320 339
94 105 85 96 1040 1059
17 17 25 7 260 279
140 119 133 108 1240 1259
44 198 39 210 1801 1819
81 62 75 50 560 579
86 87 88 71 680 699
36 18 33 3 180 199
42 60 42 78 220 239
116 24 116 42 1620 1639
28 36 33 23 140 159
14 110 21 120 1481 1499
42 29 52 37 1760 1779
94 70 106 76 1220 1239
34 0 47 5 100 119
114 6 131 5 540 559
19 205 11 195 1540 1559
84 209 81 224 1240 1259
120 42 125 30 1281 1299
148 275 132 276 1901 1919
43 57 50 68 420 439
154 49 152 65 800 819
53 47 36 48 500 519
36 49 33 64 520 539
71 90 60 97 1160 1179
56 144 59 129 1420 1439
55 64 63 54 1920 1939
52 66 65 61 1420 1439
40 31 46 20 141 159
82 79 98 81 960 979
34 19 40 7 640 659
113 45 101 39 1020 1039
45 72 32 76 821 839
37 59 28 67 561 579
6 14 23 13 20 39
125 267 114 274 1700 1719
69 108 66 123 840 859
60 42 50 34 860 879
33 59 19 63 300 319
40 43 38 27 400 419
210 94 227 93 1020 1039
31 32 29 48 880 899
0 2 15 4 2 19
165 87 150 90 1820 1839
22 38 22 56 940 959
6 128 13 139 1220 1239
46 1 39 12 600 619
13 58 29 60 1000 1019
58 131 67 122 1560 1579
31 60 33 76 1400 1419
125 217 117 227 1700 1719
78 126 90 120 740 759
103 3 113 11 1140 1159
5 12 21 13 21 39
168 80 161 91 1140 1159
39 101 36 115 1761 1779
33 116 24 107 1080 1099
163 117 153 109 1580 1599
27 103 15 109 1220 1239
207 112 202 125 1560 1579
102 63 105 78 1760 1779
29 131 15 134 1281 1299
83 73 83 91 1140 1159
64 21 66 5 1720 1739
33 11 32 28 1620 1639
43 61 38 48 220 239
32 44 43 51 380 399
73 16 63 23 381 399
44 17 27 18 1160 1179
7 13 19 7 20 39
35 18 43 8 400 419
35 114 34 131 1200 1219
19 5 30 12 380 399
29 28 15 24 400 419
114 79 129 76 1600 1619
16 92 33 91 1460 1479
68 63 56 57 440 459
29 170 42 165 1360 1379
136 40 132 54 940 959
49 55 59 47 620 639
70 36 83 41 300 319
40 27 36 41 120 139
123 67 121 51 1100 1119
48 62 51 77 1300 1319
41 28 25 27 981 999
23 58 33 50 1760 1779
19 47 9 39 340 359
50 10 47 25 620 639
85 83 70 86 660 679
107 82 106 99 560 579
66 79 67 62 1800 1819
35 64 42 53 1880 1899
125 44 136 37 880 899
101 94 102 77 1160 1179
65 39 51 43 1940 1959
177 134 175 118 800 819
147 31 156 22 900 919
15 17 14 34 140 159
13 5 30 6 20 39
68 138 58 130 540 559
14 62 8 74 1580 1599
140 101 156 103 1080 1099
13 23 2 16 60 79
43 16 54 9 120 139
10 112 10 94 1940 1959
59 92 46 87 1040 1059
208 91 193 88 1120 1139
134 201 125 209 1781 1799
119 27 111 37 1820 1839
104 115 115 108 920 939
36 58 49 63 1140 1159
32 27 33 44 280 299
33 46 33 29 301 319
119 52 118 69 440 459
14 44 0 41 121 139
12 41 17 54 120 139
55 86 68 90 501 519
123 105 134 112 860 879
133 13 129 27 1540 1559
64 32 57 43 1220 1239
135 48 140 36 1861 1879
185 80 168 79 1120 1139
28 83 28 65 600 619
15 158 27 152 1760 1779
55 1 57 17 860 879
38 20 23 23 500 519
99 16 84 13 760 779
62 65 50 71 560 579
55 21 64 12 620 639
189 156 173 154 1880 1899
47 14 42 27 200 219
10 10 23 5 20 39
37 83 54 82 1740 1759
39 39 48 30 180 199
59 52 59 70 200 219
155 161 167 155 1060 1079
6 14 11 1 20 39
4 54 3 37 100 119
101 49 118 50 500 519
20 62 37 61 1180 1199
68 96 85 97 860 879
147 115 142 128 1940 1959
76 106 66 98 900 919
20 52 36 54 460 479
75 91 82 80 940 959
64 51 71 40 640 659
129 74 127 58 1800 1819
101 68 106 55 1000 1019
0 1 15 4 1 19
112 59 95 58 960 979
54 151 52 135 1440 1459
71 54 84 59 1640 1659
103 27 102 44 1100 1119
34 17 34 34 301 319
18 23 13 36 440 459
83 40 98 43 1160 1179
9 65 20 58 580 599
88 34 97 43 540 559
14 65 30 66 341 359
66 41 70 27 1240 1259
157 26 159 42 1920 1939
14 69 26 63 520 539
26 32 32 20 1580 1599
17 1 12 14 20 39
101 102 105 116 640 659
20 44 7 49 180 199
144 41 156 47 560 579
106 18 106 0 1900 1919
44 31 53 22 800 819
151 74 144 64 1741 1759
214 100 207 89 1060 1079
82 32 77 44 601 619
38 70 51 75 1500 1519
157 48 160 33 1520 1539
50 35 63 40 480 499
23 11 37 7 340 359
45 51 45 69 1580 1599
113 103 104 94 1140 1159
18 35 20 19 200 219
18 25 1 24 80 99
29 40 15 44 480 499
13 43 18 56 100 119
51 23 37 27 1700 1719
23 56 22 39 320 339
139 115 132 126 900 919
24 18 20 31 1761 1779
163 104 171 94 1160 1179
194 44 210 46 1540 1559
44 38 43 55 1820 1839
94 77 94 95 1760 1779
35 35 20 38 580 599
61 162 59 146 800 819
1 0 9 10 40 59
10 79 24 83 1920 1939
37 106 49 111 1021 1039
119 159 111 149 1260 1279
24 121 20 135 1000 1019
18 61 31 56 1000 1019
62 54 55 65 580 599
97 20 80 21 1200 1219
55 149 43 143 700 719
4 37 4 55 80 99
34 73 45 66 720 739
75 117 92 118 1340 1359
16 34 27 27 140 159
61 49 76 52 500 519
40 24 30 32 180 199
30 14 20 6 260 279
13 33 20 22 220 239
124 47 118 59 1920 1939
76 54 78 69 961 979
127 53 124 38 580 599
20 43 24 57 80 99
9 70 10 87 920 939
46 57 45 40 240 259
40 33 48 43 360 379
36 42 41 55 140 159
22 1 38 3 120 139
10 10 16 22 20 39
52 28 43 37 300 319
202 62 202 44 1300 1319
48 139 60 145 920 939
34 164 17 163 1500 1519
151 94 154 79 840 859
83 59 70 64 540 559
39 57 49 65 1300 1319
40 37 31 28 360 379
70 67 60 59 600 619
37 95 24 100 420 439
4 111 12 101 560 579
145 79 134 72 1020 1039
60 5 49 12 1720 1739
41 30 57 28 800 819
12 5 12 23 320 339
58 11 70 5 1880 1899
50 6 47 21 140 159
153 39 145 29 700 719
108 38 114 50 820 839
44 3 43 20 80 99
92 101 95 86 1160 1179
50 25 65 28 400 419
24 34 21 19 380 399
64 40 57 29 780 799
59 209 51 219 1700 1719
50 1 53 16 480 499
70 38 62 28 540 559
115 23 131 21 980 999
0 1 17 0 1 19
172 76 187 79 1740 1759
22 132 7 129 1740 1759
45 32 29 33 501 519
78 81 88 73 1880 1899
150 43 137 38 840 859
34 37 48 33 1320 1339
36 63 49 58 400 419
18 145 35 146 680 699
64 100 74 92 1140 1159
41 55 42 38 180 199
91 129 87 115 1180 1199
177 38 191 42 1240 1259
6 77 9 62 240 259
26 17 28 33 1600 1619
24 98 40 97 841 859
10 73 25 76 960 979
56 154 68 149 1561 1579
13 118 15 133 301 319
226 18 218 28 1380 1399
36 86 34 102 740 759
53 129 62 121 1601 1619
62 178 71 187 940 959
51 37 41 45 300 319
31 31 19 36 321 339
148 66 145 52 1601 1619
41 41 40 58 420 439
46 168 57 161 1820 1839
28 23 36 13 240 259
15 30 28 35 120 139
39 105 32 94 1300 1319
132 62 127 75 860 879
174 32 165 23 1500 1519
168 23 160 14 1661 1679
39 42 22 43 240 259
59 20 62 5 200 219
18 177 35 178 880 899
8 32 20 38 380 399
170 21 179 30 1760 1779
23 46 28 33 120 139
132 25 148 27 960 979
53 188 49 174 1840 1859
41 26 39 42 760 779
163 15 159 29 1860 1879
88 60 92 74 820 839
42 66 52 74 580 599
106 15 92 19 520 539
34 4 30 18 60 79
35 163 26 172 740 759
78 19 70 9 1360 1379
0 1 7 12 1 19
63 28 58 41 1720 1739
71 39 82 46 740 759
36 56 20 58 540 559
57 64 63 75 261 279
22 113 38 115 1560 1579
23 52 23 34 120 139
23 33 15 23 140 159
15 24 24 15 160 179
44 120 51 131 460 479
21 0 20 17 200 219
41 83 34 72 1100 1119
112 67 124 61 680 699
129 28 145 26 1560 1579
73 201 73 219 1460 1479
104 115 97 105 941 959
48 79 33 76 1080 1099
41 21 29 27 300 319
39 264 34 251 1760 1779
6 81 10 67 960 979
25 77 16 86 980 999
24 13 24 30 101 119
7 2 22 5 600 619
21 148 25 162 1080 1099
180 145 179 162 1320 1339
11 258 22 251 1760 1779
21 129 18 144 1020 1039
10 0 27 1 60 79
21 98 7 102 1520 1539
32 89 41 80 1680 1699
92 119 99 108 840 859
18 77 15 92 360 379
21 56 7 52 440 459
53 13 53 31 460 479
34 41 40 29 680 699
129 34 140 27 1520 1539
121 57 138 58 740 759
157 4 171 8 1480 1499
221 31 208 26 1420 1439
128 105 128 123 1240 1259
27 39 33 27 300 319
40 95 37 110 1400 1419
23 49 17 60 841 859
39 13 44 0 460 479
131 20 147 18 1000 1019
53 53 41 59 380 399
55 15 65 7 820 839
92 44 84 34 820 839
91 58 107 60 400 419
22 86 35 91 580 599
138 23 147 32 880 899
48 67 34 71 1400 1419
163 218 171 228 1520 1539
214 110 216 126 1580 1599
131 14 146 11 440 459
62 41 48 45 320 339
21 17 36 14 180 199
189 199 199 192 1881 1899
72 78 80 68 1740 1759
55 35 46 44 580 599
16 65 5 72 1200 1219
46 142 58 136 1380 1399
3 124 16 129 1800 1819
22 24 12 32 1700 1719
28 48 12 50 1220 1239
40 88 47 77 1420 1439
28 168 37 159 1820 1839
12 14 21 5 540 559
70 105 54 103 440 459
29 63 23 51 1380 1399
10 34 26 32 220 239
19 37 9 29 1420 1439
81 88 86 101 1680 1699
0 40 0 58 1460 1479
47 101 33 97 1900 1919
119 33 132 38 1060 1079
20 30 35 27 1780 1799
53 50 55 66 840 859
28 59 28 41 1920 1939
40 96 36 110 540 559
162 196 166 182 1420 1439
49 23 48 40 1940 1959
33 65 49 64 201 219
31 149 21 141 740 759
23 76 28 63 1080 1099
109 214 125 216 1680 1699
80 83 76 69 1000 1019
100 3 109 12 760 779
17 135 17 117 1380 1399
9 17 16 6 140 159
8 44 12 58 740 759
31 198 34 183 1480 1499
1 18 16 21 80 99
177 11 170 22 1740 1759
21 21 35 17 340 359
14 110 31 109 1300 1319
56 43 72 41 1840 1859
65 62 73 52 1440 1459
43 96 59 94 1960 1979
59 95 43 97 1980 1999
16 50 33 51 1020 1039
114 95 124 87 960 979
20 13 14 25 40 59
14 24 31 25 60 79
31 26 33 10 80 99
33 11 26 22 100 119
111 89 115 102 1841 1859
103 49 111 59 860 879
37 22 39 6 920 939
18 13 11 3 101 119
0 1 8 11 1 19
18 10 11 21 220 239
0 1 6 13 1 19
168 75 155 80 920 939
16 2 24 12 20 39
47 23 34 28 700 719
37 69 52 66 1860 1879
62 159 46 161 840 859
186 100 188 116 900 919
43 119 38 132 1300 1319
135 35 135 53 1700 1719
101 76 113 70 1920 1939
7 32 5 48 560 579
59 24 52 13 1840 1859
17 15 12 2 1380 1399
12 60 29 59 500 519
33 153 40 142 1220 1239
41 117 35 105 900 919
55 95 55 78 761 779
37 95 46 104 580 599
46 105 55 114 600 619
9 235 2 246 1860 1879
27 75 16 68 820 839
55 110 62 99 1680 1699
69 132 67 116 680 699
50 65 47 51 221 239
237 62 221 60 1520 1539
16 70 0 72 1140 1159
47 29 45 45 260 279
66 108 68 124 780 799
67 138 60 128 781 799
144 29 133 22 1360 1379
51 101 34 100 1620 1639
17 224 8 233 1920 1939
80 48 63 47 1780 1799
108 74 112 60 940 959
137 46 133 32 1080 1099
3 43 16 38 1020 1039
126 104 130 90 1820 1839
106 136 105 153 980 999
8 95 24 97 1000 1019
40 76 42 92 1580 1599
125 135 114 142 1540 1559
0 20 5 33 20 39
93 30 103 22 680 699
27 90 26 74 1981 1999
112 94 107 107 1540 1559
103 66 98 79 640 659
3 25 1 9 60 79
102 78 104 94 1180 1199
38 19 28 11 240 259
39 19 25 15 220 239
17 20 4 25 40 59
9 51 12 66 660 679
124 41 113 34 1280 1299
113 35 127 39 1300 1319
127 38 138 31 1320 1339
37 90 21 88 440 459
53 18 38 21 480 499
87 93 74 88 1820 1839
13 55 29 57 420 439
27 50 34 40 661 679
36 51 49 56 280 299
114 110 110 124 900 919
21 112 13 122 1000 1019
36 14 32 28 260 279
44 58 54 50 1420 1439
12 64 7 77 140 159
62 17 55 6 160 179
170 9 171 26 1640 1659
80 10 66 13 1601 1619
34 92 20 96 1420 1439
21 213 13 204 1281 1299
227 39 236 48 1900 1919
39 221 33 209 1860 1879
51 37 56 24 1500 1519
109 36 116 47 960 979
67 29 50 30 1740 1759
74 19 73 2 520 539
12 20 26 24 260 279
50 37 47 52 1800 1819
126 33 136 41 920 939
57 18 69 12 240 259
10 81 21 74 1240 1259
9 9 11 25 20 39
50 63 53 48 720 739
155 62 162 73 1800 1819
57 1 71 5 1940 1959
30 63 18 69 1800 1819
36 111 33 126 560 579
22 115 9 110 1040 1059
33 132 34 115 1720 1739
52 36 58 24 1780 1799
18 70 13 57 980 999
101 21 99 5 1020 1039
18 21 20 36 101 119
174 111 186 105 1000 1019
33 15 20 20 100 119
8 89 5 74 1240 1259
40 34 40 16 180 199
155 172 170 174 1821 1839
19 31 36 30 60 79
65 42 63 58 560 579
37 125 37 108 1001 1019
85 14 98 9 280 299
51 52 51 70 160 179
42 47 27 50 160 179
67 33 66 16 500 519
165 38 168 53 1440 1459
85 64 91 76 1760 1779
14 6 7 17 60 79
7 76 18 69 160 179
28 80 37 71 940 959
117 54 116 38 461 479
24 115 38 119 1120 1139
66 61 66 79 800 819
27 62 29 46 440 459
122 135 117 148 1920 1939
21 41 23 25 1460 1479
156 38 155 21 580 599
29 97 31 113 1820 1839
11 7 26 10 20 39
31 105 42 98 820 839
29 3 45 2 41 59
138 38 153 40 681 699
47 30 55 40 680 699
108 205 97 198 1000 1019
46 26 48 42 1900 1919
12 17 12 35 80 99
74 63 63 70 1400 1419
146 41 163 40 800 819
53 115 67 119 900 919
167 26 179 20 840 859
26 108 14 114 1580 1599
36 170 49 175 1380 1399
100 11 86 7 720 739
87 92 101 96 600 619
28 23 15 28 840 859
21 59 27 71 140 159
57 177 53 164 1761 1779
26 112 9 111 1860 1879
0 2 3 16 2 19
16 49 9 38 920 939
104 76 112 66 660 679
88 18 74 22 1260 1279
10 54 0 47 881 899
3 6 8 19 40 59
81 131 69 137 1820 1839
133 95 143 102 1521 1539
7 79 5 63 180 199
74 29 77 14 960 979
172 18 184 12 1220 1239
14 42 27 47 1100 1119
55 206 65 214 1000 1019
69 23 77 33 420 439
23 27 19 13 180 199
58 39 51 50 320 339
83 48 99 46 1120 1139
18 163 29 169 1341 1359
31 17 42 10 820 839
23 151 23 169 1700 1719
20 63 29 71 1661 1679
41 13 27 9 340 359
23 235 25 251 1940 1959
158 59 150 69 1480 1499
64 38 59 51 1980 1999
18 8 21 23 220 239
59 20 48 13 440 459
21 56 13 46 1640 1659
62 48 70 58 740 759
41 104 26 101 1320 1339
55 34 67 28 1720 1739
139 56 150 49 1080 1099
195 19 209 23 1780 1799
52 280 55 295 1740 1759
40 26 43 41 1380 1399
131 78 143 84 1440 1459
116 12 124 22 580 599
88 94 95 83 980 999
9 56 15 68 960 979
39 52 42 37 320 339
176 58 175 75 1220 1239
169 4 159 12 1840 1859
212 114 216 100 1500 1519
143 14 159 16 1880 1899
32 79 35 64 1000 1019
143 19 148 32 1580 1599
16 13 22 25 520 539
218 190 222 176 1580 1599
179 8 179 26 1120 1139
33 56 38 69 840 859
25 34 8 33 80 99
65 110 65 128 640 659
36 101 43 112 1320 1339
17 37 0 36 1940 1959
10 88 21 81 940 959
27 10 27 28 1800 1819
61 172 48 177 1720 1739
54 3 62 13 160 179
21 31 21 13 100 119
49 10 33 8 200 219
79 136 91 130 1160 1179
12 71 15 57 1861 1879
0 1 5 14 1 19
49 90 52 76 1861 1879
59 49 54 36 300 319
113 58 127 54 560 579
16 55 11 42 1040 1059
65 43 53 49 820 839
56 22 54 38 180 199
62 25 61 42 400 419
33 6 37 20 440 459
38 119 42 105 440 459
39 225 27 231 1580 1599
108 263 125 262 1800 1819
63 41 78 44 500 519
9 134 8 151 1360 1379
71 53 65 41 540 559
41 20 53 26 760 779
51 39 34 38 1300 1319
43 93 47 107 380 399
63 59 74 66 580 599
72 42 66 30 1860 1879
31 3 14 2 820 839
194 20 198 6 1180 1199
8 152 22 156 1260 1279
184 95 194 103 1880 1899
73 119 90 118 780 799
180 44 192 38 1140 1159
9 56 22 51 640 659
16 88 32 90 1020 1039
103 75 93 67 1220 1239
67 14 68 31 360 379
151 63 151 81 860 879
17 54 21 68 360 379
27 53 12 50 260 279
59 42 64 29 800 819
156 88 162 100 940 959
176 23 193 22 1080 1099
157 111 174 112 980 999
57 103 45 97 1900 1919
64 13 57 2 640 659
115 67 123 57 1820 1839
42 110 36 122 1260 1279
23 154 8 152 781 799
89 61 72 62 1260 1279
17 21 18 38 980 999
20 25 17 10 360 379
134 61 142 71 1640 1659
208 46 206 30 1380 1399
36 29 37 12 1240 1259
43 67 49 55 1940 1959
130 95 135 82 680 699
41 31 42 14 1900 1919
31 53 41 61 300 319
33 92 18 89 1480 1499
55 20 45 12 520 539
14 67 14 50 981 999
56 87 70 91 800 819
42 96 42 78 1540 1559
90 58 101 65 1540 1559
46 194 31 197 1460 1479
52 115 69 116 1600 1619
45 31 32 27 1281 1299
20 25 18 9 320 339
80 150 77 136 1441 1459
31 4 44 9 1960 1979
161 44 161 26 1480 1499
40 79 29 72 520 539
138 115 123 117 1781 1799
19 13 13 1 60 79
243 77 230 82 1620 1639
63 73 61 89 780 799
17 98 14 83 1880 1899
224 79 226 95 1680 1699
226 94 232 82 1700 1719
32 22 42 30 1740 1759
28 5 24 19 40 59
30 75 36 87 720 739
23 52 19 38 1400 1419
232 113 249 112 1800 1819
90 47 99 56 1720 1739
23 19 19 33 60 79
50 72 35 75 580 599
29 69 34 56 1140 1159
37 68 27 76 800 819
250 133 249 116 1920 1939
66 254 60 242 1660 1679
87 112 93 124 1360 1379
80 263 81 279 1861 1879
1 36 12 29 680 699
156 44 149 55 860 879
67 57 66 74 780 799
113 82 118 70 1221 1239
12 9 22 1 1920 1939
4 37 18 41 240 259
27 30 29 46 120 139
36 66 53 65 1060 1079
15 50 5 58 160 179
5 59 20 56 180 199
37 84 42 97 1560 1579
128 78 130 94 660 679
14 80 7 91 1140 1159
9 63 20 70 260 279
15 60 32 59 240 259
29 47 42 42 260 279
11 82 18 71 320 339
82 56 83 72 1361 1379
2 28 2 46 1100 1119
28 44 29 27 380 399
150 129 150 111 960 979
74 25 70 39 520 539
39 46 41 62 480 499
30 82 16 78 1140 1159
201 134 210 126 1421 1439
35 31 25 39 500 519
25 38 23 22 520 539
63 85 68 98 300 319
46 130 33 135 1660 1679
19 11 25 23 580 599
32 42 47 39 340 359
132 39 147 36 1080 1099
4 19 9 32 640 659
18 29 4 26 181 199
139 19 151 13 1580 1599
165 61 158 50 1860 1879
175 16 185 8 1080 1099
125 210 132 199 1800 1819
2 47 19 48 1120 1139
47 62 35 68 1920 1939
150 95 167 96 1040 1059
191 134 201 142 1680 1699
174 73 176 57 1200 1219
21 25 36 22 100 119
22 16 32 24 1620 1639
150 12 163 17 660 679
18 8 2 10 180 199
80 75 94 71 840 859
35 144 39 158 1640 1659
63 34 51 40 1280 1299
34 71 46 65 1520 1539
42 154 25 155 1060 1079
122 35 121 52 1720 1739
204 23 191 18 1480 1499
60 31 56 17 400 419
24 33 20 47 240 259
34 127 51 126 640 659
140 215 134 203 1760 1779
113 12 105 22 1160 1179
33 119 19 123 1860 1879
85 6 96 13 600 619
78 20 89 13 1260 1279
88 18 96 28 820 839
34 22 46 28 460 479
56 125 53 110 760 779
111 19 120 10 1300 1319
39 36 43 22 200 219
60 67 60 49 880 899
45 149 36 158 1620 1639
17 166 10 155 1840 1859
64 254 53 261 1260 1279
15 62 6 53 200 219
0 2 12 7 2 19
53 19 43 27 140 159
132 25 121 32 1480 1499
112 110 112 92 1060 1079
113 42 96 43 1520 1539
97 44 96 60 1541 1559
9 110 19 118 1880 1899
28 83 20 73 1400 1419
140 91 129 98 1920 1939
23 17 29 29 140 159
85 130 89 144 1440 1459
22 24 35 19 1860 1879
85 97 94 89 641 659
34 91 51 90 1600 1619
41 41 25 39 460 479
135 31 144 22 1500 1519
49 44 32 43 360 379
70 73 84 69 1000 1019
207 154 194 149 1800 1819
203 12 218 9 1200 1219
33 136 48 133 1680 1699
10 149 9 133 1661 1679
30 86 33 71 1340 1359
192 42 201 33 1300 1319
118 49 127 58 520 539
42 39 38 25 360 379
191 202 178 207 1960 1979
181 16 183 0 1000 1019
118 205 131 210 1760 1779
5 127 13 137 860 879
107 37 98 46 1420 1439
2 54 12 46 260 279
13 91 14 108 380 399
87 88 94 77 1280 1299
23 40 39 38 120 139
34 52 29 39 220 239
235 82 245 74 1400 1419
24 10 19 23 100 119
2 69 12 61 200 219
14 127 28 123 640 659
35 101 24 108 940 959
19 85 21 69 1020 1039
10 96 22 102 500 519
30 27 25 40 360 379
56 32 73 33 660 679
154 119 139 116 880 899
109 11 96 6 780 799
29 187 25 201 1340 1359
25 86 38 82 341 359
32 15 33 32 600 619
189 105 174 107 1521 1539
41 18 26 21 1480 1499
33 78 20 83 240 259
31 16 46 13 560 579
17 64 34 63 200 219
10 27 18 37 40 59
8 43 23 46 560 579
27 107 14 102 1060 1079
38 41 22 43 600 619
197 97 211 93 1500 1519
48 23 39 14 440 459
43 41 42 58 1180 1199
63 122 78 125 720 739
140 89 127 94 1880 1899
16 21 8 31 80 99
0 1 6 13 1 19
118 12 119 29 660 679
19 43 33 47 220 239
85 92 85 110 840 859
6 57 23 56 1520 1539
94 11 103 2 1120 1139
80 23 80 6 341 359
57 201 65 211 1700 1719
126 75 110 73 1720 1739
25 60 33 50 1800 1819
34 64 34 82 460 479
75 108 70 120 1101 1119
101 218 86 215 1080 1099
94 148 104 156 1580 1599
26 34 14 40 620 639
178 25 189 18 1520 1539
45 1 57 7 1260 1279
11 86 13 102 1840 1859
8 50 23 47 220 239
44 127 33 120 1840 1859
199 36 202 22 1581 1599
14 152 29 155 1220 1239
115 232 98 231 1920 1939
45 211 40 198 1620 1639
64 134 70 146 1940 1959
61 144 51 152 1680 1699
20 130 23 115 1420 1439
45 125 34 132 1180 1199
80 99 72 108 621 639
26 54 43 53 220 239
89 48 87 64 560 579
52 29 42 21 1360 1379
42 20 31 27 1380 1399
31 26 43 20 1400 1419
43 22 33 15 1421 1439
188 74 182 86 1300 1319
41 4 43 19 1461 1479
37 80 39 95 701 719
252 131 247 118 1960 1979
14 54 10 68 1100 1119
24 42 36 36 1540 1559
21 37 35 41 220 239
36 81 52 83 1480 1499
89 43 97 34 1921 1939
29 47 28 30 460 479
48 233 40 243 1440 1459
36 22 47 15 180 199
112 84 115 69 1820 1839
24 51 13 44 80 99
64 25 56 35 1480 1499
15 70 22 59 720 739
13 30 30 31 1760 1779
30 30 42 24 1780 1799
166 55 155 48 1600 1619
39 37 36 52 1820 1839
104 6 114 14 1980 1999
12 24 5 35 260 279
42 117 46 131 1160 1179
38 18 21 19 620 639
28 30 35 19 60 79
49 64 40 55 720 739
3 81 13 73 780 799
5 34 7 18 280 299
19 73 36 74 620 639
4 1 20 3 40 59
140 116 135 103 1740 1759
18 50 4 46 1060 1079
29 17 37 27 1420 1439
27 51 38 58 100 119
37 26 36 43 1440 1459
36 31 33 16 80 99
95 82 106 75 1000 1019
8 49 23 46 1880 1899
97 35 91 47 780 799
59 39 42 38 1300 1319
25 117 17 107 1500 1519
47 38 56 29 600 619
208 164 208 147 1441 1459
133 103 128 116 1980 1999
32 67 33 50 640 659
20 46 23 31 340 359
186 119 194 129 880 899
27 56 33 44 240 259
23 156 34 163 1480 1499
197 9 192 22 1620 1639
111 41 107 55 1940 1959
46 68 58 74 340 359
88 72 83 59 1700 1719
50 27 66 25 1000 1019
59 12 73 8 520 539
73 9 79 21 540 559
38 104 32 116 1940 1959
72 117 87 114 1920 1939
157 125 148 134 1620 1639
53 32 53 14 720 739
1 22 3 6 160 179
77 43 90 48 660 679
99 7 91 17 980 999
103 41 115 47 700 719
8 12 5 27 20 39
29 35 45 33 1260 1279
90 49 82 59 760 779
3 12 5 27 141 159
146 11 163 12 1120 1139
140 12 139 29 1020 1039
84 39 96 33 840 859
151 237 148 251 1601 1619
80 33 83 48 880 899
36 10 19 11 340 359
85 34 71 30 920 939
71 31 80 40 940 959
13 26 16 41 40 59
175 76 189 72 1240 1259
4 10 8 24 340 359
102 139 119 140 1360 1379
32 30 18 34 180 199
51 68 64 73 480 499
8 26 3 38 81 99
67 26 71 40 680 699
52 27 45 38 240 259
122 120 131 129 980 999
102 38 105 24 1161 1179
73 114 67 102 960 979
94 15 87 4 1200 1219
87 5 102 2 1220 1239
61 7 50 0 460 479
109 14 106 28 1261 1279
14 49 3 42 1000 1019
0 1 6 13 1 19
131 38 133 22 1320 1339
73 96 61 90 1240 1259
49 169 61 163 780 799
36 137 30 125 480 499
91 34 86 21 1600 1619
48 102 50 86 1460 1479
23 48 8 51 1600 1619
15 28 10 41 1120 1139
7 7 20 2 380 399
50 93 50 75 800 819
112 77 112 95 1520 1539
126 22 141 19 860 879
42 49 42 67 520 539
4 59 18 55 560 579
99 113 98 129 1601 1619
52 78 64 72 660 679
26 99 23 85 1341 1359
163 98 178 95 1400 1419
18 21 16 37 120 139
62 27 73 34 560 579
21 18 13 8 640 659
14 3 13 20 80 99
17 113 32 116 1660 1679
96 124 96 142 1460 1479
9 147 24 144 1420 1439
32 60 27 48 1321 1339
8 117 24 119 1280 1299
24 164 12 158 1860 1879
12 157 1 150 1880 1899
48 215 49 232 1920 1939
47 20 37 28 720 739
157 17 147 9 1540 1559
71 2 64 13 240 259
23 68 25 84 1200 1219
0 2 10 9 2 19
10 8 5 21 20 39
25 16 19 28 160 179
48 48 48 66 500 519
105 58 122 59 960 979
119 11 110 2 900 919
69 63 60 72 460 479
17 30 11 42 560 579
113 13 111 29 980 999
21 45 27 57 180 199
42 57 28 53 1200 1219
27 75 27 57 220 239
68 133 53 136 1640 1659
26 30 26 12 100 119
26 79 29 64 280 299
51 106 65 102 1640 1659
17 16 4 11 320 339
161 97 157 83 1220 1239
80 163 66 159 1680 1699
23 8 23 26 160 179
7 67 21 71 1020 1039
85 76 77 66 1320 1339
6 55 14 45 80 99
47 86 61 90 440 459
31 125 27 139 1860 1879
99 109 99 91 860 879
95 38 82 33 1040 1059
41 39 34 28 1380 1399
50 93 49 110 1800 1819
86 64 70 66 580 599
136 23 124 29 600 619
124 30 127 45 620 639
22 53 15 42 800 819
82 59 68 63 1720 1739
24 144 25 127 1660 1679
145 24 131 20 1520 1539
17 115 17 97 1900 1919
76 25 81 38 680 699
24 98 28 84 1020 1039
28 8 17 15 380 399
94 53 92 69 680 699
124 5 126 21 840 859
85 37 81 51 1860 1879
35 26 33 10 440 459
108 42 91 43 780 799
31 180 46 183 1920 1939
107 102 123 104 840 859
8 42 20 36 260 279
194 97 192 81 960 979
43 131 37 143 1980 1999
81 46 74 57 1240 1259
8 126 22 122 1220 1239
178 114 180 99 1041 1059
16 17 30 21 200 219
25 143 26 126 1380 1399
190 90 181 99 1100 1119
47 45 58 38 940 959
48 6 33 3 1380 1399
31 143 42 136 1980 1999
38 11 41 26 920 939
90 95 89 112 1640 1659
35 65 35 47 1020 1039
194 111 182 105 1240 1259
28 90 40 96 1380 1399
20 109 19 126 1400 1419
167 89 153 85 1300 1319
8 112 8 94 980 999
152 31 162 23 1320 1339
137 107 125 112 1361 1379
68 53 83 50 760 779
61 4 63 19 741 759
9 43 2 32 1740 1759
3 128 9 140 1120 1139
15 18 31 20 160 179
71 120 87 122 1040 1059
121 86 104 85 1040 1059
15 26 17 11 101 119
226 59 240 63 1680 1699
59 36 74 33 880 899
150 71 150 54 1501 1519
65 109 62 94 1140 1159
85 46 77 36 720 739
204 171 221 170 1560 1579
64 152 66 168 740 759
19 134 19 152 1040 1059
48 94 37 101 1100 1119
70 25 81 32 1000 1019
27 18 29 2 120 139
33 61 22 54 500 519
98 42 87 49 1180 1199
95 91 94 74 620 639
45 56 55 64 1800 1819
66 33 60 21 1440 1459
85 23 91 11 1180 1199
78 66 94 64 1380 1399
7 40 22 37 960 979
30 49 26 63 1120 1139
27 28 40 23 160 179
124 47 131 36 1960 1979
65 29 57 20 1281 1299
86 44 89 59 1060 1079
5 15 16 22 20 39
162 35 149 31 941 959
84 85 101 86 1960 1979
6 14 5 31 20 39
36 5 50 2 261 279
42 43 57 40 280 299
12 237 9 222 1760 1779
82 71 67 74 1120 1139
129 65 128 48 940 959
89 107 79 115 660 679
14 125 31 126 1840 1859
70 43 81 36 720 739
27 23 19 13 780 799
5 15 18 20 20 39
102 40 115 44 1001 1019
104 261 105 278 1760 1779
33 32 29 18 360 379
5 91 18 96 1940 1959
42 109 38 123 1760 1779
143 22 150 11 640 659
134 83 124 91 960 979
95 38 85 46 1640 1659
19 20 17 36 1920 1939
50 59 41 50 480 499
24 82 28 68 1940 1959
32 21 16 19 280 299
73 11 69 24 321 339
20 57 16 43 560 579
57 95 64 106 1860 1879
4 51 8 65 640 659
115 60 119 46 1440 1459
45 31 50 18 420 439
71 28 59 34 640 659
49 47 40 38 260 279
16 40 24 50 60 79
129 66 135 78 680 699
42 82 47 95 740 759
52 26 52 44 780 799
78 26 95 25 460 479
144 45 159 48 680 699
98 183 105 172 1880 1899
86 93 98 87 840 859
98 88 83 85 860 879
48 76 44 90 1540 1559
32 45 37 58 1000 1019
13 16 7 28 240 259
32 114 29 129 420 439
85 60 78 71 1640 1659
110 42 104 54 660 679
84 11 97 6 480 499
124 259 140 257 1920 1939
93 176 104 183 880 899
112 175 117 188 1520 1539
95 105 101 116 1081 1099
14 45 6 35 680 699
58 137 45 142 1400 1419
80 80 68 74 1500 1519
13 57 2 64 300 319
119 95 126 106 1180 1199
41 57 34 67 401 419
131 198 129 183 1821 1839
143 126 158 129 1240 1259
43 65 39 79 1060 1079
50 70 51 53 340 359
52 85 48 72 1461 1479
171 92 178 103 1320 1339
15 20 20 33 1680 1699
218 161 227 152 1720 1739
145 107 150 120 900 919
115 34 101 38 1360 1379
221 22 209 28 1640 1659
155 5 160 18 1180 1199
60 135 72 141 1160 1179
1 5 7 16 1441 1459
29 51 35 63 1900 1919
94 50 86 60 1060 1079
195 62 193 46 1400 1419
213 94 214 111 1560 1579
9 49 26 50 1060 1079
54 137 66 143 1720 1739
79 108 95 109 1021 1039
37 64 52 62 941 959
93 91 101 101 620 639
26 23 21 10 80 99
59 93 73 97 1220 1239
42 30 38 44 260 279
10 8 22 14 20 39
81 60 82 43 520 539
15 42 23 52 880 899
133 95 148 92 1500 1519
223 157 213 149 1820 1839
39 36 34 24 941 959
32 51 49 50 1720 1739
19 81 24 94 1980 1999
224 120 209 123 1900 1919
208 124 195 128 1921 1939
79 20 91 26 560 579
279 67 269 75 1620 1639
4 85 16 91 1680 1699
18 39 13 26 120 139
2 18 9 29 20 39
44 91 40 77 1560 1579
11 76 17 64 1800 1819
166 21 170 7 680 699
210 52 200 60 1860 1879
33 20 16 19 120 139
11 8 8 23 520 539
11 85 17 73 900 919
114 32 111 47 1660 1679
76 84 80 70 740 759
26 22 41 19 1460 1479
175 97 162 92 1060 1079
7 27 7 9 260 279
61 153 60 136 1140 1159
88 67 89 84 720 739
115 48 129 52 1240 1259
131 10 141 18 1280 1299
40 23 32 33 360 379
175 61 184 52 1260 1279
57 74 48 83 320 339
98 59 93 46 800 819
35 179 49 183 900 919
50 26 42 16 460 479
34 167 22 173 1920 1939
82 60 98 58 780 799
77 38 76 55 1000 1019
118 83 125 72 720 739
84 7 68 5 560 579
69 47 84 44 700 719
10 119 23 114 800 819
25 119 23 135 1860 1879
35 109 39 95 1940 1959
121 54 104 53 1200 1219
95 38 87 28 1160 1179
141 17 126 20 1300 1319
37 127 33 141 1780 1799
20 16 30 8 220 239
74 110 59 107 700 719
43 75 44 92 1820 1839
135 23 121 19 1660 1679
31 161 19 155 1260 1279
75 39 84 48 620 639
28 69 22 81 1960 1979
48 72 33 75 1180 1199
76 8 77 25 1300 1319
24 50 15 41 180 199
148 152 165 151 1660 1679
175 131 191 133 1660 1679
119 103 106 98 460 479
201 41 213 35 1580 1599
59 41 57 57 1020 1039
59 24 61 8 440 459
54 40 71 39 1060 1079
147 24 151 10 1360 1379
77 41 63 45 740 759
16 89 30 93 1560 1579
58 51 44 47 1520 1539
30 124 17 119 500 519
36 102 35 85 1900 1919
41 81 37 67 1700 1719
67 29 79 23 1820 1839
50 44 57 34 401 419
6 46 3 61 1500 1519
319 139 326 128 1820 1839
49 22 65 20 600 619
76 95 76 77 1520 1539
114 105 118 91 960 979
69 15 72 30 1660 1679
52 61 55 46 960 979
43 12 57 16 1400 1419
28 20 36 10 100 119
166 54 161 67 1220 1239
42 4 31 11 1460 1479
31 41 26 54 1460 1479
219 64 232 59 1880 1899
17 33 1 35 660 679
52 39 57 27 1661 1679
30 55 23 44 560 579
15 27 30 30 60 79
20 1 22 17 1600 1619
76 21 62 17 680 699
23 22 20 37 520 539
45 22 36 31 240 259
71 50 71 67 901 919
55 158 71 156 1680 1699
33 48 43 41 1821 1839
49 179 49 197 1380 1399
2 31 3 14 1760 1779
94 94 103 103 1780 1799
20 43 4 45 1680 1699
22 235 10 241 1800 1819
13 7 28 10 20 39
29 127 38 136 700 719
45 38 49 24 640 659
120 27 115 14 800 819
32 149 47 146 920 939
53 83 60 94 1100 1119
40 55 46 67 320 339
33 72 22 79 1360 1379
206 32 221 30 1401 1419
69 49 75 61 1340 1359
93 66 78 69 1240 1259
26 76 33 87 1860 1879
21 20 33 14 520 539
14 117 14 100 1141 1159
28 23 23 10 1840 1859
2 15 8 3 240 259
4 21 17 26 160 179
15 87 0 90 460 479
98 151 82 149 1760 1779
20 20 28 10 220 239
131 17 137 29 1420 1439
23 45 18 32 580 599
95 252 82 247 1800 1819
37 49 26 42 300 319
64 35 51 30 840 859
48 28 39 37 180 199
38 59 48 51 360 379
62 14 75 9 380 399
20 26 35 29 260 279
10 62 6 76 700 719
57 41 59 57 300 319
60 115 47 119 301 319
33 17 43 9 140 159
17 32 13 18 360 379
23 54 14 45 240 259
41 227 28 232 1740 1759
0 1 7 12 1 19
73 33 77 47 580 599
51 70 53 86 1440 1459
73 61 64 52 620 639
30 65 40 73 600 619
25 32 32 21 1720 1739
144 20 152 30 1300 1319
150 50 157 39 1100 1119
176 94 163 99 1380 1399
22 10 15 0 321 339
40 35 52 29 1200 1219
72 125 74 109 680 699
53 16 40 20 1661 1679
97 102 99 118 1000 1019
150 7 143 18 1560 1579
25 8 28 23 560 579
1 3 10 12 260 279
90 74 81 83 900 919
119 251 111 261 1420 1439
20 24 19 41 580 599
85 20 88 5 1160 1179
111 55 94 56 1900 1919
120 52 133 47 700 719
20 3 12 13 520 539
101 245 97 258 1161 1179
12 65 23 59 1741 1759
0 1 16 3 1 19
99 71 82 70 1100 1119
25 256 17 246 1880 1899
158 48 165 37 1420 1439
33 65 28 52 540 559
60 96 46 92 1180 1199
48 86 34 90 1580 1599
63 95 52 102 1220 1239
70 164 61 172 721 739
38 51 22 53 1680 1699
40 77 36 91 1280 1299
87 32 104 33 600 619
47 113 55 123 940 959
37 26 35 10 1720 1739
47 35 57 42 1561 1579
116 70 122 82 1340 1359
38 33 47 24 680 699
182 9 172 17 1200 1219
80 56 63 55 580 599
11 75 5 63 1620 1639
40 7 32 17 1400 1419
47 55 30 54 540 559
26 95 12 99 1520 1539
17 29 12 16 60 79
32 25 24 35 1960 1979
62 2 67 15 1180 1199
166 49 157 40 1840 1859
8 124 19 131 1620 1639
19 130 35 132 1640 1659
36 133 26 126 1661 1679
11 18 17 30 160 179
63 53 62 36 1940 1959
187 120 194 131 1360 1379
2 124 9 113 1820 1839
15 104 25 96 1760 1779
154 72 161 83 1700 1719
17 47 4 52 620 639
97 21 105 30 1961 1979
26 131 38 125 1840 1859
25 29 22 44 740 759
23 104 7 106 1160 1179
37 54 21 52 240 259
54 143 64 135 1920 1939
37 51 27 59 340 359
64 69 67 54 960 979
69 161 62 172 1980 1999
0 1 3 16 1 19
154 148 164 140 1100 1119
39 87 33 75 660 679
53 163 61 153 1780 1799
140 122 150 130 1260 1279
74 48 82 58 1700 1719
149 72 145 58 800 819
178 206 183 219 1980 1999
173 172 160 177 1960 1979
44 40 35 48 1841 1859
233 100 217 99 1741 1759
37 39 40 24 220 239
92 161 96 175 1960 1979
27 96 16 89 880 899
50 35 37 40 880 899
158 97 168 89 760 779
43 36 54 43 320 339
94 17 89 4 440 459
33 2 33 20 200 219
8 50 25 51 1180 1199
119 47 135 45 1460 1479
22 70 34 76 300 319
226 31 232 43 1840 1859
27 27 40 32 460 479
29 48 17 42 1200 1219
70 76 54 78 500 519
55 80 68 84 781 799
13 71 13 89 940 959
28 79 22 67 920 939
11 7 15 21 20 39
38 62 50 68 1380 1399
89 78 97 68 600 619
51 71 65 74 641 659
146 108 140 120 1220 1239
59 85 50 94 1780 1799
26 29 35 38 840 859
51 97 52 114 1580 1599
77 38 70 48 741 759
73 125 89 127 1900 1919
63 66 54 75 1880 1899
38 49 47 58 280 299
25 164 38 169 640 659
135 263 132 278 1660 1679
86 31 77 40 720 739
91 265 87 251 1540 1559
55 119 43 125 900 919
67 120 53 124 920 939
43 57 36 68 420 439
11 0 11 18 960 979
110 132 111 149 1900 1919
105 91 102 106 1900 1919
202 135 189 140 1680 1699
94 43 90 57 1520 1539
31 110 35 124 1720 1739
82 77 75 66 720 739
103 9 119 10 881 899
61 56 65 42 800 819
207 152 199 162 1840 1859
11 90 23 84 1480 1499
36 30 42 18 620 639
10 36 0 28 1700 1719
25 85 21 71 1620 1639
184 130 195 137 1780 1799
103 165 99 151 1620 1639
204 30 220 28 1260 1279
20 17 21 0 40 59
65 105 51 101 820 839
17 57 6 51 81 99
83 37 94 30 1740 1759
60 40 60 58 1620 1639
0 48 16 50 900 919
89 43 84 30 1780 1799
12 57 27 60 800 819
35 22 48 27 160 179
1 37 10 46 1060 1079
31 20 26 33 1520 1539
138 77 146 87 800 819
114 109 103 116 1040 1059
81 158 69 164 1440 1459
31 48 26 36 901 919
20 131 10 123 1600 1619
32 65 36 52 501 519
80 126 69 133 660 679
122 133 110 139 1200 1219
7 168 0 157 1880 1899
20 67 4 65 920 939
17 116 1 118 1720 1739
48 111 41 100 1880 1899
5 132 3 116 1760 1779
33 45 37 59 900 919
25 84 9 82 440 459
40 24 52 18 1660 1679
64 52 48 50 1740 1759
10 91 24 87 1600 1619
5 58 21 60 160 179
23 83 10 78 1900 1919
39 55 40 72 1140 1159
27 8 20 19 360 379
136 53 132 39 760 779
81 62 79 78 760 779
155 58 145 66 1440 1459
108 65 93 62 720 739
10 6 25 8 41 59
102 79 85 78 760 779
101 136 84 135 1640 1659
19 14 15 28 80 99
167 117 163 103 1140 1159
3 8 4 25 40 59
32 46 41 54 161 179
20 19 37 20 40 59
38 6 49 13 300 319
75 44 76 61 1320 1339
59 25 52 15 241 259
36 53 37 70 1840 1859
50 1 35 4 280 299
164 15 160 29 1920 1939
61 86 53 96 760 779
39 36 29 43 141 159
34 68 48 64 420 439
36 95 36 113 760 779
85 72 99 76 600 619
73 2 65 12 1080 1099
85 96 76 105 880 899
24 17 34 25 120 139
14 136 21 147 1060 1079
54 170 67 165 700 719
39 150 25 146 1000 1019
6 18 7 35 700 719
32 20 30 36 740 759
75 51 89 47 580 599
14 226 21 215 1260 1279
96 29 103 40 840 859
87 100 77 92 760 779
27 184 22 171 1240 1259
57 26 56 9 1680 1699
27 8 42 5 1120 1139
47 46 40 57 960 979
95 81 79 79 740 759
4 60 13 51 1260 1279
87 89 102 86 780 799
102 87 118 85 800 819
10 4 26 6 60 79
53 22 66 26 301 319
14 44 14 62 260 279
127 77 113 74 881 899
76 56 81 69 1020 1039
124 81 115 90 920 939
128 115 114 111 1160 1179
22 108 39 107 1540 1559
113 43 101 37 1140 1159
92 68 84 78 700 719
138 120 134 106 1020 1039
21 140 23 156 760 779
188 117 176 111 920 939
47 59 49 43 340 359
156 104 155 121 1100 1119
54 35 48 23 320 339
43 48 29 52 1400 1419
48 66 48 48 860 879
110 26 98 20 1260 1279
21 111 4 112 540 559
149 31 166 32 620 639
29 84 34 71 800 819
112 51 106 63 1040 1059
29 39 18 46 220 239
155 143 171 145 1300 1319
77 144 81 130 1800 1819
88 133 74 129 840 859
177 138 180 153 1360 1379
231 61 219 67 1820 1839
123 124 129 136 1680 1699
20 17 15 30 280 299
55 89 42 84 1500 1519
34 71 31 86 1120 1139
115 15 108 4 820 839
24 42 16 52 340 359
0 2 6 13 2 19
45 57 53 67 460 479
27 47 37 55 1340 1359
202 124 214 118 1580 1599
214 119 198 121 1600 1619
55 124 61 112 1880 1899
53 91 37 89 420 439
17 39 9 49 220 239
176 112 179 127 940 959
15 148 28 153 1400 1419
33 39 26 29 81 99
212 132 228 134 1860 1879
89 46 79 38 600 619
136 126 150 130 940 959
194 92 201 103 1580 1599
85 93 95 101 940 959
207 66 210 51 1840 1859
27 49 27 31 100 119
130 78 132 63 841 859
173 156 188 154 1901 1919
38 4 46 14 460 479
43 153 38 166 1980 1999
12 73 12 91 1320 1339
9 53 4 66 260 279
47 36 53 24 1920 1939
21 63 6 60 1620 1639
216 106 205 99 1500 1519
68 71 81 76 1080 1099
32 131 35 146 1160 1179
158 47 155 62 1080 1099
25 30 34 21 120 139
21 148 20 131 1400 1419
14 101 1 96 1160 1179
202 21 197 8 1600 1619
0 1 7 12 1 19
24 37 36 42 261 279
37 133 52 136 1500 1519
33 17 25 7 260 279
25 8 34 17 280 299
54 17 57 2 1920 1939
41 23 35 35 1340 1359
16 126 21 113 980 999
16 145 18 130 1701 1719
21 75 11 83 1260 1279
72 52 71 35 1340 1359
34 42 31 57 100 119
43 25 46 11 441 459
41 27 49 37 940 959
49 230 59 222 1520 1539
152 64 140 58 820 839
47 55 30 54 300 319
43 37 56 33 1481 1499
28 70 35 81 380 399
47 91 46 74 860 879
40 71 28 65 1160 1179
79 54 72 44 621 639
38 28 47 19 1260 1279
88 165 82 153 1200 1219
119 54 115 68 920 939
40 13 53 18 1640 1659
81 40 80 57 560 579
70 56 53 57 1100 1119
66 169 49 168 760 779
76 50 92 48 780 799
97 122 82 119 1840 1859
51 40 48 55 1480 1499
21 51 15 63 540 559
97 21 111 18 1281 1299
48 9 57 18 1920 1939
13 165 16 150 1300 1319
4 51 16 57 720 739
26 58 28 74 1540 1559
67 27 74 38 500 519
112 50 102 42 980 999
33 14 49 12 120 139
115 45 116 28 1020 1039
93 83 85 93 820 839
145 167 130 164 1900 1919
9 30 21 36 200 219
16 57 7 65 581 599
138 63 153 60 1120 1139
40 42 37 27 1300 1319
55 154 42 150 1261 1279
89 111 104 114 1660 1679
163 56 177 52 1200 1219
177 53 175 69 1220 1239
45 39 50 52 460 479
148 252 134 248 1620 1639
178 65 170 55 1280 1299
7 137 15 147 1380 1399
122 56 112 63 1161 1179
8 161 18 169 1480 1499
62 116 58 130 1540 1559
187 97 182 109 1161 1179
59 48 56 33 640 659
150 131 155 144 1280 1299
26 129 14 135 1040 1059
26 16 26 34 60 79
23 16 18 3 280 299
33 38 44 31 240 259
165 25 150 23 1521 1539
28 9 29 26 1080 1099
114 51 99 48 840 859
91 25 102 32 1900 1919
212 106 217 93 1780 1799
51 28 55 42 1880 1899
200 68 216 66 1220 1239
169 62 173 75 1661 1679
22 35 22 18 701 719
10 39 19 48 560 579
68 30 80 36 380 399
120 75 115 88 1760 1779
37 10 23 7 61 79
32 30 28 44 1180 1199
166 105 165 88 1800 1819
64 32 74 40 540 559
35 28 49 32 600 619
84 90 85 73 580 599
155 84 140 87 1880 1899
53 21 51 37 1660 1679
77 26 74 11 1320 1339
92 31 98 20 701 719
55 49 42 54 740 759
13 81 1 75 860 879
62 57 69 68 1160 1179
131 90 138 101 680 699
43 233 50 222 1460 1479
3 15 11 5 20 39
29 32 24 45 520 539
0 1 10 9 1 19
16 35 31 38 1640 1659
42 15 27 18 1920 1939
15 33 17 17 300 319
87 223 84 208 1220 1239
193 10 205 4 1400 1419
161 98 167 86 1440 1459
6 55 13 66 1720 1739
3 24 18 27 280 299
22 83 16 95 1440 1459
20 82 12 72 340 359
10 139 14 153 1200 1219
51 69 40 62 380 399
36 51 27 60 360 379
40 15 43 1 741 759
15 33 32 32 140 159
82 51 81 68 560 579
163 41 167 27 820 839
54 79 45 70 520 539
18 60 33 62 481 499
72 25 59 20 1920 1939
238 54 247 63 1500 1519
80 69 67 64 520 539
49 86 59 78 1600 1619
152 74 168 76 900 919
19 45 34 48 1220 1239
45 215 31 219 1620 1639
64 93 51 98 1560 1579
28 68 15 63 580 599
36 115 22 112 781 799
36 39 31 51 1661 1679
45 0 32 5 120 139
48 70 47 86 521 539
35 98 45 106 520 539
36 23 37 6 120 139
21 74 22 91 1240 1259
20 45 31 38 920 939
39 44 32 55 840 859
32 56 48 54 860 879
36 67 32 80 1941 1959
142 24 154 18 940 959
287 144 274 139 1960 1979
19 124 19 142 1880 1899
27 30 18 22 341 359
183 38 197 34 1760 1779
22 55 24 39 520 539
16 5 28 11 200 219
195 75 190 88 1300 1319
35 12 40 25 200 219
250 114 234 112 1860 1879
19 49 21 33 1140 1159
81 52 81 34 880 899
5 166 19 162 1320 1339
166 89 160 77 1200 1219
78 30 90 24 780 799
210 70 219 78 1281 1299
29 4 29 22 160 179
63 24 47 26 400 419
101 66 90 73 880 899
30 54 17 49 1380 1399
17 142 26 133 1920 1939
23 43 29 55 460 479
38 66 33 79 380 399
212 122 227 125 1740 1759
60 29 64 15 1240 1259
223 45 226 60 1660 1679
13 4 23 12 320 339
107 52 111 38 1000 1019
40 90 40 108 500 519
25 19 39 16 321 339
161 66 152 75 880 899
18 40 26 50 260 279
131 4 126 17 560 579
188 155 197 164 1920 1939
22 29 37 26 400 419
36 11 53 12 240 259
18 120 20 136 1620 1639
57 175 51 163 1580 1599
31 131 40 140 1660 1679
61 45 58 30 1300 1319
27 137 39 131 1700 1719
201 70 188 75 1280 1299
45 107 54 116 540 559
7 128 16 119 1760 1779
45 11 42 26 420 439
29 3 36 14 980 999
13 167 8 154 1300 1319
155 122 167 116 1120 1139
44 37 58 34 261 279
82 143 74 133 1400 1419
154 80 167 85 860 879
42 77 38 63 1560 1579
7 17 12 4 300 319
17 19 23 7 300 319
24 26 24 44 180 199
0 1 12 7 1 19
11 2 2 11 40 59
9 24 20 17 40 59
31 57 30 40 1620 1639
9 44 19 52 720 739
17 108 28 101 1520 1539
100 12 95 25 660 679
59 148 50 157 1600 1619
53 36 45 26 400 419
10 31 24 27 80 99
82 74 85 59 1540 1559
62 122 54 112 1100 1119
26 44 38 50 180 199
40 68 37 83 1540 1559
62 47 47 44 360 379
53 58 48 45 1400 1419
82 150 82 168 1780 1799
50 86 40 78 1260 1279
37 21 33 7 420 439
22 58 35 53 380 399
86 87 100 83 520 539
18 56 14 70 420 439
123 56 134 49 1840 1859
49 31 41 41 1420 1439
0 89 17 88 480 499
78 90 94 92 660 679
29 23 26 8 180 199
169 55 153 57 1700 1719
20 68 15 55 1820 1839
7 50 23 52 520 539
50 33 62 27 560 579
93 23 110 24 1820 1839
22 100 36 96 740 759
70 145 69 162 1960 1979
148 33 164 35 1600 1619
3 29 1 45 700 719
1 44 15 40 720 739
45 82 32 77 1640 1659
80 41 70 49 960 979
63 192 57 204 1760 1779
30 19 38 29 200 219
13 116 22 125 1720 1739
126 19 136 27 1360 1379
41 242 47 253 1461 1479
6 14 17 7 60 79
48 26 44 40 900 919
24 66 28 80 900 919
104 92 98 103 601 619
65 28 51 32 1400 1419
88 89 104 87 400 419
68 26 73 14 521 539
47 75 54 86 340 359
21 20 19 4 1520 1539
85 52 83 67 1061 1079
45 13 43 29 1300 1319
7 60 10 45 320 339
109 224 110 241 1680 1699
87 179 89 163 1820 1839
0 1 10 9 1 19
93 115 93 133 1420 1439
38 53 38 36 741 759
33 34 45 39 621 639
117 83 126 74 1700 1719
39 129 33 117 1060 1079
14 188 28 192 1540 1559
225 83 223 99 1740 1759
33 31 39 43 220 239
87 42 82 54 1341 1359
1 21 0 4 1420 1439
49 49 37 43 700 719
117 110 132 107 1120 1139
55 294 60 281 1760 1779
5 10 5 27 61 79
117 50 124 39 1040 1059
83 32 78 19 1240 1259
86 26 95 35 660 679
31 82 23 72 1240 1259
94 73 85 82 640 659
9 51 7 35 580 599
256 131 269 126 1600 1619
3 131 8 118 1620 1639
55 39 70 42 260 279
32 25 44 19 1640 1659
20 66 10 74 1660 1679
9 73 1 64 1681 1699
47 87 63 89 540 559
33 63 32 46 1220 1239
96 164 105 173 1780 1799
18 22 10 31 41 59
38 24 28 32 220 239
85 56 88 71 1680 1699
260 97 248 91 1920 1939
15 62 12 47 600 619
35 47 23 41 1860 1879
99 26 85 22 1160 1179
0 1 13 6 1 19
58 14 53 26 561 579
106 56 117 49 1020 1039
41 3 37 16 561 579
167 22 166 5 720 739
15 20 29 17 61 79
131 96 120 103 1600 1619
12 13 3 22 40 59
23 5 39 4 321 339
5 72 13 82 840 859
104 69 117 74 720 739
28 241 20 231 1800 1819
1 108 1 90 920 939
33 91 33 109 1340 1359
99 6 89 14 1040 1059
6 81 14 91 280 299
48 85 59 79 341 359
150 7 146 21 1960 1979
42 77 42 95 1280 1299
250 114 262 120 1700 1719
4 17 18 14 141 159
4 33 13 24 480 499
138 74 125 79 820 839
9 33 0 41 81 99
32 16 42 8 460 479
70 36 73 21 220 239
82 74 85 59 1620 1639
85 23 95 15 580 599
71 50 54 49 1240 1259
43 55 59 53 420 439
176 47 170 35 1440 1459
23 22 38 19 400 419
32 247 26 235 1960 1979
82 52 95 47 1060 1079
148 9 140 18 901 919
19 29 11 39 100 119
29 59 12 58 1020 1039
95 47 96 64 700 719
42 7 39 22 360 379
76 140 67 148 1281 1299
20 55 15 68 200 219
97 154 103 165 1261 1279
108 26 99 17 740 759
105 33 120 36 700 719
47 109 49 125 1340 1359
11 15 28 14 1700 1719
30 17 25 30 1880 1899
98 12 103 24 841 859
41 166 25 164 760 779
41 97 25 95 1500 1519
21 70 36 67 1040 1059
160 95 173 90 1240 1259
63 138 62 121 1080 1099
100 84 108 94 660 679
101 115 116 118 1100 1119
116 98 109 109 1060 1079
15 13 4 20 620 639
34 72 51 71 1420 1439
45 72 43 56 200 219
22 11 37 8 360 379
32 35 18 31 80 99
43 114 43 132 1040 1059
213 189 224 183 1521 1539
9 43 21 49 1140 1159
82 56 75 45 740 759
8 155 23 158 1320 1339
61 223 46 226 1980 1999
28 58 43 56 401 419
10 26 17 15 100 119
12 14 20 24 300 319
58 33 62 47 680 699
45 11 58 16 540 559
38 122 38 140 1780 1799
15 37 6 28 140 159
28 21 26 37 120 139
69 136 56 131 1840 1859
94 31 97 46 880 899
46 86 45 70 1761 1779
78 118 83 131 860 879
38 74 30 64 580 599
52 98 50 82 1900 1919
15 14 25 6 200 219
131 21 146 18 1540 1559
135 90 145 82 760 779
209 13 193 15 1220 1239
152 107 152 125 1680 1699
219 102 228 111 1920 1939
11 154 16 167 1360 1379
140 44 143 59 1980 1999
161 34 159 18 1680 1699
20 72 28 82 580 599
6 108 11 120 1161 1179
70 169 54 171 680 699
64 24 52 30 980 999
37 42 38 25 720 739
35 46 34 29 1040 1059
30 18 26 4 1340 1359
165 128 177 133 781 799
52 26 54 10 380 399
77 152 76 135 1480 1499
19 64 14 77 320 339
18 10 27 19 140 159
125 33 131 21 1660 1679
68 36 52 38 1180 1199
87 31 104 30 940 959
131 125 126 113 921 939
55 60 59 46 720 739
36 49 33 64 240 259
115 43 113 59 1780 1799
9 128 18 120 1581 1599
39 227 34 240 1780 1799
49 53 65 51 580 599
20 49 20 31 240 259
28 57 29 40 800 819
38 80 44 92 900 919
1 6 8 16 101 119
43 26 56 21 160 179
12 51 22 43 240 259
190 6 203 11 1180 1199
22 91 14 101 1120 1139
219 121 210 112 980 999
40 86 47 97 380 399
145 73 160 76 1020 1039
106 27 117 34 1280 1299
24 50 13 57 100 119
12 38 10 23 401 419
46 70 37 79 1900 1919
11 7 28 6 20 39
17 27 4 32 460 479
71 82 81 74 480 499
13 23 22 14 500 519
22 15 10 9 520 539
95 26 78 27 440 459
99 49 101 65 860 879
129 63 113 61 1860 1879
15 93 32 92 380 399
80 153 70 145 1720 1739
40 146 43 132 881 899
9 66 22 70 661 679
163 26 178 23 800 819
112 62 121 53 1180 1199
19 76 12 65 400 419
61 46 64 31 1200 1219
39 49 23 47 1100 1119
57 87 48 78 1060 1079
6 232 17 225 1900 1919
64 30 48 32 820 839
50 3 48 19 280 299
72 116 61 109 1460 1479
33 34 36 49 880 899
36 50 21 47 900 919
36 46 34 30 1420 1439
153 27 165 33 1220 1239
24 121 15 130 920 939
33 24 32 7 160 179
0 117 8 127 1200 1219
155 61 155 43 1100 1119
16 55 20 41 1040 1059
0 1 3 16 1 19
44 4 33 11 540 559
28 14 45 13 100 119
135 54 128 65 1720 1739
28 60 21 70 1561 1579
34 68 28 56 1740 1759
53 128 67 132 1960 1979
12 31 6 43 1720 1739
165 137 164 120 1980 1999
48 95 41 84 880 899
71 104 85 100 880 899
77 32 74 47 440 459
204 86 192 92 1340 1359
50 58 66 60 1340 1359
114 143 122 134 1181 1199
12 25 16 39 40 59
118 176 109 167 1380 1399
75 45 82 55 1401 1419
49 27 38 20 420 439
40 32 48 22 900 919
10 264 26 266 1700 1719
5 60 7 76 240 259
68 68 68 86 1500 1519
31 134 19 140 1520 1539
51 109 48 124 900 919
29 106 29 124 600 619
45 90 59 94 1200 1219
96 2 105 11 1060 1079
122 58 124 42 1260 1279
16 27 4 22 141 159
48 73 47 56 520 539
34 31 34 49 1120 1139
51 150 54 136 1701 1719
20 181 29 190 1240 1259
14 67 29 70 1120 1139
100 46 93 35 1860 1879
9 91 21 96 1641 1659
52 159 66 155 1800 1819
0 137 17 136 1440 1459
23 9 26 24 1860 1879
57 56 54 41 1040 1059
17 62 7 70 360 379
27 206 27 189 1661 1679
90 173 77 168 1920 1939
52 76 53 59 1100 1119
168 38 156 32 1140 1159
54 156 68 152 1980 1999
22 3 21 20 1480 1499
191 144 201 136 1400 1419
176 10 168 0 1700 1719
14 21 13 4 80 99
21 92 28 102 661 679
207 91 197 83 1980 1999
6 62 17 55 340 359
19 78 7 84 600 619
47 7 41 19 500 519
143 68 147 82 1720 1739
48 71 39 80 1520 1539
185 87 194 96 940 959
37 54 29 64 1360 1379
48 32 48 49 681 699
190 11 198 21 880 899
6 232 6 250 1420 1439
54 78 37 77 1180 1199
75 8 65 16 920 939
107 108 110 123 1560 1579
28 11 16 5 40 59
22 51 9 46 240 259
165 180 162 195 1400 1419
40 100 23 101 620 639
2 28 11 37 380 399
148 30 148 47 1121 1139
337 138 321 136 1880 1899
43 64 39 78 640 659
48 20 41 31 540 559
39 42 41 26 880 899
69 58 80 51 1200 1219
115 16 108 27 720 739
38 64 46 74 1860 1879
68 160 61 149 1540 1559
173 21 157 19 1580 1599
38 33 48 41 1800 1819
34 18 23 11 300 319
59 24 68 15 720 739
13 43 6 54 60 79
23 23 28 36 660 679
23 106 32 115 560 579
197 125 212 123 1721 1739
95 53 102 42 1780 1799
87 20 75 14 840 859
75 13 59 15 860 879
61 113 60 130 1900 1919
40 113 45 100 1880 1899
34 50 19 47 460 479
197 114 186 120 861 879
1 19 14 24 180 199
130 65 114 67 1200 1219
86 46 80 34 1900 1919
35 66 37 82 1720 1739
3 4 1 20 80 99
51 133 67 134 481 499
49 40 65 38 1920 1939
49 13 49 31 140 159
69 24 80 31 1120 1139
2 149 7 136 1360 1379
71 94 70 77 960 979
188 141 173 139 1701 1719
56 25 62 37 1520 1539
56 32 68 38 660 679
167 21 161 33 540 559
57 38 46 32 1261 1279
51 46 46 59 360 379
36 26 21 29 1300 1319
15 40 22 50 421 439
14 18 25 25 1340 1359
45 38 38 27 760 779
45 72 58 68 541 559
0 1 2 17 1 19
44 49 30 46 1541 1559
21 37 7 41 1260 1279
4 12 20 10 1460 1479
20 9 34 5 1480 1499
34 6 43 15 1500 1519
43 14 43 32 1520 1539
82 20 75 30 1841 1859
62 59 78 61 760 779
71 186 63 196 960 979
67 115 74 104 700 719
190 126 193 111 1460 1479
66 43 51 40 1640 1659
37 113 24 118 1260 1279
26 25 30 39 240 259
180 152 189 143 1380 1399
50 221 64 225 1480 1499
60 131 59 148 1920 1939
183 119 186 104 1140 1159
111 34 111 52 1720 1739
106 132 113 121 1580 1599
28 63 26 48 621 639
34 30 31 15 540 559
52 30 36 28 1220 1239
129 43 130 60 740 759
82 16 72 24 1900 1919
24 86 31 97 1500 1519
58 1 42 3 1440 1459
65 30 64 47 1960 1979
18 2 19 19 300 319
70 43 87 42 280 299
154 55 154 73 1680 1699
12 27 6 15 40 59
6 16 16 8 60 79
29 37 21 27 220 239
66 99 75 90 920 939
137 0 141 14 1000 1019
17 29 3 25 60 79
31 24 41 32 160 179
3 47 13 39 620 639
21 59 38 58 1260 1279
36 3 40 17 120 139
19 59 28 68 660 679
47 162 45 147 861 879
52 134 44 144 1460 1479
80 22 70 14 300 319
86 45 90 59 920 939
102 139 119 138 1480 1499
31 84 47 86 1280 1299
111 51 124 56 1740 1759
112 13 103 4 400 419
24 107 41 108 400 419
120 5 121 22 440 459
76 34 60 36 1020 1039
1 74 14 69 880 899
30 13 21 22 400 419
27 2 34 13 80 99
27 88 21 100 1360 1379
76 68 73 83 1020 1039
25 31 25 49 940 959
25 21 23 6 601 619
136 56 142 44 620 639
138 30 126 36 1340 1359
185 7 185 25 1100 1119
220 87 224 73 1360 1379
159 49 149 57 700 719
38 57 40 41 1280 1299
15 38 27 32 1800 1819
47 24 54 35 680 699
66 56 70 70 340 359
151 26 160 17 1840 1859
16 18 22 30 620 639
70 38 61 46 1321 1339
84 136 87 151 1660 1679
102 78 104 62 660 679
52 82 64 88 1860 1879
152 37 150 53 920 939
103 5 120 4 420 439
0 1 0 19 1 19
44 22 36 12 220 239
107 133 122 136 1900 1919
87 12 79 22 760 779
37 19 24 24 1020 1039
41 18 34 29 520 539
131 102 129 117 981 999
13 84 21 94 1400 1419
56 33 60 20 1701 1719
199 29 188 22 1140 1159
188 21 190 5 1160 1179
2 61 10 52 861 879
124 21 116 11 600 619
8 72 20 78 300 319
218 27 204 31 1240 1259
31 38 39 48 1080 1099
30 7 32 23 40 59
65 58 63 74 760 779
42 20 52 28 1340 1359
178 96 161 97 1420 1439
244 43 245 26 1360 1379
201 102 185 104 1600 1619
256 33 247 24 1400 1419
70 28 63 39 1260 1279
88 28 71 27 620 639
43 54 36 65 1840 1859
24 68 13 61 1740 1759
120 66 125 79 1900 1919
247 64 261 60 1520 1539
261 61 271 69 1540 1559
17 6 29 0 80 99
16 19 3 24 40 59
95 249 111 251 1860 1879
107 135 120 130 940 959
39 63 54 66 340 359
77 65 62 68 900 919
210 84 227 85 1860 1879
35 38 52 39 80 99
10 18 6 4 180 199
54 65 62 55 360 379
154 0 137 1 980 999
6 64 6 46 420 439
15 227 15 245 1900 1919
59 86 43 88 1000 1019
156 48 142 44 580 599
35 38 22 43 1800 1819
74 67 80 79 1480 1499
15 35 24 43 321 339
194 88 196 103 1921 1939
196 104 181 107 1940 1959
181 106 178 91 1960 1979
178 92 186 82 1980 1999
172 49 172 67 1000 1019
84 105 79 92 1720 1739
36 110 36 92 1740 1759
59 80 59 62 360 379
43 30 48 17 1320 1339
62 56 51 63 1180 1199
181 98 168 103 1120 1139
19 7 30 14 60 79
12 90 7 77 1340 1359
50 50 45 37 580 599
90 119 73 118 760 779
23 3 27 17 220 239
27 17 31 3 1940 1959
101 87 85 85 1980 1999
55 55 44 48 340 359
24 76 33 85 340 359
34 20 44 28 260 279
126 82 121 69 1660 1679
149 116 141 106 1320 1339
20 34 27 45 1460 1479
41 60 50 51 1360 1379
53 14 53 32 280 299
24 45 9 48 1040 1059
133 33 132 50 1100 1119
37 159 21 157 1620 1639
28 11 30 27 120 139
5 145 18 140 1860 1879
25 80 11 76 1600 1619
30 37 30 55 1360 1379
31 50 27 64 1680 1699
25 9 32 20 940 959
165 37 166 54 1580 1599
19 117 19 99 740 759
58 61 72 57 400 419
56 18 46 26 1660 1679
10 17 22 23 1840 1859
78 152 73 139 1140 1159
36 98 36 80 1460 1479
41 22 40 5 80 99
71 174 69 158 1520 1539
116 34 117 18 801 819
20 55 33 60 1240 1259
37 151 20 152 1700 1719
78 43 71 54 520 539
74 62 74 80 1060 1079
79 116 85 128 680 699
75 39 92 40 1980 1999
66 60 76 52 940 959
10 22 16 34 300 319
89 65 96 54 300 319
25 31 40 28 1900 1919
56 26 47 35 860 879
56 30 70 26 620 639
159 11 143 13 1860 1879
171 93 157 97 1180 1199
73 26 65 17 541 559
4 34 9 47 620 639
21 97 14 108 1820 1839
114 63 100 66 1901 1919
11 7 22 14 60 79
203 87 208 74 1260 1279
66 84 68 100 1220 1239
145 25 135 33 1580 1599
76 98 92 100 1140 1159
39 106 43 120 1280 1299
25 62 42 61 200 219
31 112 46 115 1400 1419
25 54 26 71 840 859
36 40 26 32 220 239
58 29 55 14 1320 1339
82 75 75 65 1661 1679
170 6 167 21 700 719
46 119 60 123 600 619
50 116 49 133 1460 1479
98 41 115 42 1760 1779
52 93 54 77 1160 1179
60 44 73 40 761 779
91 23 95 37 1620 1639
37 66 31 78 1520 1539
20 45 13 34 120 139
22 90 11 97 1260 1279
56 10 69 5 500 519
14 113 8 125 1600 1619
2 6 6 20 100 119
39 38 33 26 200 219
125 65 114 72 700 719
81 28 73 38 760 779
121 130 115 142 1160 1179
82 44 91 35 1580 1599
19 16 16 31 120 139
140 55 140 73 1800 1819
140 72 130 80 1820 1839
9 59 12 74 1300 1319
85 81 85 99 580 599
35 35 31 21 380 399
1 115 1 133 1340 1359
33 142 28 129 1800 1819
38 18 34 4 420 439
39 67 50 60 460 479
56 72 70 76 1980 1999
146 22 144 38 1220 1239
9 11 26 12 20 39
8 79 3 66 1040 1059
7 62 20 67 280 299
38 64 38 46 1540 1559
128 82 143 84 1401 1419
51 42 59 32 920 939
159 109 149 117 1300 1319
80 19 78 34 1221 1239
21 61 31 69 180 199
91 19 105 22 1001 1019
4 123 8 110 1421 1439
15 208 14 225 1240 1259
19 180 7 186 1240 1259
16 85 0 87 280 299
117 14 105 8 720 739
2 27 18 25 40 59
181 145 184 131 1761 1779
21 46 36 43 1960 1979
34 30 38 44 940 959
47 108 54 97 400 419
195 136 182 131 1800 1819
39 112 43 126 1960 1979
44 29 37 40 1200 1219
149 50 142 40 981 999
236 49 242 61 1920 1939
46 41 30 39 1600 1619
232 126 235 141 1620 1639
23 87 36 92 420 439
107 78 103 65 581 599
16 37 4 43 1040 1059
3 34 15 40 600 619
78 36 79 53 740 759
33 19 25 9 100 119
216 67 214 83 1240 1259
135 84 132 98 701 719
160 34 153 45 1540 1559
53 13 43 21 260 279
96 97 96 115 1920 1939
10 10 1 18 161 179
142 18 132 26 1460 1479
21 21 5 23 1580 1599
133 110 140 121 840 859
0 18 11 11 20 39
228 112 237 103 1940 1959
69 118 80 125 640 659
39 61 55 63 1900 1919
16 60 33 59 140 159
105 30 94 37 840 859
2 39 5 24 280 299
65 30 62 15 360 379
9 15 12 30 100 119
57 153 50 164 1540 1559
22 105 12 113 520 539
79 18 78 1 720 739
45 99 38 110 1900 1919
107 37 111 51 940 959
148 48 143 35 1140 1159
131 47 140 56 1780 1799
57 32 49 22 680 699
2 29 10 19 200 219
12 6 29 7 20 39
161 66 175 62 1240 1259
99 33 108 42 460 479
132 50 120 44 1260 1279
163 18 155 8 680 699
118 104 128 111 1761 1779
194 58 183 51 1340 1359
7 11 24 12 60 79
17 62 24 73 1760 1779
28 167 45 166 880 899
19 46 31 52 480 499
41 32 39 47 421 439
113 71 118 58 1940 1959
2 18 4 2 20 39
32 17 31 0 80 99
36 76 43 65 620 639
12 32 27 35 60 79
108 31 116 21 720 739
22 65 39 64 280 299
74 91 82 81 1440 1459
216 22 213 37 1620 1639
101 31 100 14 380 399
97 85 86 78 1460 1479
46 80 32 84 1700 1719
46 114 47 131 1420 1439
142 43 136 55 600 619
221 63 235 67 1580 1599
34 93 27 104 1200 1219
27 108 36 99 1440 1459
239 64 223 66 1800 1819
25 7 40 4 220 239
96 103 80 105 920 939
56 121 57 104 840 859
27 90 12 87 400 419
214 64 220 52 1900 1919
70 102 61 111 1540 1559
35 70 26 61 1200 1219
45 37 45 20 401 419
48 22 55 33 340 359
161 90 170 81 840 859
25 9 25 27 60 79
148 14 164 16 1900 1919
32 10 44 4 60 79
50 18 60 26 1620 1639
94 128 100 140 1460 1479
37 10 50 5 120 139
9 112 23 115 1061 1079
18 33 29 40 360 379
41 7 50 16 180 199
83 66 85 82 1080 1099
77 72 78 55 1120 1139
104 88 114 96 940 959
37 39 49 45 1140 1159
66 15 51 18 280 299
50 17 57 27 301 319
50 104 59 95 1980 1999
65 37 51 41 340 359
20 56 14 68 500 519
99 12 95 26 1480 1499
101 147 117 149 1300 1319
14 169 16 185 1480 1499
33 32 45 38 440 459
119 141 103 139 1380 1399
38 43 40 27 960 979
69 11 53 13 260 279
29 60 23 72 520 539
26 36 21 49 140 159
46 45 55 36 560 579
94 57 87 46 1920 1939
67 40 60 51 600 619
60 50 46 46 620 639
239 79 240 62 1460 1479
75 82 87 76 960 979
35 128 35 145 1621 1639
25 53 30 40 700 719
30 41 25 28 720 739
22 91 37 94 560 579
13 32 13 14 1960 1979
9 41 0 50 780 799
77 13 94 14 980 999
17 51 12 38 820 839
48 21 34 17 920 939
41 117 43 101 1380 1399
19 12 31 18 800 819
28 11 13 8 40 59
23 6 6 5 80 99
26 86 25 69 1220 1239
8 142 3 129 1100 1119
140 58 154 54 1660 1679
33 49 34 66 180 199
66 39 49 40 400 419
180 199 173 210 1480 1499
10 22 17 11 420 439
47 252 59 246 1480 1499
33 43 30 28 1820 1839
14 101 24 93 1960 1979
75 11 75 29 580 599
21 34 23 18 1160 1179
14 29 8 40 101 119
36 23 52 21 1200 1219
92 39 98 27 1200 1219
51 20 53 4 400 419
58 41 73 44 1520 1539
13 7 29 5 20 39
79 66 92 61 520 539
39 97 29 105 1940 1959
53 87 40 82 900 919
18 107 30 113 1320 1339
54 48 46 58 220 239
11 10 6 23 680 699
95 100 80 103 960 979
49 132 60 125 1480 1499
11 40 12 57 120 139
13 0 19 12 160 179
42 65 45 50 1560 1579
8 152 21 147 1380 1399
25 30 17 20 120 139
66 31 66 13 1560 1579
4 45 19 48 480 499
39 44 44 57 800 819
130 79 123 90 1840 1859
24 31 15 40 120 139
4 71 12 81 1120 1139
244 43 238 55 1480 1499
125 111 140 108 1380 1399
33 150 28 137 1280 1299
20 62 20 80 1700 1719
24 30 31 19 1500 1519
4 11 20 9 40 59
16 48 17 65 180 199
104 71 101 85 1821 1839
68 107 76 97 880 899
47 21 47 39 580 599
100 22 104 36 660 679
66 66 55 73 420 439
55 35 67 41 580 599
89 15 74 12 1060 1079
34 26 33 10 321 339
167 85 182 82 1460 1479
19 24 33 28 1200 1219
78 39 75 54 1960 1979
11 196 12 179 1560 1579
24 20 41 21 60 79
82 44 65 43 540 559
145 81 137 71 780 799
48 122 55 133 1540 1559
28 59 43 62 200 219
41 33 53 27 1620 1639
54 129 37 128 1760 1779
54 110 39 113 1940 1959
90 37 93 22 1800 1819
36 31 41 44 1080 1099
32 91 46 87 400 419
141 55 136 42 1860 1879
159 34 168 43 1920 1939
82 32 94 26 1060 1079
117 106 101 108 1160 1179
42 87 27 90 360 379
18 66 4 62 180 199
70 141 68 125 920 939
20 37 35 40 120 139
19 1 23 15 260 279
189 162 189 180 1840 1859
87 142 70 143 1080 1099
143 32 144 15 720 739
7 118 19 124 1320 1339
18 24 9 16 161 179
166 14 163 29 1500 1519
33 125 37 139 580 599
72 29 67 42 1680 1699
85 60 82 45 1560 1579
76 82 84 91 561 579
42 17 58 15 480 499
102 105 109 94 1200 1219
140 82 155 85 1860 1879
35 38 42 48 501 519
25 45 40 48 580 599
56 145 68 139 760 779
68 125 80 119 800 819
47 34 47 52 760 779
78 54 66 48 1140 1159
34 131 28 143 840 859
4 43 4 61 680 699
22 8 12 0 900 919
20 23 33 18 80 99
33 95 35 80 1921 1939
79 50 77 66 880 899
5 102 13 112 720 739
23 29 9 25 1420 1439
136 36 136 54 740 759
59 223 52 234 1540 1559
62 16 79 17 700 719
122 111 133 104 1960 1979
24 36 38 32 1780 1799
116 81 113 95 1101 1119
113 94 128 97 1120 1139
128 96 128 114 1140 1159
43 133 38 146 900 919
41 123 28 128 1220 1239
12 35 1 28 80 99
109 95 105 81 1220 1239
61 26 73 32 880 899
67 43 63 29 1700 1719
30 67 37 78 360 379
50 181 64 177 1840 1859
57 4 49 14 360 379
36 15 29 4 1000 1019
37 99 27 107 1420 1439
42 95 46 109 1320 1339
127 44 111 46 1400 1419
1 95 4 110 1180 1199
20 135 4 136 1661 1679
135 55 129 67 660 679
181 124 182 107 1000 1019
190 106 206 105 1441 1459
181 22 175 34 920 939
44 115 43 132 1960 1979
217 158 209 168 1760 1779
142 39 150 29 1000 1019
21 10 14 20 61 79
41 83 42 66 1540 1559
190 89 204 85 1320 1339
27 78 17 86 320 339
131 22 135 36 1680 1699
10 27 7 12 40 59
43 27 45 12 401 419
128 66 131 51 1740 1759
29 58 23 70 960 979
54 13 46 23 1720 1739
52 82 65 77 1500 1519
42 43 28 47 1200 1219
30 15 23 26 80 99
190 78 200 86 1860 1879
12 99 9 84 960 979
18 34 7 41 780 799
149 34 140 43 1960 1979
139 61 137 45 1060 1079
214 36 226 30 1820 1839
1 21 18 20 100 119
52 37 40 43 1760 1779
60 122 65 109 620 639
23 12 34 5 40 59
191 163 208 162 1420 1439
23 55 37 59 1540 1559
57 3 57 21 540 559
20 115 16 101 1800 1819
110 21 100 13 640 659
47 20 41 8 160 179
11 49 13 33 180 199
82 72 76 60 1900 1919
1 36 1 18 160 179
76 107 75 90 1600 1619
50 3 63 8 1760 1779
27 59 29 43 820 839
28 31 22 19 160 179
54 14 57 29 1020 1039
46 49 32 53 880 899
51 49 66 46 220 239
14 120 2 125 1801 1819
52 16 51 33 500 519
182 130 180 146 1300 1319
126 37 126 55 1360 1379
21 21 21 3 220 239
62 52 48 49 481 499
12 26 0 21 41 59
19 58 9 50 640 659
5 37 18 32 300 319
123 92 115 83 1861 1879
188 85 174 89 1120 1139
23 44 13 52 200 219
0 1 11 8 1 19
42 69 33 78 640 659
169 61 173 75 1660 1679
21 72 26 59 680 699
62 100 50 94 1700 1719
29 44 17 50 840 859
71 57 64 68 940 959
81 223 74 212 1260 1279
90 62 103 67 620 639
51 36 45 48 520 539
95 26 105 34 680 699
169 131 165 117 1220 1239
21 158 24 143 1640 1659
29 128 26 113 1720 1739
36 60 53 59 1380 1399
19 35 4 38 60 79
65 28 52 33 280 299
31 58 16 61 120 139
70 49 70 67 760 779
90 57 86 43 1440 1459
79 8 75 22 920 939
23 4 38 7 40 59
20 85 21 68 400 419
69 163 83 167 1460 1479
53 34 42 41 1000 1019
186 22 188 6 1340 1359
79 61 78 44 1260 1279
30 54 43 49 1220 1239
45 10 42 25 480 499
35 53 20 55 481 499
74 40 76 56 1700 1719
26 13 9 12 120 139
178 100 184 88 1300 1319
226 35 226 17 1360 1379
103 64 115 70 600 619
39 105 26 109 1561 1579
55 60 51 47 1341 1359
19 128 26 138 1421 1439
93 38 94 55 1160 1179
78 34 65 29 340 359
83 29 99 27 1420 1439
39 11 27 17 1660 1679
29 78 20 70 1461 1479
5 8 1 22 1400 1419
129 77 136 88 1620 1639
17 106 17 124 1320 1339
56 142 45 135 860 879
126 90 111 87 1820 1839
57 75 49 85 1580 1599
85 77 77 67 780 799
59 79 45 83 1620 1639
59 2 54 15 1000 1019
32 78 17 75 1660 1679
27 4 29 20 1280 1299
74 24 59 21 420 439
90 67 75 70 1440 1459
48 56 43 69 1500 1519
55 83 44 77 1761 1779
44 78 35 69 1780 1799
26 137 18 127 1440 1459
48 14 61 9 460 479
56 78 49 88 1841 1859
29 26 15 30 80 99
36 91 44 81 440 459
55 61 63 71 1900 1919
30 35 15 38 240 259
0 71 10 63 1160 1179
60 97 61 80 1960 1979
68 101 52 99 400 419
