500 500 100 10000 17 2000
0 1 12 7 80 2000
33 54 49 52 560 2000
9 158 16 147 1680 2000
61 71 73 65 180 2000
73 129 66 139 961 2000
24 26 38 22 100 2000
37 21 39 6 121 2000
181 30 181 13 1541 2000
25 63 32 74 1300 2000
39 120 31 110 1120 2000
172 26 177 39 1220 2000
25 68 37 62 1240 2000
109 29 115 17 340 2000
110 149 110 131 1880 2000
40 37 47 48 280 2000
43 26 52 17 480 2000
11 89 25 93 1100 2000
70 130 81 123 980 2000
56 34 54 50 1500 2000
50 36 36 32 380 2000
132 53 140 63 960 2000
171 25 161 33 1660 2000
17 40 22 27 160 2000
70 75 80 82 981 2000
109 52 118 43 1600 2000
14 103 15 86 1080 2000
72 103 75 118 1320 2000
61 41 50 34 420 2000
49 14 32 13 560 2000
36 53 25 46 560 2000
30 29 38 19 600 2000
0 1 15 4 1 2000
58 45 66 55 1000 2000
26 100 24 116 1100 2000
105 46 113 36 400 2000
62 49 55 59 701 2000
21 25 29 34 121 2000
75 67 65 59 740 2000
70 50 58 44 980 2000
171 93 155 95 1700 2000
21 88 10 95 800 2000
10 96 24 100 820 2000
133 23 138 36 1380 2000
40 96 56 98 860 2000
63 18 52 25 760 2000
32 15 19 10 560 2000
74 132 81 143 1420 2000
20 25 14 13 320 2000
167 12 184 13 1360 2000
0 29 15 26 1720 2000
8 10 23 13 20 2000
53 66 53 48 480 2000
72 74 75 89 1620 2000
39 81 43 95 1940 2000
28 267 28 249 1880 2000
72 50 88 48 900 2000
56 58 59 43 460 2000
38 227 45 216 1600 2000
67 106 50 105 1240 2000
12 71 28 73 280 2000
59 58 61 74 240 2000
47 85 30 86 1220 2000
191 91 198 102 1380 2000
48 68 34 72 1940 2000
30 35 20 27 240 2000
83 85 95 90 521 2000
30 119 43 124 600 2000
34 84 42 94 1340 2000
42 95 28 91 1360 2000
98 82 96 98 1900 2000
29 163 13 161 1620 2000
100 24 117 23 500 2000
86 7 86 25 560 2000
59 60 57 44 360 2000
28 121 14 124 1461 2000
83 49 92 40 780 2000
104 31 115 24 960 2000
27 25 12 28 140 2000
28 98 41 103 500 2000
65 17 79 21 300 2000
65 65 53 59 460 2000
156 70 139 69 1580 2000
54 104 66 98 460 2000
16 72 27 65 1660 2000
27 66 25 50 1680 2000
208 25 194 29 1440 2000
6 75 22 73 720 2000
103 25 103 7 860 2000
81 35 82 18 1820 2000
15 98 15 80 1200 2000
215 15 198 16 1420 2000
53 37 59 25 1820 2000
234 74 230 60 1980 2000
49 63 61 69 1580 2000
52 75 36 77 600 2000
120 52 135 54 1121 2000
53 168 55 152 960 2000
67 45 53 41 1940 2000
65 50 77 44 640 2000
15 56 0 59 1880 2000
27 17 40 22 340 2000
24 110 8 111 961 2000
82 100 79 115 980 2000
23 17 36 22 60 2000
20 35 5 38 280 2000
51 271 64 266 1820 2000
151 28 148 13 1880 2000
55 38 71 36 1560 2000
69 60 61 70 160 2000
53 58 52 75 1080 2000
73 64 83 72 200 2000
50 17 43 6 200 2000
15 101 29 97 460 2000
70 68 78 58 260 2000
92 91 82 83 520 2000
69 30 80 23 280 2000
149 91 157 100 1521 2000
27 18 11 16 1680 2000
63 33 70 22 260 2000
177 171 189 165 1500 2000
64 152 67 137 1860 2000
142 34 152 41 1161 2000
6 147 20 143 1040 2000
27 30 19 40 1080 2000
40 19 43 4 1680 2000
14 35 6 25 160 2000
153 16 167 20 520 2000
54 52 66 46 380 2000
189 102 173 104 1480 2000
70 59 83 64 760 2000
45 194 53 184 1560 2000
43 60 36 71 1040 2000
149 4 156 15 640 2000
93 64 95 48 680 2000
47 126 32 123 920 2000
84 72 87 57 1540 2000
35 20 21 24 80 2000
26 234 27 217 1980 2000
152 3 160 13 760 2000
160 12 150 20 780 2000
155 66 169 62 1640 2000
6 175 14 185 1360 2000
45 44 56 51 840 2000
56 82 60 96 1940 2000
72 22 84 28 1260 2000
72 89 66 100 1181 2000
32 93 20 87 1320 2000
85 81 87 66 641 2000
52 40 36 38 100 2000
179 91 177 75 980 2000
177 76 175 60 1000 2000
80 213 95 216 1520 2000
34 29 49 32 1400 2000
38 19 25 24 280 2000
162 91 173 84 1080 2000
23 53 17 65 900 2000
50 17 50 35 120 2000
34 48 26 58 500 2000
5 49 3 33 580 2000
56 22 60 35 561 2000
205 123 190 125 1441 2000
121 10 134 5 1720 2000
236 85 248 79 1960 2000
173 89 184 82 1260 2000
90 42 82 52 540 2000
65 9 64 26 1260 2000
1 17 6 30 20 2000
111 58 115 44 880 2000
12 8 9 23 20 2000
77 66 73 80 1440 2000
104 227 116 221 1720 2000
43 124 28 121 920 2000
20 102 21 86 1521 2000
26 159 38 165 1200 2000
64 226 49 229 1500 2000
34 31 20 35 1440 2000
45 26 29 24 1760 2000
38 274 28 266 1620 2000
66 61 52 65 1400 2000
15 66 15 48 1160 2000
13 32 2 39 200 2000
123 45 115 55 500 2000
149 14 147 30 1400 2000
1 63 7 74 481 2000
82 152 88 164 1180 2000
90 30 90 48 1700 2000
26 173 33 184 760 2000
101 84 102 67 1840 2000
68 9 52 7 560 2000
67 151 61 163 1660 2000
102 41 97 54 1800 2000
23 82 29 94 240 2000
25 26 11 22 680 2000
108 44 102 32 1860 2000
114 125 101 130 1520 2000
15 4 31 6 560 2000
119 82 132 87 1960 2000
119 5 134 2 1940 2000
23 83 21 99 1500 2000
142 10 155 15 1980 2000
145 31 132 26 940 2000
111 48 99 54 1680 2000
16 77 7 86 1160 2000
97 91 94 76 1740 2000
69 87 84 90 500 2000
32 60 19 55 260 2000
26 152 15 159 1740 2000
30 17 15 20 80 2000
199 7 208 16 1740 2000
11 84 11 102 1280 2000
16 1 8 11 160 2000
89 236 95 248 1840 2000
73 22 66 11 240 2000
66 12 78 18 260 2000
181 95 184 110 1300 2000
63 17 73 9 300 2000
19 63 19 81 260 2000
91 145 83 135 1140 2000
207 95 219 101 1900 2000
97 43 105 53 540 2000
84 35 98 31 400 2000
62 17 49 22 1920 2000
38 137 36 153 720 2000
83 84 99 86 880 2000
99 10 110 17 480 2000
36 136 30 124 1220 2000
99 75 114 78 1580 2000
38 59 21 60 120 2000
30 78 19 84 1001 2000
26 22 13 27 220 2000
25 40 25 57 741 2000
118 179 130 185 1920 2000
57 121 48 112 1860 2000
39 19 38 2 500 2000
35 89 34 106 540 2000
129 35 143 31 700 2000
22 134 22 116 1020 2000
148 76 158 68 1540 2000
93 40 96 25 680 2000
32 22 41 31 300 2000
49 11 59 3 980 2000
15 5 21 17 20 2000
27 65 32 52 1700 2000
51 69 49 85 1980 2000
36 23 23 28 1400 2000
99 37 89 44 441 2000
74 32 74 50 900 2000
5 25 11 14 1601 2000
8 39 22 35 120 2000
3 256 13 264 1800 2000
45 33 43 49 1060 2000
141 13 150 22 1020 2000
8 105 5 120 360 2000
22 259 29 270 1720 2000
79 37 66 42 780 2000
196 120 190 108 1420 2000
48 15 65 14 160 2000
130 59 146 57 760 2000
29 17 22 28 380 2000
45 65 37 55 220 2000
53 13 41 19 740 2000
220 66 227 56 1841 2000
44 187 42 203 1880 2000
188 26 199 19 1260 2000
31 66 31 83 1261 2000
12 71 28 69 360 2000
67 35 67 53 700 2000
58 17 64 29 800 2000
85 1 86 18 1180 2000
165 30 170 42 1381 2000
44 18 51 29 1660 2000
49 110 61 116 1040 2000
14 100 6 110 1140 2000
87 74 87 92 1800 2000
76 73 77 89 1381 2000
13 82 24 75 320 2000
56 42 56 24 1100 2000
20 15 18 31 40 2000
16 184 19 199 1500 2000
80 88 89 97 780 2000
0 1 11 8 1 2000
138 102 136 118 700 2000
10 38 21 45 100 2000
130 8 131 25 1580 2000
26 49 9 48 640 2000
153 22 169 24 1600 2000
115 16 110 29 360 2000
184 11 180 25 1240 2000
45 75 29 77 740 2000
214 161 211 176 1960 2000
233 118 248 121 1560 2000
43 129 51 139 1580 2000
38 120 32 132 1140 2000
60 96 63 81 1740 2000
39 5 48 14 940 2000
5 12 0 0 21 2000
26 143 22 129 1360 2000
26 60 28 45 361 2000
17 239 24 250 1980 2000
146 19 143 5 1981 2000
123 170 121 186 1960 2000
49 25 38 32 660 2000
32 45 38 56 1781 2000
32 16 17 13 580 2000
25 92 29 105 581 2000
13 5 20 16 100 2000
85 127 69 129 700 2000
82 88 78 74 1100 2000
55 75 61 87 740 2000
45 54 49 40 1040 2000
66 43 56 51 1600 2000
25 169 19 181 1260 2000
24 68 36 62 380 2000
16 141 31 144 1960 2000
166 53 149 52 1160 2000
29 117 20 126 1380 2000
37 32 35 48 200 2000
31 25 44 30 1180 2000
96 168 98 152 1740 2000
44 11 45 28 680 2000
197 113 189 103 1460 2000
36 43 49 48 680 2000
66 56 80 60 700 2000
129 17 114 14 1780 2000
40 8 53 3 1220 2000
35 4 29 16 480 2000
183 236 167 234 1560 2000
32 33 19 28 160 2000
118 59 117 42 1960 2000
37 106 22 104 541 2000
11 22 6 9 240 2000
118 60 124 48 1940 2000
28 25 20 35 120 2000
72 96 80 106 740 2000
31 176 18 181 1160 2000
21 50 24 65 880 2000
26 49 37 55 421 2000
128 81 145 80 1000 2000
3 55 2 38 260 2000
33 183 50 184 780 2000
34 23 22 17 480 2000
50 118 61 125 1420 2000
15 121 19 107 1460 2000
9 71 9 53 1060 2000
44 25 27 26 1760 2000
29 156 25 170 1240 2000
44 41 30 45 920 2000
159 184 155 170 1800 2000
17 127 31 124 961 2000
60 111 55 98 960 2000
35 77 31 91 1060 2000
44 16 52 25 361 2000
194 8 205 1 1580 2000
20 144 36 142 1060 2000
26 26 23 11 1820 2000
21 22 21 4 200 2000
48 33 57 24 440 2000
2 141 0 157 1600 2000
50 17 45 4 440 2000
37 70 43 58 400 2000
13 71 28 69 241 2000
25 25 10 28 1660 2000
184 17 188 4 1301 2000
61 124 72 117 1440 2000
157 41 151 29 1860 2000
7 78 5 94 1360 2000
63 115 47 113 1780 2000
38 239 29 230 1920 2000
38 27 32 15 440 2000
41 89 54 94 660 2000
29 202 25 216 1400 2000
105 75 114 66 900 2000
72 30 81 39 540 2000
67 81 71 95 940 2000
38 143 49 150 1240 2000
162 99 157 112 960 2000
21 84 23 69 1541 2000
23 72 33 79 221 2000
14 80 8 68 1140 2000
13 69 22 78 980 2000
44 261 38 273 1600 2000
46 111 42 97 1520 2000
95 16 88 27 600 2000
28 31 12 33 480 2000
21 8 10 1 40 2000
147 28 137 20 1240 2000
0 1 2 17 1 2000
0 59 6 47 1480 2000
29 35 36 24 1380 2000
19 34 20 51 440 2000
113 67 107 79 1060 2000
18 49 29 55 501 2000
10 37 11 54 200 2000
23 32 10 27 360 2000
96 140 100 154 1340 2000
29 28 12 29 160 2000
69 157 78 148 1540 2000
53 109 55 125 780 2000
29 171 14 168 1460 2000
67 59 79 65 500 2000
8 10 15 21 20 2000
122 216 113 225 1580 2000
35 57 28 46 1140 2000
9 248 17 238 1960 2000
86 19 81 32 640 2000
35 15 51 17 660 2000
10 8 10 26 20 2000
21 40 37 38 280 2000
7 105 23 103 1140 2000
18 4 24 16 180 2000
24 17 8 15 200 2000
24 65 14 73 760 2000
106 60 109 75 900 2000
19 56 30 49 280 2000
26 11 12 7 40 2000
138 38 138 20 1540 2000
145 47 131 51 1020 2000
27 22 28 5 80 2000
153 33 158 46 1060 2000
17 11 13 25 380 2000
86 20 74 26 1620 2000
106 30 107 46 401 2000
153 122 164 129 760 2000
48 34 54 46 1340 2000
95 48 95 66 1240 2000
124 143 112 149 1520 2000
205 141 209 127 940 2000
33 69 28 82 500 2000
30 34 19 41 900 2000
49 26 59 18 480 2000
10 11 5 24 1440 2000
52 36 37 38 1121 2000
20 103 12 113 1840 2000
12 27 13 44 40 2000
204 59 208 45 1360 2000
9 79 7 94 1601 2000
37 158 24 163 1840 2000
45 201 50 214 1620 2000
40 107 25 109 421 2000
53 97 45 87 780 2000
146 282 148 298 1940 2000
27 82 14 77 680 2000
49 44 56 33 640 2000
168 125 178 133 1720 2000
113 15 104 24 780 2000
77 59 90 63 1921 2000
35 23 21 19 1500 2000
199 94 195 80 1960 2000
102 122 102 140 1460 2000
26 101 25 84 1600 2000
97 110 97 92 1720 2000
111 148 102 139 1280 2000
31 96 43 102 1520 2000
19 151 23 165 1060 2000
48 273 53 286 1600 2000
53 39 58 26 420 2000
55 160 52 175 1120 2000
59 44 47 38 800 2000
7 34 24 33 600 2000
36 194 41 207 1180 2000
41 206 34 195 1200 2000
28 63 38 55 720 2000
0 1 1 18 1 2000
24 154 17 165 1820 2000
33 138 41 148 1880 2000
123 21 119 8 521 2000
101 40 86 43 1040 2000
73 240 79 252 1080 2000
55 124 47 134 960 2000
9 9 20 16 20 2000
45 14 44 31 760 2000
25 195 35 187 1420 2000
35 186 46 193 1440 2000
147 35 159 29 1100 2000
79 53 94 56 460 2000
213 38 223 46 1640 2000
20 86 20 104 1340 2000
57 22 43 25 461 2000
24 86 27 71 1620 2000
16 23 28 29 40 2000
28 180 29 164 1601 2000
50 95 58 85 1720 2000
40 62 25 59 540 2000
73 59 72 76 940 2000
13 58 20 47 320 2000
122 51 124 36 1741 2000
18 131 3 128 1720 2000
14 40 31 41 380 2000
43 63 49 75 700 2000
39 96 35 110 1960 2000
50 83 45 96 1920 2000
49 39 48 22 420 2000
9 112 2 101 1840 2000
171 40 156 43 840 2000
28 172 35 183 1140 2000
80 37 74 25 400 2000
42 96 26 94 1300 2000
50 31 65 34 1760 2000
68 75 78 67 1520 2000
52 110 40 116 380 2000
17 8 31 4 800 2000
21 1 21 19 60 2000
66 1 66 19 1200 2000
59 71 54 84 1900 2000
25 1 40 3 81 2000
39 4 28 10 101 2000
13 69 9 55 1020 2000
49 24 36 19 1400 2000
48 43 53 55 741 2000
12 53 17 66 400 2000
62 85 55 74 720 2000
22 71 22 53 680 2000
24 35 20 21 240 2000
28 14 20 24 820 2000
8 30 0 39 1441 2000
39 211 34 198 1820 2000
14 39 24 47 320 2000
24 46 12 40 340 2000
91 6 98 17 920 2000
37 24 26 31 280 2000
30 42 28 58 180 2000
52 103 50 87 1240 2000
6 29 21 32 80 2000
239 121 244 108 1820 2000
70 50 69 33 1980 2000
15 13 13 28 41 2000
20 4 25 17 60 2000
26 64 24 80 540 2000
59 104 55 118 880 2000
176 121 169 132 1200 2000
113 73 124 80 900 2000
49 151 33 149 1260 2000
66 47 54 53 360 2000
43 43 35 53 1140 2000
59 40 74 37 440 2000
20 18 29 27 1500 2000
142 107 126 105 1800 2000
25 269 12 274 1980 2000
32 92 32 110 860 2000
155 27 160 14 1700 2000
54 11 54 29 400 2000
23 12 37 8 1440 2000
72 103 74 87 840 2000
5 64 16 71 1640 2000
66 19 63 5 621 2000
88 108 88 126 900 2000
92 119 88 133 1360 2000
15 39 0 37 161 2000
90 66 82 76 900 2000
183 43 172 50 980 2000
65 135 73 145 1660 2000
20 20 11 11 620 2000
163 30 165 46 1520 2000
7 58 18 51 1040 2000
27 23 37 31 180 2000
40 44 45 57 1780 2000
50 35 42 45 440 2000
102 59 90 65 880 2000
36 33 39 47 461 2000
171 9 183 15 1500 2000
119 51 125 63 620 2000
0 1 2 17 1 2000
26 70 15 77 860 2000
29 1 22 12 340 2000
42 202 48 214 1900 2000
20 36 8 42 540 2000
116 101 131 104 960 2000
70 142 55 139 1100 2000
88 113 71 114 1480 2000
88 132 82 144 1380 2000
19 143 19 161 1900 2000
52 176 38 180 1140 2000
52 120 69 121 1620 2000
51 16 50 0 261 2000
150 28 150 10 1020 2000
40 25 51 18 200 2000
60 73 70 65 480 2000
39 38 38 21 1040 2000
67 144 78 151 680 2000
63 37 65 52 1281 2000
238 120 237 137 1780 2000
94 55 111 56 1880 2000
13 62 21 72 1760 2000
33 6 33 24 1320 2000
150 55 166 53 1200 2000
87 73 78 82 900 2000
20 153 28 143 1720 2000
28 142 38 150 1740 2000
38 149 38 131 1760 2000
41 42 41 24 1880 2000
29 52 28 35 360 2000
64 14 79 11 260 2000
86 24 94 34 580 2000
32 102 40 112 1860 2000
96 95 84 89 1760 2000
17 89 23 77 1060 2000
38 109 54 111 1920 2000
1 117 5 131 1740 2000
14 35 16 19 600 2000
43 125 45 109 1980 2000
54 47 47 58 1360 2000
10 10 19 19 20 2000
102 251 119 252 1400 2000
33 20 33 37 61 2000
86 22 94 32 860 2000
44 50 56 44 380 2000
13 48 22 39 920 2000
31 16 34 1 80 2000
111 131 98 126 1060 2000
187 50 187 32 1640 2000
28 117 11 116 1280 2000
17 19 2 16 220 2000
17 87 21 101 820 2000
8 4 3 17 260 2000
21 50 6 47 80 2000
157 98 160 113 1200 2000
89 51 82 62 1100 2000
20 73 17 88 800 2000
40 31 31 40 800 2000
214 82 210 68 1260 2000
29 63 46 62 300 2000
23 136 40 137 1880 2000
34 5 44 13 440 2000
3 19 5 35 60 2000
35 36 33 20 1360 2000
49 49 35 53 300 2000
217 98 216 115 1760 2000
57 100 40 101 920 2000
47 54 59 60 1000 2000
47 73 33 69 1740 2000
16 135 9 146 1400 2000
51 112 35 114 480 2000
78 41 69 50 1320 2000
20 137 31 130 1640 2000
49 10 55 22 680 2000
0 1 1 18 1 2000
38 21 52 25 720 2000
71 37 58 42 1580 2000
3 38 16 33 120 2000
25 1 19 13 60 2000
33 158 23 150 1680 2000
167 235 152 238 1580 2000
52 5 41 12 320 2000
55 83 64 92 860 2000
64 93 54 85 880 2000
54 84 71 83 900 2000
210 111 210 93 1000 2000
121 31 113 41 1500 2000
27 48 43 50 1120 2000
156 45 171 48 1600 2000
122 36 110 30 1460 2000
55 47 63 37 1020 2000
63 36 51 30 1040 2000
34 73 35 90 1960 2000
96 17 84 12 461 2000
27 61 33 73 1100 2000
33 19 33 37 1380 2000
58 178 55 164 1361 2000
53 40 68 37 1160 2000
146 113 159 108 1280 2000
10 23 10 5 80 2000
12 36 20 26 300 2000
54 35 70 37 1240 2000
49 54 51 70 1960 2000
18 62 6 56 1700 2000
18 40 12 52 380 2000
14 52 4 60 540 2000
21 12 19 28 120 2000
49 62 62 57 1160 2000
17 61 24 50 260 2000
33 36 32 19 1400 2000
4 64 6 80 940 2000
49 153 39 145 1660 2000
7 24 24 25 160 2000
51 100 58 111 840 2000
10 92 25 90 561 2000
55 47 72 48 980 2000
51 78 34 79 480 2000
131 26 116 23 1600 2000
51 143 65 139 1300 2000
4 21 14 13 1600 2000
104 157 109 144 1640 2000
12 6 25 11 20 2000
96 116 85 123 1940 2000
29 15 34 2 700 2000
3 54 12 45 640 2000
19 46 2 45 1720 2000
189 0 172 1 1440 2000
20 18 20 0 1580 2000
138 37 140 53 1400 2000
121 211 124 196 1620 2000
64 14 66 30 1260 2000
71 41 66 54 700 2000
25 23 19 11 1060 2000
85 63 96 69 441 2000
20 22 37 23 260 2000
130 88 147 87 980 2000
132 10 140 0 1500 2000
51 29 50 45 1001 2000
37 18 36 2 1981 2000
95 233 95 251 1780 2000
105 77 100 90 1780 2000
89 29 105 31 380 2000
29 17 34 4 420 2000
24 13 32 23 80 2000
32 24 42 16 100 2000
25 97 28 82 1380 2000
6 24 5 7 1380 2000
90 112 104 108 1380 2000
42 84 40 100 340 2000
33 210 29 196 1880 2000
25 200 26 217 1360 2000
16 58 16 76 740 2000
37 102 24 97 1440 2000
48 42 55 53 1820 2000
67 135 62 148 500 2000
45 16 36 7 320 2000
36 8 44 18 340 2000
47 142 55 152 1240 2000
15 136 19 122 600 2000
16 21 15 38 40 2000
57 74 67 66 520 2000
49 40 65 42 440 2000
103 117 95 107 1060 2000
144 23 157 18 1520 2000
18 10 14 24 140 2000
74 39 88 35 520 2000
89 98 88 115 800 2000
80 107 80 89 760 2000
189 179 189 197 1860 2000
4 16 1 1 20 2000
37 49 33 63 820 2000
54 158 66 152 1620 2000
13 156 21 146 800 2000
31 96 36 83 1400 2000
19 81 34 84 1220 2000
35 50 51 48 840 2000
53 68 38 71 1480 2000
122 35 131 26 760 2000
132 27 146 30 781 2000
2 65 5 80 320 2000
61 110 56 123 1480 2000
2 100 17 97 1860 2000
123 25 123 43 1620 2000
149 54 164 51 880 2000
22 84 11 77 1780 2000
78 53 73 40 1760 2000
42 151 51 142 1280 2000
75 36 86 30 461 2000
54 48 60 36 1260 2000
146 1 140 13 1000 2000
34 44 29 57 940 2000
29 16 21 26 80 2000
165 47 165 29 1540 2000
34 49 29 36 1240 2000
25 69 31 81 1220 2000
155 44 156 27 1120 2000
37 30 33 16 1320 2000
1 91 12 98 940 2000
231 89 237 77 1700 2000
82 146 71 152 641 2000
42 58 35 69 1180 2000
55 46 44 39 1120 2000
13 77 10 92 1580 2000
29 29 16 33 321 2000
25 163 13 157 780 2000
126 13 112 17 1320 2000
40 121 51 114 1280 2000
136 88 137 105 1340 2000
30 47 24 35 240 2000
87 66 83 80 600 2000
111 37 95 39 1020 2000
154 35 142 41 1440 2000
72 3 74 19 1200 2000
0 22 10 30 60 2000
21 89 19 105 460 2000
127 47 122 34 1700 2000
196 24 186 16 1380 2000
86 19 100 15 680 2000
185 78 196 71 1160 2000
42 98 37 111 1580 2000
31 175 37 163 1300 2000
153 14 170 15 1640 2000
23 157 11 163 1340 2000
59 36 60 53 440 2000
39 8 22 7 880 2000
142 33 144 49 1840 2000
38 44 36 28 860 2000
46 124 34 130 820 2000
22 123 29 112 1240 2000
28 130 44 128 1820 2000
18 36 35 37 60 2000
36 84 43 73 1420 2000
73 32 64 23 960 2000
6 29 6 11 40 2000
163 32 162 16 1901 2000
162 17 146 19 1920 2000
136 28 127 20 1441 2000
159 24 164 37 1960 2000
164 38 164 56 1980 2000
192 104 184 94 1860 2000
17 20 13 34 240 2000
91 0 96 13 800 2000
24 15 37 20 400 2000
24 27 10 23 280 2000
0 40 15 43 100 2000
68 34 81 39 1260 2000
6 12 5 29 60 2000
136 1 136 19 1360 2000
26 51 13 56 280 2000
39 96 42 81 720 2000
11 72 7 58 1080 2000
60 102 61 85 1540 2000
91 91 94 106 1020 2000
4 24 12 34 60 2000
210 86 195 89 1900 2000
171 17 182 10 1180 2000
16 34 33 35 340 2000
16 55 26 47 800 2000
53 260 37 258 1280 2000
101 18 112 12 381 2000
221 169 216 156 1620 2000
66 43 63 58 440 2000
92 164 91 147 1100 2000
46 93 63 94 1200 2000
182 85 167 88 1280 2000
80 49 90 41 520 2000
154 23 148 35 720 2000
36 115 39 130 640 2000
214 140 202 134 1660 2000
74 57 75 40 600 2000
60 154 45 157 700 2000
45 2 62 1 440 2000
9 9 0 0 60 2000
100 48 95 60 681 2000
85 71 78 82 1860 2000
158 39 145 44 1160 2000
104 93 113 84 1200 2000
216 155 214 139 1640 2000
23 114 38 117 1440 2000
14 205 31 206 1400 2000
141 62 149 52 960 2000
96 51 86 59 840 2000
134 6 143 15 1740 2000
69 8 86 9 960 2000
26 122 35 113 1180 2000
34 32 34 50 180 2000
201 141 197 127 1700 2000
37 179 21 177 1300 2000
81 37 77 23 340 2000
20 36 6 40 140 2000
80 67 80 49 1760 2000
39 41 54 44 780 2000
71 56 65 68 1640 2000
49 176 65 174 1400 2000
7 80 16 71 1120 2000
56 77 48 87 1560 2000
45 63 39 74 321 2000
0 1 8 11 1 2000
19 20 7 25 141 2000
56 105 62 117 1520 2000
9 31 3 20 41 2000
189 164 200 157 1520 2000
244 52 239 65 1780 2000
26 42 21 29 220 2000
142 62 144 46 660 2000
46 10 34 5 641 2000
45 148 39 136 880 2000
34 96 50 94 780 2000
75 79 64 86 1380 2000
244 90 246 74 1860 2000
166 12 154 18 1060 2000
228 133 224 119 1880 2000
0 1 9 10 1 2000
112 63 117 76 640 2000
14 15 16 31 160 2000
10 133 5 121 1101 2000
119 7 119 25 540 2000
21 73 9 79 380 2000
17 1 20 16 260 2000
5 19 11 8 1041 2000
27 70 42 67 160 2000
11 12 6 25 1360 2000
35 95 34 112 860 2000
34 109 19 106 1680 2000
60 26 58 10 1860 2000
59 76 67 66 1040 2000
36 132 20 130 1580 2000
7 11 22 14 20 2000
24 129 8 127 1560 2000
53 93 45 103 1580 2000
57 40 64 51 240 2000
57 162 64 151 1840 2000
33 78 37 64 400 2000
19 35 19 53 180 2000
13 10 8 22 61 2000
60 12 43 13 1380 2000
49 109 52 94 1140 2000
28 53 42 57 1160 2000
13 83 14 100 1940 2000
100 102 114 98 820 2000
57 104 51 93 341 2000
57 81 51 69 620 2000
145 28 147 12 1960 2000
35 147 49 151 1180 2000
76 111 62 115 760 2000
144 95 156 89 920 2000
81 67 74 56 580 2000
26 127 17 136 1680 2000
12 57 9 72 1040 2000
227 86 210 85 1880 2000
20 127 25 114 1400 2000
93 61 103 53 740 2000
12 32 0 26 500 2000
12 15 0 21 280 2000
0 22 3 7 300 2000
91 44 91 62 800 2000
34 3 50 1 480 2000
137 25 153 23 1580 2000
8 29 19 22 40 2000
35 47 37 31 1980 2000
31 36 25 47 421 2000
24 51 36 57 520 2000
70 48 63 37 700 2000
30 37 22 27 480 2000
39 86 37 71 381 2000
39 43 31 53 740 2000
22 26 31 17 540 2000
31 16 23 26 560 2000
16 27 25 18 760 2000
28 16 44 17 601 2000
57 97 65 87 700 2000
36 30 33 44 881 2000
67 35 52 32 1540 2000
33 4 29 18 1400 2000
21 34 24 49 80 2000
21 141 32 148 900 2000
94 206 101 217 1940 2000
42 79 46 93 240 2000
27 83 34 94 1180 2000
52 45 37 48 800 2000
20 28 37 29 1500 2000
1 12 7 1 581 2000
66 44 49 45 1820 2000
61 13 66 0 1180 2000
29 9 28 26 100 2000
221 107 214 96 1820 2000
31 27 18 32 380 2000
34 23 17 22 960 2000
30 9 19 2 240 2000
29 45 15 49 140 2000
8 43 7 59 1021 2000
4 20 21 21 180 2000
48 249 43 262 1680 2000
83 84 87 98 560 2000
103 21 115 15 700 2000
137 37 125 43 860 2000
92 54 96 40 1700 2000
290 142 305 145 1780 2000
48 102 33 99 340 2000
31 51 20 58 500 2000
152 7 141 14 600 2000
27 112 35 122 1240 2000
101 95 84 96 620 2000
27 32 31 18 1000 2000
17 125 25 135 1300 2000
88 4 84 18 1180 2000
201 131 203 147 1780 2000
2 44 15 49 1740 2000
22 40 12 32 220 2000
7 66 18 59 600 2000
9 119 24 122 980 2000
12 157 17 170 1440 2000
30 17 30 35 240 2000
91 51 85 63 1180 2000
29 123 14 126 620 2000
105 23 109 9 1180 2000
5 159 3 143 1540 2000
3 144 3 126 1560 2000
230 186 217 191 1620 2000
74 48 86 43 1321 2000
15 43 7 33 540 2000
122 97 117 109 1101 2000
3 3 16 8 60 2000
20 89 19 72 1560 2000
13 43 29 41 1300 2000
2 130 6 117 1721 2000
23 58 21 42 1440 2000
3 18 9 29 21 2000
188 29 184 42 1301 2000
9 128 11 112 1800 2000
11 111 14 126 1820 2000
38 30 52 26 220 2000
43 21 37 9 100 2000
51 74 41 82 1520 2000
117 77 132 80 660 2000
28 139 44 137 1920 2000
159 15 159 33 1900 2000
14 20 11 34 361 2000
132 277 146 281 1920 2000
0 1 5 14 1 2000
66 3 75 12 560 2000
29 98 42 93 480 2000
174 108 180 96 1540 2000
77 47 79 31 820 2000
38 5 40 20 101 2000
56 75 67 68 1360 2000
50 14 59 23 140 2000
5 73 0 86 1260 2000
55 7 59 21 180 2000
195 132 195 149 1381 2000
77 9 75 25 1860 2000
105 277 108 262 1780 2000
54 50 55 33 260 2000
135 53 122 58 1140 2000
36 88 27 97 860 2000
0 1 4 15 1 2000
66 48 61 61 1340 2000
220 53 217 68 1920 2000
105 65 105 47 380 2000
94 78 84 86 1300 2000
119 21 124 34 820 2000
15 33 8 22 100 2000
77 73 60 72 940 2000
53 27 36 26 580 2000
39 44 29 36 1360 2000
9 11 12 26 20 2000
93 135 92 152 1220 2000
115 87 121 99 1780 2000
59 24 65 12 1120 2000
103 68 90 63 600 2000
84 13 67 12 1320 2000
159 48 169 56 1680 2000
67 35 53 39 1140 2000
65 15 67 31 180 2000
88 35 88 17 1240 2000
100 16 117 15 700 2000
9 38 2 27 360 2000
12 89 6 101 1800 2000
150 20 161 26 1041 2000
39 27 37 43 100 2000
58 25 53 38 1800 2000
18 19 20 3 40 2000
79 69 81 53 860 2000
19 15 4 18 1020 2000
192 91 176 93 1360 2000
8 34 10 50 100 2000
12 29 29 30 840 2000
178 17 163 14 1840 2000
33 29 17 31 1220 2000
28 140 19 131 1340 2000
103 54 108 41 760 2000
30 72 20 64 380 2000
29 2 23 14 1400 2000
32 251 15 252 1760 2000
76 19 60 17 1640 2000
54 87 39 90 1480 2000
118 114 121 129 1140 2000
19 42 25 54 600 2000
18 33 9 24 400 2000
25 134 8 135 1320 2000
80 58 80 76 820 2000
96 135 97 152 1240 2000
87 53 71 51 1220 2000
46 64 44 48 1540 2000
12 5 5 15 21 2000
65 80 55 88 1480 2000
178 37 192 41 1280 2000
119 83 129 75 1780 2000
0 1 0 19 1 2000
76 258 69 269 1580 2000
110 184 117 173 1420 2000
22 77 6 76 541 2000
21 71 30 62 1780 2000
74 52 80 41 1681 2000
108 160 112 174 1500 2000
19 162 11 153 1341 2000
12 79 15 93 581 2000
154 26 139 29 1740 2000
66 73 67 56 800 2000
65 33 50 36 1780 2000
85 41 89 55 1060 2000
13 45 12 62 260 2000
25 54 24 37 240 2000
166 18 169 3 1820 2000
73 58 57 57 1261 2000
103 102 100 87 1800 2000
89 164 93 150 1840 2000
69 30 65 16 240 2000
35 31 50 28 980 2000
26 125 36 133 1560 2000
19 161 21 145 1060 2000
22 58 6 56 1500 2000
122 246 124 230 1860 2000
124 229 120 243 1880 2000
2 12 5 27 60 2000
87 94 97 86 1400 2000
85 151 75 159 1340 2000
87 226 100 221 1960 2000
43 146 36 135 1200 2000
26 61 32 49 880 2000
165 13 177 7 1260 2000
12 6 12 24 100 2000
21 50 18 65 160 2000
242 103 250 113 1680 2000
118 84 129 77 820 2000
19 19 8 12 300 2000
99 109 103 95 1100 2000
23 65 14 74 300 2000
82 80 65 79 1460 2000
205 2 205 20 1600 2000
0 1 5 14 1 2000
18 15 1 14 160 2000
7 11 7 29 20 2000
27 23 27 40 281 2000
26 109 21 96 1800 2000
78 26 95 27 420 2000
33 9 30 24 340 2000
170 43 158 49 1400 2000
20 60 18 76 340 2000
65 151 77 145 1780 2000
43 26 38 13 560 2000
53 58 36 59 1120 2000
6 61 20 65 1640 2000
43 15 50 4 1740 2000
36 84 41 96 1481 2000
17 36 28 29 520 2000
77 26 60 25 1840 2000
37 102 49 108 1120 2000
38 12 27 5 580 2000
27 4 30 19 600 2000
51 53 51 35 500 2000
22 111 17 124 1800 2000
11 33 27 35 380 2000
48 167 43 154 1960 2000
40 50 53 55 460 2000
125 59 139 55 1060 2000
35 46 21 50 400 2000
13 56 30 55 120 2000
70 121 65 108 1120 2000
29 18 26 33 160 2000
137 12 135 28 1800 2000
14 8 23 17 140 2000
109 83 116 73 1001 2000
59 81 68 72 1060 2000
108 43 123 46 480 2000
48 18 40 8 1340 2000
66 74 75 83 940 2000
13 160 3 168 1640 2000
87 75 95 65 980 2000
95 64 89 76 1000 2000
89 77 89 59 1020 2000
27 19 13 15 260 2000
88 142 101 137 1620 2000
74 79 82 89 1080 2000
117 40 106 34 1661 2000
78 75 68 67 1120 2000
196 70 196 52 1180 2000
45 47 38 36 540 2000
69 67 75 55 1180 2000
80 104 73 115 940 2000
70 45 82 51 320 2000
22 29 37 26 640 2000
26 158 25 175 1180 2000
44 47 47 32 360 2000
109 110 107 126 1080 2000
49 28 61 34 1320 2000
144 112 127 111 1060 2000
20 20 24 34 220 2000
184 38 175 46 841 2000
144 39 161 38 1240 2000
74 11 76 27 1080 2000
36 188 46 196 1660 2000
5 41 13 31 1940 2000
17 99 29 105 1220 2000
46 29 60 25 680 2000
100 38 90 46 820 2000
7 17 19 11 940 2000
25 110 15 102 440 2000
100 24 94 12 1100 2000
135 32 123 26 1600 2000
2 11 18 9 200 2000
17 104 11 93 541 2000
14 12 12 28 340 2000
227 126 238 119 1760 2000
84 17 100 19 360 2000
51 125 44 114 660 2000
104 76 120 74 1740 2000
168 201 153 198 1760 2000
83 179 83 161 1740 2000
136 18 149 13 1380 2000
4 230 10 241 1841 2000
178 85 167 78 1520 2000
28 12 45 11 620 2000
171 144 160 137 1320 2000
61 60 59 44 200 2000
0 1 7 12 1 2000
31 119 21 112 521 2000
18 13 32 9 480 2000
68 122 57 129 1980 2000
95 59 108 64 700 2000
21 16 32 9 40 2000
39 65 31 75 940 2000
72 10 70 26 980 2000
1 14 15 11 541 2000
76 280 63 285 1980 2000
8 23 5 38 120 2000
5 39 20 36 140 2000
89 89 80 80 780 2000
19 125 18 108 1300 2000
27 109 32 96 580 2000
128 167 145 166 1880 2000
13 6 21 16 160 2000
115 68 129 64 1840 2000
187 84 202 87 1200 2000
26 47 18 37 640 2000
21 52 31 44 320 2000
95 85 90 72 1180 2000
141 105 147 93 1340 2000
38 26 41 41 380 2000
41 40 55 36 400 2000
12 37 7 50 200 2000
89 49 89 67 1140 2000
72 76 89 77 1580 2000
67 13 54 18 1900 2000
78 153 64 149 960 2000
62 37 72 45 880 2000
117 147 115 163 1940 2000
32 14 30 30 580 2000
155 35 141 38 1201 2000
40 46 44 59 601 2000
119 142 119 160 1240 2000
38 69 31 58 640 2000
35 47 22 52 220 2000
127 81 112 78 1500 2000
45 75 62 74 700 2000
103 73 95 82 481 2000
47 98 61 94 1480 2000
43 104 44 121 440 2000
30 38 16 34 1620 2000
157 20 162 33 1600 2000
8 43 3 30 680 2000
21 36 36 33 200 2000
7 4 5 20 80 2000
47 72 35 66 1800 2000
34 94 34 76 900 2000
47 37 38 28 420 2000
48 111 40 101 600 2000
31 76 28 91 960 2000
18 117 22 103 680 2000
89 3 99 11 460 2000
4 27 9 40 80 2000
54 39 69 42 120 2000
9 132 5 118 1680 2000
20 2 20 20 60 2000
12 61 12 79 1600 2000
25 86 40 89 1400 2000
17 127 8 118 1140 2000
0 1 3 16 1 2000
52 41 66 45 1800 2000
46 182 48 166 1940 2000
0 1 14 5 40 2000
51 36 41 44 760 2000
82 37 80 22 701 2000
79 80 87 90 760 2000
63 14 62 31 240 2000
67 70 54 75 1040 2000
19 183 34 180 1580 2000
15 22 17 38 800 2000
5 40 22 39 200 2000
75 48 67 58 480 2000
34 7 24 15 80 2000
129 49 129 67 780 2000
27 105 15 111 1460 2000
87 50 81 38 1200 2000
41 27 39 43 820 2000
150 21 165 24 800 2000
22 115 8 118 1261 2000
24 23 29 36 1160 2000
1 30 1 12 80 2000
84 16 84 34 1500 2000
25 58 39 54 1160 2000
34 83 45 76 1240 2000
62 26 62 8 460 2000
7 136 2 148 1341 2000
20 24 20 42 100 2000
49 49 40 58 1740 2000
29 55 36 44 1740 2000
232 44 232 26 1860 2000
10 8 14 22 20 2000
23 34 33 42 1800 2000
35 28 44 37 1800 2000
30 27 25 14 1840 2000
36 20 44 10 1420 2000
203 148 202 165 1800 2000
35 62 48 67 1920 2000
174 167 180 155 1920 2000
23 6 36 11 320 2000
73 140 77 154 1160 2000
40 57 28 51 440 2000
42 99 32 91 840 2000
72 19 80 29 840 2000
24 13 24 31 40 2000
113 224 116 239 1600 2000
38 27 26 21 80 2000
135 33 135 51 420 2000
20 230 3 229 1820 2000
191 61 201 69 1260 2000
20 64 20 46 900 2000
62 129 70 119 1080 2000
20 56 32 62 1300 2000
31 101 27 87 1340 2000
17 55 0 54 660 2000
84 35 67 36 1520 2000
18 117 22 103 1640 2000
168 52 156 58 1460 2000
25 252 25 270 1960 2000
102 84 118 82 700 2000
16 53 15 36 360 2000
102 1 108 13 1240 2000
32 74 18 71 681 2000
20 40 14 52 420 2000
27 8 40 13 360 2000
42 91 54 86 1461 2000
33 51 35 36 481 2000
57 8 44 3 520 2000
56 132 54 116 1860 2000
15 14 15 32 120 2000
76 26 59 25 1100 2000
27 74 39 79 301 2000
45 5 45 23 460 2000
0 85 11 92 1280 2000
112 164 108 150 1940 2000
86 35 93 45 1901 2000
62 28 66 42 1620 2000
83 64 86 49 560 2000
2 21 18 19 120 2000
28 124 30 140 660 2000
3 39 14 46 100 2000
13 149 21 140 881 2000
33 197 30 183 1841 2000
67 57 50 56 820 2000
35 37 44 46 860 2000
3 53 18 50 140 2000
104 37 87 36 680 2000
38 68 49 75 860 2000
37 27 43 15 100 2000
64 147 67 162 1080 2000
20 57 15 44 520 2000
40 7 40 25 1360 2000
38 97 22 99 1000 2000
22 100 28 88 1020 2000
168 1 177 10 1720 2000
71 4 56 7 1240 2000
23 29 6 28 60 2000
54 56 71 55 1620 2000
50 14 50 32 540 2000
36 44 51 41 1460 2000
8 67 8 49 1160 2000
58 84 43 81 1740 2000
96 24 81 27 740 2000
6 39 1 52 160 2000
8 20 0 30 60 2000
68 14 82 10 740 2000
44 168 37 179 980 2000
19 101 36 100 1300 2000
13 122 24 128 1541 2000
122 87 129 98 1280 2000
12 98 18 86 1540 2000
28 186 18 178 860 2000
4 183 3 200 1200 2000
121 271 104 272 1460 2000
105 259 100 246 1140 2000
81 84 67 80 920 2000
40 61 51 68 400 2000
98 60 113 57 540 2000
17 30 8 21 1520 2000
12 65 0 71 680 2000
86 102 97 109 1700 2000
10 18 26 16 1580 2000
32 81 29 96 1040 2000
59 19 65 31 1940 2000
49 21 50 4 1620 2000
23 6 10 1 40 2000
184 128 187 143 1340 2000
38 21 50 27 440 2000
27 16 40 11 120 2000
37 66 29 56 1720 2000
163 90 168 103 1160 2000
40 23 40 5 240 2000
18 44 17 28 1801 2000
77 46 73 60 600 2000
11 91 23 97 1300 2000
0 1 15 4 1 2000
4 14 0 28 20 2000
23 72 23 55 301 2000
90 37 101 30 360 2000
27 88 18 96 861 2000
30 27 20 19 1960 2000
67 123 65 107 1580 2000
0 1 2 17 1 2000
37 25 47 33 660 2000
28 150 25 165 620 2000
35 90 47 84 1520 2000
6 36 4 52 700 2000
34 52 21 57 660 2000
140 103 147 114 1920 2000
37 116 30 106 1461 2000
49 12 61 6 720 2000
1 19 14 14 180 2000
37 65 29 55 420 2000
13 30 4 38 221 2000
39 123 28 116 460 2000
18 97 11 86 880 2000
121 33 126 46 660 2000
69 151 81 157 1420 2000
32 101 48 103 1440 2000
5 79 11 67 340 2000
16 9 28 15 800 2000
16 20 13 5 300 2000
9 78 6 63 400 2000
111 147 124 142 1500 2000
7 36 2 49 720 2000
209 27 197 21 1660 2000
32 43 20 37 480 2000
7 186 1 174 1400 2000
95 34 87 24 680 2000
223 154 221 170 1600 2000
0 1 15 4 1 2000
84 17 88 31 1200 2000
7 31 22 29 761 2000
57 28 67 36 1240 2000
35 14 38 29 640 2000
82 64 84 80 1300 2000
206 63 194 57 1320 2000
49 47 50 64 700 2000
22 34 11 41 380 2000
53 50 42 56 741 2000
47 115 55 125 1860 2000
25 59 20 72 780 2000
34 36 19 33 420 2000
146 29 155 38 800 2000
20 71 21 88 1480 2000
32 45 21 38 1240 2000
50 46 39 39 1020 2000
23 83 20 68 900 2000
52 82 35 83 1460 2000
21 19 19 35 140 2000
41 30 51 38 280 2000
10 49 12 65 120 2000
8 20 15 31 1540 2000
15 39 28 34 620 2000
32 91 35 76 1040 2000
23 106 26 91 1400 2000
6 13 20 16 21 2000
85 106 81 92 640 2000
11 13 21 21 500 2000
47 31 49 47 380 2000
88 26 86 10 1300 2000
152 114 166 117 1401 2000
73 146 90 147 1680 2000
25 82 29 96 1800 2000
67 30 73 18 200 2000
205 75 206 58 1220 2000
0 1 8 11 1 2000
59 115 69 107 820 2000
26 64 17 73 1140 2000
107 111 111 97 860 2000
59 25 49 33 1300 2000
71 191 71 173 1500 2000
50 173 60 181 1400 2000
18 72 33 69 700 2000
68 48 62 60 740 2000
104 120 109 107 1860 2000
49 106 59 114 280 2000
59 244 59 261 1541 2000
140 35 152 41 520 2000
43 95 29 91 780 2000
77 46 65 51 621 2000
38 26 45 37 740 2000
62 201 45 200 1600 2000
63 125 77 121 1900 2000
63 58 51 52 480 2000
84 58 99 61 1020 2000
14 76 6 66 700 2000
0 1 7 12 1 2000
25 22 33 31 341 2000
26 268 24 253 1721 2000
16 41 10 52 581 2000
27 44 34 33 160 2000
177 108 185 98 1120 2000
51 58 50 41 640 2000
19 242 9 234 1840 2000
138 19 130 9 1560 2000
2 4 6 17 681 2000
60 149 56 163 1720 2000
25 217 35 225 1420 2000
77 40 83 28 1400 2000
8 23 17 14 360 2000
74 211 87 216 1280 2000
30 56 19 63 420 2000
9 11 4 24 20 2000
39 37 54 40 100 2000
85 96 100 93 1440 2000
33 105 43 113 1020 2000
32 141 45 136 840 2000
43 19 54 12 1700 2000
11 4 12 21 120 2000
42 25 26 23 200 2000
29 19 33 5 1300 2000
305 144 319 140 1800 2000
118 42 135 41 1620 2000
92 3 99 13 1461 2000
112 3 99 8 960 2000
151 82 160 91 880 2000
45 138 62 139 920 2000
121 38 135 34 400 2000
114 82 105 91 580 2000
104 83 108 70 1061 2000
110 51 105 64 360 2000
35 80 23 86 400 2000
20 30 20 48 220 2000
12 112 0 118 540 2000
42 37 57 39 221 2000
72 55 75 40 1360 2000
41 45 45 31 900 2000
115 50 100 53 1120 2000
104 182 93 175 900 2000
95 67 105 75 1260 2000
53 25 42 32 1940 2000
25 57 20 44 180 2000
218 8 218 26 1220 2000
43 75 55 81 1020 2000
65 129 67 145 660 2000
67 98 75 108 640 2000
147 159 147 177 1900 2000
74 51 74 68 1461 2000
103 96 104 79 1120 2000
194 114 177 113 1020 2000
39 24 39 6 360 2000
63 186 74 179 800 2000
39 18 35 32 440 2000
28 154 12 156 1420 2000
0 1 7 12 1 2000
54 117 41 122 1200 2000
119 28 129 36 680 2000
15 35 16 18 100 2000
106 181 121 179 941 2000
73 42 82 51 1040 2000
114 193 108 204 981 2000
80 23 96 25 720 2000
21 87 35 91 1500 2000
20 68 27 79 300 2000
2 57 13 50 280 2000
32 49 35 63 1861 2000
169 96 183 92 1400 2000
10 56 11 39 1740 2000
66 31 67 14 1880 2000
8 48 14 60 220 2000
74 200 74 218 1180 2000
74 217 87 222 1200 2000
46 233 39 222 1840 2000
61 60 54 71 1360 2000
12 125 26 121 1160 2000
125 64 135 56 640 2000
170 81 179 90 960 2000
101 214 88 219 1320 2000
90 47 103 42 680 2000
85 234 102 235 1360 2000
35 52 32 37 1160 2000
18 28 2 30 300 2000
71 1 85 5 580 2000
51 16 35 14 640 2000
17 96 5 90 1920 2000
4 59 8 45 720 2000
110 153 103 164 1600 2000
155 21 142 25 921 2000
28 101 34 113 680 2000
18 32 27 23 60 2000
88 9 102 5 880 2000
69 270 73 256 1600 2000
77 182 94 183 1480 2000
29 41 25 55 820 2000
22 34 22 16 340 2000
70 18 73 3 1060 2000
100 104 100 122 1860 2000
30 33 13 34 200 2000
27 239 12 236 1740 2000
43 179 57 175 1740 2000
80 69 89 60 1240 2000
50 69 50 51 1400 2000
37 225 46 234 1820 2000
19 11 35 13 180 2000
42 19 31 12 720 2000
24 118 7 119 1300 2000
16 100 11 87 1820 2000
184 88 187 103 900 2000
61 46 77 44 520 2000
19 29 2 30 180 2000
49 76 46 61 720 2000
114 101 99 99 1861 2000
42 92 32 84 500 2000
48 20 46 4 300 2000
20 30 32 36 60 2000
29 40 29 58 240 2000
41 81 26 78 620 2000
122 83 139 84 1360 2000
92 62 108 64 540 2000
25 42 32 31 160 2000
5 195 16 202 1020 2000
60 35 45 32 1040 2000
115 17 131 15 420 2000
70 58 84 62 420 2000
17 137 0 138 1460 2000
31 112 16 109 1360 2000
13 19 13 37 380 2000
3 125 2 142 1580 2000
25 33 40 36 340 2000
176 7 166 15 1480 2000
11 146 14 131 1520 2000
148 110 140 100 1060 2000
50 34 51 51 140 2000
132 15 118 11 640 2000
34 14 31 29 460 2000
53 60 51 44 480 2000
61 72 75 68 520 2000
47 61 31 59 1380 2000
40 54 44 68 740 2000
47 40 53 52 360 2000
60 36 56 22 580 2000
44 16 56 22 620 2000
14 14 31 15 60 2000
6 27 18 33 160 2000
82 69 75 79 261 2000
34 130 38 144 1220 2000
87 23 100 28 700 2000
30 125 37 114 1240 2000
9 24 12 39 40 2000
59 35 67 25 660 2000
37 63 37 45 1260 2000
39 12 37 28 80 2000
20 45 21 62 200 2000
34 16 39 3 940 2000
80 7 73 18 360 2000
101 40 97 54 600 2000
67 133 61 145 1980 2000
19 125 27 135 1340 2000
52 38 51 22 1681 2000
10 29 21 22 200 2000
12 28 26 32 700 2000
0 1 12 7 1 2000
155 81 150 94 1020 2000
13 72 19 60 800 2000
167 97 181 101 1060 2000
181 100 178 115 1080 2000
184 12 170 8 1380 2000
38 114 24 110 1580 2000
178 115 172 104 1141 2000
117 113 128 106 1220 2000
31 30 18 35 760 2000
28 68 12 70 260 2000
202 88 202 106 1220 2000
51 57 47 71 500 2000
29 54 33 68 480 2000
20 72 27 83 660 2000
8 126 18 118 1620 2000
202 43 213 50 1320 2000
213 51 204 60 1340 2000
101 216 84 215 1960 2000
25 49 25 31 1700 2000
28 71 15 66 1600 2000
33 77 42 86 1100 2000
46 140 54 130 1740 2000
19 71 12 60 1580 2000
38 8 26 2 60 2000
56 162 65 171 1740 2000
196 29 194 45 1520 2000
11 56 2 64 1181 2000
20 97 17 112 1640 2000
35 32 23 27 1501 2000
88 142 94 130 1660 2000
49 27 58 18 780 2000
115 109 115 91 940 2000
22 26 16 14 500 2000
48 49 32 47 1760 2000
193 31 207 35 1700 2000
14 107 26 113 1840 2000
75 39 71 53 1380 2000
5 69 11 81 300 2000
216 77 232 78 1781 2000
42 95 33 104 1000 2000
28 101 22 113 1240 2000
54 10 40 6 140 2000
227 55 219 65 1860 2000
98 232 87 225 1940 2000
23 73 22 90 540 2000
28 106 44 108 1380 2000
31 8 43 14 240 2000
159 13 156 28 1420 2000
13 27 14 44 140 2000
11 51 21 44 641 2000
17 82 12 69 1840 2000
70 79 80 71 1920 2000
21 95 19 111 1420 2000
11 18 28 19 80 2000
191 185 191 203 1940 2000
37 59 31 71 1020 2000
5 56 22 57 1200 2000
47 118 48 101 320 2000
2 50 5 65 740 2000
284 62 278 50 1580 2000
41 39 51 47 700 2000
218 29 215 14 1400 2000
16 18 9 29 140 2000
25 10 8 9 40 2000
41 30 25 28 560 2000
16 38 27 45 140 2000
29 31 29 49 860 2000
59 71 64 84 220 2000
46 125 49 140 1520 2000
37 5 24 10 140 2000
41 30 25 32 320 2000
26 112 42 110 1740 2000
30 141 25 154 680 2000
77 51 66 57 481 2000
41 101 45 115 460 2000
19 132 25 144 1360 2000
27 140 24 155 1880 2000
33 48 47 44 240 2000
104 34 110 22 620 2000
74 67 79 80 600 2000
39 6 26 1 1560 2000
91 37 100 46 660 2000
80 27 93 32 720 2000
82 54 77 67 1420 2000
124 60 124 42 700 2000
142 40 126 38 1460 2000
4 14 12 4 180 2000
54 95 59 82 1040 2000
42 38 51 47 340 2000
107 109 118 102 1740 2000
46 75 59 70 1880 2000
80 55 82 71 240 2000
115 89 100 86 860 2000
40 197 43 182 1640 2000
10 242 15 229 1820 2000
66 97 71 84 800 2000
83 163 83 145 620 2000
53 165 66 160 1860 2000
39 63 39 45 1340 2000
21 31 37 33 100 2000
89 145 77 151 1460 2000
87 252 76 259 1560 2000
61 91 58 76 1580 2000
35 17 49 21 260 2000
8 34 21 29 100 2000
14 101 29 98 1520 2000
27 91 24 106 380 2000
25 236 15 228 1880 2000
45 71 60 74 1780 2000
59 108 58 91 720 2000
24 30 33 21 100 2000
31 50 28 65 1240 2000
123 54 133 46 1960 2000
29 97 20 88 1540 2000
33 63 47 67 1340 2000
116 87 116 69 1320 2000
172 22 160 27 1881 2000
216 114 232 112 1780 2000
3 201 15 207 1220 2000
10 131 13 116 1760 2000
105 52 92 47 560 2000
17 39 11 27 1260 2000
171 101 181 94 1281 2000
143 66 148 79 1480 2000
25 100 19 112 1520 2000
131 76 148 75 1520 2000
108 69 123 66 1080 2000
182 104 182 86 1260 2000
93 132 102 123 1440 2000
47 49 57 57 300 2000
19 12 7 18 1080 2000
95 66 93 50 1560 2000
0 1 11 8 1 2000
51 31 62 38 860 2000
11 9 14 24 60 2000
76 21 91 24 1600 2000
76 113 77 96 1400 2000
19 9 27 19 100 2000
193 21 180 26 1100 2000
12 63 22 71 280 2000
64 33 51 38 1480 2000
14 47 3 54 120 2000
0 72 15 69 700 2000
115 89 122 100 940 2000
191 144 205 140 920 2000
157 56 141 54 1920 2000
139 30 139 12 1760 2000
68 126 63 139 1060 2000
30 41 21 50 1640 2000
11 10 28 9 360 2000
36 123 19 124 1280 2000
4 17 16 11 40 2000
0 1 5 14 1 2000
24 58 33 49 460 2000
76 160 81 172 1361 2000
14 27 4 19 120 2000
25 25 26 8 300 2000
12 38 16 51 1001 2000
15 38 2 43 120 2000
179 95 188 86 1100 2000
21 27 30 36 220 2000
42 31 35 20 560 2000
23 26 15 36 120 2000
89 43 75 47 460 2000
31 68 31 86 200 2000
16 5 29 0 320 2000
16 6 11 19 60 2000
31 33 41 41 1860 2000
14 16 9 29 180 2000
105 154 100 141 1000 2000
120 38 123 53 1940 2000
2 42 5 57 140 2000
45 31 58 26 700 2000
48 109 34 113 1920 2000
57 43 55 59 420 2000
22 53 28 65 520 2000
139 68 124 71 1600 2000
132 28 143 21 620 2000
101 129 89 135 1540 2000
84 78 70 82 820 2000
41 31 45 17 180 2000
50 16 56 27 841 2000
29 39 25 25 660 2000
124 58 131 48 1761 2000
11 21 3 31 700 2000
120 73 125 60 1040 2000
9 52 15 64 1080 2000
38 32 42 46 140 2000
140 25 149 34 1120 2000
24 98 10 94 1980 2000
21 146 8 141 1080 2000
43 133 26 134 1060 2000
19 29 12 40 100 2000
8 11 1 22 880 2000
11 121 10 138 1180 2000
28 6 28 24 100 2000
63 69 48 67 281 2000
19 12 29 4 960 2000
49 39 65 37 1060 2000
126 94 125 77 1340 2000
17 90 6 97 1320 2000
19 12 25 24 1040 2000
61 38 74 43 1480 2000
107 78 106 95 1080 2000
69 18 80 11 920 2000
15 178 31 176 1080 2000
13 76 16 62 541 2000
82 161 86 147 1120 2000
12 36 19 25 1180 2000
94 17 97 2 960 2000
96 52 95 69 980 2000
203 29 199 43 1660 2000
15 39 25 31 260 2000
12 2 4 12 380 2000
19 117 30 124 1900 2000
37 22 27 29 1061 2000
98 17 96 1 1040 2000
26 39 31 52 280 2000
124 35 131 24 1760 2000
50 55 40 63 840 2000
70 68 83 63 780 2000
35 69 33 53 540 2000
31 12 20 19 1480 2000
39 128 37 144 920 2000
122 101 122 119 960 2000
73 3 86 8 540 2000
14 79 7 68 1000 2000
6 24 19 19 700 2000
24 117 40 119 440 2000
9 45 1 35 140 2000
88 2 94 14 540 2000
21 106 14 117 280 2000
37 46 45 56 1320 2000
111 125 117 114 1201 2000
15 3 3 9 20 2000
83 43 92 34 620 2000
49 14 32 13 1120 2000
17 27 10 16 1820 2000
15 20 15 38 80 2000
30 47 26 33 1560 2000
11 98 18 87 1280 2000
98 80 82 78 700 2000
39 77 25 81 1780 2000
29 44 25 30 1880 2000
51 52 37 56 1480 2000
4 27 9 14 200 2000
46 59 45 76 680 2000
43 125 36 114 620 2000
36 44 28 54 1980 2000
0 1 13 6 1 2000
16 166 21 179 1380 2000
0 1 10 9 1 2000
52 75 55 60 1880 2000
106 60 90 62 1260 2000
55 44 71 42 440 2000
76 85 82 73 1880 2000
29 1 33 15 100 2000
111 262 121 270 1440 2000
27 53 23 39 180 2000
23 40 15 30 200 2000
237 85 220 86 1340 2000
111 45 115 59 1420 2000
209 123 201 113 1740 2000
26 31 37 24 240 2000
34 77 39 64 920 2000
48 10 60 4 1700 2000
42 3 51 12 440 2000
135 102 139 116 1760 2000
39 5 30 14 380 2000
19 98 27 108 560 2000
66 61 78 67 1360 2000
32 245 30 229 1920 2000
170 25 185 22 1720 2000
52 29 59 40 240 2000
74 82 68 94 1220 2000
186 106 196 114 1020 2000
45 12 33 18 120 2000
0 1 4 15 1 2000
148 28 138 36 980 2000
46 37 49 52 440 2000
60 22 74 18 500 2000
55 97 38 98 980 2000
74 27 70 41 1640 2000
0 53 10 61 680 2000
45 16 45 34 360 2000
199 122 212 118 1621 2000
26 53 42 51 1480 2000
10 65 17 76 760 2000
17 77 29 83 780 2000
106 31 106 14 1981 2000
34 120 48 124 1100 2000
37 140 28 149 600 2000
93 40 110 41 640 2000
0 1 17 0 1 2000
48 50 55 61 380 2000
152 175 150 159 1840 2000
269 108 253 110 1640 2000
142 127 126 125 1960 2000
104 94 116 88 1300 2000
72 47 76 33 1000 2000
132 86 132 68 1980 2000
22 59 31 51 1221 2000
110 18 123 23 500 2000
43 48 56 43 1080 2000
29 6 23 18 40 2000
56 25 65 16 1120 2000
91 79 107 81 540 2000
147 49 139 39 580 2000
67 54 82 57 720 2000
67 16 82 19 1200 2000
21 56 38 57 680 2000
65 157 52 162 1340 2000
10 17 10 35 200 2000
99 98 98 81 1880 2000
40 14 43 29 380 2000
24 150 41 151 1100 2000
21 178 18 163 1320 2000
84 61 84 79 1360 2000
84 78 87 93 1380 2000
26 135 11 132 1080 2000
97 87 91 75 1420 2000
174 91 161 96 1200 2000
7 28 9 44 40 2000
108 181 106 197 1520 2000
73 69 84 76 1060 2000
38 35 55 34 560 2000
85 79 98 74 1540 2000
130 50 126 63 1041 2000
16 9 22 21 1800 2000
101 154 108 165 1680 2000
133 89 139 77 1620 2000
53 112 53 94 1560 2000
30 51 36 40 981 2000
21 139 22 155 961 2000
26 20 33 10 1601 2000
43 127 39 113 1820 2000
147 20 160 24 1021 2000
187 80 187 62 1760 2000
45 19 45 1 420 2000
77 32 80 47 360 2000
54 72 59 59 340 2000
172 71 165 60 1840 2000
45 74 38 63 1360 2000
24 117 16 127 960 2000
28 35 28 17 640 2000
161 46 156 34 1181 2000
26 113 32 102 1421 2000
200 72 208 62 1180 2000
133 47 146 52 1980 2000
135 77 140 90 1860 2000
147 10 139 20 1560 2000
16 21 6 13 40 2000
134 114 145 108 881 2000
17 53 11 65 180 2000
15 39 28 34 140 2000
15 47 5 55 1180 2000
65 11 69 25 1100 2000
27 17 19 27 1060 2000
108 96 102 85 681 2000
13 101 4 110 1860 2000
23 18 26 3 160 2000
52 40 48 26 940 2000
10 47 2 57 1080 2000
43 22 41 38 280 2000
41 39 58 40 300 2000
168 88 158 96 780 2000
20 43 16 29 120 2000
105 61 109 48 681 2000
74 35 57 36 1240 2000
66 45 53 40 400 2000
50 46 58 55 1841 2000
11 40 0 33 400 2000
117 35 131 39 1300 2000
2 14 1 31 60 2000
36 30 27 39 500 2000
32 26 32 44 140 2000
11 22 14 7 120 2000
82 211 74 201 1160 2000
30 230 32 246 1940 2000
64 21 78 25 1400 2000
44 58 49 45 620 2000
8 72 25 71 1540 2000
42 85 48 73 1120 2000
153 20 155 4 1160 2000
155 47 155 65 1620 2000
245 25 256 32 1380 2000
121 157 133 163 1980 2000
65 68 65 51 461 2000
12 51 15 66 280 2000
66 49 58 59 1160 2000
32 38 45 33 1180 2000
50 135 33 134 880 2000
34 133 33 116 1200 2000
45 57 45 75 1340 2000
149 91 164 88 1460 2000
38 145 51 150 920 2000
30 33 29 16 400 2000
22 50 23 33 1780 2000
14 79 8 90 1221 2000
59 19 76 20 660 2000
25 145 26 128 1020 2000
13 17 30 18 180 2000
135 91 119 89 1020 2000
47 102 60 97 1720 2000
46 25 62 27 440 2000
9 39 5 53 180 2000
9 171 25 173 1140 2000
159 282 147 276 1880 2000
32 75 36 89 840 2000
39 53 22 54 500 2000
60 127 64 141 1560 2000
168 104 179 97 1180 2000
100 89 112 83 1800 2000
35 13 51 15 820 2000
35 24 51 25 621 2000
0 1 9 10 1 2000
25 50 34 59 960 2000
72 123 57 120 1840 2000
126 56 116 48 1380 2000
65 42 76 35 560 2000
70 6 62 16 1900 2000
67 120 77 128 880 2000
87 130 79 120 1800 2000
5 47 5 65 180 2000
22 16 11 9 500 2000
60 137 67 126 1520 2000
66 54 73 43 1020 2000
41 104 27 108 520 2000
37 7 22 4 1460 2000
18 25 5 21 181 2000
15 237 29 233 1620 2000
15 31 5 39 1100 2000
85 85 74 92 1420 2000
57 13 49 23 620 2000
3 24 20 25 80 2000
173 187 159 183 1740 2000
40 6 33 17 100 2000
95 70 97 86 1000 2000
106 13 110 27 1240 2000
15 56 32 57 1840 2000
4 25 4 7 40 2000
89 128 93 142 1920 2000
45 27 49 13 700 2000
120 102 116 88 1620 2000
70 285 80 292 1901 2000
141 128 128 133 840 2000
76 305 80 292 1941 2000
90 45 103 50 840 2000
142 157 155 153 941 2000
42 74 57 76 1561 2000
5 74 21 76 1120 2000
50 40 56 28 660 2000
12 25 3 34 1840 2000
184 40 184 23 1321 2000
16 22 27 15 100 2000
151 14 139 8 1600 2000
49 125 33 123 660 2000
213 130 212 113 1480 2000
158 128 156 112 1260 2000
18 32 34 34 180 2000
167 38 165 22 1800 2000
97 24 109 30 320 2000
44 32 38 20 260 2000
24 276 22 260 1700 2000
95 67 95 49 1220 2000
57 3 70 8 660 2000
66 97 51 100 480 2000
53 66 46 55 360 2000
68 40 70 56 340 2000
127 59 127 77 540 2000
173 80 190 79 1840 2000
126 18 126 36 860 2000
20 46 28 56 780 2000
65 122 49 124 640 2000
23 48 17 60 240 2000
24 40 34 48 540 2000
74 20 85 27 1820 2000
34 132 30 118 580 2000
32 2 29 17 900 2000
54 34 54 52 700 2000
110 30 121 37 380 2000
0 1 12 7 1 2000
58 109 70 103 1520 2000
116 121 105 114 680 2000
42 68 50 58 540 2000
91 108 106 111 720 2000
85 49 93 39 660 2000
49 113 38 120 420 2000
34 93 29 80 1440 2000
10 44 15 31 1020 2000
62 50 46 48 1300 2000
19 42 34 45 920 2000
89 56 85 42 1080 2000
33 16 23 24 120 2000
97 103 104 114 900 2000
38 60 44 49 361 2000
50 165 57 176 1560 2000
114 18 112 2 940 2000
20 242 25 255 1860 2000
38 58 51 53 1460 2000
18 24 14 37 1601 2000
119 88 110 79 1040 2000
122 53 113 44 1120 2000
149 58 154 45 720 2000
8 29 8 47 200 2000
90 18 90 36 660 2000
80 35 71 26 1320 2000
19 26 14 39 1560 2000
89 69 89 51 500 2000
5 82 18 87 1080 2000
94 35 99 48 1040 2000
104 23 113 14 760 2000
1 10 9 0 80 2000
102 1 85 2 1160 2000
149 54 163 57 1181 2000
99 154 96 139 1320 2000
5 15 15 7 20 2000
41 8 31 16 480 2000
97 137 90 148 1380 2000
90 150 86 137 1401 2000
49 0 57 9 501 2000
14 6 10 20 20 2000
40 115 30 107 400 2000
51 82 58 93 1960 2000
94 150 85 159 1500 2000
19 19 26 30 260 2000
20 59 33 64 1200 2000
61 150 46 147 1560 2000
46 149 56 142 1581 2000
56 143 45 150 1600 2000
42 18 40 33 121 2000
3 23 8 10 860 2000
90 146 78 151 1121 2000
6 104 10 118 780 2000
27 70 25 86 1840 2000
46 22 33 27 1740 2000
23 39 29 51 340 2000
51 35 36 32 140 2000
38 45 24 49 160 2000
85 83 77 73 1100 2000
6 54 2 68 180 2000
42 39 58 41 200 2000
21 25 23 41 100 2000
70 90 86 92 820 2000
191 17 196 30 1500 2000
15 121 24 130 1340 2000
57 45 60 30 380 2000
20 63 20 81 320 2000
70 8 64 20 1380 2000
0 1 2 17 1 2000
65 86 72 97 720 2000
159 28 160 11 1880 2000
114 73 127 78 720 2000
72 56 83 49 1100 2000
19 98 6 103 760 2000
80 9 88 19 1800 2000
61 9 44 10 660 2000
30 194 24 182 1620 2000
20 31 19 47 1701 2000
184 22 178 34 1340 2000
28 36 35 47 380 2000
19 80 31 74 280 2000
117 110 116 127 1200 2000
68 29 73 16 1360 2000
24 58 10 54 100 2000
29 9 35 21 380 2000
58 32 62 46 340 2000
131 35 136 48 1980 2000
127 31 140 36 500 2000
16 54 5 61 580 2000
28 248 38 240 1900 2000
55 60 69 64 440 2000
16 75 3 80 760 2000
45 38 40 51 600 2000
70 64 82 58 500 2000
32 68 31 51 300 2000
7 13 3 27 100 2000
141 39 132 30 1220 2000
33 13 23 5 220 2000
68 64 85 63 1740 2000
87 114 73 118 1200 2000
16 56 5 63 620 2000
3 67 5 83 1060 2000
80 79 93 84 800 2000
5 25 11 37 1460 2000
46 56 58 62 380 2000
67 125 67 107 1540 2000
1 2 13 8 40 2000
0 1 9 10 1 2000
58 25 53 12 440 2000
13 38 29 40 640 2000
188 7 186 23 1360 2000
57 19 70 24 1940 2000
182 87 186 101 880 2000
189 73 182 84 1260 2000
11 19 1 27 1420 2000
35 67 34 50 1820 2000
15 60 2 55 240 2000
97 1 97 19 1940 2000
26 50 22 64 260 2000
153 33 144 42 540 2000
194 101 182 95 1040 2000
182 94 172 86 1060 2000
39 79 53 83 660 2000
176 98 188 104 1100 2000
4 34 17 39 300 2000
101 109 117 111 1180 2000
186 103 186 85 1160 2000
39 129 38 146 660 2000
16 61 9 50 560 2000
251 54 237 58 1720 2000
42 8 57 5 340 2000
165 40 168 55 840 2000
79 45 86 56 1500 2000
94 93 98 79 680 2000
47 34 41 46 880 2000
34 47 50 49 560 2000
187 142 196 133 1360 2000
40 81 24 83 920 2000
34 80 18 78 500 2000
117 151 126 159 1321 2000
134 73 139 60 1040 2000
32 25 31 9 301 2000
21 67 19 51 420 2000
148 133 148 151 1640 2000
162 84 172 77 1721 2000
233 99 233 117 1540 2000
249 113 252 128 1820 2000
71 83 82 76 820 2000
111 9 97 13 1860 2000
269 125 269 107 1620 2000
37 21 39 5 1540 2000
253 109 242 102 1660 2000
81 68 85 54 1040 2000
19 45 27 55 260 2000
34 62 23 55 220 2000
20 32 6 36 180 2000
291 124 290 141 1760 2000
14 39 15 22 640 2000
40 12 25 15 140 2000
64 108 72 118 1900 2000
54 49 64 57 1520 2000
323 143 337 139 1860 2000
151 35 138 40 660 2000
87 217 101 213 1300 2000
312 144 299 148 1921 2000
44 91 52 81 1840 2000
240 61 240 79 1480 2000
28 37 31 52 960 2000
0 1 6 13 1 2000
169 32 154 34 1421 2000
6 31 20 35 40 2000
24 19 29 32 160 2000
50 29 45 16 360 2000
105 23 119 20 801 2000
29 72 40 65 1680 2000
30 48 27 63 300 2000
17 21 31 25 140 2000
66 12 76 20 1580 2000
62 13 74 7 200 2000
74 8 72 24 220 2000
72 23 63 32 240 2000
61 90 59 105 861 2000
38 26 46 36 420 2000
57 16 65 25 301 2000
2 245 6 231 1880 2000
7 51 15 61 220 2000
70 55 64 67 360 2000
13 24 14 41 400 2000
0 1 15 4 1 2000
12 21 7 8 360 2000
161 20 144 19 1280 2000
107 56 119 62 1960 2000
29 63 27 79 1220 2000
63 4 59 18 640 2000
140 20 147 10 881 2000
15 110 28 115 1240 2000
16 1 16 18 21 2000
49 233 45 219 1940 2000
53 40 38 43 840 2000
98 102 85 107 620 2000
34 285 24 277 1680 2000
14 186 29 188 1321 2000
61 152 45 150 1640 2000
59 64 42 63 1640 2000
90 57 73 58 920 2000
22 51 35 56 440 2000
106 77 106 59 1240 2000
38 15 35 29 581 2000
70 123 59 116 800 2000
70 38 54 40 1260 2000
51 46 47 60 1360 2000
66 124 68 108 860 2000
65 56 80 53 600 2000
40 67 40 85 360 2000
110 140 96 136 1220 2000
54 117 57 102 1880 2000
81 212 79 228 1040 2000
120 11 133 16 1320 2000
0 1 6 13 1 2000
211 175 214 190 1980 2000
7 193 21 197 1460 2000
36 74 42 86 340 2000
23 66 12 59 480 2000
15 95 20 107 601 2000
45 95 32 90 1940 2000
127 44 121 32 640 2000
21 46 25 32 920 2000
42 107 39 122 440 2000
117 228 134 227 1720 2000
0 51 17 52 800 2000
27 19 42 17 801 2000
43 5 43 23 1700 2000
182 85 178 99 1280 2000
54 77 71 78 760 2000
39 34 33 22 440 2000
185 103 187 119 1340 2000
56 58 62 47 721 2000
50 33 51 50 200 2000
195 151 191 164 1401 2000
32 58 29 43 1860 2000
58 80 53 67 1500 2000
21 28 5 26 240 2000
53 135 48 123 1521 2000
116 222 118 206 1740 2000
18 142 6 148 1020 2000
224 184 234 192 1540 2000
15 14 32 15 280 2000
36 58 49 62 1561 2000
222 175 230 185 1600 2000
223 65 207 67 1820 2000
217 192 210 181 1640 2000
51 32 45 44 520 2000
59 262 59 280 1560 2000
4 61 15 68 200 2000
32 5 18 9 160 2000
84 12 85 29 780 2000
145 99 131 95 1580 2000
28 100 22 112 1540 2000
102 42 90 36 340 2000
34 29 25 38 720 2000
19 200 14 187 1520 2000
6 91 14 101 960 2000
82 52 66 54 1300 2000
188 164 174 168 1900 2000
1 113 7 125 980 2000
3 7 10 18 180 2000
36 21 39 36 80 2000
108 151 121 156 1960 2000
35 9 45 1 100 2000
29 49 13 47 900 2000
74 42 58 40 1500 2000
84 40 70 44 300 2000
13 72 28 70 1581 2000
80 135 78 119 840 2000
28 27 26 11 120 2000
43 33 31 39 1060 2000
58 97 53 84 360 2000
83 134 82 151 1160 2000
34 3 33 20 200 2000
56 50 59 65 1620 2000
48 55 55 66 1560 2000
30 41 17 46 600 2000
7 19 3 5 60 2000
12 41 16 54 61 2000
32 29 23 38 320 2000
93 108 95 92 600 2000
65 75 81 77 660 2000
200 12 211 19 1420 2000
168 44 180 38 1940 2000
64 49 80 48 381 2000
22 33 12 41 440 2000
21 119 21 101 1500 2000
43 82 59 84 1760 2000
47 57 64 58 780 2000
175 61 175 79 1020 2000
23 53 36 58 540 2000
72 52 87 54 1201 2000
47 45 57 37 660 2000
81 40 68 35 1280 2000
0 137 11 130 1480 2000
54 84 57 99 900 2000
12 46 12 28 660 2000
5 2 11 13 541 2000
127 110 140 105 1080 2000
18 33 34 34 1501 2000
1 93 11 85 1700 2000
27 22 20 11 760 2000
136 119 126 127 720 2000
12 59 13 43 461 2000
54 85 39 82 1920 2000
89 66 91 50 1160 2000
23 114 34 121 1080 2000
49 141 55 153 1540 2000
16 67 3 62 840 2000
170 54 169 37 1300 2000
41 149 54 144 1900 2000
183 86 171 92 1760 2000
22 42 19 57 620 2000
106 97 101 84 480 2000
27 70 20 59 320 2000
64 50 64 68 260 2000
27 34 21 22 400 2000
152 26 152 44 1180 2000
78 71 78 89 640 2000
23 46 9 42 1120 2000
133 97 145 102 721 2000
21 50 11 58 1160 2000
65 172 68 187 1760 2000
2 65 14 59 1200 2000
19 29 23 43 180 2000
28 193 19 184 1560 2000
40 107 52 101 520 2000
7 42 5 58 1280 2000
5 59 15 51 1300 2000
36 34 24 28 220 2000
5 43 12 32 1340 2000
166 183 163 198 1440 2000
47 98 49 114 400 2000
25 32 41 30 1880 2000
61 68 54 57 1600 2000
36 47 21 44 1440 2000
46 12 46 30 660 2000
33 52 22 59 1480 2000
33 9 31 25 220 2000
16 41 12 28 821 2000
75 136 75 118 1320 2000
38 154 31 165 1780 2000
56 35 41 38 1360 2000
198 49 195 63 1381 2000
163 197 180 198 1460 2000
235 142 231 156 1640 2000
177 8 184 19 1280 2000
88 20 77 27 1820 2000
70 118 59 111 1100 2000
100 123 107 134 1880 2000
50 120 65 123 620 2000
189 16 179 9 1101 2000
229 57 213 56 1961 2000
6 14 6 32 20 2000
60 26 50 34 700 2000
80 57 85 70 1840 2000
118 176 128 168 1860 2000
92 46 100 37 801 2000
88 72 101 77 1900 2000
22 66 10 72 940 2000
86 10 101 7 980 2000
32 51 29 65 1781 2000
186 86 174 92 1180 2000
0 1 8 11 1 2000
8 12 21 7 20 2000
46 12 61 9 580 2000
54 93 68 97 680 2000
67 10 50 11 600 2000
50 84 47 99 1460 2000
8 17 18 9 120 2000
44 66 55 73 820 2000
53 123 60 112 940 2000
19 112 27 122 1440 2000
5 52 7 68 200 2000
7 67 19 61 220 2000
19 60 9 52 240 2000
129 118 118 125 1000 2000
60 57 73 62 1640 2000
150 91 140 83 1840 2000
165 36 166 19 1800 2000
219 77 225 89 1300 2000
142 83 130 89 760 2000
0 2 3 16 2 2000
38 133 36 149 1320 2000
28 144 13 147 860 2000
43 9 59 10 1441 2000
67 6 71 19 581 2000
33 17 34 0 1340 2000
164 50 173 41 900 2000
10 148 21 141 1980 2000
14 51 24 59 440 2000
65 16 55 8 560 2000
39 21 33 33 860 2000
50 62 56 74 1340 2000
14 20 6 11 41 2000
321 135 311 143 1900 2000
44 32 45 15 300 2000
11 102 28 101 920 2000
46 86 50 72 1540 2000
58 38 75 37 1300 2000
110 29 117 40 1480 2000
93 57 93 39 1140 2000
22 15 9 20 40 2000
17 64 21 50 920 2000
0 110 6 122 700 2000
173 137 181 128 1721 2000
152 42 148 28 540 2000
100 153 97 138 1360 2000
100 38 111 31 900 2000
22 75 34 69 1200 2000
109 17 109 35 940 2000
26 87 38 81 880 2000
116 48 103 53 980 2000
38 131 46 141 1720 2000
1 19 7 7 20 2000
31 19 20 12 1020 2000
22 28 29 39 1060 2000
160 114 145 111 1220 2000
62 7 60 23 480 2000
13 2 7 14 80 2000
43 52 27 54 240 2000
172 103 178 91 1160 2000
34 150 31 135 1500 2000
92 143 81 136 1960 2000
1 28 4 13 1440 2000
61 92 56 105 560 2000
132 11 144 17 1920 2000
34 76 40 64 980 2000
31 61 16 64 900 2000
174 9 182 19 1040 2000
77 27 75 43 1380 2000
78 98 78 80 940 2000
0 26 3 12 41 2000
64 76 48 77 1521 2000
60 182 75 185 1420 2000
52 6 67 9 580 2000
60 20 64 34 1460 2000
15 25 30 28 100 2000
51 43 57 31 500 2000
48 112 38 104 1860 2000
62 36 47 33 1540 2000
50 52 48 68 1380 2000
58 41 45 45 1581 2000
59 33 74 30 940 2000
126 35 126 17 880 2000
53 28 40 23 1640 2000
83 166 70 171 1480 2000
52 19 55 34 1680 2000
39 132 28 139 1320 2000
42 23 39 38 1800 2000
64 32 52 38 1740 2000
74 20 74 38 1300 2000
22 83 33 77 621 2000
136 60 130 48 1500 2000
28 12 24 26 260 2000
170 14 171 31 1660 2000
108 114 97 121 1820 2000
64 107 63 124 1880 2000
61 96 65 82 720 2000
126 16 126 34 900 2000
23 40 29 52 1880 2000
101 11 117 9 1460 2000
45 32 35 25 381 2000
83 41 71 35 1580 2000
87 67 77 74 1361 2000
11 24 11 6 40 2000
32 21 32 3 1600 2000
22 15 21 32 80 2000
183 26 183 44 960 2000
23 27 35 21 60 2000
25 32 39 28 80 2000
16 30 15 13 180 2000
81 31 86 18 660 2000
54 34 45 43 820 2000
30 20 24 32 220 2000
41 23 47 35 1900 2000
96 32 80 34 860 2000
46 25 35 32 480 2000
79 12 65 16 280 2000
4 102 4 84 1660 2000
12 22 11 39 340 2000
11 38 25 42 360 2000
49 176 36 171 1360 2000
47 17 59 23 700 2000
34 32 35 15 420 2000
48 79 44 65 800 2000
234 191 218 189 1560 2000
58 40 72 36 1300 2000
31 15 15 13 500 2000
33 0 23 8 120 2000
26 168 33 157 1660 2000
37 43 21 45 1940 2000
29 101 31 117 500 2000
169 36 183 40 1320 2000
142 70 127 67 1660 2000
22 25 13 16 120 2000
233 35 244 42 1340 2000
75 80 63 86 280 2000
20 84 6 80 260 2000
133 107 146 112 1260 2000
64 57 80 59 800 2000
102 45 94 35 1120 2000
62 2 66 16 460 2000
20 23 30 15 240 2000
64 267 80 265 1840 2000
47 63 45 47 380 2000
30 26 19 33 140 2000
128 257 122 245 1840 2000
128 132 113 129 860 2000
168 60 174 72 1180 2000
16 69 10 57 1720 2000
32 85 34 69 1720 2000
34 41 21 46 160 2000
24 96 11 91 1460 2000
62 58 66 44 1580 2000
159 28 168 37 1120 2000
12 47 25 42 280 2000
88 127 78 135 920 2000
31 110 39 119 1101 2000
73 85 73 68 1041 2000
31 111 47 109 1140 2000
27 18 35 28 240 2000
19 39 31 34 401 2000
1 27 1 9 100 2000
77 21 63 25 1340 2000
28 54 13 51 1220 2000
17 19 8 27 41 2000
19 38 11 48 160 2000
20 76 17 61 340 2000
91 21 77 25 1820 2000
164 87 148 89 1480 2000
63 46 77 42 1800 2000
26 120 20 108 1380 2000
31 54 47 56 760 2000
67 147 75 137 1300 2000
18 70 16 54 180 2000
5 26 12 37 1160 2000
21 112 5 114 1480 2000
103 164 101 148 1280 2000
14 105 14 123 1520 2000
74 41 77 26 1360 2000
7 187 15 177 1260 2000
45 29 30 32 380 2000
87 76 70 77 480 2000
46 10 49 25 460 2000
48 116 46 131 1641 2000
21 28 32 35 120 2000
81 73 86 86 500 2000
48 132 48 114 1700 2000
48 115 36 109 1720 2000
0 1 11 8 1 2000
36 91 39 76 1760 2000
59 77 49 85 500 2000
26 55 32 67 280 2000
189 120 172 119 1080 2000
55 143 40 140 1460 2000
240 62 251 55 1700 2000
96 68 87 77 460 2000
35 63 33 79 260 2000
66 6 70 20 1740 2000
14 69 15 86 440 2000
12 35 26 39 200 2000
14 46 11 31 460 2000
40 8 49 17 660 2000
79 93 96 94 1740 2000
28 39 32 26 1941 2000
44 32 39 45 780 2000
7 13 16 22 20 2000
101 140 113 146 1280 2000
16 19 27 26 120 2000
68 40 53 37 380 2000
46 9 57 16 520 2000
15 25 9 37 1740 2000
26 47 36 39 200 2000
17 55 26 46 140 2000
75 31 87 37 1860 2000
191 110 191 92 1360 2000
2 104 15 99 1180 2000
9 13 15 1 220 2000
34 107 46 101 560 2000
19 32 32 27 80 2000
196 115 186 107 1040 2000
83 60 79 46 1480 2000
50 71 43 82 1560 2000
22 33 19 48 960 2000
187 22 171 24 1760 2000
72 81 68 95 800 2000
112 129 116 143 1320 2000
7 75 2 88 500 2000
2 86 6 99 521 2000
6 101 19 97 541 2000
55 67 66 60 860 2000
46 3 47 20 560 2000
12 25 23 18 120 2000
44 138 53 129 1940 2000
3 15 13 23 20 2000
100 29 96 15 720 2000
108 31 92 33 680 2000
21 43 4 42 660 2000
115 90 119 104 440 2000
213 57 214 40 1980 2000
20 52 26 63 761 2000
26 62 16 54 780 2000
33 34 37 48 360 2000
27 46 24 60 821 2000
24 59 10 55 840 2000
16 65 1 68 920 2000
64 56 57 45 1300 2000
86 7 78 17 1000 2000
20 24 34 20 620 2000
44 58 38 70 620 2000
201 34 213 40 1320 2000
56 41 64 31 520 2000
72 60 89 59 780 2000
12 8 4 18 20 2000
3 169 9 157 1660 2000
30 67 32 51 1840 2000
120 10 120 28 780 2000
54 88 48 100 820 2000
28 62 14 66 1100 2000
66 91 78 97 1680 2000
26 1 37 8 560 2000
54 206 54 224 1540 2000
129 182 118 175 1840 2000
25 85 10 82 1220 2000
53 287 41 281 1620 2000
87 27 92 40 1180 2000
59 84 74 81 1200 2000
77 140 80 154 1701 2000
9 24 26 23 1440 2000
125 152 125 134 1520 2000
104 110 100 124 780 2000
6 3 23 4 200 2000
22 25 28 13 600 2000
42 19 54 25 1120 2000
34 21 45 15 221 2000
71 4 59 10 1960 2000
95 36 106 43 1880 2000
174 29 182 19 1920 2000
23 182 29 194 1520 2000
78 43 74 29 1280 2000
15 23 27 29 420 2000
7 10 3 24 280 2000
30 91 25 79 1581 2000
29 15 15 11 500 2000
11 64 22 57 360 2000
21 175 9 170 1121 2000
34 20 32 4 140 2000
196 100 209 105 1700 2000
20 20 22 4 1980 2000
43 243 32 250 1740 2000
19 111 2 110 1540 2000
15 251 3 257 1780 2000
62 125 76 129 1520 2000
13 265 29 267 1820 2000
29 268 44 265 1840 2000
45 77 47 93 1260 2000
36 89 48 95 1080 2000
15 37 17 21 1340 2000
41 1 42 18 1100 2000
44 39 44 21 200 2000
97 13 90 24 1260 2000
71 240 66 253 1640 2000
232 27 227 40 1880 2000
46 28 57 34 521 2000
29 63 22 52 780 2000
3 11 2 28 60 2000
74 105 61 100 720 2000
11 39 24 44 100 2000
24 45 25 28 120 2000
50 213 38 219 1640 2000
32 85 40 95 520 2000
54 61 65 54 1680 2000
76 35 86 27 640 2000
47 51 59 45 780 2000
23 70 23 87 1261 2000
23 1 31 11 180 2000
43 42 48 55 280 2000
48 56 39 65 300 2000
38 46 31 56 1601 2000
27 232 15 238 1600 2000
54 85 53 102 360 2000
53 103 68 100 380 2000
145 57 150 44 820 2000
21 46 29 36 120 2000
32 69 37 82 680 2000
86 33 90 19 640 2000
178 30 163 27 780 2000
7 97 8 80 1020 2000
28 67 43 64 680 2000
27 109 25 125 540 2000
14 78 11 63 340 2000
237 59 235 43 1740 2000
109 108 116 97 1040 2000
49 44 64 41 760 2000
139 9 153 13 1620 2000
53 55 57 41 460 2000
38 147 55 148 680 2000
39 63 47 54 281 2000
21 12 36 9 40 2000
51 19 63 13 220 2000
42 21 40 37 920 2000
109 40 103 28 1080 2000
8 153 22 157 800 2000
35 69 28 58 1820 2000
72 38 65 49 460 2000
47 33 42 20 900 2000
35 36 28 25 1080 2000
23 4 19 18 240 2000
49 184 62 179 920 2000
18 169 23 157 1461 2000
104 54 95 63 1220 2000
63 197 55 207 980 2000
134 44 141 54 1841 2000
185 23 183 39 1740 2000
72 91 88 93 960 2000
39 132 22 133 1720 2000
56 15 72 17 360 2000
8 10 6 26 20 2000
12 15 14 31 240 2000
15 42 7 51 501 2000
24 79 38 75 560 2000
97 257 111 261 1180 2000
111 262 94 261 1200 2000
147 86 135 92 1000 2000
17 45 9 55 1100 2000
209 169 222 174 1780 2000
15 27 19 41 100 2000
70 42 68 26 1660 2000
27 89 27 106 1041 2000
18 54 16 38 580 2000
32 245 24 235 1360 2000
88 52 98 44 420 2000
22 8 20 24 60 2000
27 40 38 33 120 2000
6 251 6 233 1440 2000
0 1 7 12 1 2000
87 123 87 141 1060 2000
202 166 207 153 1820 2000
32 225 43 218 1520 2000
84 68 67 69 1020 2000
71 39 58 34 660 2000
26 153 25 169 701 2000
28 99 39 106 1960 2000
15 67 6 76 220 2000
33 54 34 37 400 2000
10 72 17 61 1740 2000
69 45 83 42 601 2000
85 100 93 90 600 2000
136 38 152 36 900 2000
65 175 63 191 1740 2000
155 20 149 32 600 2000
33 30 26 19 1080 2000
92 50 92 32 620 2000
40 4 49 13 260 2000
197 131 205 121 1420 2000
20 15 25 2 40 2000
24 75 18 63 1680 2000
35 74 34 57 600 2000
38 170 49 163 660 2000
15 134 7 124 320 2000
160 12 157 27 1900 2000
1 128 4 113 1760 2000
87 38 91 24 1880 2000
1 130 5 144 1840 2000
187 63 185 47 1780 2000
3 23 5 7 60 2000
107 51 122 54 1100 2000
6 46 23 47 100 2000
172 85 176 99 1080 2000
106 1 119 6 1920 2000
13 34 20 45 160 2000
48 31 38 23 200 2000
26 40 36 48 220 2000
223 100 212 107 1760 2000
21 5 13 15 220 2000
148 90 134 94 1500 2000
132 79 144 85 680 2000
12 4 28 2 140 2000
16 39 4 33 600 2000
124 242 128 256 1820 2000
76 87 91 90 1000 2000
34 252 28 240 1780 2000
47 45 36 52 260 2000
0 117 9 126 560 2000
29 54 23 42 440 2000
75 9 91 7 900 2000
75 36 87 31 581 2000
140 28 138 44 1540 2000
60 41 61 25 861 2000
40 7 36 21 160 2000
34 12 27 23 740 2000
17 18 31 15 61 2000
20 18 25 31 380 2000
21 51 38 52 1660 2000
27 79 32 66 340 2000
9 49 25 51 660 2000
25 50 14 57 680 2000
14 58 9 45 700 2000
63 91 56 101 561 2000
121 68 117 82 1680 2000
18 85 5 90 1560 2000
171 185 168 200 1740 2000
63 131 64 148 1060 2000
82 65 79 80 1680 2000
24 236 12 242 1380 2000
17 51 26 60 860 2000
55 21 38 22 700 2000
18 99 33 101 1021 2000
81 114 82 97 1720 2000
21 11 16 24 140 2000
9 48 26 49 640 2000
6 42 13 31 1740 2000
3 25 10 14 300 2000
0 2 16 3 2 2000
113 73 97 75 1580 2000
21 38 35 35 1061 2000
25 24 17 14 1360 2000
97 87 113 85 1020 2000
22 28 39 29 140 2000
24 38 28 52 1140 2000
68 99 55 104 1240 2000
22 175 28 187 840 2000
25 8 15 16 120 2000
129 51 120 60 1260 2000
32 109 41 118 880 2000
38 21 38 3 440 2000
38 27 47 36 400 2000
1 37 17 35 500 2000
222 173 223 156 1800 2000
17 125 9 135 1340 2000
10 28 23 23 380 2000
14 25 9 38 160 2000
44 199 47 214 1680 2000
113 60 127 64 1880 2000
201 24 201 42 1560 2000
116 39 127 32 480 2000
30 105 30 123 1480 2000
155 19 145 11 820 2000
96 24 86 32 700 2000
73 123 85 129 1420 2000
165 116 168 131 1240 2000
92 27 92 45 1240 2000
70 172 55 169 1500 2000
26 215 31 202 1960 2000
2 103 11 95 1181 2000
24 35 26 50 621 2000
87 150 78 141 1680 2000
31 62 28 77 760 2000
67 55 80 60 980 2000
47 187 63 185 780 2000
79 156 65 152 1760 2000
193 87 187 75 1140 2000
7 54 1 65 461 2000
18 60 34 58 620 2000
197 22 194 7 1680 2000
67 35 76 26 1260 2000
194 30 204 22 1460 2000
158 67 172 71 1560 2000
21 61 12 52 220 2000
29 90 31 106 800 2000
55 119 71 121 1020 2000
26 76 13 72 921 2000
42 156 33 147 740 2000
36 9 51 12 120 2000
191 91 178 86 1500 2000
3 39 8 52 60 2000
11 53 8 67 121 2000
13 205 13 187 1300 2000
58 16 68 24 500 2000
4 47 14 55 1080 2000
79 20 81 36 320 2000
4 55 19 58 1240 2000
157 5 167 13 1340 2000
39 47 52 42 1780 2000
140 64 155 61 980 2000
36 52 20 54 1220 2000
85 37 101 39 580 2000
49 31 58 40 300 2000
91 168 83 178 1720 2000
64 27 67 13 341 2000
4 5 14 12 61 2000
16 260 15 277 1660 2000
24 29 28 15 80 2000
8 75 20 69 1800 2000
37 56 25 62 1280 2000
37 27 47 35 740 2000
48 66 35 61 300 2000
61 29 68 40 500 2000
35 13 48 8 1900 2000
77 47 81 61 540 2000
81 62 89 52 560 2000
12 29 29 30 160 2000
28 18 33 31 1060 2000
16 6 14 22 340 2000
32 114 48 112 580 2000
16 94 24 104 1460 2000
146 71 156 79 720 2000
90 37 91 20 680 2000
133 46 125 36 720 2000
125 37 108 38 740 2000
108 39 116 49 760 2000
81 94 92 100 661 2000
163 93 172 102 1260 2000
57 12 60 27 240 2000
82 84 68 88 540 2000
47 62 43 76 1000 2000
71 34 60 41 840 2000
56 50 41 53 860 2000
102 21 111 12 920 2000
20 138 36 136 460 2000
73 89 66 78 1780 2000
95 38 108 43 1840 2000
138 35 145 46 1000 2000
69 90 64 77 840 2000
80 42 70 50 1700 2000
1 23 1 5 900 2000
0 1 9 10 1 2000
55 41 47 51 1260 2000
27 56 27 74 200 2000
127 57 134 46 1820 2000
32 33 16 34 141 2000
145 45 146 28 1180 2000
53 26 69 24 400 2000
143 13 147 27 1220 2000
102 234 102 252 1380 2000
66 171 53 166 1840 2000
82 187 94 193 840 2000
74 158 87 153 1060 2000
126 19 131 32 1320 2000
6 123 19 118 720 2000
182 113 192 105 1840 2000
23 7 35 13 620 2000
210 127 217 116 1440 2000
86 148 79 137 1140 2000
108 31 122 35 1440 2000
21 112 29 122 1440 2000
148 78 131 77 1500 2000
81 78 85 64 680 2000
3 41 12 50 540 2000
18 17 17 0 240 2000
15 120 10 133 1760 2000
67 15 53 19 460 2000
22 101 37 104 520 2000
55 40 41 36 760 2000
53 42 69 40 1960 2000
110 240 104 228 1700 2000
93 143 92 160 1940 2000
1 149 13 155 1900 2000
34 26 25 35 140 2000
58 18 55 33 1700 2000
0 1 9 10 1 2000
69 63 77 53 420 2000
93 31 105 36 641 2000
18 88 17 105 1300 2000
216 157 217 174 1480 2000
160 16 171 23 1860 2000
124 35 126 19 840 2000
12 34 22 26 100 2000
86 60 76 68 860 2000
16 110 31 113 1380 2000
24 94 20 108 1980 2000
210 28 201 37 1980 2000
33 50 41 40 1040 2000
77 197 62 200 1580 2000
72 144 56 143 841 2000
21 51 25 65 780 2000
33 51 32 68 660 2000
13 28 13 46 240 2000
34 81 33 64 480 2000
69 23 77 33 340 2000
93 92 83 84 1800 2000
42 33 38 19 1960 2000
22 50 24 66 660 2000
32 28 34 44 220 2000
15 31 30 34 1020 2000
140 86 140 104 1900 2000
109 106 105 92 1880 2000
26 123 39 128 1040 2000
97 7 106 16 500 2000
90 12 84 24 1020 2000
37 37 39 53 300 2000
35 69 52 68 380 2000
39 24 40 7 1200 2000
44 207 59 210 1680 2000
55 74 59 88 440 2000
22 86 20 71 641 2000
0 124 1 107 900 2000
141 15 149 5 620 2000
18 76 23 88 521 2000
43 72 50 83 1440 2000
84 88 87 73 1780 2000
88 1 98 9 1560 2000
38 54 35 68 1801 2000
85 101 98 96 900 2000
23 102 11 108 640 2000
11 107 18 118 660 2000
22 64 35 59 1100 2000
13 22 10 37 40 2000
43 57 59 59 220 2000
41 54 31 62 880 2000
10 0 9 17 60 2000
0 1 13 6 1 2000
177 96 177 114 1120 2000
10 40 5 27 1140 2000
97 197 99 213 1020 2000
57 46 54 61 1320 2000
64 153 58 141 1000 2000
7 69 22 66 1740 2000
127 74 123 60 1000 2000
27 4 23 18 40 2000
32 79 29 64 1200 2000
14 14 14 32 420 2000
8 179 22 183 1960 2000
12 39 27 42 360 2000
25 28 24 11 80 2000
10 124 23 119 1620 2000
185 46 185 64 1800 2000
96 41 109 46 1720 2000
33 76 38 63 920 2000
14 40 23 49 1580 2000
33 50 42 41 200 2000
7 85 23 87 1180 2000
79 82 77 98 1920 2000
162 32 152 24 1620 2000
34 50 25 59 1140 2000
82 32 86 18 1220 2000
39 107 37 123 1980 2000
99 85 98 102 900 2000
19 160 12 149 1920 2000
46 93 48 77 960 2000
39 84 53 80 480 2000
58 75 64 63 1600 2000
21 77 15 65 1140 2000
25 8 36 1 440 2000
47 26 62 29 640 2000
34 30 34 12 1060 2000
76 63 88 68 1341 2000
62 45 65 30 600 2000
68 133 67 150 1640 2000
76 98 79 83 900 2000
140 19 145 32 920 2000
46 229 43 244 1720 2000
65 106 80 109 1600 2000
44 29 53 20 280 2000
75 28 74 11 600 2000
71 81 85 77 1300 2000
23 26 24 43 1520 2000
137 91 151 95 820 2000
79 35 83 21 1980 2000
32 35 48 33 1440 2000
106 65 102 79 640 2000
29 96 21 105 261 2000
15 15 32 16 60 2000
91 68 89 52 1080 2000
63 30 67 43 261 2000
42 9 42 27 480 2000
52 98 42 106 420 2000
45 34 30 31 1200 2000
36 111 38 127 1920 2000
38 126 44 114 1940 2000
156 0 153 15 500 2000
18 30 20 46 100 2000
104 115 100 101 1680 2000
19 182 22 167 1280 2000
89 85 87 101 740 2000
73 79 83 71 1460 2000
30 34 17 39 260 2000
17 76 20 61 1680 2000
67 89 58 98 340 2000
39 99 48 108 1900 2000
200 85 207 96 1880 2000
183 39 183 21 1340 2000
74 49 73 66 760 2000
98 183 98 165 1840 2000
42 24 46 10 500 2000
7 75 24 76 260 2000
24 75 26 59 280 2000
87 56 83 42 1560 2000
9 83 15 95 460 2000
79 77 81 93 780 2000
68 126 54 122 940 2000
17 20 28 13 1360 2000
41 94 42 77 400 2000
39 75 38 58 340 2000
34 101 22 107 1640 2000
29 58 39 66 440 2000
89 47 87 32 921 2000
149 34 165 33 741 2000
59 245 53 257 1500 2000
87 43 102 40 300 2000
14 15 25 21 301 2000
183 158 177 170 1480 2000
147 83 134 88 1740 2000
42 53 49 64 760 2000
6 21 16 29 120 2000
29 44 18 37 160 2000
27 2 12 5 120 2000
166 122 181 125 980 2000
27 72 30 87 1320 2000
236 57 234 73 1960 2000
7 32 24 31 1480 2000
139 28 153 32 1040 2000
11 117 27 115 1300 2000
14 15 12 31 200 2000
99 26 101 10 1440 2000
51 69 61 61 180 2000
19 34 27 24 160 2000
88 77 82 65 1280 2000
37 42 52 39 920 2000
249 115 252 130 1940 2000
14 109 28 105 1360 2000
131 211 128 226 1780 2000
72 77 85 82 560 2000
31 13 44 18 740 2000
40 32 33 21 1580 2000
21 45 13 55 1580 2000
79 84 62 85 920 2000
57 25 49 15 1100 2000
33 25 33 7 1020 2000
19 131 17 115 1700 2000
23 70 14 61 1560 2000
14 36 9 23 1620 2000
108 59 99 51 421 2000
64 7 64 25 400 2000
59 41 50 32 180 2000
20 71 5 68 280 2000
209 128 219 120 960 2000
71 34 60 41 1600 2000
56 81 67 88 320 2000
9 50 14 37 240 2000
25 170 35 162 720 2000
17 10 17 28 440 2000
37 98 22 101 720 2000
56 80 69 75 700 2000
6 19 22 21 320 2000
11 4 2 13 40 2000
48 73 64 71 1480 2000
64 70 48 72 1500 2000
40 52 47 63 620 2000
39 79 56 78 1540 2000
53 58 63 66 1120 2000
25 8 12 13 280 2000
56 32 56 14 300 2000
52 40 39 35 420 2000
43 16 55 21 821 2000
6 15 13 25 21 2000
55 50 69 46 920 2000
85 47 91 59 380 2000
25 32 21 18 280 2000
78 62 70 72 980 2000
136 33 153 32 1560 2000
118 39 129 33 1501 2000
148 29 156 39 560 2000
49 112 56 102 1821 2000
56 101 48 111 1840 2000
29 128 20 137 440 2000
38 103 52 99 1880 2000
185 105 184 122 1620 2000
19 89 15 103 1740 2000
39 274 52 279 1720 2000
75 186 86 193 1880 2000
57 33 42 30 540 2000
189 186 173 188 1720 2000
31 19 34 4 180 2000
101 110 96 123 1440 2000
38 35 49 28 760 2000
6 24 6 6 820 2000
1 1 10 9 2 2000
54 74 53 57 1060 2000
187 5 186 21 1321 2000
98 10 81 11 1580 2000
26 4 17 13 180 2000
39 35 46 24 460 2000
39 45 41 61 1340 2000
74 47 66 57 320 2000
156 31 156 13 1160 2000
26 31 33 42 280 2000
36 21 42 9 320 2000
15 31 16 14 220 2000
68 100 75 110 1081 2000
60 34 47 29 660 2000
105 93 116 100 940 2000
29 47 36 37 1641 2000
46 33 48 17 160 2000
80 30 68 36 860 2000
95 91 83 85 540 2000
143 83 143 65 1460 2000
155 62 155 80 1000 2000
247 23 253 35 1420 2000
29 232 36 243 1640 2000
48 50 56 40 500 2000
35 121 24 114 1260 2000
35 92 41 80 600 2000
116 47 107 38 1400 2000
41 54 25 52 680 2000
55 64 57 80 600 2000
0 1 12 7 1 2000
81 65 81 47 1220 2000
30 112 14 110 1340 2000
31 72 43 66 1040 2000
69 96 61 106 720 2000
15 276 10 263 1680 2000
68 96 62 84 700 2000
101 4 89 10 1080 2000
35 17 26 26 220 2000
46 27 46 9 480 2000
15 126 0 123 880 2000
13 31 4 22 1580 2000
124 136 124 154 900 2000
89 12 76 7 1280 2000
14 7 1 2 240 2000
9 83 17 93 980 2000
106 196 91 193 1540 2000
17 77 32 80 1020 2000
78 18 83 31 1220 2000
29 95 20 104 1060 2000
68 97 56 103 320 2000
46 52 37 61 340 2000
1 120 14 115 1120 2000
12 134 13 117 1700 2000
149 30 152 15 960 2000
157 99 151 111 1540 2000
4 111 6 127 1200 2000
33 35 37 22 1521 2000
13 138 8 151 1240 2000
68 150 75 139 1580 2000
36 13 21 10 120 2000
87 160 96 169 1720 2000
28 117 22 105 1360 2000
79 124 91 130 1960 2000
19 160 12 171 840 2000
88 218 85 233 1340 2000
82 92 69 88 801 2000
1 175 14 170 1420 2000
32 26 43 19 100 2000
12 22 13 5 140 2000
85 160 68 161 1520 2000
77 65 86 56 860 2000
69 47 80 54 220 2000
57 35 66 44 420 2000
48 49 47 32 880 2000
12 81 6 69 1680 2000
142 117 153 123 741 2000
14 46 6 55 161 2000
24 183 36 189 1640 2000
74 10 59 7 1340 2000
51 32 50 15 520 2000
19 47 27 37 1180 2000
112 15 126 18 1341 2000
75 219 79 233 1740 2000
79 232 95 234 1760 2000
21 6 4 7 40 2000
26 60 21 73 1220 2000
50 46 56 58 500 2000
192 97 194 113 1000 2000
42 26 51 17 500 2000
59 147 72 142 820 2000
115 267 124 258 1900 2000
1 67 9 57 940 2000
12 1 11 18 1400 2000
57 30 43 34 1040 2000
15 20 2 15 1880 2000
32 115 23 106 1960 2000
26 32 14 38 300 2000
32 28 49 29 1300 2000
72 25 86 21 840 2000
240 148 234 159 1681 2000
28 13 43 16 1720 2000
48 16 62 12 180 2000
51 29 36 32 1060 2000
51 69 43 59 420 2000
21 100 8 105 840 2000
110 4 114 17 921 2000
186 176 175 169 1860 2000
64 105 63 122 1600 2000
136 291 151 289 1981 2000
45 46 61 47 501 2000
199 53 206 64 1300 2000
171 23 165 35 1780 2000
22 102 22 85 561 2000
10 33 14 46 661 2000
48 74 56 84 460 2000
64 81 61 96 400 2000
132 27 142 19 1440 2000
53 61 66 56 980 2000
89 76 103 72 1600 2000
25 85 14 78 980 2000
9 54 23 50 1120 2000
114 172 108 161 1481 2000
69 91 70 108 540 2000
160 15 154 27 1720 2000
202 86 213 93 1540 2000
32 19 17 16 960 2000
82 36 74 46 820 2000
98 80 86 86 660 2000
0 2 12 7 2 2000
43 90 54 96 1021 2000
91 55 106 58 900 2000
167 196 155 190 1800 2000
127 60 115 66 1800 2000
70 25 61 16 640 2000
191 138 192 155 1760 2000
83 62 84 79 800 2000
156 74 143 69 1700 2000
187 104 185 88 920 2000
61 57 64 42 940 2000
23 45 38 42 580 2000
200 61 214 65 1880 2000
65 50 67 66 1160 2000
20 29 20 47 320 2000
84 29 74 21 1280 2000
150 110 135 107 980 2000
135 108 152 109 1000 2000
7 13 15 3 540 2000
28 59 26 75 1840 2000
19 12 12 1 360 2000
58 43 58 26 221 2000
5 122 17 128 1120 2000
10 30 25 33 60 2000
43 113 38 100 1340 2000
1 191 8 180 980 2000
22 22 12 14 220 2000
104 157 112 147 1600 2000
7 13 17 21 20 2000
252 129 250 113 1840 2000
128 124 124 138 1260 2000
162 111 146 109 1200 2000
111 145 112 128 1300 2000
30 123 35 110 1920 2000
6 116 1 129 1740 2000
16 10 18 26 60 2000
47 27 64 28 420 2000
103 138 87 136 1400 2000
27 43 33 55 380 2000
22 59 18 46 141 2000
33 43 40 54 300 2000
32 4 16 2 140 2000
32 61 32 43 320 2000
25 163 21 177 1100 2000
15 146 22 135 1000 2000
35 6 46 13 640 2000
34 69 39 56 520 2000
53 34 48 21 520 2000
134 1 142 11 1960 2000
27 116 25 132 840 2000
19 83 10 92 1900 2000
94 129 84 121 1680 2000
84 122 84 104 1700 2000
41 41 41 23 1060 2000
14 38 31 37 260 2000
14 3 30 5 840 2000
8 28 24 30 60 2000
113 84 113 66 1040 2000
96 22 105 31 820 2000
99 50 99 32 440 2000
230 83 229 66 1640 2000
234 113 247 118 1880 2000
153 110 157 124 1600 2000
20 122 23 107 1380 2000
29 67 20 58 1180 2000
90 45 85 32 1960 2000
49 14 35 10 80 2000
0 1 7 12 1 2000
7 13 18 20 20 2000
28 35 41 40 680 2000
62 95 73 88 1160 2000
20 19 10 27 80 2000
67 67 81 63 540 2000
241 71 236 58 1940 2000
45 16 54 25 240 2000
151 11 138 6 1380 2000
26 132 16 140 1940 2000
18 139 21 154 1880 2000
6 90 1 102 1161 2000
48 46 36 52 340 2000
7 112 5 128 840 2000
53 2 69 3 421 2000
23 86 19 100 1280 2000
10 154 7 169 1860 2000
3 15 16 10 1780 2000
145 53 134 60 1620 2000
37 19 24 14 60 2000
21 69 28 58 380 2000
163 73 166 88 1180 2000
104 93 119 96 1160 2000
135 92 145 100 1560 2000
64 48 48 49 481 2000
24 105 24 87 1480 2000
155 7 154 24 700 2000
235 119 236 102 1980 2000
45 167 30 164 900 2000
30 165 47 164 1880 2000
77 88 70 99 1400 2000
15 12 0 15 520 2000
65 101 55 109 1660 2000
13 156 3 164 1920 2000
68 39 85 40 680 2000
85 41 80 28 700 2000
67 32 50 33 1400 2000
4 103 4 121 1400 2000
110 31 97 36 760 2000
35 148 48 144 701 2000
91 46 82 37 800 2000
205 100 202 85 1520 2000
74 45 87 40 840 2000
56 75 62 64 541 2000
12 78 9 93 1620 2000
57 24 69 29 221 2000
11 7 17 19 20 2000
30 182 30 164 1860 2000
19 5 3 7 140 2000
15 165 6 174 1340 2000
135 27 151 25 1820 2000
20 23 19 39 61 2000
36 39 33 24 1000 2000
20 77 36 75 320 2000
63 62 71 72 800 2000
152 40 150 56 1180 2000
91 75 93 91 1780 2000
98 128 85 133 1620 2000
59 59 45 55 1020 2000
133 17 136 2 1340 2000
41 98 36 110 1901 2000
26 7 33 18 200 2000
120 61 106 57 1280 2000
78 70 76 86 980 2000
10 72 16 84 260 2000
98 97 85 92 920 2000
23 164 38 161 1080 2000
50 104 64 108 1260 2000
35 125 34 142 1740 2000
47 60 43 47 1381 2000
29 31 26 46 180 2000
29 51 43 47 1420 2000
43 46 38 59 1440 2000
94 260 81 255 1220 2000
8 8 4 22 1540 2000
149 58 162 63 1640 2000
194 21 199 8 1720 2000
117 99 110 110 780 2000
27 34 31 48 80 2000
31 86 26 99 1080 2000
33 20 49 22 1600 2000
41 25 38 10 900 2000
50 5 56 17 1640 2000
51 16 43 26 520 2000
51 69 42 60 1100 2000
79 114 77 98 1000 2000
82 18 92 26 1220 2000
7 12 17 20 40 2000
11 106 24 101 1520 2000
29 23 27 7 1780 2000
191 88 207 86 1920 2000
12 39 29 38 840 2000
40 139 34 151 1480 2000
37 6 54 7 360 2000
14 63 4 70 1101 2000
124 139 111 144 1280 2000
63 56 78 53 600 2000
22 0 34 6 1940 2000
5 91 6 108 1580 2000
40 62 46 50 860 2000
0 1 0 19 1 2000
109 26 95 30 960 2000
18 74 29 68 1161 2000
34 41 35 24 200 2000
26 43 37 50 320 2000
27 33 43 35 1820 2000
78 79 78 61 960 2000
11 38 20 29 1480 2000
7 11 12 24 20 2000
33 10 33 28 560 2000
84 35 84 17 880 2000
24 72 8 74 1780 2000
139 160 155 162 1040 2000
77 26 77 8 1840 2000
31 36 14 37 280 2000
58 96 56 80 300 2000
30 121 33 136 1800 2000
29 73 23 85 540 2000
181 14 194 9 1560 2000
196 132 191 145 1380 2000
55 65 71 67 1580 2000
37 27 48 34 420 2000
19 18 35 16 720 2000
81 110 85 96 1440 2000
47 6 53 18 120 2000
29 66 29 48 240 2000
87 47 78 38 1940 2000
217 117 213 131 1460 2000
80 37 66 40 1221 2000
146 17 137 26 1560 2000
62 73 67 86 720 2000
109 47 108 30 700 2000
220 27 227 38 1280 2000
18 36 8 44 660 2000
54 49 44 41 1440 2000
55 41 46 32 700 2000
58 22 63 35 1260 2000
54 25 55 41 741 2000
23 18 23 0 160 2000
113 50 105 60 1000 2000
178 134 191 139 1740 2000
23 51 13 59 1140 2000
37 41 37 23 900 2000
51 49 39 43 860 2000
27 13 32 1 41 2000
102 140 99 155 1300 2000
5 22 20 19 200 2000
154 44 157 59 740 2000
1 134 17 136 1360 2000
60 146 53 157 940 2000
109 143 101 153 1660 2000
44 67 48 53 760 2000
35 23 31 9 220 2000
11 9 28 8 1060 2000
56 23 71 20 600 2000
29 27 16 22 1100 2000
16 23 29 28 1120 2000
19 14 5 10 200 2000
96 176 104 186 1980 2000
14 82 19 69 1900 2000
25 34 15 42 160 2000
10 19 6 5 40 2000
59 41 65 29 260 2000
46 92 49 107 260 2000
124 86 108 84 980 2000
36 88 30 76 980 2000
31 25 27 12 1321 2000
31 159 43 165 1780 2000
38 129 30 120 1781 2000
29 104 42 109 1240 2000
34 19 38 5 280 2000
18 70 27 61 340 2000
211 94 216 107 1480 2000
7 15 7 33 1460 2000
75 46 67 56 760 2000
72 63 71 80 1280 2000
54 37 70 35 200 2000
26 32 11 29 1540 2000
60 19 64 33 1720 2000
9 24 21 18 120 2000
166 31 171 18 1160 2000
11 12 23 7 1621 2000
23 8 39 10 1640 2000
44 20 32 14 580 2000
117 174 106 181 1440 2000
161 27 176 24 1060 2000
118 136 123 123 1660 2000
9 1 15 13 100 2000
135 44 136 61 1480 2000
63 7 80 8 1780 2000
185 65 172 70 1820 2000
196 117 196 99 1680 2000
33 170 26 159 1160 2000
61 8 55 20 600 2000
75 26 88 21 1880 2000
65 38 77 44 1080 2000
94 83 104 75 640 2000
49 126 46 141 1360 2000
12 28 21 37 180 2000
49 38 66 39 560 2000
167 77 159 87 1540 2000
0 1 6 13 1 2000
31 65 31 83 380 2000
46 32 31 29 780 2000
20 40 26 29 81 2000
26 30 40 26 100 2000
30 37 27 22 760 2000
48 42 50 26 380 2000
41 56 39 40 160 2000
55 13 71 15 1780 2000
35 21 20 24 580 2000
38 28 50 34 780 2000
106 44 89 45 1900 2000
36 209 46 217 1560 2000
56 76 73 77 1460 2000
62 33 62 51 1280 2000
49 14 51 30 320 2000
41 42 53 48 1440 2000
79 167 90 174 1900 2000
46 44 35 51 820 2000
47 76 42 89 1440 2000
227 22 233 34 1320 2000
19 35 19 53 340 2000
60 25 55 12 1760 2000
47 77 56 86 780 2000
37 143 21 141 940 2000
67 78 54 82 821 2000
194 102 191 87 1900 2000
74 39 65 30 560 2000
185 51 199 54 1281 2000
25 94 12 90 1781 2000
172 150 161 157 980 2000
93 33 100 23 641 2000
94 28 88 17 801 2000
27 251 19 241 1820 2000
90 60 105 57 940 2000
26 10 15 17 140 2000
91 3 103 9 740 2000
45 48 45 30 480 2000
15 12 6 3 520 2000
147 32 163 30 1880 2000
19 18 33 22 40 2000
66 41 77 48 800 2000
60 124 58 108 1500 2000
89 4 75 8 880 2000
82 64 93 58 1121 2000
6 25 15 16 40 2000
40 33 56 31 280 2000
144 18 150 6 1940 2000
38 4 54 2 140 2000
63 80 73 88 1760 2000
66 61 72 49 880 2000
103 70 111 80 1360 2000
33 6 27 18 1040 2000
86 59 81 72 1080 2000
81 73 97 71 1100 2000
25 15 15 23 60 2000
28 122 13 119 940 2000
43 83 59 81 1580 2000
65 17 69 31 260 2000
162 12 156 1 481 2000
97 72 95 56 1120 2000
121 200 122 217 1560 2000
70 147 79 155 1741 2000
78 19 63 16 280 2000
153 51 156 66 1140 2000
85 11 90 23 1321 2000
90 24 78 18 1340 2000
63 121 76 126 1620 2000
40 28 43 43 260 2000
13 52 5 42 1920 2000
78 24 88 16 1420 2000
8 12 8 30 180 2000
23 15 10 10 1420 2000
16 9 12 23 80 2000
95 27 94 44 1500 2000
10 49 22 43 1000 2000
18 26 9 35 60 2000
47 30 41 42 400 2000
34 5 45 11 461 2000
98 74 82 73 1601 2000
43 131 29 127 1700 2000
9 41 9 23 100 2000
78 68 95 67 1540 2000
168 88 183 85 1740 2000
56 97 51 110 880 2000
140 54 155 57 1420 2000
44 82 59 85 980 2000
20 78 5 81 820 2000
28 14 43 11 300 2000
18 1 14 15 40 2000
31 52 16 55 560 2000
116 87 131 90 1840 2000
39 14 27 9 1101 2000
122 80 120 65 1881 2000
248 122 256 132 1580 2000
59 11 64 24 1460 2000
54 96 47 85 420 2000
28 11 21 0 40 2000
1 23 14 28 100 2000
15 39 25 31 100 2000
93 40 83 32 600 2000
42 164 50 174 1380 2000
48 43 47 26 1920 2000
5 95 13 85 1380 2000
89 49 93 63 660 2000
4 114 9 127 1780 2000
37 122 38 105 1920 2000
33 146 35 162 760 2000
96 14 104 24 740 2000
59 45 68 54 740 2000
20 63 34 67 400 2000
46 33 55 24 720 2000
56 24 41 27 740 2000
13 52 17 38 1240 2000
9 109 1 119 1100 2000
59 58 54 71 320 2000
64 56 66 72 1540 2000
95 99 101 111 1420 2000
22 148 16 136 1940 2000
111 50 96 53 960 2000
25 14 12 19 240 2000
57 17 52 4 300 2000
31 19 18 14 460 2000
65 80 68 95 840 2000
36 67 45 58 440 2000
49 173 44 186 1860 2000
104 4 88 2 1540 2000
187 76 200 71 1160 2000
16 28 20 42 140 2000
43 36 53 44 1840 2000
26 60 18 50 300 2000
26 79 22 93 640 2000
13 33 24 27 241 2000
20 95 27 106 1440 2000
34 1 48 5 1360 2000
71 18 57 14 600 2000
58 110 67 119 860 2000
55 132 63 122 1560 2000
16 12 20 25 601 2000
11 78 20 69 800 2000
91 129 82 120 1980 2000
5 6 4 23 80 2000
198 7 209 14 1200 2000
11 88 23 82 880 2000
15 70 10 82 901 2000
10 83 21 90 920 2000
99 85 91 95 1340 2000
8 33 16 43 1680 2000
69 69 59 77 1020 2000
136 33 145 25 1501 2000
52 20 39 16 1081 2000
33 100 25 90 1040 2000
25 91 36 98 1060 2000
32 45 24 35 1160 2000
35 107 47 112 921 2000
16 5 10 17 160 2000
5 32 18 27 40 2000
25 76 9 74 1160 2000
9 72 22 76 1181 2000
13 19 28 22 100 2000
171 30 155 28 1680 2000
120 100 126 89 1801 2000
40 33 56 35 480 2000
5 115 14 106 1500 2000
21 59 27 71 1300 2000
172 120 177 107 1100 2000
82 45 78 31 760 2000
22 104 5 103 700 2000
57 135 70 131 961 2000
34 58 42 68 620 2000
70 156 72 140 1980 2000
50 57 42 67 560 2000
21 157 13 166 1281 2000
9 15 21 9 180 2000
55 72 48 61 840 2000
32 83 22 75 520 2000
49 84 47 100 1880 2000
150 24 150 6 1540 2000
47 34 47 16 680 2000
57 47 47 55 980 2000
13 51 13 69 220 2000
57 60 56 77 1440 2000
22 106 5 107 1660 2000
116 126 119 141 1220 2000
161 39 161 21 1260 2000
42 44 55 49 900 2000
20 5 14 17 280 2000
2 29 11 38 80 2000
60 18 43 17 1660 2000
37 53 39 68 441 2000
160 162 158 178 1700 2000
79 54 79 36 760 2000
10 67 12 51 240 2000
127 79 135 89 740 2000
39 55 46 44 540 2000
26 7 42 9 80 2000
34 112 28 100 1940 2000
20 29 34 33 400 2000
18 119 30 113 1600 2000
31 57 16 54 1020 2000
14 72 12 56 780 2000
12 42 29 41 460 2000
59 80 72 75 1600 2000
149 18 153 32 520 2000
36 32 29 43 260 2000
130 49 138 39 1520 2000
135 49 136 32 1540 2000
53 30 36 29 480 2000
1 36 10 28 181 2000
83 132 100 131 880 2000
31 26 47 28 240 2000
51 138 52 121 1600 2000
156 12 147 3 1180 2000
63 74 60 89 280 2000
31 66 40 75 480 2000
2 105 14 100 1501 2000
23 86 37 82 1360 2000
31 54 37 43 901 2000
64 20 76 26 660 2000
149 35 137 29 1140 2000
7 11 15 21 1860 2000
55 16 46 24 421 2000
54 53 61 42 720 2000
59 42 53 54 480 2000
27 69 27 87 860 2000
38 166 37 149 1220 2000
15 65 32 66 620 2000
46 69 62 71 560 2000
41 77 36 90 1060 2000
25 33 10 36 180 2000
19 40 32 35 120 2000
85 44 87 29 1101 2000
75 184 62 179 1440 2000
7 20 15 29 1101 2000
21 24 33 18 240 2000
60 280 64 266 1780 2000
106 112 91 115 740 2000
227 39 227 21 1300 2000
25 58 20 45 760 2000
61 90 65 104 800 2000
183 20 196 25 1360 2000
39 78 53 82 1080 2000
38 45 24 41 280 2000
27 27 12 24 1820 2000
77 129 70 140 900 2000
237 102 235 118 1960 2000
94 34 83 41 1140 2000
13 13 27 9 500 2000
32 89 25 100 1960 2000
111 25 106 12 1220 2000
11 164 16 177 1360 2000
87 65 94 54 660 2000
37 26 29 16 680 2000
224 74 235 81 1380 2000
7 101 12 88 1540 2000
117 187 121 201 1540 2000
45 16 57 22 200 2000
109 102 114 89 640 2000
65 67 82 66 1660 2000
69 128 59 136 1200 2000
59 135 47 141 1220 2000
79 81 74 94 1700 2000
17 102 11 90 1080 2000
26 31 27 48 80 2000
41 36 49 46 240 2000
65 138 65 156 1320 2000
140 99 141 116 720 2000
52 163 49 178 1360 2000
63 37 51 43 1340 2000
49 198 48 215 1400 2000
54 43 64 35 800 2000
77 153 94 154 1180 2000
106 100 109 115 580 2000
42 58 47 71 1780 2000
36 109 50 105 1960 2000
53 258 59 246 1520 2000
216 127 232 125 1600 2000
198 178 205 188 1681 2000
59 279 48 272 1580 2000
31 220 26 207 1640 2000
79 91 93 87 860 2000
5 20 12 31 40 2000
48 290 34 286 1660 2000
31 16 14 17 160 2000
71 172 71 190 1480 2000
114 69 116 84 621 2000
62 138 73 131 940 2000
18 21 24 33 360 2000
60 19 62 3 520 2000
90 63 82 53 1280 2000
78 72 81 87 1660 2000
0 1 14 5 1 2000
51 54 50 37 360 2000
31 95 48 96 860 2000
57 16 48 25 880 2000
15 244 23 234 1920 2000
23 25 23 7 140 2000
40 81 23 82 1880 2000
81 79 81 61 740 2000
35 39 44 48 140 2000
49 86 35 90 520 2000
27 56 20 67 240 2000
183 50 198 47 1360 2000
160 13 176 11 1680 2000
19 1 36 2 100 2000
53 82 57 96 680 2000
19 47 21 63 580 2000
28 10 14 6 220 2000
30 18 47 19 700 2000
1 8 9 18 120 2000
29 57 39 65 260 2000
39 56 39 74 1720 2000
38 83 28 75 360 2000
22 38 11 31 980 2000
5 20 10 7 1640 2000
42 15 37 28 120 2000
20 134 26 122 1020 2000
3 18 10 29 280 2000
15 2 27 7 341 2000
42 66 35 77 180 2000
27 7 42 4 340 2000
15 5 4 12 20 2000
63 67 68 80 460 2000
46 45 58 51 640 2000
40 3 35 16 240 2000
57 103 50 114 860 2000
52 47 51 64 1480 2000
179 25 166 30 1140 2000
43 7 38 20 420 2000
15 0 3 6 240 2000
7 93 20 98 1620 2000
5 34 20 37 80 2000
22 54 39 55 1700 2000
106 57 108 73 920 2000
100 62 88 68 700 2000
29 18 34 31 920 2000
67 73 69 89 820 2000
75 109 72 124 660 2000
77 91 66 98 780 2000
13 54 21 64 1600 2000
24 36 40 34 260 2000
82 77 77 64 840 2000
22 112 11 105 1500 2000
86 55 102 53 880 2000
137 72 137 90 800 2000
20 66 26 78 260 2000
18 33 35 32 320 2000
38 179 36 195 1160 2000
122 88 132 80 980 2000
132 79 145 74 1000 2000
2 18 6 4 20 2000
159 77 158 61 1041 2000
158 60 151 49 1060 2000
114 275 98 273 1720 2000
147 35 140 24 1100 2000
80 34 72 24 820 2000
51 64 45 52 1200 2000
27 49 32 62 180 2000
162 72 173 79 1820 2000
152 45 153 28 1200 2000
91 63 96 50 820 2000
65 213 81 211 1020 2000
146 117 151 105 1421 2000
197 163 214 162 1940 2000
31 30 42 23 480 2000
66 28 53 33 980 2000
24 13 19 0 80 2000
28 83 17 90 1040 2000
186 22 193 11 1380 2000
77 34 60 35 640 2000
7 16 16 7 40 2000
45 17 38 28 380 2000
172 0 157 3 1460 2000
60 79 53 90 400 2000
22 29 10 35 1680 2000
131 49 147 48 1121 2000
39 7 35 21 140 2000
15 32 10 19 1560 2000
61 35 74 40 1340 2000
29 26 39 18 200 2000
198 103 196 119 1400 2000
61 89 64 74 1260 2000
146 18 159 23 1940 2000
45 98 36 89 1920 2000
195 6 194 22 1701 2000
161 25 178 24 1500 2000
7 8 14 19 40 2000
208 15 195 20 1760 2000
144 56 155 63 1780 2000
89 58 72 57 1080 2000
25 13 25 31 1860 2000
225 91 237 86 1321 2000
83 71 75 81 220 2000
175 33 163 27 940 2000
16 48 17 65 180 2000
3 15 14 8 20 2000
143 101 135 91 1540 2000
74 113 68 125 1040 2000
20 19 7 14 520 2000
29 117 22 106 500 2000
0 18 14 14 20 2000
13 121 19 133 1020 2000
111 148 112 165 1920 2000
60 60 51 51 620 2000
29 128 12 127 1280 2000
80 12 94 16 940 2000
5 62 17 56 640 2000
5 38 11 50 160 2000
11 49 15 63 180 2000
48 52 61 57 780 2000
29 39 15 43 860 2000
77 68 88 61 800 2000
69 186 73 200 1440 2000
25 64 20 77 800 2000
25 43 26 60 300 2000
22 158 22 176 820 2000
32 28 24 37 1761 2000
9 28 4 15 160 2000
100 141 111 148 1480 2000
18 51 15 66 320 2000
195 81 193 97 1980 2000
36 48 36 66 780 2000
7 42 9 58 1280 2000
44 1 58 5 480 2000
54 223 39 226 1560 2000
84 91 91 80 520 2000
17 32 23 44 1240 2000
52 85 54 101 760 2000
122 58 113 49 980 2000
33 64 48 67 840 2000
77 70 73 56 1840 2000
80 33 92 39 1920 2000
78 2 87 11 740 2000
16 148 15 164 1321 2000
6 44 4 60 700 2000
22 45 9 40 760 2000
33 74 35 58 1120 2000
12 59 21 50 760 2000
69 85 56 81 681 2000
175 68 174 51 1240 2000
12 56 25 61 1780 2000
9 26 10 43 1000 2000
27 14 19 4 120 2000
76 76 85 85 1540 2000
50 69 63 74 440 2000
61 89 71 81 460 2000
60 88 45 91 1180 2000
84 75 99 72 1080 2000
16 6 8 16 420 2000
64 29 59 42 1000 2000
75 36 72 51 1320 2000
49 46 43 58 400 2000
46 88 39 99 1060 2000
221 62 219 47 1541 2000
166 33 151 36 640 2000
43 111 59 109 1420 2000
6 45 19 50 440 2000
56 1 61 14 1160 2000
49 18 49 36 1440 2000
37 63 30 53 1201 2000
22 44 15 55 260 2000
43 50 49 38 1240 2000
12 80 21 71 1140 2000
37 11 42 24 180 2000
58 41 62 27 1600 2000
4 21 8 7 1520 2000
106 33 90 31 1680 2000
28 102 24 116 940 2000
11 129 11 147 1500 2000
155 149 156 132 1140 2000
36 244 48 250 1660 2000
24 65 33 56 680 2000
25 55 9 57 620 2000
28 115 28 97 480 2000
103 93 96 104 900 2000
44 116 59 114 681 2000
101 39 91 31 1380 2000
48 32 52 46 1460 2000
117 75 102 78 740 2000
28 113 36 103 1880 2000
68 27 74 39 1680 2000
47 64 47 47 941 2000
39 159 55 157 1660 2000
111 95 122 88 1260 2000
61 39 77 37 980 2000
46 216 38 226 1580 2000
23 59 19 45 1780 2000
18 55 5 50 120 2000
68 186 59 195 1780 2000
10 240 25 237 1860 2000
52 206 53 189 1820 2000
33 48 20 44 1661 2000
62 35 79 34 1960 2000
76 27 68 17 1280 2000
123 54 117 42 1640 2000
46 102 46 120 580 2000
22 53 39 54 1120 2000
45 220 61 222 1960 2000
33 61 41 71 1260 2000
7 146 22 149 1920 2000
35 14 24 7 440 2000
86 29 100 25 480 2000
22 23 32 16 1821 2000
5 26 19 30 80 2000
31 25 22 33 361 2000
62 28 62 46 580 2000
245 75 244 92 1420 2000
10 56 21 49 860 2000
61 97 70 106 420 2000
20 29 29 38 200 2000
135 52 118 53 440 2000
27 188 32 175 1680 2000
5 27 1 13 260 2000
66 17 73 28 520 2000
18 14 6 20 300 2000
130 88 138 78 780 2000
22 23 10 28 341 2000
10 27 14 41 360 2000
166 118 168 134 1420 2000
2 32 2 50 1740 2000
43 106 51 97 461 2000
120 194 120 212 1980 2000
47 135 37 127 980 2000
45 51 62 52 1220 2000
92 48 99 37 580 2000
73 257 71 241 1620 2000
180 39 174 27 1960 2000
168 130 175 119 1260 2000
36 92 41 105 1300 2000
37 58 48 65 920 2000
29 33 46 32 140 2000
75 53 59 51 1980 2000
15 75 21 87 780 2000
12 13 22 21 200 2000
0 1 10 9 1 2000
43 23 30 18 220 2000
244 26 244 44 1460 2000
57 88 42 85 320 2000
73 37 59 41 780 2000
3 5 12 14 260 2000
15 19 15 37 100 2000
117 41 106 34 1980 2000
67 136 73 124 1880 2000
68 37 72 51 880 2000
101 16 97 2 1920 2000
26 60 26 42 740 2000
38 80 26 74 900 2000
22 252 22 234 1780 2000
51 115 34 116 1300 2000
9 141 12 126 1140 2000
42 42 43 59 1020 2000
57 37 57 20 961 2000
30 114 47 115 1620 2000
66 13 80 9 480 2000
22 15 32 7 40 2000
179 42 172 31 1680 2000
100 67 87 72 1920 2000
179 160 164 162 1341 2000
14 30 29 27 1540 2000
49 150 33 152 1200 2000
43 42 44 59 1400 2000
174 90 187 95 1140 2000
24 49 33 58 280 2000
60 243 49 236 1680 2000
34 35 40 47 320 2000
28 125 15 120 1320 2000
41 177 32 185 1121 2000
168 102 163 89 1140 2000
14 102 2 96 980 2000
38 37 38 55 120 2000
58 60 61 45 1180 2000
127 21 138 14 1460 2000
180 25 180 43 1120 2000
94 69 102 60 861 2000
50 113 33 114 880 2000
47 50 55 40 240 2000
44 59 30 55 400 2000
104 107 93 114 1400 2000
43 141 56 146 740 2000
166 6 152 2 740 2000
4 30 15 36 81 2000
106 119 107 136 920 2000
10 67 14 81 1120 2000
77 67 72 54 1340 2000
45 44 34 51 320 2000
16 23 25 32 160 2000
34 39 49 42 480 2000
69 6 52 5 520 2000
94 56 82 62 1180 2000
188 105 183 118 1120 2000
94 34 103 25 1460 2000
21 68 17 82 1040 2000
53 45 45 55 1860 2000
58 52 41 53 660 2000
34 78 24 71 201 2000
23 12 7 10 1840 2000
0 18 7 29 20 2000
172 30 183 23 1700 2000
69 101 76 112 1380 2000
187 33 179 43 1660 2000
23 71 32 80 980 2000
50 134 62 128 980 2000
42 85 28 89 840 2000
21 180 25 194 1400 2000
83 76 79 90 840 2000
3 8 18 5 160 2000
31 90 26 103 1080 2000
15 87 28 82 1100 2000
24 30 38 26 60 2000
98 160 110 154 1580 2000
6 34 17 28 41 2000
91 74 97 86 1440 2000
2 51 15 56 1760 2000
55 165 64 156 1380 2000
73 13 84 6 540 2000
46 5 53 16 320 2000
114 90 131 91 660 2000
34 106 27 117 820 2000
45 49 53 39 1620 2000
75 54 81 66 1200 2000
6 43 14 34 1421 2000
87 64 85 48 360 2000
74 46 83 55 460 2000
83 56 89 68 480 2000
125 127 112 122 1620 2000
21 49 28 38 940 2000
205 189 189 187 1700 2000
25 177 29 190 1201 2000
168 86 184 87 881 2000
99 36 94 23 600 2000
94 24 86 34 620 2000
200 163 189 157 1861 2000
15 18 9 29 101 2000
42 12 34 22 460 2000
76 128 60 126 1540 2000
66 12 76 20 1620 2000
32 49 49 50 280 2000
38 162 55 161 1100 2000
45 44 59 48 280 2000
96 5 96 23 800 2000
99 109 109 101 620 2000
46 25 48 9 1680 2000
94 36 102 46 860 2000
20 25 35 22 600 2000
211 18 194 19 1440 2000
17 71 29 65 220 2000
30 122 46 124 1500 2000
16 45 13 30 1240 2000
53 31 69 29 300 2000
12 163 10 147 1640 2000
79 17 80 34 1300 2000
0 1 11 8 1 2000
51 18 45 6 680 2000
144 14 159 17 740 2000
85 32 84 15 1480 2000
24 154 28 140 1900 2000
28 66 31 51 540 2000
20 63 35 65 1701 2000
22 52 28 64 700 2000
146 12 162 10 460 2000
93 52 85 42 1040 2000
20 23 3 24 840 2000
174 52 178 66 1260 2000
29 193 45 195 1540 2000
74 28 75 45 1300 2000
54 33 67 28 480 2000
15 39 30 36 460 2000
116 83 128 77 640 2000
72 45 85 50 640 2000
82 98 79 83 1900 2000
70 98 85 95 1420 2000
80 90 64 92 1540 2000
48 186 45 171 1020 2000
132 38 146 42 780 2000
42 6 42 24 1140 2000
55 91 60 78 380 2000
36 35 47 42 720 2000
129 123 141 129 820 2000
13 111 26 106 740 2000
109 96 95 100 1400 2000
27 78 31 64 1240 2000
15 96 29 100 480 2000
163 197 159 183 1780 2000
34 43 19 46 240 2000
17 63 27 71 1820 2000
158 180 171 184 1721 2000
35 11 25 19 1740 2000
45 46 41 32 1600 2000
153 199 167 195 1780 2000
71 16 67 30 1800 2000
53 4 65 10 1240 2000
62 67 71 58 920 2000
150 158 151 175 1860 2000
171 47 187 49 1620 2000
120 131 106 135 960 2000
52 85 64 80 381 2000
54 79 57 94 1840 2000
136 87 146 95 1640 2000
69 95 75 84 1241 2000
0 1 5 14 1 2000
5 117 1 131 1700 2000
1 30 17 28 40 2000
91 192 77 196 1560 2000
35 29 26 38 260 2000
14 117 7 106 1120 2000
17 84 17 101 1061 2000
13 17 29 19 140 2000
63 65 65 49 1140 2000
34 239 27 250 1800 2000
59 126 53 114 880 2000
8 22 17 31 540 2000
11 96 28 95 1200 2000
8 117 2 105 1160 2000
37 150 31 162 1240 2000
29 231 26 216 1940 2000
16 94 17 78 1001 2000
252 86 260 96 1900 2000
18 20 19 4 361 2000
26 82 26 100 1580 2000
30 13 14 15 400 2000
11 12 19 2 640 2000
105 117 107 101 820 2000
179 33 162 32 900 2000
202 105 203 88 1240 2000
56 34 60 20 500 2000
8 51 8 33 80 2000
62 2 46 4 540 2000
22 157 15 147 981 2000
0 1 0 19 1 2000
65 53 70 40 1300 2000
13 117 3 125 1780 2000
74 0 91 1 780 2000
51 101 66 104 500 2000
59 63 46 68 540 2000
35 184 24 177 1160 2000
0 1 8 11 1 2000
47 44 61 40 960 2000
70 69 56 73 1960 2000
19 62 16 47 160 2000
33 43 49 45 340 2000
130 89 135 76 1840 2000
71 45 59 40 841 2000
41 121 28 116 1260 2000
55 81 53 65 340 2000
73 33 69 19 900 2000
48 143 42 155 720 2000
218 59 216 75 1760 2000
28 24 30 40 580 2000
42 23 43 40 1160 2000
40 59 23 58 1760 2000
18 121 12 133 640 2000
89 26 98 17 1040 2000
27 61 44 60 380 2000
14 19 12 35 280 2000
88 9 89 25 1101 2000
21 1 34 6 60 2000
12 29 22 37 680 2000
15 7 15 24 81 2000
178 35 166 29 1360 2000
67 75 71 89 1140 2000
39 21 45 9 1580 2000
165 34 178 29 760 2000
53 17 51 33 500 2000
90 25 79 18 1280 2000
6 128 16 136 1380 2000
34 30 19 27 1540 2000
39 73 45 85 1740 2000
56 31 60 17 1360 2000
60 16 49 23 1380 2000
47 84 42 96 1301 2000
29 37 42 42 1180 2000
108 63 104 77 1720 2000
57 40 44 45 480 2000
82 58 89 48 1121 2000
12 90 26 86 860 2000
16 55 4 61 80 2000
36 35 33 20 1560 2000
17 20 11 8 40 2000
13 1 29 3 140 2000
24 44 10 48 980 2000
33 19 18 16 220 2000
13 33 3 25 260 2000
85 83 85 100 1561 2000
121 21 129 31 460 2000
80 32 85 19 1140 2000
20 81 24 67 1720 2000
81 280 69 286 1880 2000
109 47 98 40 1740 2000
40 48 40 66 340 2000
47 27 30 28 1940 2000
26 5 38 11 1360 2000
14 72 6 63 321 2000
59 43 51 53 220 2000
59 63 73 67 380 2000
0 58 13 53 1900 2000
32 114 37 101 1420 2000
151 106 149 90 1440 2000
124 74 134 82 940 2000
13 15 25 21 1980 2000
0 1 3 16 1 2000
36 45 22 49 1760 2000
75 66 74 49 1680 2000
21 28 14 17 1320 2000
84 23 70 19 1040 2000
71 66 61 58 920 2000
46 43 44 59 600 2000
186 15 200 11 1400 2000
41 51 24 52 500 2000
79 81 94 84 620 2000
55 96 38 97 640 2000
124 51 129 64 920 2000
18 26 20 42 60 2000
94 2 79 0 761 2000
23 113 17 124 1281 2000
89 26 91 10 1120 2000
33 60 30 45 160 2000
78 68 67 74 801 2000
47 163 34 168 1900 2000
71 115 62 124 1500 2000
45 170 42 155 1040 2000
26 81 31 94 840 2000
106 182 115 173 1460 2000
66 105 69 90 520 2000
59 11 65 23 1980 2000
61 30 61 48 480 2000
10 10 25 7 540 2000
52 100 61 91 540 2000
82 82 83 65 540 2000
74 34 73 51 1660 2000
51 116 56 103 600 2000
41 63 40 80 500 2000
76 57 64 51 1720 2000
157 58 142 61 760 2000
26 107 34 97 760 2000
30 105 25 118 1480 2000
64 89 64 107 1880 2000
57 90 54 76 741 2000
32 8 16 6 180 2000
9 125 15 137 580 2000
22 172 32 164 1260 2000
114 99 107 110 840 2000
37 49 51 45 380 2000
153 31 156 46 1580 2000
66 93 53 88 880 2000
155 94 168 89 1720 2000
13 37 20 26 340 2000
24 84 8 86 940 2000
129 66 138 75 800 2000
46 86 46 68 420 2000
17 12 16 29 120 2000
28 96 27 113 1220 2000
179 19 190 12 860 2000
108 83 119 89 1581 2000
36 33 49 28 400 2000
62 56 55 45 1100 2000
11 12 25 8 40 2000
90 136 94 149 1561 2000
43 24 32 31 1160 2000
61 47 56 34 1340 2000
94 153 93 136 1200 2000
35 224 43 234 1440 2000
35 22 37 6 80 2000
3 30 11 40 720 2000
41 72 48 61 1280 2000
33 26 34 43 80 2000
24 27 17 16 240 2000
10 95 24 99 1960 2000
0 1 2 17 1 2000
98 73 107 82 1560 2000
36 12 37 29 1300 2000
17 180 28 173 1120 2000
150 54 141 63 940 2000
75 71 83 61 1460 2000
49 67 49 85 1860 2000
33 100 39 88 360 2000
45 136 58 141 880 2000
35 65 45 73 180 2000
75 21 69 9 940 2000
28 35 27 52 160 2000
26 33 42 31 240 2000
111 96 114 111 880 2000
64 64 71 53 1620 2000
39 138 45 126 1480 2000
67 61 77 69 1820 2000
46 13 42 27 480 2000
71 154 70 170 661 2000
20 74 23 59 1420 2000
173 40 161 34 920 2000
0 1 12 7 1 2000
80 29 91 22 1800 2000
31 7 25 19 580 2000
35 163 33 147 780 2000
34 196 27 185 1220 2000
82 11 74 1 760 2000
31 205 14 204 1420 2000
39 100 30 109 1080 2000
10 28 16 40 300 2000
109 83 122 87 961 2000
33 88 19 84 1880 2000
156 67 168 61 1160 2000
102 47 106 61 880 2000
161 19 172 25 1201 2000
92 136 92 118 820 2000
32 22 39 11 60 2000
27 72 20 61 1640 2000
10 1 18 11 120 2000
14 92 27 87 300 2000
37 80 43 68 1920 2000
37 109 21 111 1420 2000
43 0 30 5 760 2000
12 46 3 55 620 2000
88 70 104 68 700 2000
16 56 30 53 201 2000
14 107 7 118 400 2000
75 88 71 74 1640 2000
22 57 18 71 960 2000
90 15 94 29 640 2000
26 49 22 63 1080 2000
38 101 25 96 1360 2000
45 32 52 43 160 2000
47 2 33 6 440 2000
40 46 39 63 340 2000
26 9 21 22 320 2000
2 31 13 38 320 2000
159 18 175 17 1061 2000
41 43 53 37 1100 2000
29 11 41 5 540 2000
4 59 8 73 280 2000
62 114 70 124 780 2000
66 50 50 48 420 2000
116 236 109 225 1660 2000
70 109 63 120 560 2000
25 39 40 42 380 2000
33 28 46 33 320 2000
45 5 42 20 700 2000
31 39 22 30 1660 2000
66 24 60 12 1020 2000
44 17 46 33 760 2000
56 133 50 121 600 2000
26 53 14 47 440 2000
29 5 19 13 1020 2000
159 41 149 33 1940 2000
33 57 34 74 700 2000
183 24 184 7 1720 2000
5 38 18 43 1120 2000
45 30 47 46 920 2000
126 126 138 120 1980 2000
56 23 61 10 640 2000
58 21 49 13 981 2000
94 6 97 21 1180 2000
67 139 59 149 1580 2000
15 113 19 127 1580 2000
39 24 53 21 1061 2000
27 44 18 35 1480 2000
55 9 49 21 580 2000
66 48 78 42 1300 2000
53 88 59 76 480 2000
61 107 76 110 740 2000
126 107 139 112 1200 2000
68 85 54 89 800 2000
86 79 93 90 1480 2000
160 76 160 94 1220 2000
34 50 40 62 460 2000
42 10 33 1 100 2000
96 12 87 21 820 2000
124 71 124 88 741 2000
134 87 119 84 1760 2000
7 124 21 128 1000 2000
76 151 83 162 600 2000
80 48 84 34 380 2000
132 31 132 49 1240 2000
82 98 70 104 1740 2000
48 86 59 93 1020 2000
44 14 35 5 460 2000
65 29 77 35 620 2000
61 110 61 92 1560 2000
31 77 28 62 1540 2000
18 170 23 183 1500 2000
51 52 34 53 640 2000
167 11 181 15 980 2000
18 31 8 39 600 2000
29 56 14 53 520 2000
35 172 31 158 1760 2000
23 19 36 24 1180 2000
33 99 47 103 1700 2000
0 1 0 19 1 2000
87 63 89 79 580 2000
84 39 84 57 1000 2000
124 87 117 98 760 2000
26 32 39 37 180 2000
21 62 4 61 1240 2000
46 60 49 45 740 2000
73 57 63 65 1860 2000
199 193 202 178 1900 2000
116 86 106 79 561 2000
119 26 116 11 560 2000
79 70 92 66 1941 2000
12 31 9 46 120 2000
48 74 59 81 1140 2000
108 166 91 167 1700 2000
106 56 100 68 1300 2000
3 17 20 18 20 2000
58 25 65 36 720 2000
33 73 44 80 340 2000
38 81 48 73 440 2000
51 30 57 42 400 2000
29 35 45 33 140 2000
211 79 207 92 1961 2000
112 148 95 147 1540 2000
26 23 35 14 1880 2000
57 58 50 69 320 2000
9 43 21 49 60 2000
38 3 29 12 520 2000
125 38 125 56 1080 2000
50 158 61 151 1620 2000
20 103 9 110 1080 2000
60 140 56 126 740 2000
192 4 176 6 1460 2000
100 102 97 117 1700 2000
8 179 5 194 1000 2000
30 108 43 103 420 2000
105 132 97 122 1760 2000
24 16 21 1 180 2000
69 30 79 22 320 2000
201 101 207 113 1540 2000
205 3 189 1 1420 2000
60 115 62 130 1061 2000
58 131 65 142 560 2000
65 143 76 150 580 2000
20 34 16 20 60 2000
42 85 40 69 1520 2000
0 1 0 19 1 2000
56 34 58 50 1500 2000
181 129 181 147 1740 2000
40 76 57 75 500 2000
65 26 68 41 320 2000
30 46 47 45 940 2000
41 49 28 45 161 2000
31 12 32 29 200 2000
159 86 156 71 1560 2000
51 42 64 37 1960 2000
94 57 94 75 480 2000
47 85 42 72 1540 2000
8 85 25 86 960 2000
235 44 244 53 1760 2000
98 8 97 25 300 2000
115 90 130 87 960 2000
66 153 49 154 1640 2000
140 37 156 39 1880 2000
75 137 88 141 1601 2000
58 142 74 140 1020 2000
171 91 166 104 1780 2000
34 57 19 60 640 2000
98 77 100 61 680 2000
18 20 29 27 180 2000
19 10 15 23 781 2000
162 64 159 49 1660 2000
160 17 170 24 1701 2000
77 152 94 151 1480 2000
28 43 36 53 1200 2000
31 22 40 13 400 2000
92 153 84 143 1240 2000
84 142 101 141 1260 2000
173 76 171 92 1680 2000
113 145 96 146 1300 2000
96 145 85 152 1320 2000
73 17 64 8 380 2000
152 110 148 124 1020 2000
253 79 237 77 1660 2000
66 167 69 152 1400 2000
17 24 29 30 120 2000
65 31 68 46 580 2000
185 97 185 79 1140 2000
78 81 78 99 920 2000
194 128 191 143 900 2000
55 170 57 154 1520 2000
41 30 34 20 261 2000
147 47 158 40 1140 2000
25 41 20 28 380 2000
51 164 37 160 1600 2000
157 38 153 52 1120 2000
62 72 65 57 580 2000
59 55 65 66 441 2000
106 64 91 67 1060 2000
57 63 70 67 1321 2000
45 7 39 19 420 2000
48 50 61 46 1281 2000
22 81 38 79 1640 2000
49 63 48 80 780 2000
130 45 120 37 1920 2000
57 182 43 178 1720 2000
20 60 7 65 340 2000
36 91 36 108 1941 2000
106 76 120 72 1020 2000
21 155 17 141 1900 2000
6 177 1 190 960 2000
41 45 25 43 180 2000
92 249 91 266 1520 2000
64 142 49 145 1580 2000
82 131 73 122 1400 2000
7 30 21 27 101 2000
68 34 74 46 1300 2000
71 27 56 30 1340 2000
26 33 27 50 80 2000
76 68 86 76 740 2000
171 68 177 57 1021 2000
120 58 128 48 1980 2000
37 28 39 44 1320 2000
15 23 4 30 660 2000
14 61 3 54 240 2000
43 19 58 17 1681 2000
34 114 40 102 1740 2000
44 8 44 26 1980 2000
87 113 79 123 1940 2000
144 102 133 109 820 2000
93 33 110 32 740 2000
44 76 38 64 820 2000
44 79 51 68 360 2000
60 95 76 97 1120 2000
54 42 64 34 340 2000
47 94 47 76 760 2000
4 65 15 72 280 2000
155 189 152 174 1820 2000
2 51 16 55 600 2000
59 42 60 26 1741 2000
113 162 123 169 1941 2000
44 40 61 39 1460 2000
25 60 12 55 560 2000
32 16 23 7 300 2000
25 60 8 59 600 2000
8 60 7 43 620 2000
7 42 17 34 640 2000
53 57 39 54 481 2000
46 21 32 17 560 2000
182 105 194 100 1021 2000
70 112 69 95 580 2000
17 39 25 49 380 2000
9 50 26 49 240 2000
41 24 41 42 1080 2000
123 41 114 33 1641 2000
24 117 14 109 1280 2000
156 14 166 22 660 2000
43 31 55 37 1540 2000
112 93 116 79 1080 2000
30 40 16 36 260 2000
79 23 93 27 780 2000
26 15 39 20 1560 2000
24 1 10 5 40 2000
11 19 0 26 980 2000
54 76 70 78 1900 2000
42 64 30 70 1660 2000
54 9 51 24 400 2000
3 15 17 19 20 2000
0 1 7 12 1 2000
74 87 78 101 1840 2000
51 107 46 94 940 2000
14 205 7 194 1440 2000
143 103 127 101 1140 2000
78 98 81 113 1700 2000
35 20 46 27 1880 2000
95 62 79 60 1240 2000
21 28 38 29 1240 2000
38 49 35 64 240 2000
140 1 133 12 1520 2000
58 76 55 90 361 2000
147 94 156 103 1360 2000
31 2 27 15 101 2000
78 102 76 86 1860 2000
126 126 114 120 740 2000
99 150 88 143 1640 2000
121 20 134 15 1680 2000
41 43 48 54 1540 2000
52 235 44 245 1560 2000
22 104 34 110 1660 2000
91 21 100 12 700 2000
146 58 154 48 780 2000
127 23 125 39 1060 2000
52 33 36 31 1560 2000
3 72 14 65 1640 2000
126 16 136 24 580 2000
17 49 25 58 161 2000
10 18 3 29 220 2000
71 73 56 70 1660 2000
45 45 36 54 540 2000
71 118 72 102 1301 2000
196 53 200 67 1200 2000
13 60 19 48 1160 2000
28 55 39 48 1760 2000
38 54 34 40 140 2000
42 33 40 49 440 2000
14 119 1 114 1320 2000
104 80 101 95 1140 2000
58 56 46 62 1860 2000
46 61 30 63 1880 2000
30 62 47 63 1900 2000
44 86 46 70 1620 2000
12 170 28 168 860 2000
80 104 97 103 980 2000
94 74 80 70 500 2000
5 49 15 41 140 2000
26 68 10 66 220 2000
26 3 23 18 40 2000
262 121 276 125 1720 2000
59 112 64 99 1120 2000
217 69 210 80 1940 2000
29 189 19 181 1220 2000
88 15 92 1 1440 2000
22 111 34 105 800 2000
151 174 147 160 1880 2000
14 43 29 40 200 2000
106 192 98 182 1820 2000
32 29 32 47 1640 2000
28 32 29 49 1620 2000
38 245 27 238 1720 2000
3 8 15 14 320 2000
35 88 27 78 320 2000
181 138 165 136 1960 2000
32 67 47 64 360 2000
31 16 17 20 80 2000
24 143 24 161 1440 2000
20 38 20 20 500 2000
39 52 53 56 440 2000
33 146 16 145 800 2000
87 22 81 34 1800 2000
201 114 201 132 1760 2000
69 81 55 84 481 2000
173 105 190 104 1500 2000
27 168 24 153 1800 2000
22 19 34 13 720 2000
56 43 66 51 400 2000
97 67 112 64 620 2000
34 85 37 100 1400 2000
274 141 272 126 1981 2000
6 100 16 108 660 2000
59 22 59 40 160 2000
29 31 43 35 140 2000
16 6 28 12 460 2000
146 47 130 46 1901 2000
6 107 8 123 1600 2000
39 52 31 42 1440 2000
175 117 187 123 820 2000
9 23 26 22 420 2000
2 97 17 100 1000 2000
30 85 32 69 1240 2000
36 43 49 38 1200 2000
25 72 13 78 1560 2000
55 86 70 83 280 2000
21 21 4 20 1500 2000
61 17 57 31 660 2000
15 135 14 118 1300 2000
15 29 31 31 860 2000
39 65 39 83 460 2000
120 244 115 231 1900 2000
207 90 202 103 1080 2000
40 24 52 30 220 2000
8 117 4 103 1640 2000
23 17 33 25 60 2000
9 22 19 30 40 2000
88 116 88 134 820 2000
22 67 22 85 1760 2000
64 25 59 38 1280 2000
67 67 76 76 1380 2000
10 64 23 69 1180 2000
11 32 2 23 1000 2000
33 16 40 5 1440 2000
182 87 180 103 1320 2000
180 104 167 109 1340 2000
24 47 27 62 1080 2000
75 62 75 80 1360 2000
4 111 10 99 600 2000
183 93 185 109 1420 2000
174 28 158 26 1980 2000
58 48 51 59 620 2000
65 52 49 54 600 2000
77 43 89 49 540 2000
12 6 24 0 20 2000
99 23 95 37 1860 2000
54 28 42 34 420 2000
102 8 106 22 1500 2000
131 27 132 10 1900 2000
61 92 69 102 1360 2000
184 121 175 130 1640 2000
47 13 54 23 961 2000
59 8 68 17 1360 2000
58 4 55 19 500 2000
37 27 21 25 140 2000
171 230 183 235 1541 2000
19 35 35 37 1780 2000
113 130 124 137 880 2000
237 136 239 120 1800 2000
71 79 79 69 780 2000
105 82 111 94 1240 2000
27 13 11 11 1340 2000
246 75 252 87 1880 2000
40 15 40 32 341 2000
69 43 69 61 140 2000
143 83 131 77 1420 2000
38 78 32 90 1660 2000
248 78 235 73 1980 2000
11 7 26 4 20 2000
276 123 291 125 1741 2000
54 6 51 21 380 2000
57 26 65 36 320 2000
63 71 57 59 1420 2000
140 106 157 105 1100 2000
49 36 41 26 960 2000
99 214 106 203 1040 2000
45 19 43 4 161 2000
36 38 51 36 121 2000
85 99 76 108 1580 2000
28 24 45 23 220 2000
45 1 49 15 60 2000
34 14 50 16 100 2000
48 65 55 76 520 2000
12 42 13 59 300 2000
57 42 68 35 1240 2000
42 50 38 64 1500 2000
56 100 47 91 580 2000
110 80 107 95 1060 2000
13 36 30 37 400 2000
30 38 26 52 420 2000
148 125 144 111 1040 2000
116 74 121 87 1020 2000
11 29 11 12 481 2000
156 110 171 112 1281 2000
175 78 175 96 1040 2000
134 226 140 214 1740 2000
16 109 0 111 680 2000
6 29 8 45 240 2000
244 93 239 80 1440 2000
17 247 32 244 1900 2000
165 30 173 20 1560 2000
169 132 178 124 1981 2000
49 16 45 30 680 2000
116 119 113 104 1120 2000
15 13 3 19 340 2000
165 23 178 18 1820 2000
156 27 160 41 1440 2000
69 47 73 33 940 2000
4 111 17 116 1880 2000
192 156 207 153 1780 2000
62 129 55 118 1000 2000
20 2 31 9 1980 2000
5 80 12 91 840 2000
17 27 31 23 1300 2000
19 74 16 89 1000 2000
24 56 16 66 1180 2000
65 131 50 134 860 2000
72 94 72 112 980 2000
72 111 62 119 1000 2000
78 55 89 48 640 2000
84 18 74 26 500 2000
37 81 25 87 1380 2000
86 70 85 87 1500 2000
17 12 21 26 200 2000
73 78 58 81 1480 2000
170 36 161 45 1460 2000
24 31 12 25 240 2000
22 50 32 42 180 2000
24 160 8 162 1460 2000
57 203 45 197 1780 2000
57 15 68 8 540 2000
39 23 53 27 380 2000
54 200 68 204 1300 2000
84 58 97 53 1660 2000
27 116 18 125 1320 2000
95 32 84 38 981 2000
100 67 91 76 1320 2000
22 106 31 97 1380 2000
17 22 21 36 1040 2000
194 148 189 161 1820 2000
26 127 17 136 1400 2000
159 51 149 59 1620 2000
66 53 63 38 1320 2000
15 50 19 36 1760 2000
43 22 39 36 1720 2000
92 101 83 92 680 2000
194 18 180 22 1460 2000
41 20 28 25 200 2000
106 94 103 109 1100 2000
75 91 90 94 1620 2000
179 96 177 112 1200 2000
35 79 34 62 1140 2000
110 72 102 62 1740 2000
134 13 121 9 1701 2000
36 41 44 31 280 2000
1 1 10 9 2 2000
100 82 116 84 540 2000
38 49 24 45 960 2000
62 149 68 137 520 2000
33 81 21 87 620 2000
112 32 109 18 921 2000
35 28 49 32 280 2000
55 32 52 17 360 2000
127 95 140 90 1900 2000
114 65 124 73 920 2000
129 99 122 110 1940 2000
110 122 99 115 1580 2000
39 91 26 96 1500 2000
54 24 41 29 260 2000
71 21 76 34 620 2000
12 54 25 59 580 2000
82 59 98 61 520 2000
86 6 100 2 740 2000
192 37 194 21 1160 2000
17 3 7 11 20 2000
15 31 15 13 260 2000
26 47 19 36 160 2000
29 50 30 33 880 2000
45 24 47 8 480 2000
184 111 184 129 1320 2000
21 30 27 18 240 2000
54 22 64 30 980 2000
91 8 102 2 1141 2000
5 15 1 29 20 2000
159 169 173 173 1940 2000
99 1 98 18 1020 2000
42 3 29 8 360 2000
121 180 114 191 960 2000
35 22 33 6 400 2000
53 27 40 32 780 2000
50 34 66 32 1420 2000
50 93 44 81 960 2000
69 87 72 102 820 2000
161 156 148 151 1000 2000
95 57 95 39 1140 2000
103 10 120 9 760 2000
95 71 95 54 1761 2000
232 79 231 62 1800 2000
51 29 56 16 340 2000
77 43 81 57 1100 2000
10 44 18 34 340 2000
32 122 17 125 940 2000
87 37 91 23 700 2000
99 32 98 49 1080 2000
5 25 3 40 41 2000
145 28 136 37 720 2000
158 97 144 101 800 2000
60 11 73 6 1040 2000
28 76 11 77 780 2000
67 27 59 37 860 2000
54 81 47 92 840 2000
42 37 42 19 1320 2000
46 75 54 85 880 2000
135 79 146 72 700 2000
20 42 3 41 1060 2000
40 102 50 94 940 2000
60 73 43 74 1800 2000
74 12 90 14 620 2000
175 170 188 165 1880 2000
74 9 62 3 1160 2000
114 13 119 26 1800 2000
66 45 54 51 240 2000
53 158 44 167 960 2000
57 29 71 33 820 2000
179 82 190 89 1080 2000
38 218 44 206 1660 2000
83 90 67 92 1160 2000
35 81 51 83 1940 2000
130 184 132 200 1940 2000
22 4 13 13 620 2000
160 176 171 183 1980 2000
35 57 45 49 460 2000
5 64 17 70 200 2000
50 68 34 70 500 2000
84 87 99 84 1320 2000
21 89 6 92 940 2000
26 2 25 19 1580 2000
34 68 21 63 1220 2000
3 114 6 129 1360 2000
116 29 127 22 1040 2000
195 129 185 137 1940 2000
200 158 204 172 1540 2000
42 164 28 167 1801 2000
119 139 125 151 1500 2000
83 81 90 92 620 2000
95 146 98 161 1560 2000
114 141 106 131 1560 2000
148 299 136 293 1960 2000
113 120 125 126 1600 2000
102 66 94 56 1860 2000
65 173 69 187 1420 2000
14 31 24 39 1120 2000
47 82 34 77 1400 2000
7 11 8 28 20 2000
19 106 3 104 1480 2000
101 145 105 131 1740 2000
138 7 131 18 1400 2000
11 40 12 57 1760 2000
19 29 24 42 140 2000
79 119 92 114 1820 2000
62 120 68 132 1620 2000
58 67 62 53 560 2000
26 54 37 48 281 2000
178 24 183 37 820 2000
53 55 47 67 500 2000
87 109 92 96 1940 2000
92 95 108 97 1960 2000
108 98 112 112 1980 2000
79 24 85 36 1840 2000
147 176 159 170 1920 2000
46 32 45 15 340 2000
58 21 58 39 1280 2000
25 197 29 211 1980 2000
96 12 86 20 620 2000
20 19 37 20 120 2000
37 21 48 14 140 2000
42 24 55 19 500 2000
37 15 36 31 601 2000
71 122 56 120 821 2000
73 17 71 1 220 2000
217 94 221 108 1800 2000
12 8 28 10 20 2000
97 1 86 8 980 2000
47 130 54 141 1440 2000
135 42 135 24 1640 2000
46 69 37 60 1640 2000
3 60 8 73 1520 2000
6 11 6 28 221 2000
37 44 26 51 120 2000
48 178 35 173 1740 2000
116 43 125 34 1640 2000
118 68 104 72 460 2000
24 30 22 14 60 2000
29 52 31 67 461 2000
184 87 185 104 1320 2000
30 31 15 34 80 2000
103 131 114 124 1500 2000
87 97 93 109 580 2000
63 75 63 57 460 2000
37 19 34 4 460 2000
12 29 18 41 360 2000
36 159 26 167 1640 2000
9 21 7 5 60 2000
6 70 17 63 1700 2000
8 10 8 28 60 2000
125 76 128 61 1360 2000
80 68 72 59 761 2000
50 28 58 38 660 2000
37 23 26 16 260 2000
11 101 17 89 1300 2000
145 110 140 123 1240 2000
79 47 84 34 860 2000
51 11 62 18 140 2000
68 54 80 48 500 2000
19 49 32 44 460 2000
63 70 56 81 1920 2000
72 29 72 11 960 2000
45 54 46 71 1880 2000
25 30 26 47 400 2000
25 128 12 133 1680 2000
160 23 166 11 1040 2000
12 134 18 146 660 2000
85 62 94 71 1200 2000
10 132 14 118 1780 2000
4 135 19 132 1680 2000
111 79 109 95 1380 2000
83 93 69 97 700 2000
117 71 130 66 1180 2000
82 95 85 80 1520 2000
95 110 112 111 1040 2000
168 56 161 67 860 2000
42 40 30 46 220 2000
33 79 41 88 641 2000
15 40 8 51 200 2000
27 72 10 71 240 2000
91 77 103 71 1340 2000
161 18 157 4 1320 2000
100 52 111 59 1140 2000
13 75 23 83 220 2000
91 32 100 41 1400 2000
62 28 49 33 660 2000
15 33 27 28 441 2000
96 141 103 130 1480 2000
34 30 17 29 1500 2000
102 105 87 108 1920 2000
138 262 121 261 1980 2000
171 110 171 93 1301 2000
87 43 78 52 1740 2000
20 38 36 40 100 2000
160 136 177 137 1340 2000
47 213 46 230 1700 2000
33 136 48 138 901 2000
35 122 43 112 1400 2000
73 65 72 82 780 2000
58 41 63 28 320 2000
53 68 38 65 1520 2000
81 17 77 3 1140 2000
58 30 45 26 521 2000
105 174 106 191 1800 2000
14 21 25 14 40 2000
57 28 41 26 800 2000
98 166 98 184 1860 2000
16 13 15 30 240 2000
105 173 118 178 1900 2000
42 78 48 66 420 2000
26 20 27 3 100 2000
78 70 88 78 1260 2000
57 6 45 12 1280 2000
61 10 61 28 480 2000
47 93 49 108 601 2000
22 166 5 165 1300 2000
77 41 80 56 1820 2000
37 11 27 3 1260 2000
29 28 14 31 1520 2000
23 45 25 61 1260 2000
182 83 191 92 1480 2000
25 27 31 15 140 2000
117 17 124 6 820 2000
90 146 87 161 1700 2000
23 23 32 14 540 2000
91 116 104 111 760 2000
278 49 279 66 1600 2000
16 35 17 18 280 2000
60 11 57 26 1080 2000
12 6 17 18 201 2000
47 94 39 104 1280 2000
107 96 122 99 1080 2000
20 105 20 123 1360 2000
124 41 109 39 1061 2000
153 86 136 87 1320 2000
8 17 16 7 440 2000
5 62 3 46 600 2000
28 13 24 27 480 2000
24 26 32 16 500 2000
31 17 42 23 521 2000
42 24 52 32 540 2000
29 271 39 263 1740 2000
192 80 192 98 980 2000
105 21 117 15 1020 2000
63 121 64 104 1580 2000
17 67 3 71 420 2000
34 41 31 26 1160 2000
21 97 20 114 1660 2000
29 31 40 24 180 2000
34 111 34 93 880 2000
45 246 44 262 1581 2000
71 41 63 51 460 2000
75 125 76 142 1260 2000
8 23 19 30 80 2000
28 9 34 21 240 2000
70 71 80 79 360 2000
99 11 89 3 860 2000
16 76 20 63 881 2000
87 152 92 165 1080 2000
85 131 80 143 1641 2000
31 37 38 48 940 2000
66 101 66 83 1200 2000
36 20 23 25 100 2000
82 77 66 75 920 2000
22 44 16 56 1020 2000
168 135 175 146 1440 2000
78 136 78 154 940 2000
54 24 44 16 1140 2000
41 45 56 42 1100 2000
33 65 32 48 260 2000
70 7 70 25 680 2000
28 47 14 51 1160 2000
92 65 77 62 1960 2000
19 64 19 82 1200 2000
182 132 182 114 1820 2000
49 146 54 159 1600 2000
64 71 66 55 680 2000
28 1 37 10 160 2000
195 24 210 27 1960 2000
6 10 14 20 260 2000
209 106 209 124 1720 2000
25 31 19 19 1900 2000
131 52 144 57 1760 2000
85 65 85 47 700 2000
84 16 75 7 900 2000
40 25 27 20 1240 2000
12 87 26 83 1560 2000
23 24 34 31 1480 2000
35 16 35 34 360 2000
46 69 34 63 440 2000
66 56 81 59 500 2000
8 34 2 22 100 2000
126 160 111 163 1340 2000
121 45 136 42 540 2000
21 21 37 23 420 2000
33 7 47 3 420 2000
17 135 33 133 1700 2000
93 36 92 53 1680 2000
63 47 76 51 761 2000
36 25 26 33 600 2000
100 125 92 135 800 2000
4 8 4 26 60 2000
0 1 11 8 1 2000
42 91 51 100 1600 2000
26 90 22 104 1420 2000
68 85 80 91 1520 2000
81 254 64 255 1240 2000
32 190 38 202 1500 2000
156 172 165 181 1380 2000
61 191 58 176 1340 2000
49 162 60 155 680 2000
142 263 147 276 1840 2000
18 38 34 40 180 2000
49 14 37 20 1000 2000
0 20 12 14 20 2000
43 20 36 31 1480 2000
26 37 15 30 920 2000
22 184 23 167 1980 2000
19 34 16 49 160 2000
30 29 26 15 120 2000
30 4 17 9 780 2000
129 30 146 31 480 2000
22 20 12 12 180 2000
115 70 109 81 941 2000
40 18 34 30 140 2000
135 247 135 264 1641 2000
19 5 26 16 1540 2000
47 45 51 31 380 2000
56 10 64 20 1700 2000
104 53 120 51 680 2000
21 67 20 50 740 2000
18 97 19 80 1960 2000
133 21 144 28 1340 2000
34 14 42 4 420 2000
55 34 70 37 280 2000
73 178 82 186 821 2000
39 2 49 10 960 2000
96 59 99 74 1560 2000
102 33 111 42 1920 2000
22 53 29 42 680 2000
76 98 87 91 580 2000
23 84 25 68 560 2000
25 67 19 79 580 2000
98 127 99 110 1080 2000
2 18 8 30 20 2000
79 60 70 51 1960 2000
119 113 112 124 1180 2000
75 67 76 84 540 2000
29 44 36 34 701 2000
136 29 152 30 1381 2000
180 24 171 15 1260 2000
37 126 33 139 1861 2000
100 87 105 74 880 2000
34 141 38 155 1760 2000
37 32 30 43 120 2000
43 36 43 54 160 2000
32 121 32 103 1840 2000
23 25 18 38 100 2000
74 37 66 47 1320 2000
30 31 20 39 400 2000
140 107 147 118 1400 2000
31 39 32 23 281 2000
50 89 51 105 1621 2000
205 21 221 23 1620 2000
79 62 63 61 781 2000
16 38 15 21 60 2000
4 44 18 48 1060 2000
93 86 103 94 880 2000
19 6 26 17 40 2000
12 57 9 42 1720 2000
77 169 64 164 1940 2000
61 173 64 188 740 2000
17 17 9 27 980 2000
44 24 58 21 1241 2000
15 65 21 53 300 2000
7 84 19 90 1720 2000
32 10 20 4 500 2000
11 56 27 57 221 2000
33 124 47 120 680 2000
104 273 96 263 1480 2000
34 23 30 36 1341 2000
36 143 24 149 1080 2000
33 75 34 92 1420 2000
81 163 71 171 1460 2000
76 75 85 84 1400 2000
98 28 88 36 1220 2000
0 1 17 2 1 2000
47 68 59 62 520 2000
73 5 60 10 1060 2000
37 57 21 55 420 2000
21 198 32 191 1480 2000
28 28 43 25 540 2000
34 51 38 65 1840 2000
71 155 60 148 1700 2000
92 73 79 68 840 2000
183 1 174 10 1020 2000
16 178 7 187 1380 2000
147 11 160 6 1980 2000
3 127 15 121 1740 2000
79 11 71 2 561 2000
39 37 44 24 1740 2000
179 126 166 121 960 2000
27 27 27 9 1780 2000
178 104 191 109 1340 2000
9 16 8 33 80 2000
6 4 1 17 60 2000
3 35 8 48 1860 2000
132 279 125 268 1680 2000
23 45 28 58 1900 2000
13 11 0 7 81 2000
107 47 119 53 420 2000
26 24 12 27 121 2000
24 34 7 33 1980 2000
29 27 34 40 1140 2000
113 60 104 69 1800 2000
55 106 39 107 1261 2000
36 22 42 11 441 2000
31 201 31 183 1980 2000
5 60 20 57 1280 2000
43 3 41 19 180 2000
12 88 25 83 420 2000
33 15 46 20 540 2000
105 10 100 23 1080 2000
6 35 20 31 200 2000
35 140 18 141 1000 2000
9 218 17 228 1480 2000
61 84 72 90 941 2000
124 41 121 56 720 2000
0 156 12 162 1620 2000
9 13 2 3 321 2000
2 2 11 11 340 2000
25 39 11 35 1780 2000
75 80 70 67 240 2000
28 66 37 57 1260 2000
21 72 12 81 1640 2000
30 69 20 61 1680 2000
51 11 66 14 460 2000
142 43 142 61 640 2000
80 8 94 12 500 2000
0 85 13 90 360 2000
15 65 3 71 1620 2000
232 58 224 68 1900 2000
326 127 323 142 1840 2000
199 20 188 27 1280 2000
157 106 143 102 1120 2000
111 164 118 175 1360 2000
47 112 55 122 1800 2000
123 39 119 52 601 2000
14 33 31 32 1840 2000
66 55 55 48 720 2000
61 154 53 164 1800 2000
11 7 17 19 20 2000
41 152 36 165 1120 2000
41 85 33 75 900 2000
48 65 63 68 440 2000
25 7 26 24 60 2000
100 142 100 124 1020 2000
76 134 60 136 1500 2000
50 35 41 26 800 2000
77 50 61 48 920 2000
61 49 68 38 940 2000
138 15 137 32 1480 2000
142 60 149 71 780 2000
18 47 15 32 1080 2000
44 25 33 31 421 2000
159 51 145 48 1881 2000
161 90 163 74 1160 2000
208 73 202 61 1280 2000
15 41 20 28 180 2000
41 27 28 22 820 2000
235 68 243 78 1600 2000
18 45 27 53 1381 2000
0 156 7 145 1900 2000
48 48 55 59 700 2000
171 14 164 3 1280 2000
70 21 58 15 280 2000
27 17 39 23 1180 2000
89 259 105 258 1121 2000
99 53 108 62 1700 2000
34 64 36 48 1420 2000
27 20 27 38 160 2000
64 267 51 272 1800 2000
50 62 66 60 1380 2000
136 40 131 28 1881 2000
0 1 6 13 1 2000
164 139 155 148 1120 2000
67 88 56 94 741 2000
32 115 33 98 1680 2000
66 160 61 173 1700 2000
34 63 24 55 1160 2000
83 33 93 41 620 2000
21 64 21 82 600 2000
93 49 109 51 1580 2000
25 133 15 125 860 2000
20 3 20 21 400 2000
34 3 34 21 440 2000
60 52 77 53 460 2000
59 78 51 68 1080 2000
132 108 117 105 1140 2000
43 7 57 11 220 2000
81 124 80 107 1000 2000
248 90 236 84 1940 2000
13 31 7 43 1260 2000
126 112 114 106 940 2000
14 15 19 28 80 2000
111 38 100 45 1840 2000
101 66 113 72 1560 2000
93 34 86 45 1880 2000
101 6 90 13 1000 2000
39 64 47 74 320 2000
17 14 33 12 200 2000
49 41 46 26 500 2000
65 43 51 47 1980 2000
1 53 5 39 180 2000
74 130 59 127 860 2000
48 56 51 41 900 2000
91 94 90 111 1360 2000
140 122 154 118 860 2000
15 41 8 30 740 2000
59 92 48 85 1000 2000
72 77 72 95 960 2000
43 8 36 19 160 2000
12 16 6 28 100 2000
7 48 19 42 200 2000
66 65 72 54 1181 2000
53 54 53 36 760 2000
68 94 65 79 820 2000
109 168 110 185 1400 2000
42 44 50 34 460 2000
41 46 39 62 320 2000
39 63 36 78 340 2000
36 79 31 66 360 2000
46 33 36 25 1280 2000
3 11 11 1 940 2000
12 180 28 182 1580 2000
24 101 41 100 440 2000
193 45 176 46 1420 2000
45 117 29 116 481 2000
35 115 35 97 500 2000
16 35 26 43 160 2000
84 49 85 33 901 2000
159 18 160 35 760 2000
64 30 72 20 820 2000
29 106 26 91 1960 2000
19 123 34 126 620 2000
153 58 152 75 1720 2000
25 62 39 58 1280 2000
184 83 195 76 1280 2000
59 113 61 97 700 2000
64 66 76 60 380 2000
131 25 137 13 1780 2000
9 11 9 29 140 2000
54 100 59 113 780 2000
150 11 159 20 1040 2000
66 20 57 29 1220 2000
111 51 111 33 1700 2000
0 34 13 39 420 2000
6 25 18 19 160 2000
33 115 39 127 900 2000
0 1 12 7 1 2000
48 78 47 61 980 2000
12 9 12 26 21 2000
65 11 56 2 1140 2000
5 25 20 28 300 2000
19 59 33 55 820 2000
73 97 58 94 1420 2000
7 85 3 71 620 2000
180 104 169 97 1380 2000
128 60 127 43 1380 2000
44 45 40 31 880 2000
31 123 42 116 1140 2000
19 186 19 204 1520 2000
46 130 43 145 1180 2000
51 44 50 61 1360 2000
50 46 37 51 540 2000
82 63 95 68 1200 2000
0 40 1 23 140 2000
137 62 149 67 1581 2000
43 100 34 91 1400 2000
204 108 196 118 1660 2000
117 16 119 32 1040 2000
56 41 67 34 1120 2000
71 26 80 35 800 2000
49 74 48 57 880 2000
131 33 115 35 1340 2000
29 195 31 179 1900 2000
67 166 64 151 720 2000
68 89 82 85 520 2000
98 103 105 92 920 2000
25 94 22 109 1520 2000
25 5 36 12 100 2000
44 47 40 33 1560 2000
34 57 20 61 1160 2000
26 17 41 20 280 2000
68 16 67 33 1380 2000
75 127 90 129 1641 2000
9 47 2 58 260 2000
51 76 50 59 1320 2000
118 145 101 144 1720 2000
126 39 135 30 1480 2000
3 28 19 30 120 2000
0 1 6 13 1 2000
27 130 43 128 1560 2000
123 116 108 113 1800 2000
23 40 30 30 301 2000
93 89 82 96 1500 2000
82 120 74 110 1860 2000
74 109 82 99 1880 2000
76 45 62 49 1280 2000
40 75 49 67 621 2000
22 72 10 66 740 2000
179 31 167 37 1780 2000
29 38 14 41 1080 2000
5 13 21 11 20 2000
15 5 1 1 20 2000
96 55 102 43 320 2000
39 14 45 2 1240 2000
9 22 19 14 80 2000
14 123 22 113 1480 2000
5 66 13 76 200 2000
85 97 69 99 1060 2000
111 252 115 266 1880 2000
52 67 39 62 1880 2000
44 20 30 16 1860 2000
19 57 5 61 1260 2000
83 42 95 48 320 2000
10 10 18 0 20 2000
108 27 113 14 960 2000
182 20 184 4 1060 2000
157 81 163 92 1241 2000
37 181 48 187 1001 2000
29 40 15 36 1320 2000
185 108 197 114 1440 2000
49 107 55 95 620 2000
15 8 15 26 40 2000
15 24 10 37 80 2000
18 124 28 116 1340 2000
39 28 41 44 160 2000
53 81 61 71 500 2000
102 52 119 53 900 2000
6 14 3 29 20 2000
25 26 19 14 1000 2000
98 45 95 60 440 2000
19 72 29 64 760 2000
17 112 32 115 400 2000
82 154 75 143 1220 2000
6 3 19 8 40 2000
183 47 166 48 1820 2000
110 25 111 8 1840 2000
84 77 76 67 720 2000
32 18 32 36 1420 2000
97 14 82 17 1880 2000
57 56 58 39 1280 2000
54 39 59 26 1280 2000
79 227 73 239 1060 2000
22 52 24 36 220 2000
28 139 39 133 1301 2000
86 19 97 12 1240 2000
64 165 54 157 1960 2000
45 8 59 11 501 2000
79 253 89 261 1100 2000
74 91 60 87 1160 2000
6 4 22 2 100 2000
4 61 19 59 461 2000
140 85 128 80 1381 2000
48 99 35 94 840 2000
37 79 41 93 380 2000
31 114 47 116 1840 2000
8 56 22 52 660 2000
67 93 59 83 1180 2000
17 66 22 53 200 2000
20 26 20 43 161 2000
59 87 51 77 460 2000
71 84 77 72 920 2000
51 169 57 181 1700 2000
34 179 30 193 1600 2000
96 29 107 36 920 2000
67 108 67 126 1560 2000
100 13 115 16 400 2000
175 120 182 131 1280 2000
13 120 1 114 960 2000
79 32 67 26 840 2000
93 125 82 132 1380 2000
93 46 93 64 1920 2000
12 150 3 141 1940 2000
36 35 39 20 480 2000
112 146 104 156 1620 2000
17 137 0 136 1420 2000
55 43 59 57 1900 2000
38 203 54 205 1520 2000
113 252 116 237 1640 2000
95 49 110 52 340 2000
22 103 16 91 1440 2000
17 14 22 27 120 2000
160 26 174 30 1900 2000
180 156 181 139 1940 2000
86 57 84 73 1520 2000
61 162 51 170 1680 2000
118 90 128 82 980 2000
27 19 31 33 1260 2000
23 107 26 122 1980 2000
82 246 89 235 1820 2000
104 23 94 16 1181 2000
83 58 87 44 1720 2000
80 80 88 90 380 2000
112 31 100 37 880 2000
170 82 182 88 860 2000
45 88 44 71 800 2000
119 60 119 43 1981 2000
101 194 94 205 1920 2000
64 43 66 27 960 2000
66 161 79 166 1880 2000
84 217 98 220 1981 2000
24 36 40 34 1180 2000
55 60 69 64 400 2000
17 85 0 86 340 2000
74 139 74 157 1040 2000
17 164 5 158 1520 2000
165 32 165 14 1240 2000
15 80 9 69 901 2000
103 110 118 113 1120 2000
90 62 90 44 1940 2000
25 87 25 105 1860 2000
97 54 111 50 1680 2000
49 11 45 25 1740 2000
79 39 78 56 620 2000
37 72 36 89 960 2000
49 22 34 19 280 2000
8 73 19 66 1600 2000
198 15 192 3 1440 2000
42 19 50 29 640 2000
134 63 120 59 1960 2000
3 70 8 57 640 2000
77 96 84 86 1941 2000
33 84 43 92 360 2000
80 144 80 162 1660 2000
66 154 66 172 1820 2000
55 85 69 88 481 2000
25 50 25 68 1200 2000
98 18 109 25 940 2000
50 40 34 38 460 2000
51 49 66 46 340 2000
142 80 127 82 1481 2000
109 116 99 108 600 2000
8 29 17 38 200 2000
43 261 39 275 1700 2000
6 234 9 219 1460 2000
153 59 166 54 1140 2000
13 42 1 36 480 2000
12 33 17 46 1360 2000
75 64 68 53 480 2000
114 119 109 106 760 2000
109 105 112 120 780 2000
112 121 129 122 800 2000
7 45 19 39 140 2000
80 293 75 306 1920 2000
299 149 287 143 1940 2000
105 112 91 109 701 2000
80 42 65 44 1961 2000
124 155 141 156 920 2000
25 42 34 51 200 2000
99 62 94 49 1040 2000
51 42 68 41 360 2000
21 71 9 77 1580 2000
148 150 139 159 1020 2000
99 23 101 7 340 2000
64 76 66 92 860 2000
41 46 41 29 781 2000
100 42 108 32 1420 2000
34 5 20 1 1960 2000
25 94 30 81 1120 2000
88 34 77 41 1380 2000
66 27 78 33 320 2000
2 16 12 8 1900 2000
156 59 143 54 1480 2000
29 39 46 38 380 2000
32 51 35 66 160 2000
94 13 88 1 520 2000
16 144 32 142 820 2000
41 35 29 41 780 2000
64 29 72 39 440 2000
33 0 38 13 640 2000
237 78 231 90 1680 2000
123 108 126 93 1320 2000
64 87 73 96 1400 2000
93 139 80 134 1020 2000
25 104 39 100 1880 2000
184 31 183 48 1800 2000
43 219 36 208 1540 2000
62 178 62 160 820 2000
5 16 19 12 40 2000
23 109 18 121 1601 2000
221 169 223 153 1580 2000
139 32 132 43 1800 2000
216 99 233 98 1520 2000
28 26 14 30 1100 2000
17 186 25 196 1960 2000
70 81 60 89 840 2000
23 168 26 153 1720 2000
2 17 14 11 80 2000
67 127 53 131 1580 2000
125 78 121 64 1920 2000
1 128 9 118 960 2000
58 33 57 16 280 2000
152 110 163 116 1561 2000
9 28 24 31 40 2000
26 20 34 30 1100 2000
120 35 129 44 720 2000
26 59 40 63 520 2000
34 184 19 187 1500 2000
42 26 28 22 220 2000
40 21 50 13 120 2000
48 31 39 22 840 2000
1 27 15 30 1001 2000
227 151 217 159 1740 2000
33 25 41 35 220 2000
154 19 154 1 960 2000
45 9 47 25 660 2000
14 12 15 29 100 2000
25 14 36 21 80 2000
116 22 122 34 740 2000
49 15 47 31 380 2000
21 10 23 26 40 2000
20 113 29 122 1680 2000
15 39 16 56 60 2000
34 6 49 9 660 2000
14 168 29 170 1441 2000
39 5 39 23 340 2000
36 3 36 20 301 2000
30 25 22 35 320 2000
20 70 5 73 820 2000
22 15 19 0 360 2000
19 1 24 14 380 2000
145 10 152 21 840 2000
31 49 38 38 100 2000
82 15 69 19 741 2000
212 117 204 107 1640 2000
119 91 133 88 1601 2000
116 12 132 14 620 2000
106 204 101 217 1060 2000
3 43 17 46 1081 2000
8 27 4 13 40 2000
16 9 22 20 61 2000
4 16 20 14 20 2000
129 137 118 144 1700 2000
75 142 75 124 1240 2000
6 65 21 68 720 2000
58 39 69 46 680 2000
165 23 165 41 820 2000
84 45 71 40 720 2000
51 24 64 19 640 2000
62 4 57 17 220 2000
50 51 50 69 480 2000
90 25 75 28 800 2000
75 27 64 34 820 2000
16 9 18 24 421 2000
131 89 123 79 1860 2000
206 59 191 62 1240 2000
106 21 104 5 1520 2000
70 13 74 27 320 2000
71 38 70 55 1080 2000
39 135 47 125 900 2000
12 60 25 55 220 2000
39 13 33 1 620 2000
105 59 93 53 1020 2000
23 98 33 90 1320 2000
27 86 33 74 320 2000
146 26 143 12 1201 2000
71 71 83 77 820 2000
33 11 46 16 460 2000
65 17 74 8 1140 2000
25 141 29 127 1260 2000
184 8 187 23 1740 2000
128 47 112 49 960 2000
86 99 100 103 1840 2000
95 26 84 19 480 2000
11 84 7 70 1720 2000
211 92 201 100 1520 2000
15 10 0 13 560 2000
43 10 27 8 320 2000
47 68 36 61 1360 2000
19 28 2 29 1080 2000
0 86 13 81 300 2000
187 42 179 32 880 2000
100 130 106 118 900 2000
66 15 67 32 480 2000
93 149 110 148 1860 2000
20 48 17 33 340 2000
115 82 115 64 1880 2000
52 35 58 47 600 2000
28 127 41 122 1240 2000
83 71 74 62 1380 2000
31 166 46 169 1800 2000
10 53 15 66 600 2000
1 1 10 9 2 2000
14 33 31 32 1440 2000
17 62 10 73 1720 2000
27 58 35 68 360 2000
65 55 73 45 1700 2000
141 53 134 64 1940 2000
31 52 19 46 320 2000
62 166 52 158 1780 2000
62 53 55 42 1240 2000
84 29 74 21 1800 2000
50 57 55 45 421 2000
85 28 99 24 1840 2000
30 54 38 44 140 2000
25 124 34 133 560 2000
150 118 162 112 1180 2000
98 50 115 51 1100 2000
97 33 105 23 1940 2000
105 22 104 5 1960 2000
17 51 7 44 1401 2000
35 52 47 58 320 2000
0 18 10 26 20 2000
52 137 61 145 1661 2000
109 10 111 26 1200 2000
58 94 63 81 1980 2000
14 12 5 21 1620 2000
36 39 21 42 120 2000
118 124 114 110 1020 2000
74 38 74 56 860 2000
33 19 19 23 1580 2000
21 10 26 23 200 2000
12 82 24 76 1660 2000
5 21 19 17 100 2000
156 38 157 55 1900 2000
20 39 20 21 600 2000
36 164 31 177 1140 2000
33 77 26 87 321 2000
13 35 25 41 140 2000
8 104 11 89 860 2000
17 69 22 57 121 2000
45 104 44 87 1600 2000
24 25 39 22 1040 2000
218 175 213 187 1501 2000
85 31 74 24 1980 2000
22 42 14 32 1820 2000
44 143 37 132 1480 2000
70 49 69 32 1720 2000
32 14 24 24 1140 2000
3 72 16 77 440 2000
104 54 90 50 740 2000
35 84 39 98 1920 2000
21 6 20 23 560 2000
207 36 218 43 1720 2000
28 18 30 34 660 2000
30 35 30 17 680 2000
74 26 84 18 340 2000
11 64 26 67 200 2000
55 13 58 28 1340 2000
65 27 59 39 420 2000
78 33 72 21 1240 2000
173 56 159 52 1600 2000
47 37 61 41 820 2000
61 42 74 37 840 2000
182 110 176 122 1180 2000
74 55 91 54 880 2000
47 121 63 123 700 2000
97 45 90 56 900 2000
76 50 83 60 521 2000
37 9 54 10 380 2000
95 59 107 53 980 2000
33 108 41 118 1360 2000
12 1 3 10 920 2000
67 42 84 41 280 2000
11 66 21 74 360 2000
94 27 88 15 1080 2000
93 130 91 146 1120 2000
100 21 84 19 1120 2000
84 20 73 27 1140 2000
26 59 39 64 320 2000
19 105 31 111 1700 2000
135 105 148 109 1041 2000
74 20 71 5 1220 2000
70 21 85 24 1760 2000
56 6 58 22 1260 2000
64 36 72 46 820 2000
27 64 20 75 320 2000
72 35 77 22 1320 2000
91 25 82 34 580 2000
63 24 48 21 1360 2000
48 22 45 37 1380 2000
45 38 36 47 1400 2000
30 58 24 46 1020 2000
32 176 49 175 1700 2000
23 27 28 14 580 2000
52 115 60 105 1160 2000
130 49 133 34 1080 2000
77 77 67 85 260 2000
34 29 30 43 160 2000
75 10 78 25 400 2000
35 54 18 55 400 2000
19 31 24 18 140 2000
49 14 52 29 280 2000
14 7 7 18 40 2000
117 22 114 7 520 2000
3 28 8 41 240 2000
5 46 12 56 1701 2000
5 71 4 54 1220 2000
19 128 3 130 1600 2000
19 139 27 129 1540 2000
5 108 1 94 1680 2000
7 57 22 54 1100 2000
18 42 32 46 1140 2000
80 61 81 78 720 2000
49 32 41 22 1320 2000
101 27 99 11 820 2000
36 150 26 142 1340 2000
77 102 88 109 880 2000
244 109 244 91 1840 2000
16 4 28 10 20 2000
0 54 14 50 1980 2000
164 26 167 12 961 2000
43 57 41 42 441 2000
23 12 23 30 40 2000
15 29 7 39 940 2000
80 118 80 136 820 2000
62 14 49 9 180 2000
189 142 197 132 1400 2000
37 46 34 31 1280 2000
3 17 12 26 20 2000
5 13 2 28 20 2000
52 8 60 18 220 2000
23 120 19 134 1640 2000
89 45 101 50 481 2000
12 50 7 63 260 2000
193 110 197 96 1480 2000
12 13 3 4 40 2000
30 54 30 36 220 2000
97 104 82 101 960 2000
7 18 2 5 80 2000
19 21 32 25 121 2000
45 65 31 61 740 2000
7 119 24 118 420 2000
49 53 51 69 460 2000
22 38 30 28 340 2000
50 77 42 86 821 2000
80 133 63 132 1040 2000
25 48 15 40 440 2000
22 126 10 132 1740 2000
77 135 77 153 1460 2000
26 33 32 21 720 2000
69 94 80 101 600 2000
72 142 69 127 1180 2000
40 65 30 57 1000 2000
16 203 10 191 1040 2000
66 55 55 48 1000 2000
20 15 4 13 120 2000
69 130 60 139 720 2000
94 191 93 175 861 2000
180 100 179 83 1060 2000
42 26 53 33 500 2000
55 124 50 137 800 2000
144 84 140 98 700 2000
62 145 65 130 840 2000
224 69 241 70 1920 2000
86 75 89 90 760 2000
7 187 20 182 1220 2000
97 44 85 38 560 2000
90 71 103 76 1200 2000
12 49 21 58 1240 2000
177 113 194 112 1220 2000
43 13 32 20 260 2000
44 264 28 266 1860 2000
28 92 42 96 980 2000
76 59 88 53 400 2000
40 66 54 62 1700 2000
33 166 40 176 1101 2000
152 126 168 124 1700 2000
96 264 92 250 1500 2000
40 28 27 33 980 2000
100 86 116 88 1820 2000
42 96 46 110 1500 2000
41 136 37 150 1680 2000
19 104 10 95 480 2000
1 6 7 18 920 2000
49 37 62 32 1260 2000
49 85 42 95 1481 2000
37 162 32 175 1320 2000
32 176 49 175 1340 2000
54 72 47 83 1380 2000
79 1 72 12 780 2000
30 165 19 172 920 2000
112 123 118 135 1640 2000
153 44 165 38 1560 2000
51 151 53 167 940 2000
64 73 64 55 1280 2000
79 231 80 214 1500 2000
28 66 32 80 1180 2000
95 217 97 201 1540 2000
127 63 124 48 1900 2000
113 204 110 218 1581 2000
39 46 50 39 440 2000
6 98 3 113 1340 2000
124 195 108 197 1640 2000
108 198 109 215 1660 2000
33 79 21 73 660 2000
31 57 46 60 660 2000
94 63 88 51 1400 2000
40 37 51 44 1160 2000
31 28 35 14 800 2000
37 61 54 60 1660 2000
70 105 63 116 1760 2000
237 76 225 82 1720 2000
74 49 66 59 920 2000
46 193 45 210 1600 2000
14 63 24 71 280 2000
6 100 20 104 1820 2000
130 163 113 164 1920 2000
180 21 174 33 1480 2000
59 147 68 138 1940 2000
121 187 124 172 1980 2000
33 29 38 16 580 2000
14 64 12 80 1660 2000
149 121 136 125 921 2000
15 69 5 61 220 2000
92 18 79 13 540 2000
49 32 49 50 160 2000
35 68 50 65 1800 2000
110 219 121 212 1600 2000
127 66 127 48 1680 2000
6 26 12 38 180 2000
65 41 54 34 460 2000
56 57 50 45 520 2000
182 18 195 23 1940 2000
57 152 62 165 1760 2000
29 42 12 43 280 2000
33 19 33 37 220 2000
33 6 25 15 61 2000
96 117 112 115 1680 2000
40 29 37 44 1920 2000
7 69 19 75 380 2000
19 70 13 82 1920 2000
12 66 27 63 420 2000
91 127 92 144 1940 2000
147 28 132 26 1421 2000
75 83 87 89 1260 2000
21 80 34 75 960 2000
0 25 3 40 520 2000
137 30 152 27 1160 2000
70 84 57 89 300 2000
155 39 171 41 820 2000
20 57 19 74 600 2000
3 165 8 178 1940 2000
36 73 39 88 640 2000
206 106 211 93 1460 2000
69 117 68 134 1620 2000
50 185 62 179 800 2000
32 73 39 62 1320 2000
25 43 36 49 761 2000
56 104 67 97 620 2000
6 52 23 53 100 2000
248 119 250 134 1901 2000
103 41 112 32 860 2000
64 48 75 41 1980 2000
91 91 100 83 641 2000
137 244 138 261 1960 2000
44 80 53 89 460 2000
28 33 41 28 240 2000
9 37 22 32 940 2000
37 111 52 114 1140 2000
20 49 12 40 981 2000
146 94 152 106 1660 2000
22 128 35 123 1380 2000
61 101 61 119 740 2000
242 60 229 55 1940 2000
14 130 26 124 1540 2000
45 68 45 50 1600 2000
94 13 85 22 560 2000
60 26 66 14 260 2000
103 26 102 9 1480 2000
2 109 15 114 1560 2000
73 26 78 13 1160 2000
80 50 80 68 1220 2000
9 223 22 228 1780 2000
32 20 23 11 1420 2000
139 113 143 127 1220 2000
49 237 38 244 1700 2000
42 57 25 58 760 2000
12 243 6 231 1400 2000
231 157 239 147 1660 2000
17 123 26 132 1820 2000
71 54 79 64 1400 2000
79 65 90 58 1420 2000
12 8 9 23 20 2000
54 63 54 80 1821 2000
88 55 86 71 1480 2000
156 102 152 116 1380 2000
44 49 40 35 160 2000
34 58 18 60 980 2000
28 116 30 132 1260 2000
39 55 29 47 1180 2000
208 61 205 76 1200 2000
5 29 5 46 161 2000
60 90 57 75 300 2000
125 57 138 62 1100 2000
85 30 101 28 800 2000
25 50 37 56 400 2000
78 147 67 140 1560 2000
34 11 41 0 1080 2000
41 280 48 291 1640 2000
33 70 45 76 720 2000
73 220 79 232 1480 2000
16 41 33 42 320 2000
73 61 85 55 1660 2000
27 83 14 79 1121 2000
23 9 13 16 161 2000
16 88 7 96 1001 2000
10 93 10 111 1920 2000
10 10 23 5 20 2000
175 147 183 157 1460 2000
67 67 59 77 1060 2000
137 21 131 9 1260 2000
34 35 35 18 200 2000
139 76 140 59 1640 2000
91 12 78 17 1200 2000
40 28 53 33 700 2000
113 35 99 39 420 2000
116 97 133 96 1480 2000
8 68 19 61 140 2000
52 34 62 42 300 2000
19 23 8 30 180 2000
16 116 32 115 1401 2000
60 54 69 46 201 2000
20 16 21 33 60 2000
76 67 87 74 880 2000
208 148 216 158 1460 2000
65 34 59 45 741 2000
76 54 68 64 420 2000
94 35 92 51 600 2000
111 30 101 22 1000 2000
88 14 100 20 1100 2000
0 1 10 9 1 2000
271 68 284 63 1560 2000
25 40 34 49 480 2000
46 108 31 111 1340 2000
152 31 168 33 1400 2000
64 74 48 72 500 2000
56 71 46 79 1680 2000
52 42 60 52 180 2000
29 28 20 19 1560 2000
102 3 102 20 901 2000
40 141 27 136 1680 2000
8 38 11 53 620 2000
49 44 45 30 360 2000
165 150 160 163 1680 2000
32 166 37 178 1281 2000
4 60 14 52 700 2000
14 53 26 59 720 2000
47 41 35 46 1961 2000
74 88 77 103 860 2000
24 32 18 20 340 2000
171 72 173 57 1581 2000
85 42 88 56 1461 2000
38 63 27 70 840 2000
93 174 106 179 920 2000
21 49 22 32 420 2000
24 44 10 40 540 2000
52 18 62 26 380 2000
138 57 129 48 760 2000
185 136 169 134 1960 2000
55 140 61 152 1120 2000
22 77 13 68 1000 2000
16 128 1 131 1820 2000
32 4 40 14 1620 2000
27 36 19 46 1200 2000
114 110 102 104 1180 2000
27 39 12 36 180 2000
117 8 132 11 1480 2000
49 44 56 55 1160 2000
0 1 5 14 1 2000
36 31 20 33 160 2000
79 14 72 4 1181 2000
88 22 101 17 1900 2000
29 113 40 120 1260 2000
20 142 20 160 1980 2000
10 6 11 23 100 2000
56 103 51 115 581 2000
78 152 71 163 700 2000
67 65 72 78 540 2000
68 140 70 155 1961 2000
18 90 25 101 1500 2000
71 66 64 55 1600 2000
19 65 22 80 1620 2000
13 37 4 46 460 2000
54 142 39 139 1460 2000
27 151 27 169 1780 2000
28 46 25 61 180 2000
61 43 51 35 740 2000
15 50 5 42 1320 2000
61 84 72 77 1560 2000
34 137 32 122 1821 2000
147 275 159 281 1860 2000
103 71 89 67 1620 2000
89 66 82 77 1640 2000
45 135 40 148 860 2000
98 30 94 16 420 2000
61 35 66 47 1281 2000
19 63 11 73 1060 2000
21 18 25 4 80 2000
48 65 65 66 440 2000
42 59 43 42 1120 2000
44 183 44 200 1661 2000
83 83 86 98 1820 2000
24 129 29 116 1360 2000
102 39 99 24 320 2000
74 93 72 77 1720 2000
25 18 9 16 80 2000
144 27 146 12 1101 2000
51 218 41 226 1720 2000
115 162 121 174 1960 2000
121 173 137 175 1980 2000
55 116 60 103 1520 2000
51 28 43 18 1680 2000
14 60 16 44 1220 2000
64 33 65 50 360 2000
162 49 168 61 1640 2000
0 31 15 28 80 2000
183 14 182 31 1520 2000
11 34 25 38 1800 2000
81 144 81 162 1440 2000
66 142 57 151 1740 2000
38 51 54 49 200 2000
20 3 13 14 480 2000
84 33 79 46 840 2000
45 39 28 38 260 2000
28 36 33 24 281 2000
162 22 147 25 1340 2000
31 8 16 5 320 2000
9 29 22 25 1681 2000
16 30 11 17 140 2000
98 18 101 3 1060 2000
64 83 77 78 240 2000
21 23 25 9 420 2000
48 62 60 68 860 2000
36 0 20 2 460 2000
6 12 22 14 20 2000
81 31 94 36 1020 2000
27 8 12 5 520 2000
38 12 29 3 1380 2000
19 106 18 122 621 2000
37 9 46 0 580 2000
12 125 28 124 1301 2000
36 32 46 40 1580 2000
68 87 76 97 560 2000
39 12 37 27 661 2000
10 13 26 11 280 2000
30 57 37 67 781 2000
34 3 41 14 720 2000
95 46 107 52 1080 2000
13 14 23 22 640 2000
26 14 28 30 140 2000
19 62 4 59 440 2000
192 23 203 30 1640 2000
64 24 59 37 420 2000
144 48 147 33 1860 2000
80 54 78 70 620 2000
43 53 59 51 180 2000
4 25 13 17 101 2000
15 20 19 34 40 2000
83 63 66 62 780 2000
27 8 26 25 1800 2000
35 17 32 3 881 2000
70 65 84 62 1341 2000
20 11 22 27 1040 2000
8 13 17 21 221 2000
97 118 107 110 1720 2000
191 41 178 36 1260 2000
14 186 14 204 1380 2000
43 51 40 36 1140 2000
22 6 22 24 580 2000
51 46 36 44 1181 2000
253 34 244 25 1440 2000
49 37 60 30 1220 2000
63 121 56 132 580 2000
63 59 75 65 460 2000
97 55 106 64 620 2000
57 19 42 22 1300 2000
42 23 30 17 1320 2000
94 32 89 44 1761 2000
18 67 17 83 1821 2000
156 78 142 82 740 2000
159 184 163 198 1760 2000
38 56 49 63 700 2000
4 12 14 4 60 2000
2 38 9 49 220 2000
36 110 35 126 1601 2000
26 12 30 26 300 2000
77 24 89 30 360 2000
178 113 177 97 1101 2000
8 46 4 60 260 2000
45 58 29 59 381 2000
100 220 84 222 1980 2000
64 53 60 40 1621 2000
60 39 74 35 1640 2000
59 196 52 207 1800 2000
47 64 47 46 640 2000
148 39 161 44 1160 2000
18 45 19 62 240 2000
68 33 73 45 1741 2000
73 44 72 27 1760 2000
68 39 57 46 960 2000
18 37 8 45 1000 2000
124 70 123 53 1620 2000
10 15 27 16 320 2000
39 65 27 71 300 2000
84 47 91 36 640 2000
17 39 26 30 820 2000
51 26 45 15 741 2000
60 107 54 118 1181 2000
25 156 34 165 1080 2000
11 38 16 26 741 2000
26 95 34 85 1320 2000
28 81 13 78 520 2000
59 114 71 120 800 2000
48 123 31 124 1120 2000
36 114 22 110 1780 2000
14 46 27 41 100 2000
105 37 93 31 660 2000
86 136 81 149 1420 2000
156 131 150 119 1160 2000
13 40 13 58 440 2000
32 61 45 66 200 2000
97 200 113 202 1560 2000
99 75 85 79 620 2000
21 51 38 50 260 2000
72 58 81 67 420 2000
47 56 31 55 301 2000
31 54 46 51 320 2000
22 80 34 86 1380 2000
17 1 3 5 20 2000
129 97 123 109 1300 2000
59 14 66 3 880 2000
99 49 99 31 1060 2000
50 47 34 49 440 2000
67 86 58 95 280 2000
39 63 51 58 481 2000
81 171 66 168 1380 2000
20 35 22 51 160 2000
1 65 16 68 1700 2000
30 18 35 5 620 2000
269 76 253 78 1640 2000
34 103 43 94 760 2000
27 59 13 56 401 2000
34 49 42 39 200 2000
31 85 27 71 220 2000
37 116 29 126 680 2000
71 9 85 13 260 2000
167 154 154 149 1080 2000
36 154 41 167 740 2000
35 111 20 108 1980 2000
80 110 70 102 1620 2000
154 19 143 26 1080 2000
21 145 19 161 820 2000
52 69 66 65 400 2000
136 43 147 50 560 2000
69 41 57 47 1980 2000
18 154 13 166 1281 2000
30 53 20 61 320 2000
19 173 6 178 940 2000
56 122 56 104 1500 2000
127 102 119 112 1160 2000
143 53 157 49 1500 2000
85 124 68 123 1960 2000
127 76 114 81 560 2000
10 192 15 179 1060 2000
12 24 25 29 100 2000
31 175 17 179 1100 2000
60 48 77 49 900 2000
95 59 89 47 460 2000
49 21 54 8 700 2000
24 178 19 191 1180 2000
19 192 7 186 1200 2000
68 16 84 14 1300 2000
37 39 40 24 1220 2000
29 189 39 197 1260 2000
39 196 54 199 1280 2000
46 49 50 63 1320 2000
67 203 61 192 1321 2000
46 195 57 202 1680 2000
30 6 36 18 860 2000
18 47 33 50 160 2000
26 60 30 74 700 2000
28 51 15 56 560 2000
59 130 55 144 1440 2000
63 43 54 34 1220 2000
81 135 89 145 1980 2000
17 120 18 103 520 2000
80 49 70 57 400 2000
37 57 34 72 1500 2000
90 119 105 116 800 2000
52 37 63 44 1200 2000
112 116 126 120 1700 2000
115 43 124 52 900 2000
69 120 65 134 1640 2000
77 142 93 140 1000 2000
81 37 74 48 740 2000
31 87 25 75 1140 2000
11 43 24 48 1060 2000
11 30 21 22 1560 2000
38 62 39 45 1580 2000
29 42 46 43 800 2000
82 167 87 180 1800 2000
6 52 15 61 220 2000
72 13 55 14 800 2000
22 21 29 10 80 2000
15 55 15 37 1780 2000
79 197 82 212 1140 2000
34 72 26 82 820 2000
201 179 191 186 1921 2000
34 33 37 47 1301 2000
16 118 26 110 1780 2000
92 44 76 46 1260 2000
31 32 17 28 1280 2000
60 17 71 10 240 2000
2 12 6 26 140 2000
15 230 20 243 1840 2000
40 143 25 140 1240 2000
15 178 31 176 1280 2000
137 53 127 61 1780 2000
13 50 21 60 1280 2000
62 51 58 64 1301 2000
126 47 125 64 680 2000
16 44 3 49 1700 2000
13 88 13 70 960 2000
23 86 17 98 1200 2000
69 1 67 16 441 2000
19 54 17 38 360 2000
100 94 116 96 1460 2000
84 82 69 80 1321 2000
145 67 142 82 1460 2000
98 47 94 33 1440 2000
31 24 19 18 280 2000
40 14 46 26 420 2000
24 8 41 9 460 2000
4 21 13 30 1560 2000
65 49 50 47 481 2000
17 13 29 7 380 2000
28 74 20 84 380 2000
198 22 181 23 900 2000
81 69 79 54 441 2000
36 66 40 80 1860 2000
82 50 87 63 340 2000
49 64 33 62 1320 2000
29 64 14 67 1800 2000
19 1 11 11 660 2000
51 95 52 111 361 2000
23 87 23 105 540 2000
14 66 30 68 1820 2000
30 35 26 21 320 2000
115 46 104 53 720 2000
128 227 124 241 1800 2000
7 42 6 25 800 2000
69 74 76 85 720 2000
6 5 21 2 840 2000
21 4 34 8 861 2000
34 7 50 9 880 2000
50 8 37 3 900 2000
37 2 25 8 920 2000
59 56 67 46 1920 2000
116 238 113 253 1620 2000
17 61 24 72 860 2000
0 1 16 3 1 2000
11 41 2 50 580 2000
15 32 1 36 1040 2000
52 12 51 29 1860 2000
152 14 146 2 980 2000
2 58 5 73 1100 2000
240 78 237 63 1500 2000
83 159 96 163 1761 2000
14 32 30 30 260 2000
57 17 58 0 1420 2000
25 21 34 13 441 2000
53 49 53 67 1460 2000
40 15 52 9 200 2000
20 46 32 40 260 2000
54 63 47 74 1720 2000
97 55 95 39 1820 2000
59 108 50 117 1440 2000
124 90 127 75 980 2000
156 28 148 38 1140 2000
55 20 55 2 840 2000
99 45 99 27 1140 2000
6 27 2 13 120 2000
49 57 45 43 300 2000
12 6 10 22 60 2000
114 66 115 49 1220 2000
110 111 100 103 800 2000
33 68 42 59 1760 2000
108 3 99 12 840 2000
105 115 116 122 660 2000
91 38 80 44 1941 2000
199 44 193 32 1680 2000
8 50 21 55 1620 2000
15 54 23 64 280 2000
13 45 8 32 1660 2000
12 112 28 114 1860 2000
100 24 100 6 380 2000
3 50 2 33 1720 2000
47 50 56 42 1821 2000
215 97 210 85 1841 2000
56 27 67 34 680 2000
148 28 155 18 801 2000
207 85 199 95 1940 2000
50 66 57 77 1820 2000
7 30 15 40 40 2000
69 81 61 91 1340 2000
18 128 21 113 1460 2000
53 37 65 43 780 2000
152 20 138 24 860 2000
163 13 153 21 1140 2000
73 68 76 53 400 2000
27 121 30 106 1460 2000
39 78 55 80 320 2000
3 142 20 141 1960 2000
17 20 22 7 40 2000
36 72 31 85 1060 2000
170 7 159 14 1400 2000
99 89 97 104 881 2000
19 51 24 64 740 2000
80 293 76 279 1960 2000
26 174 16 167 1161 2000
55 153 39 151 980 2000
22 58 19 73 740 2000
202 104 208 92 1100 2000
32 32 35 17 380 2000
20 41 19 24 160 2000
116 89 126 81 1640 2000
20 9 17 23 101 2000
18 8 12 20 340 2000
126 62 130 48 1060 2000
77 122 91 126 1920 2000
31 125 35 139 980 2000
92 113 104 119 1840 2000
24 100 16 90 1540 2000
98 3 96 19 440 2000
46 17 56 9 480 2000
62 178 77 181 1460 2000
194 16 188 27 1241 2000
52 6 66 2 540 2000
86 19 82 33 1200 2000
13 138 29 136 880 2000
73 41 80 30 1780 2000
21 2 35 6 240 2000
85 88 82 73 1520 2000
94 28 108 32 660 2000
67 163 82 160 1100 2000
55 123 72 124 1820 2000
98 19 83 16 720 2000
210 182 198 176 1660 2000
69 18 61 28 760 2000
61 29 44 30 780 2000
22 30 27 17 780 2000
53 23 53 41 820 2000
160 42 158 58 1460 2000
32 15 44 21 1840 2000
3 115 20 114 1780 2000
53 183 46 194 1580 2000
49 176 65 174 1720 2000
1 15 17 13 180 2000
9 28 7 44 120 2000
40 56 32 46 980 2000
14 23 19 10 80 2000
32 34 32 52 140 2000
71 34 88 33 1360 2000
41 60 55 56 320 2000
44 8 50 19 1601 2000
0 1 7 12 1 2000
83 72 68 69 1480 2000
65 81 52 86 740 2000
44 107 50 119 1400 2000
12 58 2 66 140 2000
111 13 108 28 940 2000
38 28 36 44 660 2000
45 158 43 142 720 2000
46 141 54 150 1421 2000
0 1 11 8 1 2000
32 41 26 53 200 2000
32 19 15 18 80 2000
96 65 95 82 720 2000
100 5 88 11 400 2000
93 41 108 39 801 2000
1 11 10 2 100 2000
77 95 81 109 1420 2000
10 66 19 75 980 2000
85 97 88 112 1460 2000
76 85 83 74 1120 2000
12 26 9 11 140 2000
13 18 13 0 120 2000
109 76 104 89 920 2000
7 75 20 71 561 2000
18 86 7 79 1100 2000
73 44 83 36 1720 2000
91 22 91 4 720 2000
210 45 200 37 1560 2000
161 34 153 24 560 2000
38 45 21 46 1560 2000
64 178 75 185 1860 2000
33 68 38 80 421 2000
18 180 4 184 1180 2000
128 112 142 108 1780 2000
99 57 96 72 1740 2000
38 139 43 126 1800 2000
121 65 119 81 1940 2000
39 114 25 118 1840 2000
27 136 26 119 1360 2000
78 57 89 64 280 2000
40 136 37 121 1900 2000
54 121 50 135 960 2000
169 25 170 8 1620 2000
39 146 43 132 1680 2000
32 0 32 18 60 2000
47 110 45 126 1160 2000
10 8 9 25 20 2000
62 54 66 40 380 2000
47 17 36 11 1281 2000
31 45 42 38 340 2000
4 62 16 68 100 2000
32 81 26 69 1960 2000
45 25 49 39 540 2000
21 70 27 82 1160 2000
133 31 149 29 1100 2000
227 94 214 99 1040 2000
57 15 58 31 321 2000
21 45 33 51 1460 2000
58 93 52 81 1440 2000
15 92 7 83 1701 2000
98 143 94 129 1440 2000
112 78 103 69 580 2000
42 11 38 25 840 2000
101 6 100 23 360 2000
24 71 16 81 880 2000
15 37 26 30 60 2000
88 10 98 2 420 2000
27 38 21 50 520 2000
68 101 59 93 981 2000
24 26 21 41 260 2000
34 24 45 30 401 2000
26 50 42 48 140 2000
145 101 158 96 740 2000
160 36 149 29 780 2000
23 7 14 16 140 2000
50 138 62 144 820 2000
22 36 5 37 140 2000
131 130 138 119 1000 2000
22 28 16 16 180 2000
64 109 71 120 1280 2000
218 42 218 60 1740 2000
2 67 7 80 160 2000
105 9 93 3 740 2000
13 7 9 21 60 2000
87 28 81 16 1120 2000
19 18 24 31 320 2000
17 14 34 15 400 2000
65 8 76 15 840 2000
76 14 88 8 860 2000
78 18 89 25 1020 2000
46 23 31 20 440 2000
33 80 42 71 280 2000
19 42 30 48 1101 2000
27 86 38 79 880 2000
11 14 22 7 560 2000
36 51 35 68 520 2000
5 66 15 74 760 2000
72 107 89 108 640 2000
22 172 17 185 1940 2000
29 76 30 59 760 2000
51 95 40 89 481 2000
43 25 49 13 540 2000
55 113 69 117 620 2000
77 54 75 38 440 2000
23 42 26 56 261 2000
42 70 32 62 300 2000
160 92 144 94 900 2000
45 125 55 117 1500 2000
53 64 62 55 1080 2000
88 52 90 68 1420 2000
234 161 218 162 1701 2000
26 68 15 75 1980 2000
67 11 68 28 1340 2000
11 26 13 42 1280 2000
73 17 65 27 1380 2000
143 14 129 18 1760 2000
51 33 49 17 1420 2000
0 1 10 9 1 2000
72 26 87 23 1780 2000
35 42 35 24 1480 2000
34 50 47 55 340 2000
18 143 19 160 1040 2000
123 59 112 52 1020 2000
152 23 168 25 1640 2000
186 106 189 121 1060 2000
188 122 198 115 841 2000
161 28 145 29 1941 2000
60 25 69 16 1640 2000
49 33 51 17 620 2000
16 90 11 103 900 2000
15 35 30 32 380 2000
72 209 79 198 1120 2000
66 71 62 57 1560 2000
73 41 71 25 780 2000
66 138 64 154 980 2000
170 173 186 175 1840 2000
31 42 17 39 141 2000
13 9 2 2 660 2000
22 13 24 29 80 2000
81 50 86 37 1880 2000
65 17 72 28 940 2000
247 119 256 128 1980 2000
93 63 79 59 1940 2000
107 125 93 129 1100 2000
95 81 82 86 500 2000
0 1 12 7 1 2000
60 71 53 60 960 2000
70 101 55 98 1640 2000
47 25 35 30 961 2000
44 91 35 100 920 2000
28 233 39 226 1760 2000
35 60 35 78 1120 2000
45 151 41 137 1660 2000
53 38 53 20 1640 2000
15 31 32 30 300 2000
125 29 126 12 1300 2000
37 30 41 44 1520 2000
16 137 10 149 1960 2000
38 65 26 59 1520 2000
19 32 34 29 1520 2000
22 80 22 98 1980 2000
49 37 35 41 1460 2000
86 192 101 195 1900 2000
89 53 93 39 580 2000
40 64 30 71 361 2000
81 74 76 86 1101 2000
51 63 37 67 1500 2000
21 20 15 8 400 2000
15 247 32 246 1340 2000
147 4 146 21 1200 2000
93 47 84 38 820 2000
115 56 121 44 520 2000
146 88 161 91 820 2000
20 32 31 25 260 2000
7 123 8 106 340 2000
138 40 132 29 601 2000
24 43 37 38 200 2000
15 131 1 127 940 2000
174 85 185 79 1101 2000
64 148 77 143 980 2000
155 79 170 82 940 2000
97 121 87 129 1780 2000
15 62 12 77 560 2000
47 56 38 65 360 2000
77 4 94 5 1160 2000
3 20 8 33 360 2000
137 43 137 60 1561 2000
232 83 232 101 1720 2000
175 47 187 41 860 2000
87 39 79 49 860 2000
22 15 20 31 40 2000
162 33 176 37 920 2000
43 50 52 41 400 2000
17 74 28 81 920 2000
164 2 161 17 1300 2000
15 5 7 15 20 2000
2 24 17 21 1020 2000
177 56 186 65 1040 2000
186 66 185 83 1060 2000
48 216 48 234 1420 2000
13 16 28 13 280 2000
25 22 15 14 600 2000
17 40 4 35 280 2000
49 51 44 38 180 2000
17 229 32 226 1500 2000
89 60 92 45 800 2000
59 17 57 33 500 2000
100 123 111 130 1040 2000
40 118 51 111 460 2000
58 29 60 13 1360 2000
4 29 6 45 680 2000
153 23 152 6 580 2000
35 31 50 28 340 2000
164 163 156 173 1360 2000
84 109 71 105 861 2000
34 112 37 97 700 2000
28 32 13 35 140 2000
62 118 74 112 1020 2000
146 32 149 17 500 2000
28 12 40 6 1380 2000
173 211 163 219 1500 2000
150 53 135 50 1520 2000
41 35 39 51 420 2000
32 71 42 78 1261 2000
44 58 47 73 820 2000
69 35 85 33 1460 2000
61 81 61 63 1980 2000
17 40 26 31 320 2000
213 36 216 21 1600 2000
5 119 17 113 380 2000
57 34 72 31 520 2000
57 38 49 48 680 2000
98 274 104 262 1740 2000
47 74 55 84 840 2000
70 65 86 63 560 2000
185 26 199 30 1120 2000
125 263 142 262 1820 2000
31 73 35 87 300 2000
14 53 19 65 1181 2000
61 121 66 109 761 2000
55 99 66 92 1660 2000
167 108 180 103 1360 2000
45 48 41 34 400 2000
35 91 33 107 1980 2000
58 142 45 137 900 2000
27 28 39 34 440 2000
15 3 20 16 20 2000
74 35 61 31 461 2000
55 20 57 4 520 2000
4 11 16 5 400 2000
116 50 116 32 780 2000
126 121 140 117 1720 2000
24 29 14 36 581 2000
213 147 212 131 1841 2000
55 54 49 66 1840 2000
99 117 109 109 1020 2000
20 22 35 25 420 2000
65 4 79 7 901 2000
33 43 42 52 260 2000
42 51 59 52 280 2000
59 51 74 48 300 2000
16 30 23 19 140 2000
155 152 172 151 960 2000
173 74 156 73 1680 2000
53 165 50 180 1820 2000
34 78 22 84 1420 2000
104 85 115 91 421 2000
30 35 28 19 1040 2000
24 252 11 257 1740 2000
219 48 221 64 1560 2000
101 83 92 92 500 2000
48 66 52 79 641 2000
23 113 7 111 820 2000
102 33 106 19 1880 2000
86 48 87 65 580 2000
10 24 25 26 1641 2000
88 32 74 36 1220 2000
43 70 46 85 1520 2000
13 29 29 27 60 2000
12 102 4 112 580 2000
94 90 98 76 660 2000
90 128 96 116 1660 2000
52 20 39 15 1220 2000
47 145 57 137 940 2000
55 37 59 23 420 2000
144 63 137 52 1760 2000
25 101 42 102 1980 2000
29 3 13 1 140 2000
51 52 58 63 240 2000
36 97 41 84 1080 2000
94 184 108 180 1500 2000
32 97 33 80 600 2000
178 92 187 83 1180 2000
50 35 39 42 720 2000
52 31 44 21 560 2000
75 117 87 111 1340 2000
77 97 72 84 1020 2000
72 83 57 86 1040 2000
87 71 70 70 1940 2000
132 201 120 195 1960 2000
151 48 147 34 1080 2000
19 53 34 51 441 2000
77 63 81 49 1980 2000
59 80 48 73 1160 2000
35 40 40 27 240 2000
34 76 26 85 1201 2000
89 52 97 42 520 2000
3 30 13 22 40 2000
48 55 42 43 880 2000
24 108 14 116 1100 2000
73 119 67 107 1220 2000
85 23 90 36 1780 2000
87 137 98 144 1420 2000
140 57 151 64 840 2000
36 67 44 77 800 2000
22 227 37 224 1800 2000
49 52 60 46 1421 2000
32 41 22 48 821 2000
7 66 24 67 360 2000
71 46 86 44 901 2000
117 69 122 57 1241 2000
184 3 188 17 1080 2000
33 21 36 36 460 2000
35 17 31 31 740 2000
49 24 45 10 640 2000
164 34 162 50 1620 2000
110 125 104 113 920 2000
32 186 33 169 1140 2000
8 232 9 249 1940 2000
68 68 62 56 1140 2000
89 58 74 61 1040 2000
51 23 49 39 420 2000
43 103 53 111 1540 2000
9 38 25 40 1760 2000
38 259 30 250 1301 2000
2 15 11 7 21 2000
25 39 28 24 1820 2000
37 50 35 34 560 2000
64 155 56 145 1400 2000
29 8 45 6 400 2000
68 39 77 48 520 2000
65 42 54 35 800 2000
132 42 142 34 1820 2000
70 25 75 38 1960 2000
184 82 179 94 1081 2000
85 47 93 37 1660 2000
66 40 52 36 580 2000
10 6 15 19 1660 2000
108 65 112 79 560 2000
27 54 34 65 1400 2000
189 19 201 25 1540 2000
98 82 101 67 980 2000
34 117 31 102 1320 2000
30 84 37 94 401 2000
74 23 88 27 1280 2000
116 144 102 140 1340 2000
9 54 19 62 1040 2000
37 76 47 84 1200 2000
61 75 55 87 260 2000
12 8 27 5 20 2000
42 52 49 41 1900 2000
73 43 66 32 1540 2000
20 44 33 49 180 2000
40 101 26 105 360 2000
26 106 27 89 380 2000
176 36 183 25 940 2000
38 26 39 9 860 2000
16 168 26 160 1180 2000
53 15 42 8 340 2000
10 30 4 19 161 2000
16 78 23 67 460 2000
36 15 33 30 200 2000
33 115 28 102 1220 2000
24 43 17 54 160 2000
80 61 69 68 1000 2000
86 214 72 210 1100 2000
10 98 2 88 620 2000
2 87 6 101 640 2000
48 44 39 53 1420 2000
54 115 70 113 560 2000
94 15 99 2 1000 2000
21 17 16 4 300 2000
5 28 12 17 80 2000
209 22 214 35 1800 2000
55 82 41 78 1040 2000
54 111 37 112 1120 2000
0 37 0 55 1960 2000
31 30 42 36 1461 2000
65 212 75 220 1720 2000
51 46 68 47 720 2000
29 135 24 122 900 2000
14 25 18 11 200 2000
19 54 26 43 200 2000
140 258 137 243 1940 2000
48 123 51 108 920 2000
56 54 69 59 1180 2000
21 41 18 26 140 2000
30 30 44 26 1220 2000
4 24 14 16 60 2000
229 67 224 80 1660 2000
31 110 47 108 1320 2000
31 40 42 33 400 2000
73 34 70 49 680 2000
213 41 226 36 1340 2000
7 105 0 116 1180 2000
12 49 9 64 560 2000
64 187 47 186 760 2000
139 13 139 31 1780 2000
30 29 15 32 280 2000
26 104 22 90 1100 2000
82 33 96 30 901 2000
12 4 26 0 540 2000
26 24 38 18 220 2000
60 127 46 123 800 2000
21 101 4 102 1380 2000
25 19 16 10 780 2000
38 98 37 115 660 2000
8 111 15 122 1440 2000
7 13 21 9 20 2000
28 73 13 70 1560 2000
13 51 20 62 300 2000
26 20 19 31 1500 2000
105 76 104 93 1280 2000
17 43 21 29 1220 2000
30 44 14 42 180 2000
17 87 32 84 500 2000
61 93 76 96 1500 2000
15 71 7 61 300 2000
1 12 18 13 280 2000
180 97 194 93 1560 2000
29 123 38 132 1700 2000
103 54 113 46 1000 2000
54 7 56 23 720 2000
19 31 24 18 100 2000
125 80 115 88 840 2000
45 40 43 25 1141 2000
30 249 15 246 1320 2000
70 24 70 42 700 2000
60 45 69 36 1440 2000
63 38 78 35 720 2000
0 1 4 15 1 2000
197 35 184 30 1780 2000
14 36 30 34 300 2000
10 36 25 33 60 2000
28 267 16 261 1640 2000
43 142 31 148 720 2000
26 218 29 203 1380 2000
111 58 117 70 1160 2000
35 60 40 47 320 2000
94 105 85 96 1040 2000
17 17 25 7 260 2000
140 119 133 108 1240 2000
44 198 39 210 1801 2000
81 62 75 50 560 2000
86 87 88 71 680 2000
36 18 33 3 180 2000
42 60 42 78 220 2000
116 24 116 42 1620 2000
28 36 33 23 140 2000
14 110 21 120 1481 2000
42 29 52 37 1760 2000
94 70 106 76 1220 2000
34 0 47 5 100 2000
114 6 131 5 540 2000
19 205 11 195 1540 2000
84 209 81 224 1240 2000
120 42 125 30 1281 2000
148 275 132 276 1901 2000
43 57 50 68 420 2000
154 49 152 65 800 2000
53 47 36 48 500 2000
36 49 33 64 520 2000
71 90 60 97 1160 2000
56 144 59 129 1420 2000
55 64 63 54 1920 2000
52 66 65 61 1420 2000
40 31 46 20 141 2000
82 79 98 81 960 2000
34 19 40 7 640 2000
113 45 101 39 1020 2000
45 72 32 76 821 2000
37 59 28 67 561 2000
6 14 23 13 20 2000
125 267 114 274 1700 2000
69 108 66 123 840 2000
60 42 50 34 860 2000
33 59 19 63 300 2000
40 43 38 27 400 2000
210 94 227 93 1020 2000
31 32 29 48 880 2000
0 2 15 4 2 2000
165 87 150 90 1820 2000
22 38 22 56 940 2000
6 128 13 139 1220 2000
46 1 39 12 600 2000
13 58 29 60 1000 2000
58 131 67 122 1560 2000
31 60 33 76 1400 2000
125 217 117 227 1700 2000
78 126 90 120 740 2000
103 3 113 11 1140 2000
5 12 21 13 21 2000
168 80 161 91 1140 2000
39 101 36 115 1761 2000
33 116 24 107 1080 2000
163 117 153 109 1580 2000
27 103 15 109 1220 2000
207 112 202 125 1560 2000
102 63 105 78 1760 2000
29 131 15 134 1281 2000
83 73 83 91 1140 2000
64 21 66 5 1720 2000
33 11 32 28 1620 2000
43 61 38 48 220 2000
32 44 43 51 380 2000
73 16 63 23 381 2000
44 17 27 18 1160 2000
7 13 19 7 20 2000
35 18 43 8 400 2000
35 114 34 131 1200 2000
19 5 30 12 380 2000
29 28 15 24 400 2000
114 79 129 76 1600 2000
16 92 33 91 1460 2000
68 63 56 57 440 2000
29 170 42 165 1360 2000
136 40 132 54 940 2000
49 55 59 47 620 2000
70 36 83 41 300 2000
40 27 36 41 120 2000
123 67 121 51 1100 2000
48 62 51 77 1300 2000
41 28 25 27 981 2000
23 58 33 50 1760 2000
19 47 9 39 340 2000
50 10 47 25 620 2000
85 83 70 86 660 2000
107 82 106 99 560 2000
66 79 67 62 1800 2000
35 64 42 53 1880 2000
125 44 136 37 880 2000
101 94 102 77 1160 2000
65 39 51 43 1940 2000
177 134 175 118 800 2000
147 31 156 22 900 2000
15 17 14 34 140 2000
13 5 30 6 20 2000
68 138 58 130 540 2000
14 62 8 74 1580 2000
140 101 156 103 1080 2000
13 23 2 16 60 2000
43 16 54 9 120 2000
10 112 10 94 1940 2000
59 92 46 87 1040 2000
208 91 193 88 1120 2000
134 201 125 209 1781 2000
119 27 111 37 1820 2000
104 115 115 108 920 2000
36 58 49 63 1140 2000
32 27 33 44 280 2000
33 46 33 29 301 2000
119 52 118 69 440 2000
14 44 0 41 121 2000
12 41 17 54 120 2000
55 86 68 90 501 2000
123 105 134 112 860 2000
133 13 129 27 1540 2000
64 32 57 43 1220 2000
135 48 140 36 1861 2000
185 80 168 79 1120 2000
28 83 28 65 600 2000
15 158 27 152 1760 2000
55 1 57 17 860 2000
38 20 23 23 500 2000
99 16 84 13 760 2000
62 65 50 71 560 2000
55 21 64 12 620 2000
189 156 173 154 1880 2000
47 14 42 27 200 2000
10 10 23 5 20 2000
37 83 54 82 1740 2000
39 39 48 30 180 2000
59 52 59 70 200 2000
155 161 167 155 1060 2000
6 14 11 1 20 2000
4 54 3 37 100 2000
101 49 118 50 500 2000
20 62 37 61 1180 2000
68 96 85 97 860 2000
147 115 142 128 1940 2000
76 106 66 98 900 2000
20 52 36 54 460 2000
75 91 82 80 940 2000
64 51 71 40 640 2000
129 74 127 58 1800 2000
101 68 106 55 1000 2000
0 1 15 4 1 2000
112 59 95 58 960 2000
54 151 52 135 1440 2000
71 54 84 59 1640 2000
103 27 102 44 1100 2000
34 17 34 34 301 2000
18 23 13 36 440 2000
83 40 98 43 1160 2000
9 65 20 58 580 2000
88 34 97 43 540 2000
14 65 30 66 341 2000
66 41 70 27 1240 2000
157 26 159 42 1920 2000
14 69 26 63 520 2000
26 32 32 20 1580 2000
17 1 12 14 20 2000
101 102 105 116 640 2000
20 44 7 49 180 2000
144 41 156 47 560 2000
106 18 106 0 1900 2000
44 31 53 22 800 2000
151 74 144 64 1741 2000
214 100 207 89 1060 2000
82 32 77 44 601 2000
38 70 51 75 1500 2000
157 48 160 33 1520 2000
50 35 63 40 480 2000
23 11 37 7 340 2000
45 51 45 69 1580 2000
113 103 104 94 1140 2000
18 35 20 19 200 2000
18 25 1 24 80 2000
29 40 15 44 480 2000
13 43 18 56 100 2000
51 23 37 27 1700 2000
23 56 22 39 320 2000
139 115 132 126 900 2000
24 18 20 31 1761 2000
163 104 171 94 1160 2000
194 44 210 46 1540 2000
44 38 43 55 1820 2000
94 77 94 95 1760 2000
35 35 20 38 580 2000
61 162 59 146 800 2000
1 0 9 10 40 2000
10 79 24 83 1920 2000
37 106 49 111 1021 2000
119 159 111 149 1260 2000
24 121 20 135 1000 2000
18 61 31 56 1000 2000
62 54 55 65 580 2000
97 20 80 21 1200 2000
55 149 43 143 700 2000
4 37 4 55 80 2000
34 73 45 66 720 2000
75 117 92 118 1340 2000
16 34 27 27 140 2000
61 49 76 52 500 2000
40 24 30 32 180 2000
30 14 20 6 260 2000
13 33 20 22 220 2000
124 47 118 59 1920 2000
76 54 78 69 961 2000
127 53 124 38 580 2000
20 43 24 57 80 2000
9 70 10 87 920 2000
46 57 45 40 240 2000
40 33 48 43 360 2000
36 42 41 55 140 2000
22 1 38 3 120 2000
10 10 16 22 20 2000
52 28 43 37 300 2000
202 62 202 44 1300 2000
48 139 60 145 920 2000
34 164 17 163 1500 2000
151 94 154 79 840 2000
83 59 70 64 540 2000
39 57 49 65 1300 2000
40 37 31 28 360 2000
70 67 60 59 600 2000
37 95 24 100 420 2000
4 111 12 101 560 2000
145 79 134 72 1020 2000
60 5 49 12 1720 2000
41 30 57 28 800 2000
12 5 12 23 320 2000
58 11 70 5 1880 2000
50 6 47 21 140 2000
153 39 145 29 700 2000
108 38 114 50 820 2000
44 3 43 20 80 2000
92 101 95 86 1160 2000
50 25 65 28 400 2000
24 34 21 19 380 2000
64 40 57 29 780 2000
59 209 51 219 1700 2000
50 1 53 16 480 2000
70 38 62 28 540 2000
115 23 131 21 980 2000
0 1 17 0 1 2000
172 76 187 79 1740 2000
22 132 7 129 1740 2000
45 32 29 33 501 2000
78 81 88 73 1880 2000
150 43 137 38 840 2000
34 37 48 33 1320 2000
36 63 49 58 400 2000
18 145 35 146 680 2000
64 100 74 92 1140 2000
41 55 42 38 180 2000
91 129 87 115 1180 2000
177 38 191 42 1240 2000
6 77 9 62 240 2000
26 17 28 33 1600 2000
24 98 40 97 841 2000
10 73 25 76 960 2000
56 154 68 149 1561 2000
13 118 15 133 301 2000
226 18 218 28 1380 2000
36 86 34 102 740 2000
53 129 62 121 1601 2000
62 178 71 187 940 2000
51 37 41 45 300 2000
31 31 19 36 321 2000
148 66 145 52 1601 2000
41 41 40 58 420 2000
46 168 57 161 1820 2000
28 23 36 13 240 2000
15 30 28 35 120 2000
39 105 32 94 1300 2000
132 62 127 75 860 2000
174 32 165 23 1500 2000
168 23 160 14 1661 2000
39 42 22 43 240 2000
59 20 62 5 200 2000
18 177 35 178 880 2000
8 32 20 38 380 2000
170 21 179 30 1760 2000
23 46 28 33 120 2000
132 25 148 27 960 2000
53 188 49 174 1840 2000
41 26 39 42 760 2000
163 15 159 29 1860 2000
88 60 92 74 820 2000
42 66 52 74 580 2000
106 15 92 19 520 2000
34 4 30 18 60 2000
35 163 26 172 740 2000
78 19 70 9 1360 2000
0 1 7 12 1 2000
63 28 58 41 1720 2000
71 39 82 46 740 2000
36 56 20 58 540 2000
57 64 63 75 261 2000
22 113 38 115 1560 2000
23 52 23 34 120 2000
23 33 15 23 140 2000
15 24 24 15 160 2000
44 120 51 131 460 2000
21 0 20 17 200 2000
41 83 34 72 1100 2000
112 67 124 61 680 2000
129 28 145 26 1560 2000
73 201 73 219 1460 2000
104 115 97 105 941 2000
48 79 33 76 1080 2000
41 21 29 27 300 2000
39 264 34 251 1760 2000
6 81 10 67 960 2000
25 77 16 86 980 2000
24 13 24 30 101 2000
7 2 22 5 600 2000
21 148 25 162 1080 2000
180 145 179 162 1320 2000
11 258 22 251 1760 2000
21 129 18 144 1020 2000
10 0 27 1 60 2000
21 98 7 102 1520 2000
32 89 41 80 1680 2000
92 119 99 108 840 2000
18 77 15 92 360 2000
21 56 7 52 440 2000
53 13 53 31 460 2000
34 41 40 29 680 2000
129 34 140 27 1520 2000
121 57 138 58 740 2000
157 4 171 8 1480 2000
221 31 208 26 1420 2000
128 105 128 123 1240 2000
27 39 33 27 300 2000
40 95 37 110 1400 2000
23 49 17 60 841 2000
39 13 44 0 460 2000
131 20 147 18 1000 2000
53 53 41 59 380 2000
55 15 65 7 820 2000
92 44 84 34 820 2000
91 58 107 60 400 2000
22 86 35 91 580 2000
138 23 147 32 880 2000
48 67 34 71 1400 2000
163 218 171 228 1520 2000
214 110 216 126 1580 2000
131 14 146 11 440 2000
62 41 48 45 320 2000
21 17 36 14 180 2000
189 199 199 192 1881 2000
72 78 80 68 1740 2000
55 35 46 44 580 2000
16 65 5 72 1200 2000
46 142 58 136 1380 2000
3 124 16 129 1800 2000
22 24 12 32 1700 2000
28 48 12 50 1220 2000
40 88 47 77 1420 2000
28 168 37 159 1820 2000
12 14 21 5 540 2000
70 105 54 103 440 2000
29 63 23 51 1380 2000
10 34 26 32 220 2000
19 37 9 29 1420 2000
81 88 86 101 1680 2000
0 40 0 58 1460 2000
47 101 33 97 1900 2000
119 33 132 38 1060 2000
20 30 35 27 1780 2000
53 50 55 66 840 2000
28 59 28 41 1920 2000
40 96 36 110 540 2000
162 196 166 182 1420 2000
49 23 48 40 1940 2000
33 65 49 64 201 2000
31 149 21 141 740 2000
23 76 28 63 1080 2000
109 214 125 216 1680 2000
80 83 76 69 1000 2000
100 3 109 12 760 2000
17 135 17 117 1380 2000
9 17 16 6 140 2000
8 44 12 58 740 2000
31 198 34 183 1480 2000
1 18 16 21 80 2000
177 11 170 22 1740 2000
21 21 35 17 340 2000
14 110 31 109 1300 2000
56 43 72 41 1840 2000
65 62 73 52 1440 2000
43 96 59 94 1960 2000
59 95 43 97 1980 2000
16 50 33 51 1020 2000
114 95 124 87 960 2000
20 13 14 25 40 2000
14 24 31 25 60 2000
31 26 33 10 80 2000
33 11 26 22 100 2000
111 89 115 102 1841 2000
103 49 111 59 860 2000
37 22 39 6 920 2000
18 13 11 3 101 2000
0 1 8 11 1 2000
18 10 11 21 220 2000
0 1 6 13 1 2000
168 75 155 80 920 2000
16 2 24 12 20 2000
47 23 34 28 700 2000
37 69 52 66 1860 2000
62 159 46 161 840 2000
186 100 188 116 900 2000
43 119 38 132 1300 2000
135 35 135 53 1700 2000
101 76 113 70 1920 2000
7 32 5 48 560 2000
59 24 52 13 1840 2000
17 15 12 2 1380 2000
12 60 29 59 500 2000
33 153 40 142 1220 2000
41 117 35 105 900 2000
55 95 55 78 761 2000
37 95 46 104 580 2000
46 105 55 114 600 2000
9 235 2 246 1860 2000
27 75 16 68 820 2000
55 110 62 99 1680 2000
69 132 67 116 680 2000
50 65 47 51 221 2000
237 62 221 60 1520 2000
16 70 0 72 1140 2000
47 29 45 45 260 2000
66 108 68 124 780 2000
67 138 60 128 781 2000
144 29 133 22 1360 2000
51 101 34 100 1620 2000
17 224 8 233 1920 2000
80 48 63 47 1780 2000
108 74 112 60 940 2000
137 46 133 32 1080 2000
3 43 16 38 1020 2000
126 104 130 90 1820 2000
106 136 105 153 980 2000
8 95 24 97 1000 2000
40 76 42 92 1580 2000
125 135 114 142 1540 2000
0 20 5 33 20 2000
93 30 103 22 680 2000
27 90 26 74 1981 2000
112 94 107 107 1540 2000
103 66 98 79 640 2000
3 25 1 9 60 2000
102 78 104 94 1180 2000
38 19 28 11 240 2000
39 19 25 15 220 2000
17 20 4 25 40 2000
9 51 12 66 660 2000
124 41 113 34 1280 2000
113 35 127 39 1300 2000
127 38 138 31 1320 2000
37 90 21 88 440 2000
53 18 38 21 480 2000
87 93 74 88 1820 2000
13 55 29 57 420 2000
27 50 34 40 661 2000
36 51 49 56 280 2000
114 110 110 124 900 2000
21 112 13 122 1000 2000
36 14 32 28 260 2000
44 58 54 50 1420 2000
12 64 7 77 140 2000
62 17 55 6 160 2000
170 9 171 26 1640 2000
80 10 66 13 1601 2000
34 92 20 96 1420 2000
21 213 13 204 1281 2000
227 39 236 48 1900 2000
39 221 33 209 1860 2000
51 37 56 24 1500 2000
109 36 116 47 960 2000
67 29 50 30 1740 2000
74 19 73 2 520 2000
12 20 26 24 260 2000
50 37 47 52 1800 2000
126 33 136 41 920 2000
57 18 69 12 240 2000
10 81 21 74 1240 2000
9 9 11 25 20 2000
50 63 53 48 720 2000
155 62 162 73 1800 2000
57 1 71 5 1940 2000
30 63 18 69 1800 2000
36 111 33 126 560 2000
22 115 9 110 1040 2000
33 132 34 115 1720 2000
52 36 58 24 1780 2000
18 70 13 57 980 2000
101 21 99 5 1020 2000
18 21 20 36 101 2000
174 111 186 105 1000 2000
33 15 20 20 100 2000
8 89 5 74 1240 2000
40 34 40 16 180 2000
155 172 170 174 1821 2000
19 31 36 30 60 2000
65 42 63 58 560 2000
37 125 37 108 1001 2000
85 14 98 9 280 2000
51 52 51 70 160 2000
42 47 27 50 160 2000
67 33 66 16 500 2000
165 38 168 53 1440 2000
85 64 91 76 1760 2000
14 6 7 17 60 2000
7 76 18 69 160 2000
28 80 37 71 940 2000
117 54 116 38 461 2000
24 115 38 119 1120 2000
66 61 66 79 800 2000
27 62 29 46 440 2000
122 135 117 148 1920 2000
21 41 23 25 1460 2000
156 38 155 21 580 2000
29 97 31 113 1820 2000
11 7 26 10 20 2000
31 105 42 98 820 2000
29 3 45 2 41 2000
138 38 153 40 681 2000
47 30 55 40 680 2000
108 205 97 198 1000 2000
46 26 48 42 1900 2000
12 17 12 35 80 2000
74 63 63 70 1400 2000
146 41 163 40 800 2000
53 115 67 119 900 2000
167 26 179 20 840 2000
26 108 14 114 1580 2000
36 170 49 175 1380 2000
100 11 86 7 720 2000
87 92 101 96 600 2000
28 23 15 28 840 2000
21 59 27 71 140 2000
57 177 53 164 1761 2000
26 112 9 111 1860 2000
0 2 3 16 2 2000
16 49 9 38 920 2000
104 76 112 66 660 2000
88 18 74 22 1260 2000
10 54 0 47 881 2000
3 6 8 19 40 2000
81 131 69 137 1820 2000
133 95 143 102 1521 2000
7 79 5 63 180 2000
74 29 77 14 960 2000
172 18 184 12 1220 2000
14 42 27 47 1100 2000
55 206 65 214 1000 2000
69 23 77 33 420 2000
23 27 19 13 180 2000
58 39 51 50 320 2000
83 48 99 46 1120 2000
18 163 29 169 1341 2000
31 17 42 10 820 2000
23 151 23 169 1700 2000
20 63 29 71 1661 2000
41 13 27 9 340 2000
23 235 25 251 1940 2000
158 59 150 69 1480 2000
64 38 59 51 1980 2000
18 8 21 23 220 2000
59 20 48 13 440 2000
21 56 13 46 1640 2000
62 48 70 58 740 2000
41 104 26 101 1320 2000
55 34 67 28 1720 2000
139 56 150 49 1080 2000
195 19 209 23 1780 2000
52 280 55 295 1740 2000
40 26 43 41 1380 2000
131 78 143 84 1440 2000
116 12 124 22 580 2000
88 94 95 83 980 2000
9 56 15 68 960 2000
39 52 42 37 320 2000
176 58 175 75 1220 2000
169 4 159 12 1840 2000
212 114 216 100 1500 2000
143 14 159 16 1880 2000
32 79 35 64 1000 2000
143 19 148 32 1580 2000
16 13 22 25 520 2000
218 190 222 176 1580 2000
179 8 179 26 1120 2000
33 56 38 69 840 2000
25 34 8 33 80 2000
65 110 65 128 640 2000
36 101 43 112 1320 2000
17 37 0 36 1940 2000
10 88 21 81 940 2000
27 10 27 28 1800 2000
61 172 48 177 1720 2000
54 3 62 13 160 2000
21 31 21 13 100 2000
49 10 33 8 200 2000
79 136 91 130 1160 2000
12 71 15 57 1861 2000
0 1 5 14 1 2000
49 90 52 76 1861 2000
59 49 54 36 300 2000
113 58 127 54 560 2000
16 55 11 42 1040 2000
65 43 53 49 820 2000
56 22 54 38 180 2000
62 25 61 42 400 2000
33 6 37 20 440 2000
38 119 42 105 440 2000
39 225 27 231 1580 2000
108 263 125 262 1800 2000
63 41 78 44 500 2000
9 134 8 151 1360 2000
71 53 65 41 540 2000
41 20 53 26 760 2000
51 39 34 38 1300 2000
43 93 47 107 380 2000
63 59 74 66 580 2000
72 42 66 30 1860 2000
31 3 14 2 820 2000
194 20 198 6 1180 2000
8 152 22 156 1260 2000
184 95 194 103 1880 2000
73 119 90 118 780 2000
180 44 192 38 1140 2000
9 56 22 51 640 2000
16 88 32 90 1020 2000
103 75 93 67 1220 2000
67 14 68 31 360 2000
151 63 151 81 860 2000
17 54 21 68 360 2000
27 53 12 50 260 2000
59 42 64 29 800 2000
156 88 162 100 940 2000
176 23 193 22 1080 2000
157 111 174 112 980 2000
57 103 45 97 1900 2000
64 13 57 2 640 2000
115 67 123 57 1820 2000
42 110 36 122 1260 2000
23 154 8 152 781 2000
89 61 72 62 1260 2000
17 21 18 38 980 2000
20 25 17 10 360 2000
134 61 142 71 1640 2000
208 46 206 30 1380 2000
36 29 37 12 1240 2000
43 67 49 55 1940 2000
130 95 135 82 680 2000
41 31 42 14 1900 2000
31 53 41 61 300 2000
33 92 18 89 1480 2000
55 20 45 12 520 2000
14 67 14 50 981 2000
56 87 70 91 800 2000
42 96 42 78 1540 2000
90 58 101 65 1540 2000
46 194 31 197 1460 2000
52 115 69 116 1600 2000
45 31 32 27 1281 2000
20 25 18 9 320 2000
80 150 77 136 1441 2000
31 4 44 9 1960 2000
161 44 161 26 1480 2000
40 79 29 72 520 2000
138 115 123 117 1781 2000
19 13 13 1 60 2000
243 77 230 82 1620 2000
63 73 61 89 780 2000
17 98 14 83 1880 2000
224 79 226 95 1680 2000
226 94 232 82 1700 2000
32 22 42 30 1740 2000
28 5 24 19 40 2000
30 75 36 87 720 2000
23 52 19 38 1400 2000
232 113 249 112 1800 2000
90 47 99 56 1720 2000
23 19 19 33 60 2000
50 72 35 75 580 2000
29 69 34 56 1140 2000
37 68 27 76 800 2000
250 133 249 116 1920 2000
66 254 60 242 1660 2000
87 112 93 124 1360 2000
80 263 81 279 1861 2000
1 36 12 29 680 2000
156 44 149 55 860 2000
67 57 66 74 780 2000
113 82 118 70 1221 2000
12 9 22 1 1920 2000
4 37 18 41 240 2000
27 30 29 46 120 2000
36 66 53 65 1060 2000
15 50 5 58 160 2000
5 59 20 56 180 2000
37 84 42 97 1560 2000
128 78 130 94 660 2000
14 80 7 91 1140 2000
9 63 20 70 260 2000
15 60 32 59 240 2000
29 47 42 42 260 2000
11 82 18 71 320 2000
82 56 83 72 1361 2000
2 28 2 46 1100 2000
28 44 29 27 380 2000
150 129 150 111 960 2000
74 25 70 39 520 2000
39 46 41 62 480 2000
30 82 16 78 1140 2000
201 134 210 126 1421 2000
35 31 25 39 500 2000
25 38 23 22 520 2000
63 85 68 98 300 2000
46 130 33 135 1660 2000
19 11 25 23 580 2000
32 42 47 39 340 2000
132 39 147 36 1080 2000
4 19 9 32 640 2000
18 29 4 26 181 2000
139 19 151 13 1580 2000
165 61 158 50 1860 2000
175 16 185 8 1080 2000
125 210 132 199 1800 2000
2 47 19 48 1120 2000
47 62 35 68 1920 2000
150 95 167 96 1040 2000
191 134 201 142 1680 2000
174 73 176 57 1200 2000
21 25 36 22 100 2000
22 16 32 24 1620 2000
150 12 163 17 660 2000
18 8 2 10 180 2000
80 75 94 71 840 2000
35 144 39 158 1640 2000
63 34 51 40 1280 2000
34 71 46 65 1520 2000
42 154 25 155 1060 2000
122 35 121 52 1720 2000
204 23 191 18 1480 2000
60 31 56 17 400 2000
24 33 20 47 240 2000
34 127 51 126 640 2000
140 215 134 203 1760 2000
113 12 105 22 1160 2000
33 119 19 123 1860 2000
85 6 96 13 600 2000
78 20 89 13 1260 2000
88 18 96 28 820 2000
34 22 46 28 460 2000
56 125 53 110 760 2000
111 19 120 10 1300 2000
39 36 43 22 200 2000
60 67 60 49 880 2000
45 149 36 158 1620 2000
17 166 10 155 1840 2000
64 254 53 261 1260 2000
15 62 6 53 200 2000
0 2 12 7 2 2000
53 19 43 27 140 2000
132 25 121 32 1480 2000
112 110 112 92 1060 2000
113 42 96 43 1520 2000
97 44 96 60 1541 2000
9 110 19 118 1880 2000
28 83 20 73 1400 2000
140 91 129 98 1920 2000
23 17 29 29 140 2000
85 130 89 144 1440 2000
22 24 35 19 1860 2000
85 97 94 89 641 2000
34 91 51 90 1600 2000
41 41 25 39 460 2000
135 31 144 22 1500 2000
49 44 32 43 360 2000
70 73 84 69 1000 2000
207 154 194 149 1800 2000
203 12 218 9 1200 2000
33 136 48 133 1680 2000
10 149 9 133 1661 2000
30 86 33 71 1340 2000
192 42 201 33 1300 2000
118 49 127 58 520 2000
42 39 38 25 360 2000
191 202 178 207 1960 2000
181 16 183 0 1000 2000
118 205 131 210 1760 2000
5 127 13 137 860 2000
107 37 98 46 1420 2000
2 54 12 46 260 2000
13 91 14 108 380 2000
87 88 94 77 1280 2000
23 40 39 38 120 2000
34 52 29 39 220 2000
235 82 245 74 1400 2000
24 10 19 23 100 2000
2 69 12 61 200 2000
14 127 28 123 640 2000
35 101 24 108 940 2000
19 85 21 69 1020 2000
10 96 22 102 500 2000
30 27 25 40 360 2000
56 32 73 33 660 2000
154 119 139 116 880 2000
109 11 96 6 780 2000
29 187 25 201 1340 2000
25 86 38 82 341 2000
32 15 33 32 600 2000
189 105 174 107 1521 2000
41 18 26 21 1480 2000
33 78 20 83 240 2000
31 16 46 13 560 2000
17 64 34 63 200 2000
10 27 18 37 40 2000
8 43 23 46 560 2000
27 107 14 102 1060 2000
38 41 22 43 600 2000
197 97 211 93 1500 2000
48 23 39 14 440 2000
43 41 42 58 1180 2000
63 122 78 125 720 2000
140 89 127 94 1880 2000
16 21 8 31 80 2000
0 1 6 13 1 2000
118 12 119 29 660 2000
19 43 33 47 220 2000
85 92 85 110 840 2000
6 57 23 56 1520 2000
94 11 103 2 1120 2000
80 23 80 6 341 2000
57 201 65 211 1700 2000
126 75 110 73 1720 2000
25 60 33 50 1800 2000
34 64 34 82 460 2000
75 108 70 120 1101 2000
101 218 86 215 1080 2000
94 148 104 156 1580 2000
26 34 14 40 620 2000
178 25 189 18 1520 2000
45 1 57 7 1260 2000
11 86 13 102 1840 2000
8 50 23 47 220 2000
44 127 33 120 1840 2000
199 36 202 22 1581 2000
14 152 29 155 1220 2000
115 232 98 231 1920 2000
45 211 40 198 1620 2000
64 134 70 146 1940 2000
61 144 51 152 1680 2000
20 130 23 115 1420 2000
45 125 34 132 1180 2000
80 99 72 108 621 2000
26 54 43 53 220 2000
89 48 87 64 560 2000
52 29 42 21 1360 2000
42 20 31 27 1380 2000
31 26 43 20 1400 2000
43 22 33 15 1421 2000
188 74 182 86 1300 2000
41 4 43 19 1461 2000
37 80 39 95 701 2000
252 131 247 118 1960 2000
14 54 10 68 1100 2000
24 42 36 36 1540 2000
21 37 35 41 220 2000
36 81 52 83 1480 2000
89 43 97 34 1921 2000
29 47 28 30 460 2000
48 233 40 243 1440 2000
36 22 47 15 180 2000
112 84 115 69 1820 2000
24 51 13 44 80 2000
64 25 56 35 1480 2000
15 70 22 59 720 2000
13 30 30 31 1760 2000
30 30 42 24 1780 2000
166 55 155 48 1600 2000
39 37 36 52 1820 2000
104 6 114 14 1980 2000
12 24 5 35 260 2000
42 117 46 131 1160 2000
38 18 21 19 620 2000
28 30 35 19 60 2000
49 64 40 55 720 2000
3 81 13 73 780 2000
5 34 7 18 280 2000
19 73 36 74 620 2000
4 1 20 3 40 2000
140 116 135 103 1740 2000
18 50 4 46 1060 2000
29 17 37 27 1420 2000
27 51 38 58 100 2000
37 26 36 43 1440 2000
36 31 33 16 80 2000
95 82 106 75 1000 2000
8 49 23 46 1880 2000
97 35 91 47 780 2000
59 39 42 38 1300 2000
25 117 17 107 1500 2000
47 38 56 29 600 2000
208 164 208 147 1441 2000
133 103 128 116 1980 2000
32 67 33 50 640 2000
20 46 23 31 340 2000
186 119 194 129 880 2000
27 56 33 44 240 2000
23 156 34 163 1480 2000
197 9 192 22 1620 2000
111 41 107 55 1940 2000
46 68 58 74 340 2000
88 72 83 59 1700 2000
50 27 66 25 1000 2000
59 12 73 8 520 2000
73 9 79 21 540 2000
38 104 32 116 1940 2000
72 117 87 114 1920 2000
157 125 148 134 1620 2000
53 32 53 14 720 2000
1 22 3 6 160 2000
77 43 90 48 660 2000
99 7 91 17 980 2000
103 41 115 47 700 2000
8 12 5 27 20 2000
29 35 45 33 1260 2000
90 49 82 59 760 2000
3 12 5 27 141 2000
146 11 163 12 1120 2000
140 12 139 29 1020 2000
84 39 96 33 840 2000
151 237 148 251 1601 2000
80 33 83 48 880 2000
36 10 19 11 340 2000
85 34 71 30 920 2000
71 31 80 40 940 2000
13 26 16 41 40 2000
175 76 189 72 1240 2000
4 10 8 24 340 2000
102 139 119 140 1360 2000
32 30 18 34 180 2000
51 68 64 73 480 2000
8 26 3 38 81 2000
67 26 71 40 680 2000
52 27 45 38 240 2000
122 120 131 129 980 2000
102 38 105 24 1161 2000
73 114 67 102 960 2000
94 15 87 4 1200 2000
87 5 102 2 1220 2000
61 7 50 0 460 2000
109 14 106 28 1261 2000
14 49 3 42 1000 2000
0 1 6 13 1 2000
131 38 133 22 1320 2000
73 96 61 90 1240 2000
49 169 61 163 780 2000
36 137 30 125 480 2000
91 34 86 21 1600 2000
48 102 50 86 1460 2000
23 48 8 51 1600 2000
15 28 10 41 1120 2000
7 7 20 2 380 2000
50 93 50 75 800 2000
112 77 112 95 1520 2000
126 22 141 19 860 2000
42 49 42 67 520 2000
4 59 18 55 560 2000
99 113 98 129 1601 2000
52 78 64 72 660 2000
26 99 23 85 1341 2000
163 98 178 95 1400 2000
18 21 16 37 120 2000
62 27 73 34 560 2000
21 18 13 8 640 2000
14 3 13 20 80 2000
17 113 32 116 1660 2000
96 124 96 142 1460 2000
9 147 24 144 1420 2000
32 60 27 48 1321 2000
8 117 24 119 1280 2000
24 164 12 158 1860 2000
12 157 1 150 1880 2000
48 215 49 232 1920 2000
47 20 37 28 720 2000
157 17 147 9 1540 2000
71 2 64 13 240 2000
23 68 25 84 1200 2000
0 2 10 9 2 2000
10 8 5 21 20 2000
25 16 19 28 160 2000
48 48 48 66 500 2000
105 58 122 59 960 2000
119 11 110 2 900 2000
69 63 60 72 460 2000
17 30 11 42 560 2000
113 13 111 29 980 2000
21 45 27 57 180 2000
42 57 28 53 1200 2000
27 75 27 57 220 2000
68 133 53 136 1640 2000
26 30 26 12 100 2000
26 79 29 64 280 2000
51 106 65 102 1640 2000
17 16 4 11 320 2000
161 97 157 83 1220 2000
80 163 66 159 1680 2000
23 8 23 26 160 2000
7 67 21 71 1020 2000
85 76 77 66 1320 2000
6 55 14 45 80 2000
47 86 61 90 440 2000
31 125 27 139 1860 2000
99 109 99 91 860 2000
95 38 82 33 1040 2000
41 39 34 28 1380 2000
50 93 49 110 1800 2000
86 64 70 66 580 2000
136 23 124 29 600 2000
124 30 127 45 620 2000
22 53 15 42 800 2000
82 59 68 63 1720 2000
24 144 25 127 1660 2000
145 24 131 20 1520 2000
17 115 17 97 1900 2000
76 25 81 38 680 2000
24 98 28 84 1020 2000
28 8 17 15 380 2000
94 53 92 69 680 2000
124 5 126 21 840 2000
85 37 81 51 1860 2000
35 26 33 10 440 2000
108 42 91 43 780 2000
31 180 46 183 1920 2000
107 102 123 104 840 2000
8 42 20 36 260 2000
194 97 192 81 960 2000
43 131 37 143 1980 2000
81 46 74 57 1240 2000
8 126 22 122 1220 2000
178 114 180 99 1041 2000
16 17 30 21 200 2000
25 143 26 126 1380 2000
190 90 181 99 1100 2000
47 45 58 38 940 2000
48 6 33 3 1380 2000
31 143 42 136 1980 2000
38 11 41 26 920 2000
90 95 89 112 1640 2000
35 65 35 47 1020 2000
194 111 182 105 1240 2000
28 90 40 96 1380 2000
20 109 19 126 1400 2000
167 89 153 85 1300 2000
8 112 8 94 980 2000
152 31 162 23 1320 2000
137 107 125 112 1361 2000
68 53 83 50 760 2000
61 4 63 19 741 2000
9 43 2 32 1740 2000
3 128 9 140 1120 2000
15 18 31 20 160 2000
71 120 87 122 1040 2000
121 86 104 85 1040 2000
15 26 17 11 101 2000
226 59 240 63 1680 2000
59 36 74 33 880 2000
150 71 150 54 1501 2000
65 109 62 94 1140 2000
85 46 77 36 720 2000
204 171 221 170 1560 2000
64 152 66 168 740 2000
19 134 19 152 1040 2000
48 94 37 101 1100 2000
70 25 81 32 1000 2000
27 18 29 2 120 2000
33 61 22 54 500 2000
98 42 87 49 1180 2000
95 91 94 74 620 2000
45 56 55 64 1800 2000
66 33 60 21 1440 2000
85 23 91 11 1180 2000
78 66 94 64 1380 2000
7 40 22 37 960 2000
30 49 26 63 1120 2000
27 28 40 23 160 2000
124 47 131 36 1960 2000
65 29 57 20 1281 2000
86 44 89 59 1060 2000
5 15 16 22 20 2000
162 35 149 31 941 2000
84 85 101 86 1960 2000
6 14 5 31 20 2000
36 5 50 2 261 2000
42 43 57 40 280 2000
12 237 9 222 1760 2000
82 71 67 74 1120 2000
129 65 128 48 940 2000
89 107 79 115 660 2000
14 125 31 126 1840 2000
70 43 81 36 720 2000
27 23 19 13 780 2000
5 15 18 20 20 2000
102 40 115 44 1001 2000
104 261 105 278 1760 2000
33 32 29 18 360 2000
5 91 18 96 1940 2000
42 109 38 123 1760 2000
143 22 150 11 640 2000
134 83 124 91 960 2000
95 38 85 46 1640 2000
19 20 17 36 1920 2000
50 59 41 50 480 2000
24 82 28 68 1940 2000
32 21 16 19 280 2000
73 11 69 24 321 2000
20 57 16 43 560 2000
57 95 64 106 1860 2000
4 51 8 65 640 2000
115 60 119 46 1440 2000
45 31 50 18 420 2000
71 28 59 34 640 2000
49 47 40 38 260 2000
16 40 24 50 60 2000
129 66 135 78 680 2000
42 82 47 95 740 2000
52 26 52 44 780 2000
78 26 95 25 460 2000
144 45 159 48 680 2000
98 183 105 172 1880 2000
86 93 98 87 840 2000
98 88 83 85 860 2000
48 76 44 90 1540 2000
32 45 37 58 1000 2000
13 16 7 28 240 2000
32 114 29 129 420 2000
85 60 78 71 1640 2000
110 42 104 54 660 2000
84 11 97 6 480 2000
124 259 140 257 1920 2000
93 176 104 183 880 2000
112 175 117 188 1520 2000
95 105 101 116 1081 2000
14 45 6 35 680 2000
58 137 45 142 1400 2000
80 80 68 74 1500 2000
13 57 2 64 300 2000
119 95 126 106 1180 2000
41 57 34 67 401 2000
131 198 129 183 1821 2000
143 126 158 129 1240 2000
43 65 39 79 1060 2000
50 70 51 53 340 2000
52 85 48 72 1461 2000
171 92 178 103 1320 2000
15 20 20 33 1680 2000
218 161 227 152 1720 2000
145 107 150 120 900 2000
115 34 101 38 1360 2000
221 22 209 28 1640 2000
155 5 160 18 1180 2000
60 135 72 141 1160 2000
1 5 7 16 1441 2000
29 51 35 63 1900 2000
94 50 86 60 1060 2000
195 62 193 46 1400 2000
213 94 214 111 1560 2000
9 49 26 50 1060 2000
54 137 66 143 1720 2000
79 108 95 109 1021 2000
37 64 52 62 941 2000
93 91 101 101 620 2000
26 23 21 10 80 2000
59 93 73 97 1220 2000
42 30 38 44 260 2000
10 8 22 14 20 2000
81 60 82 43 520 2000
15 42 23 52 880 2000
133 95 148 92 1500 2000
223 157 213 149 1820 2000
39 36 34 24 941 2000
32 51 49 50 1720 2000
19 81 24 94 1980 2000
224 120 209 123 1900 2000
208 124 195 128 1921 2000
79 20 91 26 560 2000
279 67 269 75 1620 2000
4 85 16 91 1680 2000
18 39 13 26 120 2000
2 18 9 29 20 2000
44 91 40 77 1560 2000
11 76 17 64 1800 2000
166 21 170 7 680 2000
210 52 200 60 1860 2000
33 20 16 19 120 2000
11 8 8 23 520 2000
11 85 17 73 900 2000
114 32 111 47 1660 2000
76 84 80 70 740 2000
26 22 41 19 1460 2000
175 97 162 92 1060 2000
7 27 7 9 260 2000
61 153 60 136 1140 2000
88 67 89 84 720 2000
115 48 129 52 1240 2000
131 10 141 18 1280 2000
40 23 32 33 360 2000
175 61 184 52 1260 2000
57 74 48 83 320 2000
98 59 93 46 800 2000
35 179 49 183 900 2000
50 26 42 16 460 2000
34 167 22 173 1920 2000
82 60 98 58 780 2000
77 38 76 55 1000 2000
118 83 125 72 720 2000
84 7 68 5 560 2000
69 47 84 44 700 2000
10 119 23 114 800 2000
25 119 23 135 1860 2000
35 109 39 95 1940 2000
121 54 104 53 1200 2000
95 38 87 28 1160 2000
141 17 126 20 1300 2000
37 127 33 141 1780 2000
20 16 30 8 220 2000
74 110 59 107 700 2000
43 75 44 92 1820 2000
135 23 121 19 1660 2000
31 161 19 155 1260 2000
75 39 84 48 620 2000
28 69 22 81 1960 2000
48 72 33 75 1180 2000
76 8 77 25 1300 2000
24 50 15 41 180 2000
148 152 165 151 1660 2000
175 131 191 133 1660 2000
119 103 106 98 460 2000
201 41 213 35 1580 2000
59 41 57 57 1020 2000
59 24 61 8 440 2000
54 40 71 39 1060 2000
147 24 151 10 1360 2000
77 41 63 45 740 2000
16 89 30 93 1560 2000
58 51 44 47 1520 2000
30 124 17 119 500 2000
36 102 35 85 1900 2000
41 81 37 67 1700 2000
67 29 79 23 1820 2000
50 44 57 34 401 2000
6 46 3 61 1500 2000
319 139 326 128 1820 2000
49 22 65 20 600 2000
76 95 76 77 1520 2000
114 105 118 91 960 2000
69 15 72 30 1660 2000
52 61 55 46 960 2000
43 12 57 16 1400 2000
28 20 36 10 100 2000
166 54 161 67 1220 2000
42 4 31 11 1460 2000
31 41 26 54 1460 2000
219 64 232 59 1880 2000
17 33 1 35 660 2000
52 39 57 27 1661 2000
30 55 23 44 560 2000
15 27 30 30 60 2000
20 1 22 17 1600 2000
76 21 62 17 680 2000
23 22 20 37 520 2000
45 22 36 31 240 2000
71 50 71 67 901 2000
55 158 71 156 1680 2000
33 48 43 41 1821 2000
49 179 49 197 1380 2000
2 31 3 14 1760 2000
94 94 103 103 1780 2000
20 43 4 45 1680 2000
22 235 10 241 1800 2000
13 7 28 10 20 2000
29 127 38 136 700 2000
45 38 49 24 640 2000
120 27 115 14 800 2000
32 149 47 146 920 2000
53 83 60 94 1100 2000
40 55 46 67 320 2000
33 72 22 79 1360 2000
206 32 221 30 1401 2000
69 49 75 61 1340 2000
93 66 78 69 1240 2000
26 76 33 87 1860 2000
21 20 33 14 520 2000
14 117 14 100 1141 2000
28 23 23 10 1840 2000
2 15 8 3 240 2000
4 21 17 26 160 2000
15 87 0 90 460 2000
98 151 82 149 1760 2000
20 20 28 10 220 2000
131 17 137 29 1420 2000
23 45 18 32 580 2000
95 252 82 247 1800 2000
37 49 26 42 300 2000
64 35 51 30 840 2000
48 28 39 37 180 2000
38 59 48 51 360 2000
62 14 75 9 380 2000
20 26 35 29 260 2000
10 62 6 76 700 2000
57 41 59 57 300 2000
60 115 47 119 301 2000
33 17 43 9 140 2000
17 32 13 18 360 2000
23 54 14 45 240 2000
41 227 28 232 1740 2000
0 1 7 12 1 2000
73 33 77 47 580 2000
51 70 53 86 1440 2000
73 61 64 52 620 2000
30 65 40 73 600 2000
25 32 32 21 1720 2000
144 20 152 30 1300 2000
150 50 157 39 1100 2000
176 94 163 99 1380 2000
22 10 15 0 321 2000
40 35 52 29 1200 2000
72 125 74 109 680 2000
53 16 40 20 1661 2000
97 102 99 118 1000 2000
150 7 143 18 1560 2000
25 8 28 23 560 2000
1 3 10 12 260 2000
90 74 81 83 900 2000
119 251 111 261 1420 2000
20 24 19 41 580 2000
85 20 88 5 1160 2000
111 55 94 56 1900 2000
120 52 133 47 700 2000
20 3 12 13 520 2000
101 245 97 258 1161 2000
12 65 23 59 1741 2000
0 1 16 3 1 2000
99 71 82 70 1100 2000
25 256 17 246 1880 2000
158 48 165 37 1420 2000
33 65 28 52 540 2000
60 96 46 92 1180 2000
48 86 34 90 1580 2000
63 95 52 102 1220 2000
70 164 61 172 721 2000
38 51 22 53 1680 2000
40 77 36 91 1280 2000
87 32 104 33 600 2000
47 113 55 123 940 2000
37 26 35 10 1720 2000
47 35 57 42 1561 2000
116 70 122 82 1340 2000
38 33 47 24 680 2000
182 9 172 17 1200 2000
80 56 63 55 580 2000
11 75 5 63 1620 2000
40 7 32 17 1400 2000
47 55 30 54 540 2000
26 95 12 99 1520 2000
17 29 12 16 60 2000
32 25 24 35 1960 2000
62 2 67 15 1180 2000
166 49 157 40 1840 2000
8 124 19 131 1620 2000
19 130 35 132 1640 2000
36 133 26 126 1661 2000
11 18 17 30 160 2000
63 53 62 36 1940 2000
187 120 194 131 1360 2000
2 124 9 113 1820 2000
15 104 25 96 1760 2000
154 72 161 83 1700 2000
17 47 4 52 620 2000
97 21 105 30 1961 2000
26 131 38 125 1840 2000
25 29 22 44 740 2000
23 104 7 106 1160 2000
37 54 21 52 240 2000
54 143 64 135 1920 2000
37 51 27 59 340 2000
64 69 67 54 960 2000
69 161 62 172 1980 2000
0 1 3 16 1 2000
154 148 164 140 1100 2000
39 87 33 75 660 2000
53 163 61 153 1780 2000
140 122 150 130 1260 2000
74 48 82 58 1700 2000
149 72 145 58 800 2000
178 206 183 219 1980 2000
173 172 160 177 1960 2000
44 40 35 48 1841 2000
233 100 217 99 1741 2000
37 39 40 24 220 2000
92 161 96 175 1960 2000
27 96 16 89 880 2000
50 35 37 40 880 2000
158 97 168 89 760 2000
43 36 54 43 320 2000
94 17 89 4 440 2000
33 2 33 20 200 2000
8 50 25 51 1180 2000
119 47 135 45 1460 2000
22 70 34 76 300 2000
226 31 232 43 1840 2000
27 27 40 32 460 2000
29 48 17 42 1200 2000
70 76 54 78 500 2000
55 80 68 84 781 2000
13 71 13 89 940 2000
28 79 22 67 920 2000
11 7 15 21 20 2000
38 62 50 68 1380 2000
89 78 97 68 600 2000
51 71 65 74 641 2000
146 108 140 120 1220 2000
59 85 50 94 1780 2000
26 29 35 38 840 2000
51 97 52 114 1580 2000
77 38 70 48 741 2000
73 125 89 127 1900 2000
63 66 54 75 1880 2000
38 49 47 58 280 2000
25 164 38 169 640 2000
135 263 132 278 1660 2000
86 31 77 40 720 2000
91 265 87 251 1540 2000
55 119 43 125 900 2000
67 120 53 124 920 2000
43 57 36 68 420 2000
11 0 11 18 960 2000
110 132 111 149 1900 2000
105 91 102 106 1900 2000
202 135 189 140 1680 2000
94 43 90 57 1520 2000
31 110 35 124 1720 2000
82 77 75 66 720 2000
103 9 119 10 881 2000
61 56 65 42 800 2000
207 152 199 162 1840 2000
11 90 23 84 1480 2000
36 30 42 18 620 2000
10 36 0 28 1700 2000
25 85 21 71 1620 2000
184 130 195 137 1780 2000
103 165 99 151 1620 2000
204 30 220 28 1260 2000
20 17 21 0 40 2000
65 105 51 101 820 2000
17 57 6 51 81 2000
83 37 94 30 1740 2000
60 40 60 58 1620 2000
0 48 16 50 900 2000
89 43 84 30 1780 2000
12 57 27 60 800 2000
35 22 48 27 160 2000
1 37 10 46 1060 2000
31 20 26 33 1520 2000
138 77 146 87 800 2000
114 109 103 116 1040 2000
81 158 69 164 1440 2000
31 48 26 36 901 2000
20 131 10 123 1600 2000
32 65 36 52 501 2000
80 126 69 133 660 2000
122 133 110 139 1200 2000
7 168 0 157 1880 2000
20 67 4 65 920 2000
17 116 1 118 1720 2000
48 111 41 100 1880 2000
5 132 3 116 1760 2000
33 45 37 59 900 2000
25 84 9 82 440 2000
40 24 52 18 1660 2000
64 52 48 50 1740 2000
10 91 24 87 1600 2000
5 58 21 60 160 2000
23 83 10 78 1900 2000
39 55 40 72 1140 2000
27 8 20 19 360 2000
136 53 132 39 760 2000
81 62 79 78 760 2000
155 58 145 66 1440 2000
108 65 93 62 720 2000
10 6 25 8 41 2000
102 79 85 78 760 2000
101 136 84 135 1640 2000
19 14 15 28 80 2000
167 117 163 103 1140 2000
3 8 4 25 40 2000
32 46 41 54 161 2000
20 19 37 20 40 2000
38 6 49 13 300 2000
75 44 76 61 1320 2000
59 25 52 15 241 2000
36 53 37 70 1840 2000
50 1 35 4 280 2000
164 15 160 29 1920 2000
61 86 53 96 760 2000
39 36 29 43 141 2000
34 68 48 64 420 2000
36 95 36 113 760 2000
85 72 99 76 600 2000
73 2 65 12 1080 2000
85 96 76 105 880 2000
24 17 34 25 120 2000
14 136 21 147 1060 2000
54 170 67 165 700 2000
39 150 25 146 1000 2000
6 18 7 35 700 2000
32 20 30 36 740 2000
75 51 89 47 580 2000
14 226 21 215 1260 2000
96 29 103 40 840 2000
87 100 77 92 760 2000
27 184 22 171 1240 2000
57 26 56 9 1680 2000
27 8 42 5 1120 2000
47 46 40 57 960 2000
95 81 79 79 740 2000
4 60 13 51 1260 2000
87 89 102 86 780 2000
102 87 118 85 800 2000
10 4 26 6 60 2000
53 22 66 26 301 2000
14 44 14 62 260 2000
127 77 113 74 881 2000
76 56 81 69 1020 2000
124 81 115 90 920 2000
128 115 114 111 1160 2000
22 108 39 107 1540 2000
113 43 101 37 1140 2000
92 68 84 78 700 2000
138 120 134 106 1020 2000
21 140 23 156 760 2000
188 117 176 111 920 2000
47 59 49 43 340 2000
156 104 155 121 1100 2000
54 35 48 23 320 2000
43 48 29 52 1400 2000
48 66 48 48 860 2000
110 26 98 20 1260 2000
21 111 4 112 540 2000
149 31 166 32 620 2000
29 84 34 71 800 2000
112 51 106 63 1040 2000
29 39 18 46 220 2000
155 143 171 145 1300 2000
77 144 81 130 1800 2000
88 133 74 129 840 2000
177 138 180 153 1360 2000
231 61 219 67 1820 2000
123 124 129 136 1680 2000
20 17 15 30 280 2000
55 89 42 84 1500 2000
34 71 31 86 1120 2000
115 15 108 4 820 2000
24 42 16 52 340 2000
0 2 6 13 2 2000
45 57 53 67 460 2000
27 47 37 55 1340 2000
202 124 214 118 1580 2000
214 119 198 121 1600 2000
55 124 61 112 1880 2000
53 91 37 89 420 2000
17 39 9 49 220 2000
176 112 179 127 940 2000
15 148 28 153 1400 2000
33 39 26 29 81 2000
212 132 228 134 1860 2000
89 46 79 38 600 2000
136 126 150 130 940 2000
194 92 201 103 1580 2000
85 93 95 101 940 2000
207 66 210 51 1840 2000
27 49 27 31 100 2000
130 78 132 63 841 2000
173 156 188 154 1901 2000
38 4 46 14 460 2000
43 153 38 166 1980 2000
12 73 12 91 1320 2000
9 53 4 66 260 2000
47 36 53 24 1920 2000
21 63 6 60 1620 2000
216 106 205 99 1500 2000
68 71 81 76 1080 2000
32 131 35 146 1160 2000
158 47 155 62 1080 2000
25 30 34 21 120 2000
21 148 20 131 1400 2000
14 101 1 96 1160 2000
202 21 197 8 1600 2000
0 1 7 12 1 2000
24 37 36 42 261 2000
37 133 52 136 1500 2000
33 17 25 7 260 2000
25 8 34 17 280 2000
54 17 57 2 1920 2000
41 23 35 35 1340 2000
16 126 21 113 980 2000
16 145 18 130 1701 2000
21 75 11 83 1260 2000
72 52 71 35 1340 2000
34 42 31 57 100 2000
43 25 46 11 441 2000
41 27 49 37 940 2000
49 230 59 222 1520 2000
152 64 140 58 820 2000
47 55 30 54 300 2000
43 37 56 33 1481 2000
28 70 35 81 380 2000
47 91 46 74 860 2000
40 71 28 65 1160 2000
79 54 72 44 621 2000
38 28 47 19 1260 2000
88 165 82 153 1200 2000
119 54 115 68 920 2000
40 13 53 18 1640 2000
81 40 80 57 560 2000
70 56 53 57 1100 2000
66 169 49 168 760 2000
76 50 92 48 780 2000
97 122 82 119 1840 2000
51 40 48 55 1480 2000
21 51 15 63 540 2000
97 21 111 18 1281 2000
48 9 57 18 1920 2000
13 165 16 150 1300 2000
4 51 16 57 720 2000
26 58 28 74 1540 2000
67 27 74 38 500 2000
112 50 102 42 980 2000
33 14 49 12 120 2000
115 45 116 28 1020 2000
93 83 85 93 820 2000
145 167 130 164 1900 2000
9 30 21 36 200 2000
16 57 7 65 581 2000
138 63 153 60 1120 2000
40 42 37 27 1300 2000
55 154 42 150 1261 2000
89 111 104 114 1660 2000
163 56 177 52 1200 2000
177 53 175 69 1220 2000
45 39 50 52 460 2000
148 252 134 248 1620 2000
178 65 170 55 1280 2000
7 137 15 147 1380 2000
122 56 112 63 1161 2000
8 161 18 169 1480 2000
62 116 58 130 1540 2000
187 97 182 109 1161 2000
59 48 56 33 640 2000
150 131 155 144 1280 2000
26 129 14 135 1040 2000
26 16 26 34 60 2000
23 16 18 3 280 2000
33 38 44 31 240 2000
165 25 150 23 1521 2000
28 9 29 26 1080 2000
114 51 99 48 840 2000
91 25 102 32 1900 2000
212 106 217 93 1780 2000
51 28 55 42 1880 2000
200 68 216 66 1220 2000
169 62 173 75 1661 2000
22 35 22 18 701 2000
10 39 19 48 560 2000
68 30 80 36 380 2000
120 75 115 88 1760 2000
37 10 23 7 61 2000
32 30 28 44 1180 2000
166 105 165 88 1800 2000
64 32 74 40 540 2000
35 28 49 32 600 2000
84 90 85 73 580 2000
155 84 140 87 1880 2000
53 21 51 37 1660 2000
77 26 74 11 1320 2000
92 31 98 20 701 2000
55 49 42 54 740 2000
13 81 1 75 860 2000
62 57 69 68 1160 2000
131 90 138 101 680 2000
43 233 50 222 1460 2000
3 15 11 5 20 2000
29 32 24 45 520 2000
0 1 10 9 1 2000
16 35 31 38 1640 2000
42 15 27 18 1920 2000
15 33 17 17 300 2000
87 223 84 208 1220 2000
193 10 205 4 1400 2000
161 98 167 86 1440 2000
6 55 13 66 1720 2000
3 24 18 27 280 2000
22 83 16 95 1440 2000
20 82 12 72 340 2000
10 139 14 153 1200 2000
51 69 40 62 380 2000
36 51 27 60 360 2000
40 15 43 1 741 2000
15 33 32 32 140 2000
82 51 81 68 560 2000
163 41 167 27 820 2000
54 79 45 70 520 2000
18 60 33 62 481 2000
72 25 59 20 1920 2000
238 54 247 63 1500 2000
80 69 67 64 520 2000
49 86 59 78 1600 2000
152 74 168 76 900 2000
19 45 34 48 1220 2000
45 215 31 219 1620 2000
64 93 51 98 1560 2000
28 68 15 63 580 2000
36 115 22 112 781 2000
36 39 31 51 1661 2000
45 0 32 5 120 2000
48 70 47 86 521 2000
35 98 45 106 520 2000
36 23 37 6 120 2000
21 74 22 91 1240 2000
20 45 31 38 920 2000
39 44 32 55 840 2000
32 56 48 54 860 2000
36 67 32 80 1941 2000
142 24 154 18 940 2000
287 144 274 139 1960 2000
19 124 19 142 1880 2000
27 30 18 22 341 2000
183 38 197 34 1760 2000
22 55 24 39 520 2000
16 5 28 11 200 2000
195 75 190 88 1300 2000
35 12 40 25 200 2000
250 114 234 112 1860 2000
19 49 21 33 1140 2000
81 52 81 34 880 2000
5 166 19 162 1320 2000
166 89 160 77 1200 2000
78 30 90 24 780 2000
210 70 219 78 1281 2000
29 4 29 22 160 2000
63 24 47 26 400 2000
101 66 90 73 880 2000
30 54 17 49 1380 2000
17 142 26 133 1920 2000
23 43 29 55 460 2000
38 66 33 79 380 2000
212 122 227 125 1740 2000
60 29 64 15 1240 2000
223 45 226 60 1660 2000
13 4 23 12 320 2000
107 52 111 38 1000 2000
40 90 40 108 500 2000
25 19 39 16 321 2000
161 66 152 75 880 2000
18 40 26 50 260 2000
131 4 126 17 560 2000
188 155 197 164 1920 2000
22 29 37 26 400 2000
36 11 53 12 240 2000
18 120 20 136 1620 2000
57 175 51 163 1580 2000
31 131 40 140 1660 2000
61 45 58 30 1300 2000
27 137 39 131 1700 2000
201 70 188 75 1280 2000
45 107 54 116 540 2000
7 128 16 119 1760 2000
45 11 42 26 420 2000
29 3 36 14 980 2000
13 167 8 154 1300 2000
155 122 167 116 1120 2000
44 37 58 34 261 2000
82 143 74 133 1400 2000
154 80 167 85 860 2000
42 77 38 63 1560 2000
7 17 12 4 300 2000
17 19 23 7 300 2000
24 26 24 44 180 2000
0 1 12 7 1 2000
11 2 2 11 40 2000
9 24 20 17 40 2000
31 57 30 40 1620 2000
9 44 19 52 720 2000
17 108 28 101 1520 2000
100 12 95 25 660 2000
59 148 50 157 1600 2000
53 36 45 26 400 2000
10 31 24 27 80 2000
82 74 85 59 1540 2000
62 122 54 112 1100 2000
26 44 38 50 180 2000
40 68 37 83 1540 2000
62 47 47 44 360 2000
53 58 48 45 1400 2000
82 150 82 168 1780 2000
50 86 40 78 1260 2000
37 21 33 7 420 2000
22 58 35 53 380 2000
86 87 100 83 520 2000
18 56 14 70 420 2000
123 56 134 49 1840 2000
49 31 41 41 1420 2000
0 89 17 88 480 2000
78 90 94 92 660 2000
29 23 26 8 180 2000
169 55 153 57 1700 2000
20 68 15 55 1820 2000
7 50 23 52 520 2000
50 33 62 27 560 2000
93 23 110 24 1820 2000
22 100 36 96 740 2000
70 145 69 162 1960 2000
148 33 164 35 1600 2000
3 29 1 45 700 2000
1 44 15 40 720 2000
45 82 32 77 1640 2000
80 41 70 49 960 2000
63 192 57 204 1760 2000
30 19 38 29 200 2000
13 116 22 125 1720 2000
126 19 136 27 1360 2000
41 242 47 253 1461 2000
6 14 17 7 60 2000
48 26 44 40 900 2000
24 66 28 80 900 2000
104 92 98 103 601 2000
65 28 51 32 1400 2000
88 89 104 87 400 2000
68 26 73 14 521 2000
47 75 54 86 340 2000
21 20 19 4 1520 2000
85 52 83 67 1061 2000
45 13 43 29 1300 2000
7 60 10 45 320 2000
109 224 110 241 1680 2000
87 179 89 163 1820 2000
0 1 10 9 1 2000
93 115 93 133 1420 2000
38 53 38 36 741 2000
33 34 45 39 621 2000
117 83 126 74 1700 2000
39 129 33 117 1060 2000
14 188 28 192 1540 2000
225 83 223 99 1740 2000
33 31 39 43 220 2000
87 42 82 54 1341 2000
1 21 0 4 1420 2000
49 49 37 43 700 2000
117 110 132 107 1120 2000
55 294 60 281 1760 2000
5 10 5 27 61 2000
117 50 124 39 1040 2000
83 32 78 19 1240 2000
86 26 95 35 660 2000
31 82 23 72 1240 2000
94 73 85 82 640 2000
9 51 7 35 580 2000
256 131 269 126 1600 2000
3 131 8 118 1620 2000
55 39 70 42 260 2000
32 25 44 19 1640 2000
20 66 10 74 1660 2000
9 73 1 64 1681 2000
47 87 63 89 540 2000
33 63 32 46 1220 2000
96 164 105 173 1780 2000
18 22 10 31 41 2000
38 24 28 32 220 2000
85 56 88 71 1680 2000
260 97 248 91 1920 2000
15 62 12 47 600 2000
35 47 23 41 1860 2000
99 26 85 22 1160 2000
0 1 13 6 1 2000
58 14 53 26 561 2000
106 56 117 49 1020 2000
41 3 37 16 561 2000
167 22 166 5 720 2000
15 20 29 17 61 2000
131 96 120 103 1600 2000
12 13 3 22 40 2000
23 5 39 4 321 2000
5 72 13 82 840 2000
104 69 117 74 720 2000
28 241 20 231 1800 2000
1 108 1 90 920 2000
33 91 33 109 1340 2000
99 6 89 14 1040 2000
6 81 14 91 280 2000
48 85 59 79 341 2000
150 7 146 21 1960 2000
42 77 42 95 1280 2000
250 114 262 120 1700 2000
4 17 18 14 141 2000
4 33 13 24 480 2000
138 74 125 79 820 2000
9 33 0 41 81 2000
32 16 42 8 460 2000
70 36 73 21 220 2000
82 74 85 59 1620 2000
85 23 95 15 580 2000
71 50 54 49 1240 2000
43 55 59 53 420 2000
176 47 170 35 1440 2000
23 22 38 19 400 2000
32 247 26 235 1960 2000
82 52 95 47 1060 2000
148 9 140 18 901 2000
19 29 11 39 100 2000
29 59 12 58 1020 2000
95 47 96 64 700 2000
42 7 39 22 360 2000
76 140 67 148 1281 2000
20 55 15 68 200 2000
97 154 103 165 1261 2000
108 26 99 17 740 2000
105 33 120 36 700 2000
47 109 49 125 1340 2000
11 15 28 14 1700 2000
30 17 25 30 1880 2000
98 12 103 24 841 2000
41 166 25 164 760 2000
41 97 25 95 1500 2000
21 70 36 67 1040 2000
160 95 173 90 1240 2000
63 138 62 121 1080 2000
100 84 108 94 660 2000
101 115 116 118 1100 2000
116 98 109 109 1060 2000
15 13 4 20 620 2000
34 72 51 71 1420 2000
45 72 43 56 200 2000
22 11 37 8 360 2000
32 35 18 31 80 2000
43 114 43 132 1040 2000
213 189 224 183 1521 2000
9 43 21 49 1140 2000
82 56 75 45 740 2000
8 155 23 158 1320 2000
61 223 46 226 1980 2000
28 58 43 56 401 2000
10 26 17 15 100 2000
12 14 20 24 300 2000
58 33 62 47 680 2000
45 11 58 16 540 2000
38 122 38 140 1780 2000
15 37 6 28 140 2000
28 21 26 37 120 2000
69 136 56 131 1840 2000
94 31 97 46 880 2000
46 86 45 70 1761 2000
78 118 83 131 860 2000
38 74 30 64 580 2000
52 98 50 82 1900 2000
15 14 25 6 200 2000
131 21 146 18 1540 2000
135 90 145 82 760 2000
209 13 193 15 1220 2000
152 107 152 125 1680 2000
219 102 228 111 1920 2000
11 154 16 167 1360 2000
140 44 143 59 1980 2000
161 34 159 18 1680 2000
20 72 28 82 580 2000
6 108 11 120 1161 2000
70 169 54 171 680 2000
64 24 52 30 980 2000
37 42 38 25 720 2000
35 46 34 29 1040 2000
30 18 26 4 1340 2000
165 128 177 133 781 2000
52 26 54 10 380 2000
77 152 76 135 1480 2000
19 64 14 77 320 2000
18 10 27 19 140 2000
125 33 131 21 1660 2000
68 36 52 38 1180 2000
87 31 104 30 940 2000
131 125 126 113 921 2000
55 60 59 46 720 2000
36 49 33 64 240 2000
115 43 113 59 1780 2000
9 128 18 120 1581 2000
39 227 34 240 1780 2000
49 53 65 51 580 2000
20 49 20 31 240 2000
28 57 29 40 800 2000
38 80 44 92 900 2000
1 6 8 16 101 2000
43 26 56 21 160 2000
12 51 22 43 240 2000
190 6 203 11 1180 2000
22 91 14 101 1120 2000
219 121 210 112 980 2000
40 86 47 97 380 2000
145 73 160 76 1020 2000
106 27 117 34 1280 2000
24 50 13 57 100 2000
12 38 10 23 401 2000
46 70 37 79 1900 2000
11 7 28 6 20 2000
17 27 4 32 460 2000
71 82 81 74 480 2000
13 23 22 14 500 2000
22 15 10 9 520 2000
95 26 78 27 440 2000
99 49 101 65 860 2000
129 63 113 61 1860 2000
15 93 32 92 380 2000
80 153 70 145 1720 2000
40 146 43 132 881 2000
9 66 22 70 661 2000
163 26 178 23 800 2000
112 62 121 53 1180 2000
19 76 12 65 400 2000
61 46 64 31 1200 2000
39 49 23 47 1100 2000
57 87 48 78 1060 2000
6 232 17 225 1900 2000
64 30 48 32 820 2000
50 3 48 19 280 2000
72 116 61 109 1460 2000
33 34 36 49 880 2000
36 50 21 47 900 2000
36 46 34 30 1420 2000
153 27 165 33 1220 2000
24 121 15 130 920 2000
33 24 32 7 160 2000
0 117 8 127 1200 2000
155 61 155 43 1100 2000
16 55 20 41 1040 2000
0 1 3 16 1 2000
44 4 33 11 540 2000
28 14 45 13 100 2000
135 54 128 65 1720 2000
28 60 21 70 1561 2000
34 68 28 56 1740 2000
53 128 67 132 1960 2000
12 31 6 43 1720 2000
165 137 164 120 1980 2000
48 95 41 84 880 2000
71 104 85 100 880 2000
77 32 74 47 440 2000
204 86 192 92 1340 2000
50 58 66 60 1340 2000
114 143 122 134 1181 2000
12 25 16 39 40 2000
118 176 109 167 1380 2000
75 45 82 55 1401 2000
49 27 38 20 420 2000
40 32 48 22 900 2000
10 264 26 266 1700 2000
5 60 7 76 240 2000
68 68 68 86 1500 2000
31 134 19 140 1520 2000
51 109 48 124 900 2000
29 106 29 124 600 2000
45 90 59 94 1200 2000
96 2 105 11 1060 2000
122 58 124 42 1260 2000
16 27 4 22 141 2000
48 73 47 56 520 2000
34 31 34 49 1120 2000
51 150 54 136 1701 2000
20 181 29 190 1240 2000
14 67 29 70 1120 2000
100 46 93 35 1860 2000
9 91 21 96 1641 2000
52 159 66 155 1800 2000
0 137 17 136 1440 2000
23 9 26 24 1860 2000
57 56 54 41 1040 2000
17 62 7 70 360 2000
27 206 27 189 1661 2000
90 173 77 168 1920 2000
52 76 53 59 1100 2000
168 38 156 32 1140 2000
54 156 68 152 1980 2000
22 3 21 20 1480 2000
191 144 201 136 1400 2000
176 10 168 0 1700 2000
14 21 13 4 80 2000
21 92 28 102 661 2000
207 91 197 83 1980 2000
6 62 17 55 340 2000
19 78 7 84 600 2000
47 7 41 19 500 2000
143 68 147 82 1720 2000
48 71 39 80 1520 2000
185 87 194 96 940 2000
37 54 29 64 1360 2000
48 32 48 49 681 2000
190 11 198 21 880 2000
6 232 6 250 1420 2000
54 78 37 77 1180 2000
75 8 65 16 920 2000
107 108 110 123 1560 2000
28 11 16 5 40 2000
22 51 9 46 240 2000
165 180 162 195 1400 2000
40 100 23 101 620 2000
2 28 11 37 380 2000
148 30 148 47 1121 2000
337 138 321 136 1880 2000
43 64 39 78 640 2000
48 20 41 31 540 2000
39 42 41 26 880 2000
69 58 80 51 1200 2000
115 16 108 27 720 2000
38 64 46 74 1860 2000
68 160 61 149 1540 2000
173 21 157 19 1580 2000
38 33 48 41 1800 2000
34 18 23 11 300 2000
59 24 68 15 720 2000
13 43 6 54 60 2000
23 23 28 36 660 2000
23 106 32 115 560 2000
197 125 212 123 1721 2000
95 53 102 42 1780 2000
87 20 75 14 840 2000
75 13 59 15 860 2000
61 113 60 130 1900 2000
40 113 45 100 1880 2000
34 50 19 47 460 2000
197 114 186 120 861 2000
1 19 14 24 180 2000
130 65 114 67 1200 2000
86 46 80 34 1900 2000
35 66 37 82 1720 2000
3 4 1 20 80 2000
51 133 67 134 481 2000
49 40 65 38 1920 2000
49 13 49 31 140 2000
69 24 80 31 1120 2000
2 149 7 136 1360 2000
71 94 70 77 960 2000
188 141 173 139 1701 2000
56 25 62 37 1520 2000
56 32 68 38 660 2000
167 21 161 33 540 2000
57 38 46 32 1261 2000
51 46 46 59 360 2000
36 26 21 29 1300 2000
15 40 22 50 421 2000
14 18 25 25 1340 2000
45 38 38 27 760 2000
45 72 58 68 541 2000
0 1 2 17 1 2000
44 49 30 46 1541 2000
21 37 7 41 1260 2000
4 12 20 10 1460 2000
20 9 34 5 1480 2000
34 6 43 15 1500 2000
43 14 43 32 1520 2000
82 20 75 30 1841 2000
62 59 78 61 760 2000
71 186 63 196 960 2000
67 115 74 104 700 2000
190 126 193 111 1460 2000
66 43 51 40 1640 2000
37 113 24 118 1260 2000
26 25 30 39 240 2000
180 152 189 143 1380 2000
50 221 64 225 1480 2000
60 131 59 148 1920 2000
183 119 186 104 1140 2000
111 34 111 52 1720 2000
106 132 113 121 1580 2000
28 63 26 48 621 2000
34 30 31 15 540 2000
52 30 36 28 1220 2000
129 43 130 60 740 2000
82 16 72 24 1900 2000
24 86 31 97 1500 2000
58 1 42 3 1440 2000
65 30 64 47 1960 2000
18 2 19 19 300 2000
70 43 87 42 280 2000
154 55 154 73 1680 2000
12 27 6 15 40 2000
6 16 16 8 60 2000
29 37 21 27 220 2000
66 99 75 90 920 2000
137 0 141 14 1000 2000
17 29 3 25 60 2000
31 24 41 32 160 2000
3 47 13 39 620 2000
21 59 38 58 1260 2000
36 3 40 17 120 2000
19 59 28 68 660 2000
47 162 45 147 861 2000
52 134 44 144 1460 2000
80 22 70 14 300 2000
86 45 90 59 920 2000
102 139 119 138 1480 2000
31 84 47 86 1280 2000
111 51 124 56 1740 2000
112 13 103 4 400 2000
24 107 41 108 400 2000
120 5 121 22 440 2000
76 34 60 36 1020 2000
1 74 14 69 880 2000
30 13 21 22 400 2000
27 2 34 13 80 2000
27 88 21 100 1360 2000
76 68 73 83 1020 2000
25 31 25 49 940 2000
25 21 23 6 601 2000
136 56 142 44 620 2000
138 30 126 36 1340 2000
185 7 185 25 1100 2000
220 87 224 73 1360 2000
159 49 149 57 700 2000
38 57 40 41 1280 2000
15 38 27 32 1800 2000
47 24 54 35 680 2000
66 56 70 70 340 2000
151 26 160 17 1840 2000
16 18 22 30 620 2000
70 38 61 46 1321 2000
84 136 87 151 1660 2000
102 78 104 62 660 2000
52 82 64 88 1860 2000
152 37 150 53 920 2000
103 5 120 4 420 2000
0 1 0 19 1 2000
44 22 36 12 220 2000
107 133 122 136 1900 2000
87 12 79 22 760 2000
37 19 24 24 1020 2000
41 18 34 29 520 2000
131 102 129 117 981 2000
13 84 21 94 1400 2000
56 33 60 20 1701 2000
199 29 188 22 1140 2000
188 21 190 5 1160 2000
2 61 10 52 861 2000
124 21 116 11 600 2000
8 72 20 78 300 2000
218 27 204 31 1240 2000
31 38 39 48 1080 2000
30 7 32 23 40 2000
65 58 63 74 760 2000
42 20 52 28 1340 2000
178 96 161 97 1420 2000
244 43 245 26 1360 2000
201 102 185 104 1600 2000
256 33 247 24 1400 2000
70 28 63 39 1260 2000
88 28 71 27 620 2000
43 54 36 65 1840 2000
24 68 13 61 1740 2000
120 66 125 79 1900 2000
247 64 261 60 1520 2000
261 61 271 69 1540 2000
17 6 29 0 80 2000
16 19 3 24 40 2000
95 249 111 251 1860 2000
107 135 120 130 940 2000
39 63 54 66 340 2000
77 65 62 68 900 2000
210 84 227 85 1860 2000
35 38 52 39 80 2000
10 18 6 4 180 2000
54 65 62 55 360 2000
154 0 137 1 980 2000
6 64 6 46 420 2000
15 227 15 245 1900 2000
59 86 43 88 1000 2000
156 48 142 44 580 2000
35 38 22 43 1800 2000
74 67 80 79 1480 2000
15 35 24 43 321 2000
194 88 196 103 1921 2000
196 104 181 107 1940 2000
181 106 178 91 1960 2000
178 92 186 82 1980 2000
172 49 172 67 1000 2000
84 105 79 92 1720 2000
36 110 36 92 1740 2000
59 80 59 62 360 2000
43 30 48 17 1320 2000
62 56 51 63 1180 2000
181 98 168 103 1120 2000
19 7 30 14 60 2000
12 90 7 77 1340 2000
50 50 45 37 580 2000
90 119 73 118 760 2000
23 3 27 17 220 2000
27 17 31 3 1940 2000
101 87 85 85 1980 2000
55 55 44 48 340 2000
24 76 33 85 340 2000
34 20 44 28 260 2000
126 82 121 69 1660 2000
149 116 141 106 1320 2000
20 34 27 45 1460 2000
41 60 50 51 1360 2000
53 14 53 32 280 2000
24 45 9 48 1040 2000
133 33 132 50 1100 2000
37 159 21 157 1620 2000
28 11 30 27 120 2000
5 145 18 140 1860 2000
25 80 11 76 1600 2000
30 37 30 55 1360 2000
31 50 27 64 1680 2000
25 9 32 20 940 2000
165 37 166 54 1580 2000
19 117 19 99 740 2000
58 61 72 57 400 2000
56 18 46 26 1660 2000
10 17 22 23 1840 2000
78 152 73 139 1140 2000
36 98 36 80 1460 2000
41 22 40 5 80 2000
71 174 69 158 1520 2000
116 34 117 18 801 2000
20 55 33 60 1240 2000
37 151 20 152 1700 2000
78 43 71 54 520 2000
74 62 74 80 1060 2000
79 116 85 128 680 2000
75 39 92 40 1980 2000
66 60 76 52 940 2000
10 22 16 34 300 2000
89 65 96 54 300 2000
25 31 40 28 1900 2000
56 26 47 35 860 2000
56 30 70 26 620 2000
159 11 143 13 1860 2000
171 93 157 97 1180 2000
73 26 65 17 541 2000
4 34 9 47 620 2000
21 97 14 108 1820 2000
114 63 100 66 1901 2000
11 7 22 14 60 2000
203 87 208 74 1260 2000
66 84 68 100 1220 2000
145 25 135 33 1580 2000
76 98 92 100 1140 2000
39 106 43 120 1280 2000
25 62 42 61 200 2000
31 112 46 115 1400 2000
25 54 26 71 840 2000
36 40 26 32 220 2000
58 29 55 14 1320 2000
82 75 75 65 1661 2000
170 6 167 21 700 2000
46 119 60 123 600 2000
50 116 49 133 1460 2000
98 41 115 42 1760 2000
52 93 54 77 1160 2000
60 44 73 40 761 2000
91 23 95 37 1620 2000
37 66 31 78 1520 2000
20 45 13 34 120 2000
22 90 11 97 1260 2000
56 10 69 5 500 2000
14 113 8 125 1600 2000
2 6 6 20 100 2000
39 38 33 26 200 2000
125 65 114 72 700 2000
81 28 73 38 760 2000
121 130 115 142 1160 2000
82 44 91 35 1580 2000
19 16 16 31 120 2000
140 55 140 73 1800 2000
140 72 130 80 1820 2000
9 59 12 74 1300 2000
85 81 85 99 580 2000
35 35 31 21 380 2000
1 115 1 133 1340 2000
33 142 28 129 1800 2000
38 18 34 4 420 2000
39 67 50 60 460 2000
56 72 70 76 1980 2000
146 22 144 38 1220 2000
9 11 26 12 20 2000
8 79 3 66 1040 2000
7 62 20 67 280 2000
38 64 38 46 1540 2000
128 82 143 84 1401 2000
51 42 59 32 920 2000
159 109 149 117 1300 2000
80 19 78 34 1221 2000
21 61 31 69 180 2000
91 19 105 22 1001 2000
4 123 8 110 1421 2000
15 208 14 225 1240 2000
19 180 7 186 1240 2000
16 85 0 87 280 2000
117 14 105 8 720 2000
2 27 18 25 40 2000
181 145 184 131 1761 2000
21 46 36 43 1960 2000
34 30 38 44 940 2000
47 108 54 97 400 2000
195 136 182 131 1800 2000
39 112 43 126 1960 2000
44 29 37 40 1200 2000
149 50 142 40 981 2000
236 49 242 61 1920 2000
46 41 30 39 1600 2000
232 126 235 141 1620 2000
23 87 36 92 420 2000
107 78 103 65 581 2000
16 37 4 43 1040 2000
3 34 15 40 600 2000
78 36 79 53 740 2000
33 19 25 9 100 2000
216 67 214 83 1240 2000
135 84 132 98 701 2000
160 34 153 45 1540 2000
53 13 43 21 260 2000
96 97 96 115 1920 2000
10 10 1 18 161 2000
142 18 132 26 1460 2000
21 21 5 23 1580 2000
133 110 140 121 840 2000
0 18 11 11 20 2000
228 112 237 103 1940 2000
69 118 80 125 640 2000
39 61 55 63 1900 2000
16 60 33 59 140 2000
105 30 94 37 840 2000
2 39 5 24 280 2000
65 30 62 15 360 2000
9 15 12 30 100 2000
57 153 50 164 1540 2000
22 105 12 113 520 2000
79 18 78 1 720 2000
45 99 38 110 1900 2000
107 37 111 51 940 2000
148 48 143 35 1140 2000
131 47 140 56 1780 2000
57 32 49 22 680 2000
2 29 10 19 200 2000
12 6 29 7 20 2000
161 66 175 62 1240 2000
99 33 108 42 460 2000
132 50 120 44 1260 2000
163 18 155 8 680 2000
118 104 128 111 1761 2000
194 58 183 51 1340 2000
7 11 24 12 60 2000
17 62 24 73 1760 2000
28 167 45 166 880 2000
19 46 31 52 480 2000
41 32 39 47 421 2000
113 71 118 58 1940 2000
2 18 4 2 20 2000
32 17 31 0 80 2000
36 76 43 65 620 2000
12 32 27 35 60 2000
108 31 116 21 720 2000
22 65 39 64 280 2000
74 91 82 81 1440 2000
216 22 213 37 1620 2000
101 31 100 14 380 2000
97 85 86 78 1460 2000
46 80 32 84 1700 2000
46 114 47 131 1420 2000
142 43 136 55 600 2000
221 63 235 67 1580 2000
34 93 27 104 1200 2000
27 108 36 99 1440 2000
239 64 223 66 1800 2000
25 7 40 4 220 2000
96 103 80 105 920 2000
56 121 57 104 840 2000
27 90 12 87 400 2000
214 64 220 52 1900 2000
70 102 61 111 1540 2000
35 70 26 61 1200 2000
45 37 45 20 401 2000
48 22 55 33 340 2000
161 90 170 81 840 2000
25 9 25 27 60 2000
148 14 164 16 1900 2000
32 10 44 4 60 2000
50 18 60 26 1620 2000
94 128 100 140 1460 2000
37 10 50 5 120 2000
9 112 23 115 1061 2000
18 33 29 40 360 2000
41 7 50 16 180 2000
83 66 85 82 1080 2000
77 72 78 55 1120 2000
104 88 114 96 940 2000
37 39 49 45 1140 2000
66 15 51 18 280 2000
50 17 57 27 301 2000
50 104 59 95 1980 2000
65 37 51 41 340 2000
20 56 14 68 500 2000
99 12 95 26 1480 2000
101 147 117 149 1300 2000
14 169 16 185 1480 2000
33 32 45 38 440 2000
119 141 103 139 1380 2000
38 43 40 27 960 2000
69 11 53 13 260 2000
29 60 23 72 520 2000
26 36 21 49 140 2000
46 45 55 36 560 2000
94 57 87 46 1920 2000
67 40 60 51 600 2000
60 50 46 46 620 2000
239 79 240 62 1460 2000
75 82 87 76 960 2000
35 128 35 145 1621 2000
25 53 30 40 700 2000
30 41 25 28 720 2000
22 91 37 94 560 2000
13 32 13 14 1960 2000
9 41 0 50 780 2000
77 13 94 14 980 2000
17 51 12 38 820 2000
48 21 34 17 920 2000
41 117 43 101 1380 2000
19 12 31 18 800 2000
28 11 13 8 40 2000
23 6 6 5 80 2000
26 86 25 69 1220 2000
8 142 3 129 1100 2000
140 58 154 54 1660 2000
33 49 34 66 180 2000
66 39 49 40 400 2000
180 199 173 210 1480 2000
10 22 17 11 420 2000
47 252 59 246 1480 2000
33 43 30 28 1820 2000
14 101 24 93 1960 2000
75 11 75 29 580 2000
21 34 23 18 1160 2000
14 29 8 40 101 2000
36 23 52 21 1200 2000
92 39 98 27 1200 2000
51 20 53 4 400 2000
58 41 73 44 1520 2000
13 7 29 5 20 2000
79 66 92 61 520 2000
39 97 29 105 1940 2000
53 87 40 82 900 2000
18 107 30 113 1320 2000
54 48 46 58 220 2000
11 10 6 23 680 2000
95 100 80 103 960 2000
49 132 60 125 1480 2000
11 40 12 57 120 2000
13 0 19 12 160 2000
42 65 45 50 1560 2000
8 152 21 147 1380 2000
25 30 17 20 120 2000
66 31 66 13 1560 2000
4 45 19 48 480 2000
39 44 44 57 800 2000
130 79 123 90 1840 2000
24 31 15 40 120 2000
4 71 12 81 1120 2000
244 43 238 55 1480 2000
125 111 140 108 1380 2000
33 150 28 137 1280 2000
20 62 20 80 1700 2000
24 30 31 19 1500 2000
4 11 20 9 40 2000
16 48 17 65 180 2000
104 71 101 85 1821 2000
68 107 76 97 880 2000
47 21 47 39 580 2000
100 22 104 36 660 2000
66 66 55 73 420 2000
55 35 67 41 580 2000
89 15 74 12 1060 2000
34 26 33 10 321 2000
167 85 182 82 1460 2000
19 24 33 28 1200 2000
78 39 75 54 1960 2000
11 196 12 179 1560 2000
24 20 41 21 60 2000
82 44 65 43 540 2000
145 81 137 71 780 2000
48 122 55 133 1540 2000
28 59 43 62 200 2000
41 33 53 27 1620 2000
54 129 37 128 1760 2000
54 110 39 113 1940 2000
90 37 93 22 1800 2000
36 31 41 44 1080 2000
32 91 46 87 400 2000
141 55 136 42 1860 2000
159 34 168 43 1920 2000
82 32 94 26 1060 2000
117 106 101 108 1160 2000
42 87 27 90 360 2000
18 66 4 62 180 2000
70 141 68 125 920 2000
20 37 35 40 120 2000
19 1 23 15 260 2000
189 162 189 180 1840 2000
87 142 70 143 1080 2000
143 32 144 15 720 2000
7 118 19 124 1320 2000
18 24 9 16 161 2000
166 14 163 29 1500 2000
33 125 37 139 580 2000
72 29 67 42 1680 2000
85 60 82 45 1560 2000
76 82 84 91 561 2000
42 17 58 15 480 2000
102 105 109 94 1200 2000
140 82 155 85 1860 2000
35 38 42 48 501 2000
25 45 40 48 580 2000
56 145 68 139 760 2000
68 125 80 119 800 2000
47 34 47 52 760 2000
78 54 66 48 1140 2000
34 131 28 143 840 2000
4 43 4 61 680 2000
22 8 12 0 900 2000
20 23 33 18 80 2000
33 95 35 80 1921 2000
79 50 77 66 880 2000
5 102 13 112 720 2000
23 29 9 25 1420 2000
136 36 136 54 740 2000
59 223 52 234 1540 2000
62 16 79 17 700 2000
122 111 133 104 1960 2000
24 36 38 32 1780 2000
116 81 113 95 1101 2000
113 94 128 97 1120 2000
128 96 128 114 1140 2000
43 133 38 146 900 2000
41 123 28 128 1220 2000
12 35 1 28 80 2000
109 95 105 81 1220 2000
61 26 73 32 880 2000
67 43 63 29 1700 2000
30 67 37 78 360 2000
50 181 64 177 1840 2000
57 4 49 14 360 2000
36 15 29 4 1000 2000
37 99 27 107 1420 2000
42 95 46 109 1320 2000
127 44 111 46 1400 2000
1 95 4 110 1180 2000
20 135 4 136 1661 2000
135 55 129 67 660 2000
181 124 182 107 1000 2000
190 106 206 105 1441 2000
181 22 175 34 920 2000
44 115 43 132 1960 2000
217 158 209 168 1760 2000
142 39 150 29 1000 2000
21 10 14 20 61 2000
41 83 42 66 1540 2000
190 89 204 85 1320 2000
27 78 17 86 320 2000
131 22 135 36 1680 2000
10 27 7 12 40 2000
43 27 45 12 401 2000
128 66 131 51 1740 2000
29 58 23 70 960 2000
54 13 46 23 1720 2000
52 82 65 77 1500 2000
42 43 28 47 1200 2000
30 15 23 26 80 2000
190 78 200 86 1860 2000
12 99 9 84 960 2000
18 34 7 41 780 2000
149 34 140 43 1960 2000
139 61 137 45 1060 2000
214 36 226 30 1820 2000
1 21 18 20 100 2000
52 37 40 43 1760 2000
60 122 65 109 620 2000
23 12 34 5 40 2000
191 163 208 162 1420 2000
23 55 37 59 1540 2000
57 3 57 21 540 2000
20 115 16 101 1800 2000
110 21 100 13 640 2000
47 20 41 8 160 2000
11 49 13 33 180 2000
82 72 76 60 1900 2000
1 36 1 18 160 2000
76 107 75 90 1600 2000
50 3 63 8 1760 2000
27 59 29 43 820 2000
28 31 22 19 160 2000
54 14 57 29 1020 2000
46 49 32 53 880 2000
51 49 66 46 220 2000
14 120 2 125 1801 2000
52 16 51 33 500 2000
182 130 180 146 1300 2000
126 37 126 55 1360 2000
21 21 21 3 220 2000
62 52 48 49 481 2000
12 26 0 21 41 2000
19 58 9 50 640 2000
5 37 18 32 300 2000
123 92 115 83 1861 2000
188 85 174 89 1120 2000
23 44 13 52 200 2000
0 1 11 8 1 2000
42 69 33 78 640 2000
169 61 173 75 1660 2000
21 72 26 59 680 2000
62 100 50 94 1700 2000
29 44 17 50 840 2000
71 57 64 68 940 2000
81 223 74 212 1260 2000
90 62 103 67 620 2000
51 36 45 48 520 2000
95 26 105 34 680 2000
169 131 165 117 1220 2000
21 158 24 143 1640 2000
29 128 26 113 1720 2000
36 60 53 59 1380 2000
19 35 4 38 60 2000
65 28 52 33 280 2000
31 58 16 61 120 2000
70 49 70 67 760 2000
90 57 86 43 1440 2000
79 8 75 22 920 2000
23 4 38 7 40 2000
20 85 21 68 400 2000
69 163 83 167 1460 2000
53 34 42 41 1000 2000
186 22 188 6 1340 2000
79 61 78 44 1260 2000
30 54 43 49 1220 2000
45 10 42 25 480 2000
35 53 20 55 481 2000
74 40 76 56 1700 2000
26 13 9 12 120 2000
178 100 184 88 1300 2000
226 35 226 17 1360 2000
103 64 115 70 600 2000
39 105 26 109 1561 2000
55 60 51 47 1341 2000
19 128 26 138 1421 2000
93 38 94 55 1160 2000
78 34 65 29 340 2000
83 29 99 27 1420 2000
39 11 27 17 1660 2000
29 78 20 70 1461 2000
5 8 1 22 1400 2000
129 77 136 88 1620 2000
17 106 17 124 1320 2000
56 142 45 135 860 2000
126 90 111 87 1820 2000
57 75 49 85 1580 2000
85 77 77 67 780 2000
59 79 45 83 1620 2000
59 2 54 15 1000 2000
32 78 17 75 1660 2000
27 4 29 20 1280 2000
74 24 59 21 420 2000
90 67 75 70 1440 2000
48 56 43 69 1500 2000
55 83 44 77 1761 2000
44 78 35 69 1780 2000
26 137 18 127 1440 2000
48 14 61 9 460 2000
56 78 49 88 1841 2000
29 26 15 30 80 2000
36 91 44 81 440 2000
55 61 63 71 1900 2000
30 35 15 38 240 2000
0 71 10 63 1160 2000
60 97 61 80 1960 2000
68 101 52 99 400 2000
