500 500 2000 10000 348 2000
320 448 135 262 0 2000
28 8 240 159 0 2000
369 386 19 410 0 2000
270 340 67 166 0 2000
142 60 200 378 0 2000
25 3 250 149 0 2000
367 22 484 278 0 2000
390 358 414 5 0 2000
168 255 396 401 0 2000
2 31 168 231 0 2000
326 414 412 127 0 2000
145 181 444 259 0 2000
9 364 143 125 0 2000
224 476 52 275 0 2000
218 253 338 499 0 2000
259 418 15 299 0 2000
209 455 22 268 0 2000
482 260 317 48 0 2000
11 17 300 99 0 2000
50 327 408 346 0 2000
20 1 382 17 0 2000
20 20 281 136 0 2000
356 139 59 67 0 2000
13 468 313 392 0 2000
19 21 104 295 0 2000
309 80 315 443 0 2000
352 47 101 159 0 2000
285 120 183 391 0 2000
271 168 410 388 0 2000
455 292 113 271 0 2000
24 6 81 318 0 2000
126 278 318 460 0 2000
0 36 4 395 0 2000
9 24 2 383 0 2000
206 197 464 316 0 2000
434 50 252 227 0 2000
67 365 196 128 0 2000
179 223 378 46 0 2000
78 161 361 66 0 2000
5 28 322 77 0 2000
479 245 139 214 0 2000
142 232 340 56 0 2000
390 73 166 215 0 2000
5 86 126 324 0 2000
109 57 419 113 0 2000
4 29 101 298 0 2000
229 131 311 425 0 2000
31 317 186 103 0 2000
13 15 286 113 0 2000
36 59 202 256 0 2000
210 265 34 67 0 2000
239 181 116 432 0 2000
95 235 433 195 0 2000
298 86 193 359 0 2000
194 496 444 375 0 2000
25 3 334 65 0 2000
405 169 189 331 0 2000
372 391 30 415 0 2000
17 19 164 235 0 2000
297 66 252 384 0 2000
19 17 244 155 0 2000
398 266 99 189 0 2000
446 414 353 148 0 2000
331 448 20 393 0 2000
223 361 405 172 0 2000
48 23 186 259 0 2000
25 3 315 84 0 2000
499 105 441 420 0 2000
31 9 88 311 0 2000
236 167 39 339 0 2000
325 64 326 436 0 2000
107 217 188 499 0 2000
435 163 84 148 0 2000
277 430 69 265 0 2000
10 20 63 336 0 2000
24 184 306 89 0 2000
0 21 65 334 0 2000
268 299 403 56 0 2000
135 222 466 250 0 2000
150 161 366 321 0 2000
15 18 160 239 0 2000
313 23 166 249 0 2000
34 283 386 308 0 2000
218 457 26 290 0 2000
54 278 345 210 0 2000
354 425 12 459 0 2000
73 349 351 251 0 2000
350 75 113 201 0 2000
16 212 252 353 0 2000
137 69 320 263 0 2000
120 236 475 217 0 2000
245 172 107 405 0 2000
153 47 92 363 0 2000
81 2 441 20 0 2000
8 20 356 43 0 2000
14 22 258 141 0 2000
25 1 191 208 0 2000
404 415 220 221 0 2000
171 58 66 329 0 2000
194 188 448 305 0 2000
6 22 41 358 0 2000
473 61 326 277 0 2000
384 233 178 404 0 2000
83 417 234 192 0 2000
266 191 181 472 0 2000
460 279 209 402 0 2000
459 351 276 161 0 2000
32 133 361 180 0 2000
282 52 216 359 0 2000
17 8 35 364 0 2000
98 325 461 328 0 2000
323 10 480 226 0 2000
80 325 126 0 0 2000
374 386 418 61 0 2000
71 424 276 251 0 2000
295 362 94 190 0 2000
235 197 412 8 0 2000
391 76 321 369 0 2000
152 268 355 105 0 2000
473 306 141 272 0 2000
18 7 383 16 0 2000
252 168 321 477 0 2000
470 185 219 62 0 2000
466 251 270 429 0 2000
43 55 353 116 0 2000
139 293 305 493 0 2000
272 76 114 281 0 2000
249 241 487 366 0 2000
51 67 349 146 0 2000
180 166 263 452 0 2000
220 311 456 170 0 2000
391 382 38 407 0 2000
24 92 192 295 0 2000
161 229 307 452 0 2000
80 368 364 462 0 2000
413 351 283 122 0 2000
15 355 135 104 0 2000
272 94 332 400 0 2000
325 186 480 402 0 2000
149 204 55 488 0 2000
215 48 66 273 0 2000
222 265 488 162 0 2000
127 480 493 475 0 2000
343 443 310 113 0 2000
327 84 435 345 0 2000
406 172 82 137 0 2000
357 6 125 137 0 2000
355 59 7 70 0 2000
12 24 299 100 0 2000
6 20 180 219 0 2000
288 128 45 263 0 2000
245 133 342 412 0 2000
1 21 180 219 0 2000
319 285 473 76 0 2000
29 462 391 458 0 2000
37 33 224 220 0 2000
332 89 392 407 0 2000
14 16 58 341 0 2000
232 162 354 411 0 2000
102 172 182 458 0 2000
375 14 86 98 0 2000
413 400 234 205 0 2000
100 104 260 315 0 2000
260 289 353 9 0 2000
337 2 254 295 0 2000
161 475 487 438 0 2000
30 236 191 444 0 2000
323 397 161 188 0 2000
333 38 78 142 0 2000
361 153 443 437 0 2000
3 30 141 258 0 2000
330 39 293 371 0 2000
170 250 434 136 0 2000
248 470 373 218 0 2000
494 325 392 49 0 2000
1 24 295 104 0 2000
356 37 155 195 0 2000
28 232 379 254 0 2000
15 10 161 238 0 2000
44 323 377 297 0 2000
9 13 367 32 0 2000
266 390 432 187 0 2000
277 171 430 387 0 2000
185 268 498 324 0 2000
63 40 405 76 0 2000
17 4 144 255 0 2000
13 23 141 258 0 2000
474 243 187 156 0 2000
394 193 287 463 0 2000
243 325 334 45 0 2000
71 348 274 185 0 2000
340 84 20 30 0 2000
343 444 116 305 0 2000
16 390 214 214 0 2000
13 27 274 125 0 2000
205 214 10 392 0 2000
343 85 161 279 0 2000
147 370 406 485 0 2000
8 25 60 339 0 2000
291 432 234 123 0 2000
63 345 359 423 0 2000
358 43 331 394 0 2000
93 344 283 157 0 2000
288 417 100 227 0 2000
147 352 21 100 0 2000
295 130 43 9 0 2000
268 299 24 177 0 2000
77 376 227 152 0 2000
249 144 360 392 0 2000
416 371 451 40 0 2000
62 233 182 490 0 2000
79 312 384 384 0 2000
25 15 43 356 0 2000
13 12 95 304 0 2000
314 392 116 213 0 2000
14 14 79 320 0 2000
18 7 121 278 0 2000
189 258 418 405 0 2000
18 3 285 114 0 2000
372 108 176 271 0 2000
103 266 441 287 0 2000
460 210 179 292 0 2000
8 166 134 411 0 2000
282 116 17 3 0 2000
53 175 215 386 0 2000
344 76 365 433 0 2000
355 23 194 240 0 2000
54 322 122 14 0 2000
30 3 222 177 0 2000
396 392 213 204 0 2000
449 338 401 10 0 2000
2 19 159 240 0 2000
435 247 191 120 0 2000
60 192 410 219 0 2000
354 425 319 94 0 2000
8 20 372 27 0 2000
122 6 206 295 0 2000
284 473 261 120 0 2000
74 475 326 353 0 2000
18 5 90 309 0 2000
4 24 126 273 0 2000
341 41 143 217 0 2000
22 3 17 372 0 2000
177 320 85 46 0 2000
248 192 161 482 0 2000
466 266 270 93 0 2000
9 31 206 193 0 2000
26 14 219 180 0 2000
241 133 111 377 0 2000
292 391 406 139 0 2000
2 38 287 112 0 2000
258 279 401 48 0 2000
91 219 347 109 0 2000
425 122 477 448 0 2000
417 305 294 69 0 2000
158 218 14 450 0 2000
298 155 102 328 0 2000
261 418 438 226 0 2000
137 463 352 309 0 2000
70 365 305 493 0 2000
129 114 127 490 0 2000
13 23 295 104 0 2000
472 107 348 346 0 2000
245 221 409 431 0 2000
22 78 390 75 0 2000
86 291 367 195 0 2000
427 248 280 21 0 2000
255 472 281 122 0 2000
276 444 81 262 0 2000
131 455 23 204 0 2000
285 450 470 257 0 2000
0 33 238 161 0 2000
15 11 140 259 0 2000
49 340 400 360 0 2000
308 497 390 201 0 2000
36 374 89 51 0 2000
4 21 63 336 0 2000
400 66 391 433 0 2000
248 126 155 407 0 2000
130 229 449 189 0 2000
333 351 5 396 0 2000
33 3 138 261 0 2000
22 4 384 15 0 2000
18 10 98 301 0 2000
308 125 181 364 0 2000
434 220 293 452 0 2000
220 214 386 14 0 2000
17 8 205 194 0 2000
140 421 170 74 0 2000
199 384 196 14 0 2000
270 152 43 5 0 2000
46 135 158 400 0 2000
394 381 427 38 0 2000
491 273 300 101 0 2000
495 272 166 309 0 2000
371 433 455 154 0 2000
79 265 289 428 0 2000
56 311 403 337 0 2000
449 376 76 371 0 2000
44 286 252 455 0 2000
65 360 31 25 0 2000
199 402 66 164 0 2000
397 137 455 448 0 2000
21 12 369 30 0 2000
106 271 295 459 0 2000
1 29 154 245 0 2000
6 20 176 223 0 2000
299 485 379 196 0 2000
284 21 34 149 0 2000
237 14 380 245 0 2000
14 9 328 71 0 2000
258 150 13 283 0 2000
273 112 139 347 0 2000
205 246 344 480 0 2000
114 329 356 453 0 2000
152 279 455 205 0 2000
412 290 213 118 0 2000
11 11 50 349 0 2000
416 169 245 372 0 2000
5 18 110 289 0 2000
336 7 31 65 0 2000
335 315 48 233 0 2000
364 406 426 97 0 2000
332 191 41 108 0 2000
149 116 396 243 0 2000
387 41 196 223 0 2000
111 149 415 87 0 2000
299 78 227 383 0 2000
429 285 140 196 0 2000
129 367 72 55 0 2000
363 279 183 100 0 2000
322 30 319 386 0 2000
161 202 454 272 0 2000
389 228 157 91 0 2000
1 27 296 103 0 2000
189 205 288 482 0 2000
316 408 168 187 0 2000
442 382 281 170 0 2000
67 132 327 19 0 2000
445 237 292 443 0 2000
391 415 383 54 0 2000
104 265 258 480 0 2000
94 284 407 337 0 2000
175 209 453 124 0 2000
44 265 306 164 0 2000
187 167 108 464 0 2000
271 103 88 294 0 2000
404 7 474 308 0 2000
2 24 118 281 0 2000
228 179 422 10 0 2000
32 106 131 366 0 2000
58 320 182 66 0 2000
334 118 164 322 0 2000
217 82 311 365 0 2000
105 446 440 480 0 2000
174 247 459 339 0 2000
355 327 437 33 0 2000
12 13 207 192 0 2000
291 43 53 164 0 2000
144 314 472 345 0 2000
41 391 180 164 0 2000
222 361 303 76 0 2000
341 52 336 424 0 2000
301 275 452 50 0 2000
463 272 288 460 0 2000
13 8 165 234 0 2000
177 232 419 111 0 2000
141 143 473 112 0 2000
421 341 192 485 0 2000
257 83 487 231 0 2000
9 14 261 138 0 2000
13 9 64 335 0 2000
81 131 245 330 0 2000
420 169 337 460 0 2000
39 273 283 154 0 2000
399 402 57 370 0 2000
455 134 339 394 0 2000
37 168 123 456 0 2000
152 67 484 33 0 2000
8 14 53 346 0 2000
13 9 36 363 0 2000
56 210 280 363 0 2000
8 28 10 389 0 2000
291 422 77 262 0 2000
268 237 417 10 0 2000
302 111 157 340 0 2000
17 19 352 47 0 2000
439 365 178 249 0 2000
399 434 425 97 0 2000
19 445 137 190 0 2000
455 338 416 11 0 2000
199 420 478 336 0 2000
161 235 343 422 0 2000
168 215 302 452 0 2000
41 39 407 44 0 2000
236 173 396 384 0 2000
93 4 457 6 0 2000
192 108 386 283 0 2000
262 398 283 41 0 2000
27 305 211 494 0 2000
267 411 308 93 0 2000
343 257 132 420 0 2000
265 367 411 135 0 2000
134 414 453 359 0 2000
35 440 288 317 0 2000
462 303 152 370 0 2000
6 386 63 67 0 2000
163 429 165 62 0 2000
426 102 312 365 0 2000
3 27 154 245 0 2000
17 4 140 259 0 2000
197 63 361 270 0 2000
299 230 400 488 0 2000
474 127 412 424 0 2000
185 34 376 219 0 2000
425 326 196 192 0 2000
67 234 224 17 0 2000
176 235 478 304 0 2000
63 327 140 26 0 2000
376 200 3 196 0 2000
429 345 129 414 0 2000
3 18 26 373 0 2000
73 113 393 166 0 2000
376 350 243 110 0 2000
23 3 292 107 0 2000
16 5 124 275 0 2000
140 485 281 250 0 2000
437 79 97 113 0 2000
154 219 281 465 0 2000
145 186 300 390 0 2000
259 430 57 259 0 2000
6 19 221 178 0 2000
442 275 247 94 0 2000
438 135 334 402 0 2000
144 498 353 333 0 2000
112 355 361 228 0 2000
299 465 41 350 0 2000
297 443 356 139 0 2000
167 371 423 250 0 2000
346 64 17 17 0 2000
249 176 455 343 0 2000
86 315 386 241 0 2000
425 290 82 321 0 2000
224 473 409 280 0 2000
99 267 218 20 0 2000
285 89 61 239 0 2000
198 348 483 262 0 2000
473 124 468 488 0 2000
350 351 156 167 0 2000
18 7 195 204 0 2000
393 16 274 273 0 2000
334 62 331 428 0 2000
378 35 455 331 0 2000
412 213 206 366 0 2000
100 422 469 426 0 2000
27 397 124 118 0 2000
13 9 62 337 0 2000
475 197 240 321 0 2000
7 14 379 8 0 2000
279 52 451 256 0 2000
95 419 278 239 0 2000
267 110 255 475 0 2000
343 197 30 258 0 2000
297 144 404 396 0 2000
239 354 451 190 0 2000
17 4 239 160 0 2000
352 77 192 286 0 2000
274 124 87 300 0 2000
372 159 277 437 0 2000
177 243 41 481 0 2000
325 120 134 303 0 2000
392 13 205 192 0 2000
352 434 26 387 0 2000
16 400 218 226 0 2000
282 362 39 490 0 2000
7 26 282 117 0 2000
321 345 33 416 0 2000
410 257 188 103 0 2000
356 13 431 307 0 2000
279 145 247 487 0 2000
14 7 317 82 0 2000
264 155 121 381 0 2000
117 184 243 417 0 2000
417 478 117 402 0 2000
238 139 138 416 0 2000
158 462 490 421 0 2000
351 25 55 105 0 2000
40 94 335 16 0 2000
25 324 83 16 0 2000
97 274 207 13 0 2000
288 97 336 412 0 2000
228 145 350 396 0 2000
373 47 111 154 0 2000
458 101 346 367 0 2000
474 223 286 45 0 2000
121 364 377 242 0 2000
3 23 101 298 0 2000
349 53 136 214 0 2000
85 347 193 89 0 2000
117 359 340 213 0 2000
13 17 61 338 0 2000
49 352 102 28 0 2000
127 463 269 242 0 2000
363 76 172 244 0 2000
138 271 398 380 0 2000
108 453 46 137 0 2000
16 6 155 244 0 2000
149 290 354 136 0 2000
216 382 459 251 0 2000
6 16 172 227 0 2000
253 169 468 330 0 2000
39 72 358 25 0 2000
67 298 324 417 0 2000
349 20 66 106 0 2000
383 493 404 151 0 2000
275 120 396 358 0 2000
267 460 279 96 0 2000
18 422 279 314 0 2000
8 13 167 232 0 2000
63 335 424 337 0 2000
268 401 273 33 0 2000
226 319 20 151 0 2000
494 61 419 355 0 2000
301 126 206 400 0 2000
45 376 359 439 0 2000
8 17 295 104 0 2000
50 250 330 346 0 2000
43 254 367 304 0 2000
448 88 231 242 0 2000
18 7 225 174 0 2000
2 20 242 157 0 2000
321 353 78 483 0 2000
5 20 74 325 0 2000
393 278 58 239 0 2000
476 231 362 490 0 2000
58 89 222 284 0 2000
277 27 213 341 0 2000
248 139 473 291 0 2000
225 196 483 77 0 2000
225 185 376 400 0 2000
20 5 75 324 0 2000
388 133 470 427 0 2000
158 44 153 412 0 2000
333 457 133 284 0 2000
33 3 239 160 0 2000
22 3 317 82 0 2000
398 192 320 488 0 2000
308 287 103 451 0 2000
337 36 396 350 0 2000
438 285 300 49 0 2000
492 328 208 421 0 2000
18 8 351 48 0 2000
41 378 67 33 0 2000
277 190 22 306 0 2000
210 345 374 150 0 2000
28 5 266 133 0 2000
189 372 369 178 0 2000
443 324 177 216 0 2000
55 407 34 55 0 2000
9 12 158 241 0 2000
212 161 139 461 0 2000
28 122 137 379 0 2000
114 131 242 376 0 2000
344 402 404 85 0 2000
6 269 206 91 0 2000
382 396 375 30 0 2000
458 262 307 35 0 2000
437 227 64 232 0 2000
391 362 479 84 0 2000
91 192 369 96 0 2000
17 16 256 143 0 2000
22 3 120 279 0 2000
152 243 325 47 0 2000
318 53 486 244 0 2000
3 20 24 375 0 2000
5 25 56 343 0 2000
40 440 243 270 0 2000
117 92 111 452 0 2000
426 384 459 44 0 2000
178 231 315 465 0 2000
1 25 125 274 0 2000
2 219 199 398 0 2000
104 317 465 333 0 2000
44 53 115 360 0 2000
375 20 24 46 0 2000
33 338 352 390 0 2000
279 28 422 262 0 2000
319 447 183 214 0 2000
334 91 130 260 0 2000
19 2 236 163 0 2000
20 94 293 198 0 2000
171 271 406 399 0 2000
1 29 285 114 0 2000
325 119 438 384 0 2000
78 307 442 294 0 2000
63 351 406 316 0 2000
382 34 83 111 0 2000
462 319 281 122 0 2000
23 60 318 128 0 2000
59 253 353 169 0 2000
29 4 248 151 0 2000
334 67 48 158 0 2000
68 306 433 315 0 2000
419 161 478 478 0 2000
420 358 270 149 0 2000
46 330 276 194 0 2000
155 269 5 493 0 2000
314 106 155 325 0 2000
175 236 426 114 0 2000
246 291 347 26 0 2000
4 18 346 53 0 2000
219 196 443 343 0 2000
1 39 111 288 0 2000
255 104 499 219 0 2000
71 98 240 303 0 2000
126 175 459 218 0 2000
308 100 40 208 0 2000
24 2 262 137 0 2000
110 267 268 486 0 2000
424 80 425 445 0 2000
15 8 378 21 0 2000
221 200 124 476 0 2000
438 143 89 116 0 2000
279 289 110 84 0 2000
405 37 340 346 0 2000
406 65 220 256 0 2000
68 310 379 243 0 2000
272 163 393 405 0 2000
274 123 210 430 0 2000
297 103 304 474 0 2000
390 23 134 140 0 2000
422 322 281 100 0 2000
135 20 379 154 0 2000
10 20 14 385 0 2000
8 14 83 316 0 2000
9 17 50 349 0 2000
37 386 45 31 0 2000
481 15 210 117 0 2000
31 348 109 53 0 2000
310 450 55 328 0 2000
269 195 57 346 0 2000
1 32 197 202 0 2000
40 230 225 41 0 2000
57 120 228 315 0 2000
4 38 230 189 0 2000
15 257 282 151 0 2000
212 253 360 28 0 2000
123 271 430 202 0 2000
390 34 66 84 0 2000
405 385 44 375 0 2000
27 349 288 239 0 2000
79 310 234 106 0 2000
246 124 349 390 0 2000
130 233 475 251 0 2000
117 380 380 495 0 2000
134 106 398 211 0 2000
16 7 23 376 0 2000
454 346 107 319 0 2000
18 10 123 276 0 2000
108 286 467 271 0 2000
340 91 181 306 0 2000
24 6 355 44 0 2000
189 242 445 363 0 2000
164 248 41 5 0 2000
14 7 174 225 0 2000
186 371 89 94 0 2000
3 22 317 82 0 2000
344 30 280 332 0 2000
175 284 388 444 0 2000
216 234 43 430 0 2000
33 206 231 30 0 2000
462 313 111 338 0 2000
4 18 71 328 0 2000
208 217 451 87 0 2000
213 397 85 152 0 2000
33 368 326 290 0 2000
331 28 137 193 0 2000
36 26 157 276 0 2000
198 414 51 185 0 2000
367 453 73 388 0 2000
295 301 456 91 0 2000
200 361 61 134 0 2000
311 113 405 393 0 2000
51 275 205 498 0 2000
18 4 100 299 0 2000
77 90 416 125 0 2000
285 135 62 290 0 2000
91 82 320 231 0 2000
272 432 277 74 0 2000
7 23 123 276 0 2000
377 219 54 255 0 2000
4 111 320 68 0 2000
8 14 95 304 0 2000
61 79 90 424 0 2000
91 151 269 332 0 2000
324 392 421 115 0 2000
325 156 71 39 0 2000
240 134 95 363 0 2000
466 256 302 470 0 2000
5 17 23 376 0 2000
452 128 327 362 0 2000
339 258 193 45 0 2000
349 310 260 25 0 2000
379 251 150 388 0 2000
164 399 224 85 0 2000
16 10 88 311 0 2000
0 28 225 174 0 2000
161 148 364 319 0 2000
119 280 310 112 0 2000
342 63 351 427 0 2000
19 2 168 231 0 2000
382 183 202 366 0 2000
314 430 105 280 0 2000
262 119 128 354 0 2000
243 122 334 390 0 2000
1 21 66 333 0 2000
187 191 88 470 0 2000
20 13 292 107 0 2000
373 440 15 424 0 2000
389 80 88 153 0 2000
457 137 343 392 0 2000
16 10 306 93 0 2000
260 258 479 398 0 2000
347 82 286 390 0 2000
89 292 258 486 0 2000
1 25 58 341 0 2000
161 151 217 454 0 2000
12 13 332 67 0 2000
265 156 362 428 0 2000
409 216 166 342 0 2000
119 303 340 148 0 2000
182 191 435 71 0 2000
477 293 346 53 0 2000
20 2 283 116 0 2000
3 22 98 301 0 2000
166 263 432 160 0 2000
408 1 45 9 0 2000
95 449 194 179 0 2000
218 163 136 440 0 2000
273 165 128 383 0 2000
52 369 149 89 0 2000
367 459 385 114 0 2000
124 166 467 197 0 2000
122 257 461 277 0 2000
472 318 252 167 0 2000
355 19 7 45 0 2000
337 66 29 5 0 2000
399 19 180 166 0 2000
279 127 240 462 0 2000
374 1 427 319 0 2000
18 22 202 197 0 2000
176 373 466 449 0 2000
307 66 489 257 0 2000
210 225 493 301 0 2000
86 444 307 288 0 2000
210 403 230 57 0 2000
81 285 217 55 0 2000
293 266 78 118 0 2000
0 33 198 201 0 2000
144 343 442 408 0 2000
33 71 183 294 0 2000
92 250 455 244 0 2000
435 372 121 312 0 2000
125 436 136 69 0 2000
9 27 185 214 0 2000
0 30 5 394 0 2000
240 175 417 371 0 2000
363 385 327 50 0 2000
239 133 229 486 0 2000
479 249 301 442 0 2000
104 259 386 340 0 2000
374 3 370 376 0 2000
457 177 222 315 0 2000
14 22 161 238 0 2000
25 233 140 492 0 2000
3 18 137 262 0 2000
12 9 239 160 0 2000
401 319 308 36 0 2000
26 10 181 218 0 2000
42 249 347 177 0 2000
270 451 399 214 0 2000
5 23 46 353 0 2000
168 195 418 308 0 2000
465 83 315 296 0 2000
362 417 449 128 0 2000
19 3 73 326 0 2000
361 120 219 341 0 2000
391 16 106 104 0 2000
457 138 313 370 0 2000
197 309 426 451 0 2000
337 324 81 434 0 2000
493 15 185 81 0 2000
73 300 394 248 0 2000
374 77 15 59 0 2000
65 357 288 204 0 2000
470 351 435 10 0 2000
24 6 276 123 0 2000
454 334 154 393 0 2000
61 388 296 254 0 2000
8 14 317 82 0 2000
189 246 361 55 0 2000
233 192 138 470 0 2000
20 8 46 353 0 2000
10 11 177 222 0 2000
108 244 286 443 0 2000
66 408 275 243 0 2000
310 140 108 314 0 2000
2 20 332 67 0 2000
309 107 358 434 0 2000
360 396 481 158 0 2000
380 35 356 384 0 2000
414 120 46 111 0 2000
485 224 177 292 0 2000
440 33 257 228 0 2000
471 280 353 29 0 2000
8 14 27 372 0 2000
25 261 268 395 0 2000
194 270 365 70 0 2000
309 403 278 60 0 2000
2 34 94 305 0 2000
149 183 343 358 0 2000
71 353 244 152 0 2000
131 362 298 151 0 2000
34 389 310 486 0 2000
1 22 331 68 0 2000
34 274 176 43 0 2000
15 10 174 225 0 2000
3 27 92 307 0 2000
184 190 496 252 0 2000
0 193 230 45 0 2000
17 5 154 245 0 2000
227 200 79 423 0 2000
282 481 398 221 0 2000
198 93 314 340 0 2000
330 65 277 388 0 2000
23 346 317 429 0 2000
395 361 283 100 0 2000
2 26 217 182 0 2000
225 148 495 42 0 2000
268 202 62 37 0 2000
411 64 58 54 0 2000
193 214 19 17 0 2000
337 187 213 434 0 2000
97 423 442 447 0 2000
432 343 99 386 0 2000
362 416 311 98 0 2000
18 3 34 365 0 2000
96 303 193 26 0 2000
10 20 345 54 0 2000
87 183 140 499 0 2000
6 22 155 244 0 2000
321 173 413 455 0 2000
47 395 147 136 0 2000
104 349 226 94 0 2000
4 22 183 216 0 2000
83 52 91 407 0 2000
348 75 29 115 0 2000
18 415 352 440 0 2000
7 394 331 341 0 2000
300 435 264 105 0 2000
152 214 371 361 0 2000
373 154 290 448 0 2000
212 25 352 256 0 2000
361 373 68 449 0 2000
478 262 246 407 0 2000
459 353 364 79 0 2000
478 270 206 169 0 2000
234 276 61 466 0 2000
22 8 362 37 0 2000
382 36 230 260 0 2000
382 325 141 458 0 2000
33 347 89 44 0 2000
393 354 285 84 0 2000
23 128 351 176 0 2000
380 172 198 356 0 2000
39 277 175 42 0 2000
124 249 319 423 0 2000
298 418 30 313 0 2000
33 138 111 434 0 2000
22 152 97 451 0 2000
80 331 248 122 0 2000
163 132 57 400 0 2000
472 84 353 334 0 2000
206 232 51 13 0 2000
55 34 284 179 0 2000
12 16 106 293 0 2000
77 255 239 464 0 2000
440 258 152 177 0 2000
327 430 47 336 0 2000
83 439 390 383 0 2000
460 498 250 339 0 2000
92 291 211 41 0 2000
246 186 35 31 0 2000
158 438 0 223 0 2000
99 9 174 307 0 2000
48 414 375 463 0 2000
30 382 284 262 0 2000
308 167 254 486 0 2000
246 141 490 275 0 2000
50 389 369 349 0 2000
145 441 217 154 0 2000
193 166 484 98 0 2000
367 333 82 414 0 2000
317 484 71 352 0 2000
95 276 251 491 0 2000
475 188 323 399 0 2000
438 142 357 424 0 2000
200 200 464 91 0 2000
284 278 441 62 0 2000
38 11 186 241 0 2000
25 390 103 91 0 2000
414 25 300 289 0 2000
14 11 343 56 0 2000
21 9 155 244 0 2000
193 81 171 432 0 2000
17 6 289 110 0 2000
102 99 248 329 0 2000
307 39 270 375 0 2000
239 299 430 117 0 2000
461 236 235 96 0 2000
356 466 302 157 0 2000
387 358 222 157 0 2000
337 34 15 83 0 2000
189 22 186 393 0 2000
240 49 337 318 0 2000
10 12 385 10 0 2000
30 141 231 314 0 2000
91 311 400 371 0 2000
383 367 35 337 0 2000
370 44 219 252 0 2000
11 14 261 138 0 2000
4 21 236 163 0 2000
138 105 408 201 0 2000
459 317 315 87 0 2000
10 20 334 65 0 2000
406 400 381 52 0 2000
57 316 250 136 0 2000
107 456 459 477 0 2000
200 368 399 198 0 2000
494 247 347 18 0 2000
23 7 109 290 0 2000
7 18 191 208 0 2000
37 244 279 378 0 2000
24 6 245 154 0 2000
285 378 13 472 0 2000
5 25 71 328 0 2000
132 332 477 361 0 2000
194 226 377 31 0 2000
165 47 416 159 0 2000
302 367 34 472 0 2000
3 18 61 338 0 2000
79 335 232 110 0 2000
199 443 136 135 0 2000
309 120 11 191 0 2000
53 366 322 470 0 2000
465 282 150 219 0 2000
460 118 121 150 0 2000
0 40 52 347 0 2000
79 170 397 114 0 2000
422 349 249 146 0 2000
19 7 242 157 0 2000
318 98 11 169 0 2000
36 177 324 255 0 2000
343 6 16 38 0 2000
312 367 106 199 0 2000
14 7 130 269 0 2000
464 23 306 239 0 2000
24 44 206 239 0 2000
417 201 235 388 0 2000
443 125 452 487 0 2000
132 271 393 159 0 2000
419 356 354 47 0 2000
340 360 111 490 0 2000
291 406 207 112 0 2000
381 154 47 125 0 2000
180 197 288 466 0 2000
332 494 29 426 0 2000
9 341 276 232 0 2000
14 22 328 71 0 2000
1 22 355 44 0 2000
62 30 318 133 0 2000
289 449 468 265 0 2000
14 26 49 350 0 2000
15 11 341 58 0 2000
455 310 184 215 0 2000
5 23 271 128 0 2000
274 462 48 315 0 2000
192 469 63 220 0 2000
19 9 219 180 0 2000
137 267 405 365 0 2000
69 356 417 381 0 2000
16 404 282 292 0 2000
238 189 460 338 0 2000
9 13 101 298 0 2000
132 277 381 387 0 2000
212 93 12 269 0 2000
343 434 79 322 0 2000
14 7 22 377 0 2000
173 78 476 15 0 2000
70 355 273 185 0 2000
195 232 433 365 0 2000
372 60 487 311 0 2000
139 149 227 424 0 2000
312 482 274 142 0 2000
433 344 342 57 0 2000
20 1 180 219 0 2000
254 215 136 470 0 2000
7 26 83 316 0 2000
200 232 4 402 0 2000
157 369 305 148 0 2000
24 433 202 237 0 2000
104 283 260 490 0 2000
19 6 107 292 0 2000
281 104 213 413 0 2000
376 88 90 175 0 2000
319 52 467 275 0 2000
11 15 99 300 0 2000
190 116 455 12 0 2000
388 110 138 223 0 2000
308 411 98 247 0 2000
22 14 205 194 0 2000
108 321 217 71 0 2000
417 8 283 245 0 2000
8 242 205 421 0 2000
436 194 243 360 0 2000
260 289 438 470 0 2000
12 18 263 136 0 2000
267 282 186 4 0 2000
24 2 84 315 0 2000
190 83 313 337 0 2000
3 20 161 238 0 2000
328 407 277 82 0 2000
44 235 298 344 0 2000
481 225 120 235 0 2000
12 11 117 282 0 2000
5 25 143 256 0 2000
19 21 310 89 0 2000
189 101 461 195 0 2000
11 11 369 30 0 2000
176 216 413 350 0 2000
29 1 376 23 0 2000
135 290 23 29 0 2000
384 385 218 175 0 2000
334 267 172 479 0 2000
111 265 385 367 0 2000
397 163 22 164 0 2000
277 145 416 382 0 2000
307 167 399 446 0 2000
272 389 14 273 0 2000
236 127 369 357 0 2000
367 123 125 254 0 2000
221 131 290 428 0 2000
340 388 29 436 0 2000
1 32 102 297 0 2000
180 210 473 129 0 2000
3 33 326 73 0 2000
15 3 176 213 0 2000
457 453 198 353 0 2000
3 37 177 222 0 2000
399 33 413 385 0 2000
85 291 446 304 0 2000
351 479 489 248 0 2000
308 467 83 316 0 2000
193 234 446 116 0 2000
193 35 151 366 0 2000
114 318 12 54 0 2000
264 351 128 116 0 2000
439 209 280 423 0 2000
424 378 165 496 0 2000
141 440 499 432 0 2000
97 483 171 198 0 2000
273 101 5 207 0 2000
457 208 153 282 0 2000
368 258 175 439 0 2000
439 299 368 11 0 2000
3 20 286 113 0 2000
22 1 27 372 0 2000
39 186 315 84 0 2000
62 44 354 111 0 2000
5 20 125 274 0 2000
19 17 252 147 0 2000
99 41 298 218 0 2000
352 30 84 131 0 2000
51 10 291 144 0 2000
329 84 86 204 0 2000
18 22 318 81 0 2000
21 12 235 164 0 2000
110 211 350 73 0 2000
108 317 355 201 0 2000
240 106 391 332 0 2000
155 211 375 357 0 2000
308 237 43 343 0 2000
59 173 266 6 0 2000
238 45 141 311 0 2000
290 81 492 238 0 2000
199 88 210 451 0 2000
220 406 290 113 0 2000
304 160 456 386 0 2000
165 231 277 493 0 2000
119 297 464 325 0 2000
56 350 418 349 0 2000
7 23 146 253 0 2000
158 284 467 334 0 2000
290 322 364 23 0 2000
69 115 436 113 0 2000
357 272 14 237 0 2000
27 1 265 134 0 2000
227 487 479 373 0 2000
4 29 38 361 0 2000
392 204 225 403 0 2000
27 3 377 22 0 2000
19 17 355 44 0 2000
335 44 146 228 0 2000
120 315 328 160 0 2000
24 231 283 350 0 2000
13 17 296 103 0 2000
184 236 477 151 0 2000
20 13 41 358 0 2000
3 19 194 205 0 2000
285 480 430 247 0 2000
377 402 220 181 0 2000
354 95 286 390 0 2000
324 87 329 455 0 2000
18 5 364 35 0 2000
13 12 275 124 0 2000
196 302 1 473 0 2000
373 55 202 250 0 2000
0 21 243 156 0 2000
360 213 49 278 0 2000
296 403 170 153 0 2000
19 4 207 192 0 2000
385 265 243 494 0 2000
16 6 202 197 0 2000
168 205 390 56 0 2000
112 305 333 155 0 2000
3 33 75 324 0 2000
100 78 259 293 0 2000
58 119 312 243 0 2000
223 449 454 306 0 2000
362 269 145 115 0 2000
62 312 221 97 0 2000
426 206 345 496 0 2000
256 143 210 470 0 2000
15 18 282 117 0 2000
248 139 359 391 0 2000
110 245 290 49 0 2000
4 26 101 298 0 2000
425 302 338 15 0 2000
7 19 363 2 0 2000
400 358 130 461 0 2000
30 6 163 236 0 2000
175 220 419 347 0 2000
4 18 261 138 0 2000
477 55 369 313 0 2000
379 466 291 181 0 2000
4 18 340 59 0 2000
298 84 279 438 0 2000
64 248 193 488 0 2000
60 331 264 158 0 2000
199 244 406 85 0 2000
198 210 435 347 0 2000
128 245 301 45 0 2000
184 389 185 24 0 2000
209 213 114 494 0 2000
69 156 260 336 0 2000
38 469 353 413 0 2000
133 82 475 114 0 2000
403 193 48 212 0 2000
332 173 271 485 0 2000
293 70 428 306 0 2000
437 65 151 142 0 2000
96 375 297 213 0 2000
280 394 142 159 0 2000
304 416 349 84 0 2000
313 74 5 11 0 2000
241 180 332 466 0 2000
276 102 418 338 0 2000
302 133 243 440 0 2000
281 315 183 47 0 2000
330 465 495 264 0 2000
351 480 369 132 0 2000
27 13 350 49 0 2000
76 273 411 242 0 2000
181 241 395 84 0 2000
342 455 63 375 0 2000
12 11 324 75 0 2000
468 241 120 271 0 2000
8 16 312 75 0 2000
152 275 303 57 0 2000
107 38 309 202 0 2000
126 296 471 265 0 2000
259 166 465 6 0 2000
192 182 128 492 0 2000
433 444 349 155 0 2000
144 282 290 51 0 2000
19 4 96 303 0 2000
167 272 457 203 0 2000
217 200 45 13 0 2000
195 87 158 416 0 2000
128 414 487 402 0 2000
16 20 299 100 0 2000
41 55 130 325 0 2000
24 482 125 206 0 2000
378 167 447 464 0 2000
465 275 220 161 0 2000
74 54 422 77 0 2000
345 29 115 173 0 2000
138 170 287 394 0 2000
262 162 418 380 0 2000
129 438 497 435 0 2000
11 14 38 361 0 2000
18 5 259 140 0 2000
341 38 411 339 0 2000
300 259 92 91 0 2000
116 278 263 59 0 2000
417 424 65 435 0 2000
191 204 492 266 0 2000
428 369 307 116 0 2000
385 402 182 227 0 2000
421 119 66 123 0 2000
0 36 7 392 0 2000
108 112 401 29 0 2000
208 249 338 482 0 2000
64 448 162 172 0 2000
18 5 97 302 0 2000
85 364 35 48 0 2000
97 360 301 195 0 2000
195 129 319 376 0 2000
377 370 39 391 0 2000
17 4 53 346 0 2000
328 38 174 250 0 2000
9 17 181 218 0 2000
318 58 58 174 0 2000
216 486 416 320 0 2000
36 410 173 174 0 2000
137 449 447 382 0 2000
300 287 378 2 0 2000
364 352 87 448 0 2000
499 40 269 184 0 2000
455 333 287 124 0 2000
297 221 211 498 0 2000
428 374 131 312 0 2000
114 325 203 55 0 2000
200 23 267 333 0 2000
17 5 387 12 0 2000
10 11 160 239 0 2000
227 154 448 307 0 2000
22 6 184 215 0 2000
159 205 39 461 0 2000
345 295 85 408 0 2000
372 217 107 315 0 2000
294 69 243 395 0 2000
82 316 347 417 0 2000
32 387 65 44 0 2000
199 186 1 357 0 2000
59 199 421 184 0 2000
14 22 295 104 0 2000
334 144 388 449 0 2000
82 265 338 144 0 2000
280 105 60 262 0 2000
321 446 113 278 0 2000
208 398 45 188 0 2000
0 22 134 265 0 2000
69 361 134 60 0 2000
192 52 154 383 0 2000
335 477 257 178 0 2000
295 413 222 115 0 2000
112 124 239 368 0 2000
136 249 448 310 0 2000
165 259 17 487 0 2000
460 272 302 59 0 2000
209 485 475 388 0 2000
147 212 475 243 0 2000
154 268 381 417 0 2000
123 107 266 342 0 2000
312 106 284 447 0 2000
37 49 317 132 0 2000
80 299 441 283 0 2000
309 397 445 167 0 2000
401 285 62 253 0 2000
52 88 12 407 0 2000
314 207 154 406 0 2000
42 28 207 232 0 2000
436 352 71 356 0 2000
84 281 196 30 0 2000
11 10 169 230 0 2000
266 134 432 334 0 2000
160 32 479 79 0 2000
409 396 55 372 0 2000
15 13 197 202 0 2000
18 4 310 89 0 2000
17 4 319 80 0 2000
385 363 104 455 0 2000
387 38 480 318 0 2000
28 366 288 482 0 2000
417 299 107 232 0 2000
388 17 181 179 0 2000
5 379 300 455 0 2000
44 314 151 45 0 2000
3 19 351 48 0 2000
249 498 293 168 0 2000
261 147 431 343 0 2000
238 82 441 256 0 2000
191 190 447 308 0 2000
292 485 236 163 0 2000
153 271 462 336 0 2000
109 269 471 273 0 2000
142 279 472 326 0 2000
143 397 358 234 0 2000
82 68 55 410 0 2000
391 310 294 29 0 2000
306 111 372 416 0 2000
245 138 133 402 0 2000
362 9 497 245 0 2000
57 362 228 160 0 2000
440 369 265 181 0 2000
410 397 495 116 0 2000
24 12 241 158 0 2000
442 268 119 311 0 2000
222 171 13 7 0 2000
140 234 439 309 0 2000
215 165 437 319 0 2000
246 304 344 39 0 2000
444 412 250 230 0 2000
412 371 303 114 0 2000
431 306 337 22 0 2000
289 487 69 336 0 2000
103 306 358 422 0 2000
227 477 330 211 0 2000
251 471 14 349 0 2000
0 22 262 137 0 2000
107 85 321 242 0 2000
116 147 473 138 0 2000
260 198 35 346 0 2000
79 341 318 480 0 2000
8 28 309 90 0 2000
262 136 450 322 0 2000
381 429 368 73 0 2000
58 395 369 340 0 2000
240 325 317 28 0 2000
25 1 374 25 0 2000
135 248 350 396 0 2000
341 364 66 455 0 2000
280 306 85 124 0 2000
129 253 454 212 0 2000
274 311 412 71 0 2000
7 15 345 54 0 2000
410 381 48 374 0 2000
124 312 190 1 0 2000
270 245 425 26 0 2000
407 22 270 254 0 2000
91 323 439 353 0 2000
257 150 113 383 0 2000
353 30 76 112 0 2000
238 149 336 414 0 2000
286 85 72 242 0 2000
292 150 11 243 0 2000
22 14 151 248 0 2000
464 32 486 388 0 2000
484 362 327 148 0 2000
6 24 147 252 0 2000
93 84 406 142 0 2000
224 159 268 488 0 2000
339 34 440 302 0 2000
473 262 128 291 0 2000
8 22 48 351 0 2000
443 215 98 183 0 2000
138 319 22 66 0 2000
453 254 117 284 0 2000
148 247 320 60 0 2000
242 234 51 414 0 2000
366 55 166 232 0 2000
107 289 374 180 0 2000
25 1 287 112 0 2000
13 15 342 57 0 2000
380 364 57 324 0 2000
169 194 443 283 0 2000
303 110 439 343 0 2000
386 441 304 160 0 2000
158 494 95 198 0 2000
0 33 199 200 0 2000
165 374 437 287 0 2000
8 14 310 89 0 2000
379 444 205 244 0 2000
1 25 223 176 0 2000
181 348 312 103 0 2000
216 359 7 190 0 2000
122 304 452 340 0 2000
461 128 150 176 0 2000
223 484 183 148 0 2000
35 47 367 86 0 2000
184 205 440 87 0 2000
18 21 351 54 0 2000
20 3 337 62 0 2000
321 57 10 122 0 2000
13 10 297 102 0 2000
376 57 270 328 0 2000
160 113 442 21 0 2000
274 127 145 369 0 2000
326 126 64 241 0 2000
20 2 295 104 0 2000
282 145 166 400 0 2000
228 446 39 262 0 2000
95 283 251 63 0 2000
175 207 56 459 0 2000
377 434 326 116 0 2000
203 173 285 467 0 2000
100 349 142 32 0 2000
203 170 455 49 0 2000
364 394 284 111 0 2000
338 21 261 303 0 2000
115 307 251 67 0 2000
417 272 196 115 0 2000
276 97 168 362 0 2000
451 255 113 224 0 2000
19 11 240 159 0 2000
12 18 224 175 0 2000
66 427 180 170 0 2000
360 320 122 459 0 2000
54 346 166 84 0 2000
16 6 47 352 0 2000
17 5 253 146 0 2000
307 70 101 241 0 2000
62 15 305 138 0 2000
330 54 13 115 0 2000
14 12 129 270 0 2000
299 283 176 47 0 2000
164 443 405 306 0 2000
2 26 190 209 0 2000
127 236 298 44 0 2000
42 157 393 132 0 2000
3 20 199 200 0 2000
336 225 90 356 0 2000
16 14 151 248 0 2000
225 154 485 37 0 2000
15 7 364 35 0 2000
166 118 249 404 0 2000
329 291 449 42 0 2000
7 23 247 152 0 2000
185 250 460 338 0 2000
74 332 428 312 0 2000
278 144 51 293 0 2000
161 271 482 316 0 2000
370 170 214 373 0 2000
6 24 133 266 0 2000
237 21 497 134 0 2000
9 17 360 39 0 2000
334 431 109 278 0 2000
428 33 146 127 0 2000
182 220 465 125 0 2000
4 17 157 242 0 2000
45 356 108 46 0 2000
260 487 278 139 0 2000
9 17 363 36 0 2000
22 354 335 290 0 2000
401 260 265 18 0 2000
0 26 96 303 0 2000
387 33 29 49 0 2000
346 147 419 445 0 2000
12 9 265 134 0 2000
88 288 323 429 0 2000
17 8 88 311 0 2000
379 366 378 8 0 2000
271 306 40 446 0 2000
495 73 495 436 0 2000
14 11 203 196 0 2000
172 412 252 121 0 2000
73 357 425 350 0 2000
370 339 75 407 0 2000
58 345 147 56 0 2000
13 13 214 185 0 2000
16 10 1 368 0 2000
90 192 283 8 0 2000
311 65 458 284 0 2000
477 282 181 364 0 2000
461 111 187 19 0 2000
465 438 251 293 0 2000
338 165 6 119 0 2000
313 414 240 121 0 2000
54 66 131 366 0 2000
380 329 258 73 0 2000
101 407 283 216 0 2000
272 157 416 382 0 2000
107 269 380 166 0 2000
6 299 263 180 0 2000
20 3 186 213 0 2000
71 1 91 358 0 2000
267 165 19 283 0 2000
404 333 370 1 0 2000
480 245 291 68 0 2000
326 96 489 309 0 2000
189 243 479 167 0 2000
10 23 146 253 0 2000
127 20 279 234 0 2000
402 33 242 236 0 2000
7 18 156 243 0 2000
326 132 84 0 0 2000
83 340 4 41 0 2000
384 222 34 196 0 2000
374 59 471 336 0 2000
287 426 480 248 0 2000
300 92 310 456 0 2000
279 465 324 151 0 2000
4 17 246 153 0 2000
118 317 299 499 0 2000
13 10 294 105 0 2000
49 390 176 158 0 2000
7 14 119 280 0 2000
233 213 398 0 0 2000
20 13 110 289 0 2000
23 3 330 69 0 2000
296 126 395 403 0 2000
0 21 31 368 0 2000
424 320 298 70 0 2000
403 373 120 463 0 2000
157 212 442 128 0 2000
223 238 499 333 0 2000
91 432 380 343 0 2000
21 7 138 261 0 2000
369 401 61 338 0 2000
19 9 105 294 0 2000
477 239 341 476 0 2000
373 395 279 130 0 2000
89 282 364 378 0 2000
375 47 212 250 0 2000
10 13 20 379 0 2000
363 360 406 32 0 2000
34 2 273 126 0 2000
2 23 75 324 0 2000
3 25 120 279 0 2000
6 22 217 182 0 2000
303 126 402 390 0 2000
249 183 93 393 0 2000
142 297 350 132 0 2000
63 264 340 178 0 2000
14 16 284 115 0 2000
52 321 219 125 0 2000
393 24 308 316 0 2000
297 127 114 318 0 2000
338 335 68 434 0 2000
0 26 216 183 0 2000
53 316 270 468 0 2000
182 189 280 469 0 2000
44 16 180 239 0 2000
17 11 277 122 0 2000
293 452 120 259 0 2000
337 102 10 134 0 2000
147 308 449 384 0 2000
421 370 135 450 0 2000
98 182 457 178 0 2000
104 270 248 40 0 2000
14 9 57 342 0 2000
12 9 185 214 0 2000
106 300 417 237 0 2000
276 268 1 180 0 2000
392 57 143 184 0 2000
432 377 239 204 0 2000
486 169 337 394 0 2000
324 42 135 219 0 2000
185 79 393 247 0 2000
43 430 402 411 0 2000
287 165 145 399 0 2000
8 17 119 280 0 2000
3 30 299 100 0 2000
111 141 340 7 0 2000
22 4 253 146 0 2000
22 379 212 196 0 2000
421 375 449 30 0 2000
292 473 281 115 0 2000
9 416 335 463 0 2000
371 280 19 259 0 2000
157 62 348 237 0 2000
490 264 185 195 0 2000
263 114 10 238 0 2000
156 283 458 226 0 2000
76 59 298 208 0 2000
214 206 5 375 0 2000
454 319 281 116 0 2000
261 17 292 363 0 2000
150 256 481 298 0 2000
9 13 101 298 0 2000
373 85 111 196 0 2000
7 433 308 363 0 2000
425 361 353 64 0 2000
440 106 322 362 0 2000
141 298 455 234 0 2000
344 44 267 345 0 2000
416 347 103 408 0 2000
37 3 369 30 0 2000
409 389 46 403 0 2000
12 21 43 356 0 2000
22 351 48 4 0 2000
223 250 497 148 0 2000
123 317 256 81 0 2000
168 229 38 470 0 2000
2 24 180 219 0 2000
11 29 304 95 0 2000
275 383 26 255 0 2000
336 428 216 177 0 2000
59 338 303 457 0 2000
294 98 454 316 0 2000
29 4 227 172 0 2000
488 287 360 49 0 2000
213 180 431 21 0 2000
59 264 176 15 0 2000
371 139 173 304 0 2000
255 400 185 107 0 2000
161 286 322 484 0 2000
256 107 354 372 0 2000
364 63 328 396 0 2000
437 19 208 159 0 2000
190 176 408 324 0 2000
322 47 54 148 0 2000
1 22 365 34 0 2000
51 427 121 121 0 2000
180 43 254 347 0 2000
341 86 243 347 0 2000
441 237 282 447 0 2000
346 36 61 127 0 2000
389 214 241 437 0 2000
18 4 174 225 0 2000
140 33 464 87 0 2000
439 237 230 387 0 2000
408 27 230 218 0 2000
404 18 275 265 0 2000
322 169 372 493 0 2000
7 15 223 176 0 2000
436 324 102 361 0 2000
354 266 168 93 0 2000
353 16 363 377 0 2000
121 318 305 493 0 2000
269 27 165 296 0 2000
285 125 154 368 0 2000
3 19 314 85 0 2000
119 297 422 368 0 2000
10 11 381 4 0 2000
320 100 35 7 0 2000
224 67 459 210 0 2000
119 499 41 206 0 2000
16 9 58 341 0 2000
35 389 325 473 0 2000
313 350 428 88 0 2000
435 393 185 280 0 2000
354 426 355 49 0 2000
412 43 325 329 0 2000
38 2 235 164 0 2000
446 134 415 462 0 2000
448 337 404 15 0 2000
343 30 204 268 0 2000
37 0 124 279 0 2000
15 13 170 229 0 2000
353 36 117 159 0 2000
21 19 362 1 0 2000
229 436 368 197 0 2000
154 332 417 224 0 2000
24 4 85 314 0 2000
416 346 105 284 0 2000
144 278 289 47 0 2000
49 298 267 446 0 2000
29 11 241 158 0 2000
93 263 271 63 0 2000
91 344 149 39 0 2000
80 340 227 109 0 2000
42 354 220 156 0 2000
72 310 220 84 0 2000
191 229 387 411 0 2000
128 297 466 322 0 2000
441 314 176 415 0 2000
83 44 97 406 0 2000
77 309 265 497 0 2000
6 30 260 139 0 2000
17 6 340 59 0 2000
24 84 70 397 0 2000
387 98 62 147 0 2000
118 457 273 253 0 2000
3 22 361 6 0 2000
73 322 350 236 0 2000
1 25 90 309 0 2000
136 396 382 273 0 2000
410 117 316 394 0 2000
223 160 143 454 0 2000
293 121 219 425 0 2000
234 75 479 208 0 2000
82 489 115 146 0 2000
8 13 216 183 0 2000
458 81 220 221 0 2000
10 13 191 208 0 2000
208 269 476 161 0 2000
24 351 172 140 0 2000
352 59 95 178 0 2000
16 14 118 281 0 2000
12 472 134 225 0 2000
345 18 294 330 0 2000
38 108 188 321 0 2000
406 321 38 327 0 2000
411 149 491 428 0 2000
325 251 132 70 0 2000
34 6 361 38 0 2000
8 15 58 341 0 2000
404 344 432 3 0 2000
164 397 240 102 0 2000
10 16 135 264 0 2000
404 221 178 84 0 2000
414 440 104 372 0 2000
258 71 51 240 0 2000
6 169 175 374 0 2000
439 318 180 437 0 2000
408 77 429 434 0 2000
220 190 119 463 0 2000
193 109 25 318 0 2000
440 136 336 391 0 2000
280 410 387 158 0 2000
3 27 95 304 0 2000
52 189 209 398 0 2000
104 274 468 264 0 2000
12 16 318 81 0 2000
499 186 174 137 0 2000
327 42 425 313 0 2000
144 281 343 107 0 2000
305 321 398 55 0 2000
18 4 219 180 0 2000
91 289 444 264 0 2000
207 167 430 318 0 2000
22 11 305 94 0 2000
380 452 464 165 0 2000
108 288 317 119 0 2000
430 194 228 358 0 2000
30 6 318 81 0 2000
298 478 404 221 0 2000
109 268 352 402 0 2000
14 26 273 126 0 2000
10 15 184 215 0 2000
261 219 4 107 0 2000
189 184 380 2 0 2000
359 24 86 124 0 2000
14 16 205 194 0 2000
230 328 465 185 0 2000
69 332 158 48 0 2000
6 19 91 308 0 2000
375 403 397 62 0 2000
241 325 450 171 0 2000
395 483 175 334 0 2000
159 222 387 370 0 2000
321 451 340 101 0 2000
46 361 140 78 0 2000
313 361 425 110 0 2000
129 378 154 40 0 2000
42 335 203 119 0 2000
251 120 412 318 0 2000
267 10 273 370 0 2000
21 12 110 289 0 2000
59 363 174 102 0 2000
303 294 47 414 0 2000
263 191 23 328 0 2000
44 381 79 43 0 2000
30 10 113 286 0 2000
108 283 391 197 0 2000
277 469 251 122 0 2000
243 469 285 137 0 2000
160 196 352 29 0 2000
96 295 466 294 0 2000
33 430 81 100 0 2000
21 5 325 74 0 2000
360 59 497 285 0 2000
197 243 403 414 0 2000
468 95 233 234 0 2000
5 16 359 40 0 2000
227 412 345 152 0 2000
134 345 368 488 0 2000
20 8 120 279 0 2000
125 92 243 350 0 2000
479 396 369 133 0 2000
380 425 139 290 0 2000
10 12 331 68 0 2000
372 52 178 217 0 2000
0 25 155 244 0 2000
37 336 290 456 0 2000
360 452 494 227 0 2000
175 196 25 417 0 2000
379 49 243 284 0 2000
4 21 291 108 0 2000
55 345 400 374 0 2000
88 243 229 8 0 2000
159 201 47 465 0 2000
411 26 147 125 0 2000
345 462 96 348 0 2000
280 192 457 388 0 2000
7 15 367 32 0 2000
12 14 165 234 0 2000
14 8 30 369 0 2000
21 1 371 28 0 2000
311 444 29 353 0 2000
23 3 40 359 0 2000
220 371 296 74 0 2000
399 22 170 166 0 2000
211 165 160 488 0 2000
41 325 181 99 0 2000
359 91 186 292 0 2000
355 54 407 375 0 2000
120 319 420 378 0 2000
333 20 347 375 0 2000
79 360 273 195 0 2000
477 331 362 77 0 2000
265 121 25 259 0 2000
474 223 106 233 0 2000
4 32 272 127 0 2000
254 112 180 404 0 2000
4 22 360 39 0 2000
12 28 146 253 0 2000
15 11 167 232 0 2000
304 66 353 380 0 2000
28 364 150 108 0 2000
142 140 137 494 0 2000
56 315 326 416 0 2000
237 169 435 349 0 2000
267 109 324 426 0 2000
288 75 345 381 0 2000
399 279 261 51 0 2000
177 247 422 376 0 2000
21 5 165 234 0 2000
314 86 45 195 0 2000
128 272 344 434 0 2000
378 46 103 145 0 2000
76 283 169 17 0 2000
318 53 409 333 0 2000
32 8 266 133 0 2000
84 440 217 204 0 2000
6 19 48 351 0 2000
304 38 336 382 0 2000
384 382 296 93 0 2000
15 7 196 203 0 2000
414 39 74 73 0 2000
375 390 176 223 0 2000
83 302 205 47 0 2000
325 434 2 379 0 2000
2 20 159 240 0 2000
166 212 366 390 0 2000
9 14 10 389 0 2000
6 282 205 442 0 2000
277 147 9 253 0 2000
321 299 38 213 0 2000
459 325 219 202 0 2000
291 108 167 357 0 2000
15 25 154 245 0 2000
183 131 201 476 0 2000
14 22 103 296 0 2000
17 5 183 216 0 2000
268 271 5 158 0 2000
363 40 44 92 0 2000
345 475 357 110 0 2000
354 387 134 231 0 2000
286 111 26 224 0 2000
160 329 52 63 0 2000
176 314 362 127 0 2000
377 339 115 436 0 2000
26 4 248 151 0 2000
467 300 269 476 0 2000
101 316 359 196 0 2000
382 8 294 296 0 2000
8 36 271 136 0 2000
410 178 86 126 0 2000
58 88 188 335 0 2000
326 27 30 105 0 2000
288 67 476 250 0 2000
332 79 443 339 0 2000
204 140 185 498 0 2000
278 230 102 35 0 2000
273 100 266 466 0 2000
228 40 479 158 0 2000
326 304 8 256 0 2000
20 10 208 191 0 2000
461 332 147 270 0 2000
465 62 174 140 0 2000
344 334 124 477 0 2000
39 101 33 464 0 2000
379 439 186 259 0 2000
111 113 105 476 0 2000
214 77 485 165 0 2000
409 254 257 28 0 2000
93 343 457 330 0 2000
475 234 155 178 0 2000
229 130 269 449 0 2000
34 454 165 212 0 2000
46 444 48 87 0 2000
9 13 100 299 0 2000
67 449 107 123 0 2000
0 21 363 36 0 2000
220 200 20 378 0 2000
13 12 384 15 0 2000
320 64 83 204 0 2000
472 205 114 186 0 2000
227 195 326 472 0 2000
127 271 437 207 0 2000
151 8 470 66 0 2000
390 477 277 212 0 2000
47 45 32 407 0 2000
202 81 461 188 0 2000
150 303 352 131 0 2000
106 257 451 275 0 2000
368 38 222 268 0 2000
15 6 200 199 0 2000
265 144 399 376 0 2000
262 164 161 434 0 2000
3 37 302 97 0 2000
234 288 87 64 0 2000
202 237 67 468 0 2000
388 242 134 365 0 2000
77 36 80 411 0 2000
60 416 208 190 0 2000
190 194 430 57 0 2000
22 6 128 271 0 2000
3 20 90 309 0 2000
194 194 477 99 0 2000
466 301 357 34 0 2000
108 236 326 91 0 2000
256 457 458 293 0 2000
24 1 238 161 0 2000
272 308 97 110 0 2000
442 0 143 67 0 2000
386 362 75 302 0 2000
276 157 403 393 0 2000
39 70 284 203 0 2000
78 320 185 53 0 2000
377 471 263 208 0 2000
315 287 463 64 0 2000
486 27 177 89 0 2000
307 113 230 413 0 2000
284 119 265 459 0 2000
324 96 78 228 0 2000
278 59 332 381 0 2000
475 282 323 58 0 2000
469 297 253 452 0 2000
270 121 170 394 0 2000
173 199 356 16 0 2000
94 286 356 189 0 2000
188 179 423 55 0 2000
307 132 47 33 0 2000
143 339 189 12 0 2000
337 398 499 187 0 2000
478 202 193 280 0 2000
94 246 309 404 0 2000
50 351 201 129 0 2000
0 366 37 37 0 2000
135 19 354 171 0 2000
467 436 407 119 0 2000
164 229 370 382 0 2000
381 407 39 442 0 2000
184 286 492 218 0 2000
300 89 273 428 0 2000
256 164 98 384 0 2000
18 22 168 231 0 2000
167 309 387 166 0 2000
10 18 162 237 0 2000
330 426 116 263 0 2000
265 429 416 211 0 2000
8 28 310 89 0 2000
290 94 499 259 0 2000
422 355 195 204 0 2000
108 426 236 183 0 2000
64 347 429 339 0 2000
152 145 361 310 0 2000
338 95 72 2 0 2000
407 202 83 252 0 2000
394 361 168 209 0 2000
7 16 287 112 0 2000
230 192 296 497 0 2000
123 236 327 81 0 2000
76 301 362 384 0 2000
145 266 403 367 0 2000
155 244 343 63 0 2000
429 465 241 284 0 2000
49 352 387 377 0 2000
37 389 341 451 0 2000
358 385 90 275 0 2000
313 116 245 417 0 2000
53 330 273 173 0 2000
147 331 487 367 0 2000
223 117 499 15 0 2000
97 191 311 28 0 2000
37 3 368 31 0 2000
318 318 496 122 0 2000
18 351 281 241 0 2000
25 3 131 268 0 2000
188 423 165 69 0 2000
222 211 481 315 0 2000
21 19 16 373 0 2000
21 163 134 409 0 2000
85 304 17 13 0 2000
3 18 20 379 0 2000
238 325 379 90 0 2000
306 4 295 356 0 2000
2 24 166 233 0 2000
119 281 367 399 0 2000
431 246 309 497 0 2000
288 422 196 143 0 2000
261 360 35 497 0 2000
443 298 348 19 0 2000
31 9 245 154 0 2000
340 430 135 266 0 2000
302 117 160 353 0 2000
271 102 491 255 0 2000
12 10 122 277 0 2000
314 390 43 284 0 2000
29 277 256 423 0 2000
324 105 47 13 0 2000
17 6 290 109 0 2000
44 148 222 343 0 2000
455 305 194 413 0 2000
420 32 271 260 0 2000
217 55 304 331 0 2000
469 176 120 156 0 2000
138 252 8 19 0 2000
213 159 65 380 0 2000
491 46 445 377 0 2000
372 480 22 467 0 2000
20 1 147 252 0 2000
253 197 485 66 0 2000
412 401 90 357 0 2000
258 151 174 436 0 2000
243 280 121 36 0 2000
457 348 250 179 0 2000
39 362 289 478 0 2000
9 24 364 35 0 2000
3 25 167 232 0 2000
56 355 254 182 0 2000
87 265 395 323 0 2000
417 383 434 23 0 2000
135 99 124 465 0 2000
121 484 30 198 0 2000
26 353 261 495 0 2000
490 269 239 396 0 2000
301 84 299 455 0 2000
155 467 111 133 0 2000
29 24 353 74 0 2000
403 234 263 457 0 2000
96 277 222 30 0 2000
213 373 212 3 0 2000
499 264 140 279 0 2000
124 471 264 235 0 2000
75 127 129 451 0 2000
156 225 465 287 0 2000
296 462 174 225 0 2000
10 23 49 350 0 2000
380 395 209 197 0 2000
364 325 109 202 0 2000
8 17 304 95 0 2000
308 113 11 193 0 2000
84 129 84 495 0 2000
91 207 406 149 0 2000
5 21 253 146 0 2000
9 19 81 318 0 2000
7 18 3 388 0 2000
23 2 299 100 0 2000
137 284 463 233 0 2000
136 331 484 357 0 2000
459 160 391 458 0 2000
108 270 482 266 0 2000
191 281 451 182 0 2000
130 253 336 82 0 2000
207 36 209 400 0 2000
318 88 28 172 0 2000
186 239 417 381 0 2000
469 262 264 433 0 2000
5 21 53 346 0 2000
244 125 452 276 0 2000
300 96 391 381 0 2000
257 223 462 65 0 2000
439 384 210 247 0 2000
282 123 313 461 0 2000
18 407 142 158 0 2000
106 155 77 485 0 2000
10 20 292 107 0 2000
395 423 232 215 0 2000
340 140 126 292 0 2000
192 7 184 375 0 2000
46 389 375 423 0 2000
328 35 55 125 0 2000
17 9 47 352 0 2000
260 466 327 174 0 2000
286 91 180 348 0 2000
13 12 232 167 0 2000
243 153 123 407 0 2000
337 405 56 313 0 2000
48 371 252 216 0 2000
478 82 366 347 0 2000
168 198 390 345 0 2000
154 459 338 277 0 2000
202 161 161 483 0 2000
216 204 335 463 0 2000
303 122 72 250 0 2000
338 463 461 208 0 2000
181 317 498 377 0 2000
11 14 60 339 0 2000
28 12 96 303 0 2000
182 225 493 277 0 2000
9 19 333 66 0 2000
439 347 215 494 0 2000
18 25 41 380 0 2000
309 38 303 403 0 2000
21 408 229 247 0 2000
111 332 433 383 0 2000
177 247 335 463 0 2000
168 153 14 372 0 2000
292 26 419 268 0 2000
14 9 280 119 0 2000
23 3 212 187 0 2000
29 11 322 77 0 2000
324 111 32 40 0 2000
83 393 436 369 0 2000
86 301 23 1 0 2000
11 14 311 88 0 2000
456 106 345 364 0 2000
264 434 247 92 0 2000
438 235 324 480 0 2000
2 21 206 193 0 2000
326 77 112 240 0 2000
10 16 69 330 0 2000
5 247 330 299 0 2000
119 247 291 441 0 2000
268 321 204 11 0 2000
7 33 152 247 0 2000
167 248 371 93 0 2000
188 285 439 159 0 2000
63 133 307 3 0 2000
226 164 47 361 0 2000
13 27 365 34 0 2000
344 433 116 283 0 2000
287 91 470 282 0 2000
242 110 351 372 0 2000
274 312 68 465 0 2000
18 10 274 125 0 2000
19 4 276 123 0 2000
388 375 92 295 0 2000
193 104 117 404 0 2000
435 268 158 171 0 2000
9 32 168 247 0 2000
362 55 177 239 0 2000
327 308 163 96 0 2000
273 104 107 315 0 2000
19 387 16 13 0 2000
54 117 324 213 0 2000
375 14 339 355 0 2000
20 242 348 193 0 2000
174 183 358 4 0 2000
262 128 218 462 0 2000
28 53 177 267 0 2000
188 234 411 377 0 2000
444 382 252 196 0 2000
227 488 300 188 0 2000
356 435 451 157 0 2000
14 12 152 247 0 2000
439 381 369 74 0 2000
30 10 303 96 0 2000
281 88 16 192 0 2000
14 236 291 318 0 2000
284 461 450 261 0 2000
238 172 349 424 0 2000
461 335 373 64 0 2000
104 301 474 298 0 2000
22 11 158 241 0 2000
391 33 194 202 0 2000
291 480 78 319 0 2000
455 266 256 89 0 2000
474 143 139 112 0 2000
348 200 157 13 0 2000
409 223 280 453 0 2000
275 106 459 291 0 2000
451 122 102 93 0 2000
106 35 33 340 0 2000
2 20 375 24 0 2000
17 13 311 88 0 2000
414 54 132 145 0 2000
377 377 167 216 0 2000
181 194 429 309 0 2000
93 284 245 59 0 2000
13 27 371 26 0 2000
333 227 132 54 0 2000
22 187 203 384 0 2000
394 104 252 328 0 2000
1 177 119 433 0 2000
20 1 166 233 0 2000
126 129 348 281 0 2000
324 227 212 486 0 2000
191 236 454 128 0 2000
203 79 175 420 0 2000
478 256 372 3 0 2000
10 312 114 57 0 2000
203 261 409 94 0 2000
392 400 87 464 0 2000
294 123 45 251 0 2000
331 65 56 164 0 2000
29 1 241 158 0 2000
316 430 376 114 0 2000
35 130 120 411 0 2000
141 251 361 409 0 2000
111 317 445 349 0 2000
27 9 382 17 0 2000
51 255 399 278 0 2000
18 386 339 443 0 2000
413 313 321 32 0 2000
26 2 297 102 0 2000
346 400 155 232 0 2000
387 404 94 326 0 2000
107 204 427 151 0 2000
139 107 299 320 0 2000
11 10 323 76 0 2000
225 195 467 59 0 2000
25 33 99 336 0 2000
217 210 450 74 0 2000
36 4 205 194 0 2000
92 185 227 416 0 2000
298 367 380 75 0 2000
96 310 367 410 0 2000
4 36 252 147 0 2000
237 250 480 115 0 2000
321 79 38 174 0 2000
45 325 300 214 0 2000
273 299 2 399 0 2000
7 15 79 320 0 2000
258 174 104 386 0 2000
400 376 351 48 0 2000
240 213 451 47 0 2000
6 158 337 126 0 2000
157 275 492 244 0 2000
187 186 466 92 0 2000
185 428 301 178 0 2000
369 40 410 370 0 2000
5 35 40 359 0 2000
124 57 270 287 0 2000
286 73 369 349 0 2000
313 371 466 165 0 2000
399 255 271 486 0 2000
99 292 337 159 0 2000
202 239 398 414 0 2000
136 279 451 337 0 2000
216 425 25 250 0 2000
280 234 45 106 0 2000
27 3 260 139 0 2000
407 255 63 289 0 2000
217 433 307 149 0 2000
472 262 259 98 0 2000
9 12 254 145 0 2000
232 376 329 110 0 2000
367 426 157 262 0 2000
199 109 190 469 0 2000
181 218 326 446 0 2000
91 333 343 440 0 2000
5 31 322 77 0 2000
54 344 226 153 0 2000
418 123 464 455 0 2000
119 403 3 153 0 2000
347 443 57 370 0 2000
369 32 397 363 0 2000
118 268 237 13 0 2000
213 67 326 331 0 2000
8 14 306 93 0 2000
9 14 125 274 0 2000
111 107 430 57 0 2000
48 334 255 163 0 2000
113 400 280 191 0 2000
369 274 22 255 0 2000
185 186 489 253 0 2000
205 58 55 284 0 2000
11 17 368 3 0 2000
483 171 349 400 0 2000
25 402 215 223 0 2000
39 484 328 397 0 2000
11 12 77 322 0 2000
132 396 212 98 0 2000
131 304 467 277 0 2000
5 28 269 130 0 2000
388 442 150 306 0 2000
19 14 320 79 0 2000
106 288 453 257 0 2000
288 488 361 192 0 2000
8 14 173 226 0 2000
5 23 369 16 0 2000
246 18 192 330 0 2000
128 265 324 442 0 2000
33 419 391 435 0 2000
11 435 243 308 0 2000
311 98 107 257 0 2000
397 334 30 345 0 2000
15 13 45 354 0 2000
18 10 229 170 0 2000
290 124 349 441 0 2000
470 230 268 66 0 2000
459 258 289 54 0 2000
344 82 97 201 0 2000
185 240 442 134 0 2000
129 251 2 15 0 2000
361 42 257 311 0 2000
233 327 131 66 0 2000
192 437 101 155 0 2000
416 295 274 61 0 2000
4 21 8 391 0 2000
349 45 73 143 0 2000
150 423 401 305 0 2000
233 333 30 160 0 2000
313 473 281 136 0 2000
15 6 346 53 0 2000
142 247 457 203 0 2000
213 317 23 134 0 2000
189 127 116 430 0 2000
406 75 256 302 0 2000
40 445 374 477 0 2000
129 161 314 345 0 2000
28 5 162 237 0 2000
485 188 317 386 0 2000
465 186 245 332 0 2000
19 6 5 366 0 2000
302 338 352 25 0 2000
260 463 379 206 0 2000
315 450 467 224 0 2000
354 52 476 304 0 2000
16 9 36 363 0 2000
370 407 193 218 0 2000
332 100 291 425 0 2000
217 20 27 207 0 2000
323 66 414 348 0 2000
180 35 402 190 0 2000
177 107 425 233 0 2000
24 6 304 95 0 2000
340 30 278 341 0 2000
0 21 137 262 0 2000
303 431 345 114 0 2000
13 381 183 175 0 2000
477 445 277 286 0 2000
351 332 135 489 0 2000
447 363 242 191 0 2000
254 156 427 356 0 2000
68 317 389 269 0 2000
271 75 99 262 0 2000
243 179 327 471 0 2000
462 269 273 85 0 2000
152 270 284 31 0 2000
174 203 287 467 0 2000
272 134 21 26 0 2000
273 466 20 345 0 2000
319 171 167 392 0 2000
9 14 11 388 0 2000
123 454 44 174 0 2000
446 159 121 193 0 2000
355 153 145 321 0 2000
2 31 44 355 0 2000
341 83 249 357 0 2000
260 161 323 475 0 2000
265 324 153 60 0 2000
180 54 266 334 0 2000
338 55 284 378 0 2000
25 1 197 202 0 2000
251 127 399 352 0 2000
116 484 239 233 0 2000
7 15 261 138 0 2000
480 326 384 44 0 2000
8 18 19 380 0 2000
437 164 124 103 0 2000
250 103 413 318 0 2000
140 238 259 497 0 2000
174 168 48 415 0 2000
171 200 382 360 0 2000
372 360 252 103 0 2000
278 400 311 74 0 2000
207 186 62 404 0 2000
301 441 497 268 0 2000
275 114 9 17 0 2000
347 135 163 310 0 2000
134 240 315 47 0 2000
364 392 192 191 0 2000
445 310 182 413 0 2000
255 156 24 10 0 2000
464 171 399 465 0 2000
361 465 158 294 0 2000
284 80 2 3 0 2000
306 491 476 292 0 2000
31 377 53 25 0 2000
385 36 36 8 0 2000
69 468 191 214 0 2000
186 194 480 114 0 2000
218 72 454 214 0 2000
202 31 324 275 0 2000
417 54 118 124 0 2000
33 3 120 279 0 2000
241 378 95 150 0 2000
210 280 450 147 0 2000
54 315 159 51 0 2000
82 290 195 37 0 2000
156 116 83 419 0 2000
268 120 18 248 0 2000
353 433 281 142 0 2000
17 4 269 130 0 2000
167 264 34 38 0 2000
379 53 47 87 0 2000
368 18 128 156 0 2000
449 374 310 147 0 2000
28 2 241 158 0 2000
214 161 176 492 0 2000
324 6 96 147 0 2000
296 348 132 149 0 2000
112 317 372 435 0 2000
1 29 332 67 0 2000
285 387 54 245 0 2000
312 424 259 103 0 2000
2 20 142 257 0 2000
159 233 433 136 0 2000
114 310 319 479 0 2000
86 335 218 90 0 2000
318 484 180 263 0 2000
391 460 164 324 0 2000
81 297 411 341 0 2000
36 370 155 115 0 2000
33 341 238 172 0 2000
239 148 177 463 0 2000
421 359 262 147 0 2000
108 301 19 17 0 2000
128 371 71 65 0 2000
19 11 137 262 0 2000
423 343 117 414 0 2000
21 365 11 9 0 2000
10 11 25 374 0 2000
9 12 256 143 0 2000
152 192 443 277 0 2000
32 40 113 332 0 2000
17 16 169 230 0 2000
436 248 278 43 0 2000
295 132 45 11 0 2000
152 237 420 132 0 2000
107 133 277 340 0 2000
11 15 180 219 0 2000
167 111 223 421 0 2000
6 19 82 317 0 2000
261 151 492 294 0 2000
9 13 360 39 0 2000
90 32 156 340 0 2000
134 261 432 183 0 2000
332 376 208 137 0 2000
70 322 221 99 0 2000
0 36 361 38 0 2000
279 477 76 314 0 2000
122 255 402 158 0 2000
30 3 197 202 0 2000
387 52 192 216 0 2000
204 230 316 491 0 2000
381 180 88 99 0 2000
244 154 304 460 0 2000
19 11 225 174 0 2000
255 319 39 480 0 2000
289 297 413 45 0 2000
94 347 428 376 0 2000
6 20 304 95 0 2000
69 396 265 233 0 2000
13 8 70 329 0 2000
27 356 81 39 0 2000
112 259 226 2 0 2000
218 249 15 422 0 2000
336 110 335 480 0 2000
105 217 281 400 0 2000
416 372 130 449 0 2000
424 82 454 425 0 2000
345 175 23 230 0 2000
23 13 110 289 0 2000
247 259 412 53 0 2000
9 13 260 139 0 2000
285 24 79 194 0 2000
52 64 344 131 0 2000
15 7 213 186 0 2000
252 185 6 72 0 2000
21 80 169 308 0 2000
430 336 294 113 0 2000
14 11 165 234 0 2000
214 463 364 239 0 2000
266 82 55 249 0 2000
396 436 63 406 0 2000
321 460 462 227 0 2000
224 126 207 482 0 2000
263 359 206 42 0 2000
45 384 293 263 0 2000
9 16 84 315 0 2000
133 132 371 272 0 2000
468 91 178 15 0 2000
451 165 192 265 0 2000
321 70 314 434 0 2000
7 29 63 336 0 2000
317 110 245 409 0 2000
193 51 431 184 0 2000
55 359 323 462 0 2000
172 183 293 436 0 2000
231 330 11 173 0 2000
467 280 247 429 0 2000
7 23 112 287 0 2000
425 3 263 200 0 2000
209 476 66 246 0 2000
150 38 390 157 0 2000
403 4 412 369 0 2000
21 12 384 15 0 2000
39 1 239 160 0 2000
401 350 236 149 0 2000
57 326 198 91 0 2000
171 244 431 141 0 2000
455 404 280 210 0 2000
13 27 100 299 0 2000
115 289 394 194 0 2000
167 83 356 267 0 2000
84 294 308 152 0 2000
26 14 310 89 0 2000
276 22 258 378 0 2000
327 61 121 231 0 2000
124 290 278 66 0 2000
303 481 95 330 0 2000
349 470 51 402 0 2000
321 454 177 224 0 2000
184 343 431 212 0 2000
404 396 228 213 0 2000
109 363 294 174 0 2000
148 360 318 153 0 2000
200 147 106 427 0 2000
1 25 121 278 0 2000
17 6 372 27 0 2000
89 277 291 113 0 2000
7 14 242 157 0 2000
252 187 92 386 0 2000
366 129 310 442 0 2000
103 286 377 390 0 2000
142 102 317 305 0 2000
171 422 479 359 0 2000
260 390 88 203 0 2000
274 462 35 332 0 2000
70 178 139 478 0 2000
7 405 60 80 0 2000
165 201 375 357 0 2000
420 197 251 0 0 2000
434 293 330 21 0 2000
47 379 293 492 0 2000
5 21 119 280 0 2000
104 359 274 158 0 2000
272 460 14 347 0 2000
55 40 291 180 0 2000
21 296 132 29 0 2000
360 20 64 102 0 2000
464 347 280 155 0 2000
338 183 452 440 0 2000
246 369 53 188 0 2000
95 281 225 35 0 2000
20 6 67 332 0 2000
31 161 343 99 0 2000
1 22 24 375 0 2000
290 31 285 403 0 2000
20 46 236 189 0 2000
358 327 6 353 0 2000
177 459 268 179 0 2000
2 26 332 67 0 2000
314 121 231 401 0 2000
178 251 40 482 0 2000
106 271 233 29 0 2000
14 19 295 104 0 2000
242 414 326 125 0 2000
289 258 40 131 0 2000
412 403 239 200 0 2000
42 321 311 213 0 2000
12 9 346 53 0 2000
2 28 370 29 0 2000
439 41 159 138 0 2000
342 1 264 294 0 2000
264 113 146 372 0 2000
450 211 105 237 0 2000
439 39 352 330 0 2000
82 263 233 483 0 2000
59 223 384 179 0 2000
98 338 276 142 0 2000
451 219 170 297 0 2000
298 93 135 299 0 2000
84 43 281 220 0 2000
166 156 300 391 0 2000
0 23 116 283 0 2000
290 99 369 397 0 2000
80 260 431 245 0 2000
17 6 321 78 0 2000
293 475 74 325 0 2000
435 457 237 278 0 2000
371 60 391 418 0 2000
153 438 396 315 0 2000
77 297 450 300 0 2000
248 358 474 207 0 2000
26 2 349 50 0 2000
351 479 338 115 0 2000
233 110 79 329 0 2000
196 213 458 116 0 2000
185 212 273 497 0 2000
334 32 49 113 0 2000
95 327 421 277 0 2000
18 4 23 376 0 2000
12 21 169 230 0 2000
15 31 310 109 0 2000
349 64 128 214 0 2000
124 469 441 408 0 2000
81 322 253 117 0 2000
218 398 467 278 0 2000
34 468 293 358 0 2000
134 144 325 329 0 2000
356 308 181 112 0 2000
205 224 310 488 0 2000
469 486 487 131 0 2000
386 78 146 211 0 2000
133 199 298 412 0 2000
18 10 160 239 0 2000
93 307 443 281 0 2000
116 202 330 42 0 2000
270 152 74 332 0 2000
337 315 38 379 0 2000
72 307 221 85 0 2000
201 188 0 30 0 2000
495 307 411 14 0 2000
22 14 196 203 0 2000
265 347 60 176 0 2000
9 16 79 320 0 2000
108 110 453 124 0 2000
144 20 184 358 0 2000
7 18 231 168 0 2000
481 330 286 149 0 2000
123 14 410 103 0 2000
225 196 427 371 0 2000
483 271 156 232 0 2000
34 6 127 272 0 2000
465 80 330 323 0 2000
341 79 291 405 0 2000
100 325 444 296 0 2000
430 344 218 193 0 2000
266 449 435 259 0 2000
76 73 380 1 0 2000
1 21 358 1 0 2000
169 263 427 155 0 2000
318 13 372 336 0 2000
29 326 374 357 0 2000
252 198 51 25 0 2000
237 190 1 313 0 2000
6 17 79 320 0 2000
381 445 252 203 0 2000
21 1 119 280 0 2000
258 336 109 116 0 2000
357 319 103 434 0 2000
483 343 260 491 0 2000
277 411 318 83 0 2000
194 447 167 100 0 2000
15 6 64 335 0 2000
460 315 250 481 0 2000
149 212 361 48 0 2000
357 70 177 261 0 2000
343 346 98 479 0 2000
364 57 184 236 0 2000
438 352 218 194 0 2000
18 15 213 186 0 2000
88 269 346 387 0 2000
414 322 53 324 0 2000
29 328 225 153 0 2000
317 46 457 269 0 2000
32 8 158 241 0 2000
386 153 200 333 0 2000
210 280 440 133 0 2000
110 368 390 282 0 2000
267 168 29 43 0 2000
157 270 355 443 0 2000
298 2 202 275 0 2000
66 142 372 71 0 2000
15 7 113 286 0 2000
403 136 180 276 0 2000
414 165 304 431 0 2000
257 402 69 212 0 2000
58 341 201 115 0 2000
14 26 84 315 0 2000
438 289 76 285 0 2000
304 458 213 171 0 2000
25 1 165 234 0 2000
45 362 269 220 0 2000
320 187 467 411 0 2000
87 385 301 228 0 2000
31 253 178 483 0 2000
371 442 429 137 0 2000
16 6 178 221 0 2000
25 55 254 197 0 2000
243 64 400 266 0 2000
322 46 95 185 0 2000
410 251 126 161 0 2000
2 34 42 357 0 2000
120 265 412 344 0 2000
22 1 397 0 0 2000
50 365 390 334 0 2000
7 18 81 318 0 2000
3 27 179 220 0 2000
35 345 240 174 0 2000
314 429 169 198 0 2000
293 81 41 203 0 2000
396 11 74 63 0 2000
426 23 351 325 0 2000
15 18 197 202 0 2000
138 236 477 201 0 2000
11 19 338 61 0 2000
333 41 106 188 0 2000
138 284 263 33 0 2000
247 172 73 367 0 2000
19 7 209 190 0 2000
161 396 300 164 0 2000
205 177 356 392 0 2000
145 469 26 229 0 2000
314 312 394 21 0 2000
277 86 316 410 0 2000
266 115 245 471 0 2000
321 19 425 291 0 2000
28 345 256 202 0 2000
144 159 499 170 0 2000
39 277 401 292 0 2000
31 5 71 328 0 2000
447 131 236 279 0 2000
285 309 187 29 0 2000
15 11 1 370 0 2000
16 12 124 275 0 2000
215 263 400 441 0 2000
27 254 188 37 0 2000
208 33 464 151 0 2000
192 194 413 351 0 2000
382 43 17 51 0 2000
87 416 377 330 0 2000
129 266 373 393 0 2000
19 42 268 171 0 2000
11 19 326 67 0 2000
1 248 162 36 0 2000
20 3 189 210 0 2000
197 235 44 22 0 2000
280 324 398 65 0 2000
479 288 325 66 0 2000
129 256 326 428 0 2000
137 255 453 205 0 2000
297 125 85 289 0 2000
18 3 202 197 0 2000
359 394 67 309 0 2000
311 450 304 81 0 2000
9 14 356 43 0 2000
5 23 107 292 0 2000
143 223 292 6 0 2000
304 137 460 352 0 2000
450 337 190 451 0 2000
210 134 1 288 0 2000
12 13 378 21 0 2000
120 249 488 250 0 2000
290 264 177 1 0 2000
25 3 264 135 0 2000
386 43 346 372 0 2000
92 443 423 486 0 2000
194 43 262 349 0 2000
337 32 57 121 0 2000
67 362 151 77 0 2000
339 439 471 194 0 2000
159 197 405 84 0 2000
304 116 19 205 0 2000
169 155 287 414 0 2000
6 15 1 388 0 2000
189 232 29 15 0 2000
15 21 202 197 0 2000
276 120 23 238 0 2000
3 23 43 356 0 2000
461 176 137 127 0 2000
77 109 112 433 0 2000
307 77 196 340 0 2000
185 355 119 48 0 2000
183 427 481 492 0 2000
331 47 208 302 0 2000
8 32 346 11 0 2000
127 261 390 372 0 2000
39 255 179 484 0 2000
223 106 378 328 0 2000
6 24 121 278 0 2000
15 13 221 178 0 2000
325 70 378 388 0 2000
12 411 165 205 0 2000
254 161 470 0 0 2000
284 87 187 368 0 2000
103 326 212 66 0 2000
110 253 421 305 0 2000
93 133 273 312 0 2000
105 111 124 461 0 2000
18 3 61 338 0 2000
112 151 424 85 0 2000
126 62 481 83 0 2000
304 106 350 436 0 2000
26 10 150 249 0 2000
389 363 69 320 0 2000
297 416 244 93 0 2000
151 349 377 496 0 2000
323 355 146 155 0 2000
295 463 32 353 0 2000
404 254 263 36 0 2000
361 478 190 272 0 2000
353 20 25 65 0 2000
38 50 239 220 0 2000
217 14 125 293 0 2000
365 36 227 271 0 2000
159 487 11 259 0 2000
22 343 264 226 0 2000
25 3 269 130 0 2000
19 3 214 185 0 2000
414 279 84 315 0 2000
1 22 207 192 0 2000
399 28 61 61 0 2000
137 245 13 499 0 2000
129 395 333 225 0 2000
333 204 44 115 0 2000
22 1 318 81 0 2000
167 265 326 472 0 2000
6 372 324 428 0 2000
239 154 392 370 0 2000
98 206 223 447 0 2000
263 155 160 421 0 2000
321 32 262 339 0 2000
31 340 145 85 0 2000
255 167 174 462 0 2000
423 405 107 352 0 2000
337 100 198 320 0 2000
113 289 472 270 0 2000
1 21 110 289 0 2000
142 405 41 135 0 2000
43 112 395 90 0 2000
225 30 375 251 0 2000
87 287 196 22 0 2000
14 26 242 157 0 2000
37 425 286 296 0 2000
338 83 19 25 0 2000
20 5 355 44 0 2000
6 15 349 50 0 2000
369 31 278 306 0 2000
14 8 332 67 0 2000
112 271 1 13 0 2000
188 5 29 212 0 2000
298 68 383 349 0 2000
55 7 197 238 0 2000
145 375 280 136 0 2000
301 361 3 296 0 2000
48 361 127 77 0 2000
190 235 408 390 0 2000
268 156 410 388 0 2000
309 449 428 209 0 2000
447 461 120 419 0 2000
26 10 142 257 0 2000
472 469 165 410 0 2000
13 9 355 44 0 2000
305 61 314 418 0 2000
14 22 30 369 0 2000
347 258 52 176 0 2000
349 434 297 108 0 2000
263 96 94 286 0 2000
351 54 41 121 0 2000
344 29 274 332 0 2000
3 23 222 177 0 2000
335 171 16 127 0 2000
86 375 424 337 0 2000
481 160 427 465 0 2000
121 325 316 146 0 2000
62 265 395 220 0 2000
425 121 226 281 0 2000
245 193 335 466 0 2000
273 474 176 197 0 2000
131 117 434 185 0 2000
160 173 452 240 0 2000
164 207 44 458 0 2000
491 291 140 316 0 2000
21 69 172 289 0 2000
471 29 139 60 0 2000
462 215 142 271 0 2000
439 320 84 309 0 2000
288 222 410 459 0 2000
246 142 498 16 0 2000
376 63 241 287 0 2000
322 80 35 171 0 2000
309 81 211 357 0 2000
290 468 32 363 0 2000
420 402 106 343 0 2000
196 150 225 480 0 2000
229 149 404 350 0 2000
174 248 443 355 0 2000
12 351 210 186 0 2000
378 281 235 61 0 2000
108 324 177 27 0 2000
455 110 137 168 0 2000
96 328 286 144 0 2000
283 342 453 136 0 2000
330 87 124 250 0 2000
9 12 328 71 0 2000
113 281 337 139 0 2000
12 313 117 44 0 2000
476 94 307 296 0 2000
14 11 298 101 0 2000
147 454 1 229 0 2000
249 171 71 371 0 2000
29 1 104 295 0 2000
151 240 346 72 0 2000
63 357 194 114 0 2000
29 7 226 173 0 2000
9 19 187 212 0 2000
329 100 157 299 0 2000
45 308 178 72 0 2000
134 182 193 489 0 2000
330 51 382 372 0 2000
210 281 343 40 0 2000
382 57 64 16 0 2000
239 400 62 211 0 2000
18 18 312 87 0 2000
412 51 48 60 0 2000
32 8 61 338 0 2000
202 85 368 293 0 2000
20 23 333 86 0 2000
231 172 302 464 0 2000
4 29 73 326 0 2000
8 30 305 99 0 2000
33 7 108 291 0 2000
57 239 389 280 0 2000
19 3 380 19 0 2000
376 426 32 441 0 2000
1 20 212 187 0 2000
17 8 366 33 0 2000
38 383 376 358 0 2000
400 29 45 15 0 2000
46 278 409 286 0 2000
148 224 275 474 0 2000
8 18 173 226 0 2000
342 422 233 158 0 2000
221 154 380 364 0 2000
81 211 443 200 0 2000
488 474 226 360 0 2000
21 9 135 264 0 2000
416 310 277 72 0 2000
282 282 113 490 0 2000
209 156 112 437 0 2000
119 243 476 259 0 2000
28 8 118 281 0 2000
62 54 100 385 0 2000
71 386 335 281 0 2000
335 314 485 98 0 2000
9 12 50 349 0 2000
93 256 279 441 0 2000
157 293 396 156 0 2000
101 282 300 452 0 2000
238 204 357 462 0 2000
456 132 261 306 0 2000
338 268 163 74 0 2000
10 15 382 17 0 2000
452 192 144 127 0 2000
21 19 229 170 0 2000
2 433 19 91 0 2000
351 439 117 296 0 2000
28 5 25 368 0 2000
170 199 443 295 0 2000
185 105 307 356 0 2000
5 21 151 248 0 2000
29 398 225 223 0 2000
223 123 120 393 0 2000
19 108 378 120 0 2000
30 414 244 265 0 2000
9 19 171 228 0 2000
40 400 138 125 0 2000
290 476 353 162 0 2000
371 155 107 265 0 2000
320 61 120 235 0 2000
366 40 206 258 0 2000
458 118 351 377 0 2000
423 443 400 95 0 2000
140 260 16 18 0 2000
337 331 425 53 0 2000
238 288 130 23 0 2000
16 20 319 80 0 2000
272 61 245 410 0 2000
81 231 190 485 0 2000
41 318 365 353 0 2000
221 93 391 286 0 2000
272 314 339 18 0 2000
7 18 363 0 0 2000
231 258 379 47 0 2000
77 376 219 144 0 2000
325 419 46 335 0 2000
334 25 297 347 0 2000
282 326 399 80 0 2000
418 315 125 398 0 2000
62 97 163 374 0 2000
10 15 204 195 0 2000
351 60 54 136 0 2000
296 110 90 263 0 2000
357 5 38 60 0 2000
366 403 55 466 0 2000
274 91 26 221 0 2000
160 72 333 262 0 2000
483 301 153 262 0 2000
314 118 24 194 0 2000
430 433 62 432 0 2000
299 356 403 91 0 2000
77 129 404 180 0 2000
335 156 81 279 0 2000
138 18 40 283 0 2000
28 483 143 239 0 2000
10 18 272 127 0 2000
237 188 362 426 0 2000
58 295 175 39 0 2000
39 390 83 65 0 2000
25 1 221 178 0 2000
260 77 19 202 0 2000
171 237 399 89 0 2000
54 317 144 36 0 2000
13 59 86 359 0 2000
82 298 240 90 0 2000
164 360 479 423 0 2000
18 15 333 66 0 2000
63 200 272 357 0 2000
178 232 338 15 0 2000
214 36 250 369 0 2000
5 23 295 104 0 2000
316 105 222 388 0 2000
24 9 302 97 0 2000
354 386 283 84 0 2000
15 15 359 40 0 2000
10 23 6 385 0 2000
322 44 136 224 0 2000
22 37 321 104 0 2000
215 119 185 465 0 2000
287 116 261 453 0 2000
146 274 306 58 0 2000
10 403 241 263 0 2000
281 273 84 439 0 2000
358 364 193 158 0 2000
479 233 303 35 0 2000
18 5 55 344 0 2000
9 24 337 62 0 2000
185 429 376 261 0 2000
336 443 161 242 0 2000
76 326 419 359 0 2000
423 480 355 171 0 2000
444 90 309 326 0 2000
19 229 319 307 0 2000
328 168 174 377 0 2000
41 28 119 319 0 2000
191 448 440 321 0 2000
283 103 487 265 0 2000
463 267 144 321 0 2000
149 303 330 498 0 2000
61 146 408 173 0 2000
135 230 459 183 0 2000
187 249 340 473 0 2000
434 284 106 319 0 2000
235 364 489 481 0 2000
3 23 98 301 0 2000
378 289 12 278 0 2000
336 103 172 298 0 2000
276 468 223 152 0 2000
34 163 139 432 0 2000
373 266 189 74 0 2000
204 107 410 277 0 2000
108 417 409 490 0 2000
104 241 362 140 0 2000
245 116 415 312 0 2000
290 131 318 480 0 2000
34 2 108 291 0 2000
38 169 267 22 0 2000
18 20 92 309 0 2000
480 260 166 211 0 2000
467 249 316 31 0 2000
74 384 235 182 0 2000
130 278 312 86 0 2000
25 5 33 366 0 2000
407 261 154 143 0 2000
460 242 276 57 0 2000
97 478 440 450 0 2000
326 398 22 463 0 2000
11 19 232 167 0 2000
29 15 75 328 0 2000
406 483 127 391 0 2000
5 31 282 117 0 2000
279 304 39 168 0 2000
35 65 226 245 0 2000
198 233 425 101 0 2000
358 49 179 241 0 2000
215 228 419 401 0 2000
7 21 31 368 0 2000
222 192 363 414 0 2000
100 316 389 393 0 2000
433 222 86 238 0 2000
81 351 362 266 0 2000
306 178 50 57 0 2000
19 3 150 249 0 2000
104 388 307 214 0 2000
366 321 56 389 0 2000
0 23 360 7 0 2000
309 282 411 15 0 2000
10 16 162 237 0 2000
10 12 352 47 0 2000
172 316 471 386 0 2000
15 11 204 195 0 2000
384 41 249 279 0 2000
27 379 219 198 0 2000
173 434 462 354 0 2000
448 376 331 130 0 2000
14 7 136 263 0 2000
388 428 257 200 0 2000
7 26 251 148 0 2000
345 69 290 390 0 2000
114 107 138 449 0 2000
430 342 120 405 0 2000
272 442 259 82 0 2000
477 198 377 471 0 2000
383 246 52 200 0 2000
20 70 343 121 0 2000
331 85 153 283 0 2000
469 140 381 426 0 2000
188 63 23 264 0 2000
12 9 48 351 0 2000
269 166 19 279 0 2000
325 26 4 82 0 2000
242 143 32 296 0 2000
461 427 354 175 0 2000
294 118 432 354 0 2000
112 414 445 388 0 2000
285 81 279 441 0 2000
7 15 376 23 0 2000
4 24 343 56 0 2000
71 149 367 71 0 2000
298 51 409 318 0 2000
179 121 383 276 0 2000
82 284 295 437 0 2000
195 23 83 274 0 2000
1 39 3 396 0 2000
228 158 492 44 0 2000
17 11 217 182 0 2000
266 150 310 482 0 2000
27 1 205 194 0 2000
180 301 253 0 0 2000
191 239 67 491 0 2000
292 103 25 195 0 2000
487 184 345 420 0 2000
254 168 112 402 0 2000
342 90 466 332 0 2000
305 91 126 285 0 2000
268 248 427 36 0 2000
0 30 100 299 0 2000
183 79 220 419 0 2000
10 26 154 245 0 2000
405 370 47 388 0 2000
63 325 330 424 0 2000
20 6 327 72 0 2000
276 116 221 427 0 2000
69 293 445 291 0 2000
107 466 444 488 0 2000
304 114 2 171 0 2000
316 465 485 256 0 2000
296 140 370 437 0 2000
445 34 409 357 0 2000
321 153 444 396 0 2000
48 381 95 62 0 2000
286 90 42 222 0 2000
331 79 17 139 0 2000
181 181 438 64 0 2000
201 170 446 294 0 2000
72 319 183 71 0 2000
369 55 267 327 0 2000
460 243 171 166 0 2000
301 289 27 393 0 2000
1 24 25 374 0 2000
17 409 368 434 0 2000
248 154 270 498 0 2000
288 170 106 359 0 2000
425 304 119 236 0 2000
147 281 461 326 0 2000
82 355 1 58 0 2000
466 245 289 437 0 2000
92 488 314 339 0 2000
165 34 76 308 0 2000
249 78 165 372 0 2000
475 260 158 203 0 2000
80 359 244 164 0 2000
282 307 56 159 0 2000
248 105 55 281 0 2000
32 8 338 61 0 2000
4 24 163 236 0 2000
31 346 96 34 0 2000
20 1 359 40 0 2000
65 321 402 362 0 2000
82 303 165 23 0 2000
18 12 6 369 0 2000
170 243 438 348 0 2000
115 89 358 219 0 2000
21 1 286 113 0 2000
23 3 368 31 0 2000
399 421 309 134 0 2000
418 386 447 52 0 2000
233 128 394 341 0 2000
296 136 91 297 0 2000
264 341 29 475 0 2000
83 282 272 452 0 2000
266 472 272 109 0 2000
2 20 79 320 0 2000
188 151 458 258 0 2000
10 12 150 249 0 2000
17 9 114 285 0 2000
30 469 389 462 0 2000
228 223 115 484 0 2000
31 401 230 234 0 2000
389 104 418 451 0 2000
136 237 373 369 0 2000
343 287 494 69 0 2000
469 303 275 480 0 2000
2 34 236 163 0 2000
364 412 251 148 0 2000
2 19 374 25 0 2000
322 156 399 450 0 2000
23 13 343 56 0 2000
95 276 200 10 0 2000
314 40 20 115 0 2000
288 167 381 433 0 2000
315 477 17 416 0 2000
255 405 439 216 0 2000
336 221 442 478 0 2000
463 493 184 409 0 2000
211 218 98 474 0 2000
60 262 336 363 0 2000
91 29 449 28 0 2000
20 2 189 210 0 2000
2 28 50 349 0 2000
9 27 184 215 0 2000
320 436 47 346 0 2000
241 355 480 216 0 2000
266 310 3 413 0 2000
0 26 266 133 0 2000
454 218 331 464 0 2000
67 193 356 275 0 2000
457 441 182 339 0 2000
16 17 90 309 0 2000
5 18 286 113 0 2000
11 14 91 308 0 2000
196 177 310 436 0 2000
221 214 9 63 0 2000
211 451 11 288 0 2000
3 18 56 343 0 2000
147 183 274 427 0 2000
70 153 365 224 0 2000
178 145 304 388 0 2000
148 464 180 137 0 2000
21 177 251 318 0 2000
345 30 56 118 0 2000
13 10 110 289 0 2000
486 319 246 457 0 2000
430 275 272 486 0 2000
195 131 397 288 0 2000
180 156 483 230 0 2000
378 383 452 91 0 2000
388 359 168 201 0 2000
423 183 49 180 0 2000
359 172 222 401 0 2000
272 342 66 495 0 2000
367 420 291 118 0 2000
11 32 151 258 0 2000
217 125 378 342 0 2000
343 31 275 337 0 2000
13 13 202 197 0 2000
252 395 465 239 0 2000
10 11 358 41 0 2000
153 122 396 2 0 2000
197 209 431 351 0 2000
69 309 181 45 0 2000
153 188 465 239 0 2000
235 477 481 346 0 2000
251 143 2 270 0 2000
265 257 499 115 0 2000
331 407 134 227 0 2000
325 60 66 164 0 2000
14 7 274 125 0 2000
273 150 387 409 0 2000
249 45 140 299 0 2000
19 7 169 230 0 2000
7 14 136 263 0 2000
80 359 343 244 0 2000
159 337 334 153 0 2000
121 345 338 191 0 2000
11 12 316 83 0 2000
21 266 143 22 0 2000
107 237 341 108 0 2000
325 96 48 196 0 2000
18 47 243 196 0 2000
96 282 307 115 0 2000
163 260 16 34 0 2000
290 19 80 182 0 2000
267 143 313 474 0 2000
229 144 159 447 0 2000
400 259 203 440 0 2000
5 16 166 233 0 2000
146 335 18 85 0 2000
439 335 266 149 0 2000
20 1 148 251 0 2000
15 6 267 128 0 2000
161 266 14 42 0 2000
73 28 410 69 0 2000
427 85 248 272 0 2000
19 6 375 24 0 2000
80 326 157 44 0 2000
247 98 306 412 0 2000
428 126 200 269 0 2000
11 368 90 70 0 2000
36 353 97 43 0 2000
17 349 375 357 0 2000
24 16 254 145 0 2000
269 201 343 498 0 2000
310 385 66 252 0 2000
141 261 349 431 0 2000
20 8 152 247 0 2000
46 386 367 333 0 2000
308 447 118 268 0 2000
274 219 76 43 0 2000
245 177 17 312 0 2000
259 469 145 210 0 2000
168 195 428 298 0 2000
392 185 180 349 0 2000
337 462 95 327 0 2000
123 33 343 182 0 2000
433 300 209 155 0 2000
126 297 392 192 0 2000
369 336 66 407 0 2000
165 188 285 437 0 2000
197 384 445 254 0 2000
228 193 386 408 0 2000
225 197 310 486 0 2000
490 371 356 142 0 2000
206 170 489 263 0 2000
38 142 196 343 0 2000
15 21 372 15 0 2000
122 247 387 143 0 2000
5 85 162 299 0 2000
12 390 223 225 0 2000
14 98 251 232 0 2000
422 297 70 275 0 2000
16 17 54 345 0 2000
248 131 319 437 0 2000
316 154 63 278 0 2000
377 217 121 339 0 2000
10 11 114 285 0 2000
252 268 48 103 0 2000
49 181 343 102 0 2000
221 192 409 377 0 2000
216 321 328 55 0 2000
123 18 14 275 0 2000
469 329 382 53 0 2000
453 259 314 22 0 2000
328 356 407 57 0 2000
376 264 55 320 0 2000
2 20 179 220 0 2000
331 491 163 296 0 2000
144 78 339 252 0 2000
145 368 449 301 0 2000
436 284 78 295 0 2000
362 472 266 209 0 2000
406 65 263 293 0 2000
74 323 320 191 0 2000
409 78 157 185 0 2000
165 255 5 473 0 2000
69 337 250 142 0 2000
140 271 366 124 0 2000
4 36 205 194 0 2000
73 192 268 11 0 2000
393 14 112 107 0 2000
407 310 93 258 0 2000
286 332 240 4 0 2000
36 424 226 245 0 2000
449 382 394 71 0 2000
117 305 247 59 0 2000
148 230 353 57 0 2000
230 190 468 50 0 2000
180 431 418 303 0 2000
158 174 423 61 0 2000
398 85 416 445 0 2000
12 18 56 343 0 2000
373 15 126 144 0 2000
142 100 104 421 0 2000
468 476 198 372 0 2000
388 15 480 300 0 2000
69 9 294 155 0 2000
371 51 174 230 0 2000
16 20 211 188 0 2000
266 112 135 359 0 2000
396 19 402 391 0 2000
11 15 361 38 0 2000
202 363 105 83 0 2000
453 51 387 358 0 2000
154 219 407 99 0 2000
167 251 440 146 0 2000
430 40 178 165 0 2000
9 17 102 297 0 2000
99 88 269 296 0 2000
276 282 129 51 0 2000
477 293 156 243 0 2000
85 300 422 334 0 2000
468 262 139 292 0 2000
45 17 208 213 0 2000
5 31 21 378 0 2000
389 349 23 354 0 2000
4 21 142 257 0 2000
441 266 121 322 0 2000
14 9 204 195 0 2000
400 192 87 142 0 2000
20 3 282 117 0 2000
304 434 54 313 0 2000
195 45 474 129 0 2000
11 15 187 212 0 2000
4 269 118 5 0 2000
53 83 219 294 0 2000
4 17 335 64 0 2000
486 283 198 373 0 2000
313 90 106 260 0 2000
210 314 311 39 0 2000
19 7 296 103 0 2000
327 76 107 219 0 2000
8 14 155 244 0 2000
70 350 426 372 0 2000
6 129 194 318 0 2000
202 169 431 27 0 2000
23 3 246 153 0 2000
279 335 465 158 0 2000
232 145 400 354 0 2000
196 233 308 490 0 2000
0 40 90 326 0 2000
21 4 365 34 0 2000
470 200 306 405 0 2000
339 386 117 230 0 2000
97 13 356 123 0 2000
292 167 0 83 0 2000
111 318 429 369 0 2000
177 203 460 108 0 2000
18 7 5 368 0 2000
396 497 132 392 0 2000
58 369 397 389 0 2000
13 13 368 31 0 2000
341 37 372 372 0 2000
372 347 459 60 0 2000
201 184 310 434 0 2000
390 10 114 110 0 2000
10 12 311 88 0 2000
337 276 22 222 0 2000
30 3 352 47 0 2000
456 149 381 445 0 2000
448 8 354 280 0 2000
351 385 391 54 0 2000
8 28 73 326 0 2000
281 68 269 434 0 2000
215 179 346 424 0 2000
65 306 151 21 0 2000
491 273 337 50 0 2000
346 54 59 143 0 2000
186 433 133 109 0 2000
194 106 280 389 0 2000
269 211 23 328 0 2000
16 14 332 67 0 2000
401 419 388 69 0 2000
14 19 345 54 0 2000
339 82 147 261 0 2000
243 470 192 152 0 2000
3 19 49 350 0 2000
103 273 400 350 0 2000
238 7 351 260 0 2000
341 162 456 423 0 2000
344 56 11 89 0 2000
20 6 137 262 0 2000
371 358 219 144 0 2000
9 17 90 309 0 2000
265 488 159 218 0 2000
32 1 248 151 0 2000
4 21 97 302 0 2000
101 323 428 370 0 2000
145 276 46 2 0 2000
354 102 479 343 0 2000
143 230 476 270 0 2000
9 13 348 51 0 2000
284 90 258 440 0 2000
47 314 309 210 0 2000
1 22 301 98 0 2000
378 442 414 101 0 2000
228 187 473 55 0 2000
10 18 311 88 0 2000
16 10 164 235 0 2000
359 345 37 304 0 2000
53 367 336 272 0 2000
447 247 299 472 0 2000
39 348 299 457 0 2000
25 207 216 27 0 2000
375 363 236 136 0 2000
29 1 218 181 0 2000
15 18 8 377 0 2000
10 23 153 246 0 2000
22 265 162 39 0 2000
56 251 361 324 0 2000
304 430 88 287 0 2000
469 354 296 153 0 2000
343 86 36 24 0 2000
47 326 264 482 0 2000
207 165 442 29 0 2000
169 302 452 208 0 2000
0 22 311 88 0 2000
38 62 126 337 0 2000
191 169 395 339 0 2000
327 342 91 205 0 2000
467 281 311 488 0 2000
168 28 494 71 0 2000
87 300 375 371 0 2000
47 25 192 243 0 2000
18 15 271 128 0 2000
24 350 347 396 0 2000
147 274 303 53 0 2000
207 167 41 375 0 2000
340 438 267 135 0 2000
102 403 280 215 0 2000
446 74 135 122 0 2000
2 31 155 244 0 2000
16 20 247 152 0 2000
78 299 284 464 0 2000
4 29 113 286 0 2000
462 63 104 71 0 2000
369 235 133 94 0 2000
338 35 69 139 0 2000
373 24 343 367 0 2000
448 44 495 370 0 2000
14 19 376 15 0 2000
213 56 66 287 0 2000
281 447 370 177 0 2000
1 21 305 94 0 2000
102 321 12 52 0 2000
149 334 225 44 0 2000
360 296 87 392 0 2000
10 50 232 187 0 2000
237 190 331 467 0 2000
4 19 243 156 0 2000
368 287 3 295 0 2000
247 36 56 211 0 2000
5 16 13 386 0 2000
312 113 186 346 0 2000
375 245 67 306 0 2000
187 288 432 157 0 2000
358 253 220 20 0 2000
97 431 240 203 0 2000
21 1 20 377 0 2000
484 209 309 410 0 2000
17 6 313 86 0 2000
23 3 156 243 0 2000
300 59 3 121 0 2000
23 3 119 280 0 2000
342 424 116 281 0 2000
373 281 47 331 0 2000
53 356 405 377 0 2000
26 376 230 206 0 2000
10 11 138 261 0 2000
135 483 311 296 0 2000
396 322 77 374 0 2000
195 292 297 16 0 2000
313 106 117 288 0 2000
10 15 177 222 0 2000
242 190 452 34 0 2000
55 267 247 86 0 2000
460 381 492 47 0 2000
137 302 367 431 0 2000
393 429 24 427 0 2000
2 19 194 205 0 2000
35 5 362 37 0 2000
59 33 268 183 0 2000
480 267 351 497 0 2000
31 230 346 172 0 2000
389 323 97 400 0 2000
167 230 273 493 0 2000
232 447 488 327 0 2000
359 45 106 158 0 2000
117 415 480 402 0 2000
472 329 422 1 0 2000
171 265 472 341 0 2000
13 17 295 104 0 2000
3 18 276 123 0 2000
32 13 133 278 0 2000
8 17 178 221 0 2000
439 105 409 444 0 2000
20 13 48 351 0 2000
273 275 418 47 0 2000
117 438 313 268 0 2000
254 105 447 290 0 2000
387 443 47 474 0 2000
18 8 314 85 0 2000
24 4 151 248 0 2000
456 294 255 452 0 2000
305 171 52 47 0 2000
173 220 451 121 0 2000
354 473 378 119 0 2000
304 127 336 461 0 2000
155 113 432 19 0 2000
432 253 272 466 0 2000
153 54 342 239 0 2000
9 12 53 346 0 2000
31 52 97 362 0 2000
423 143 129 74 0 2000
27 305 258 159 0 2000
27 6 364 35 0 2000
13 350 32 6 0 2000
196 441 148 123 0 2000
234 384 303 80 0 2000
347 45 109 173 0 2000
13 400 151 165 0 2000
233 191 146 478 0 2000
20 79 57 405 0 2000
200 203 92 468 0 2000
33 44 177 266 0 2000
43 37 196 247 0 2000
60 424 173 178 0 2000
5 21 89 310 0 2000
134 93 411 7 0 2000
76 108 433 120 0 2000
216 135 366 344 0 2000
39 1 87 312 0 2000
326 101 92 238 0 2000
19 21 115 284 0 2000
13 10 96 303 0 2000
123 247 290 55 0 2000
189 408 321 169 0 2000
3 22 64 335 0 2000
7 14 30 369 0 2000
0 22 365 34 0 2000
180 280 33 58 0 2000
252 434 467 290 0 2000
9 14 242 157 0 2000
0 23 81 318 0 2000
383 345 39 378 0 2000
180 367 436 245 0 2000
288 68 147 286 0 2000
201 170 447 45 0 2000
4 19 17 382 0 2000
181 43 423 164 0 2000
227 256 429 89 0 2000
82 298 383 225 0 2000
11 14 319 80 0 2000
99 320 323 470 0 2000
122 81 471 52 0 2000
6 30 86 313 0 2000
4 22 252 147 0 2000
246 210 339 495 0 2000
67 353 96 23 0 2000
31 9 242 157 0 2000
315 430 92 279 0 2000
465 358 244 205 0 2000
402 231 69 272 0 2000
427 349 298 101 0 2000
155 274 305 51 0 2000
286 49 49 190 0 2000
20 8 316 83 0 2000
131 247 300 456 0 2000
80 212 360 309 0 2000
273 21 237 361 0 2000
286 441 279 70 0 2000
364 414 317 102 0 2000
354 167 393 499 0 2000
383 341 34 319 0 2000
452 346 399 23 0 2000
440 221 189 103 0 2000
5 21 99 300 0 2000
79 294 377 369 0 2000
16 5 86 313 0 2000
253 276 45 434 0 2000
7 26 63 336 0 2000
1 39 149 250 0 2000
158 82 423 194 0 2000
11 17 209 190 0 2000
269 38 249 395 0 2000
291 136 64 280 0 2000
150 274 437 361 0 2000
20 1 117 282 0 2000
5 398 325 455 0 2000
118 215 302 28 0 2000
26 16 162 253 0 2000
3 22 152 247 0 2000
432 338 363 38 0 2000
10 104 344 65 0 2000
257 428 81 233 0 2000
19 14 48 351 0 2000
303 472 29 368 0 2000
415 74 243 278 0 2000
248 472 104 239 0 2000
6 49 131 302 0 2000
153 256 419 363 0 2000
130 269 321 444 0 2000
190 195 369 15 0 2000
313 38 108 209 0 2000
173 336 466 255 0 2000
0 228 347 254 0 2000
303 109 11 183 0 2000
28 8 274 125 0 2000
3 22 159 240 0 2000
124 62 345 214 0 2000
183 169 243 480 0 2000
159 405 354 223 0 2000
23 3 230 169 0 2000
144 369 285 144 0 2000
248 125 468 278 0 2000
431 50 423 418 0 2000
41 367 389 337 0 2000
412 139 493 432 0 2000
173 228 356 414 0 2000
211 73 175 400 0 2000
15 6 241 158 0 2000
16 24 213 186 0 2000
4 21 121 278 0 2000
118 265 266 480 0 2000
65 32 150 325 0 2000
448 335 383 22 0 2000
305 102 173 339 0 2000
54 322 159 51 0 2000
122 307 261 87 0 2000
244 315 37 471 0 2000
260 433 18 309 0 2000
14 12 50 349 0 2000
407 203 215 384 0 2000
425 495 78 479 0 2000
377 429 155 288 0 2000
8 15 354 45 0 2000
324 266 12 331 0 2000
72 357 394 404 0 2000
4 468 71 166 0 2000
22 8 49 350 0 2000
17 314 369 293 0 2000
186 396 416 255 0 2000
26 2 250 149 0 2000
6 22 230 169 0 2000
182 240 458 340 0 2000
278 478 13 372 0 2000
274 92 439 293 0 2000
161 248 434 148 0 2000
13 17 307 92 0 2000
355 259 53 323 0 2000
405 144 251 356 0 2000
48 53 287 180 0 2000
201 265 305 6 0 2000
13 9 102 297 0 2000
298 100 272 452 0 2000
168 231 465 311 0 2000
42 383 108 76 0 2000
95 195 415 252 0 2000
304 374 170 132 0 2000
119 308 398 221 0 2000
338 84 148 270 0 2000
0 22 244 155 0 2000
423 352 269 130 0 2000
11 11 133 266 0 2000
40 65 398 54 0 2000
429 56 186 179 0 2000
4 367 13 5 0 2000
334 150 109 296 0 2000
346 457 136 301 0 2000
314 77 477 291 0 2000
275 166 100 354 0 2000
181 237 53 483 0 2000
335 274 13 230 0 2000
374 487 203 299 0 2000
436 329 138 261 0 2000
113 241 266 447 0 2000
474 46 484 405 0 2000
15 13 359 40 0 2000
340 217 137 392 0 2000
147 304 422 395 0 2000
253 258 441 72 0 2000
452 352 413 28 0 2000
373 50 355 401 0 2000
433 329 224 161 0 2000
58 262 169 0 0 2000
223 199 100 452 0 2000
1 22 205 194 0 2000
400 407 460 91 0 2000
9 21 298 101 0 2000
467 331 323 106 0 2000
153 89 175 438 0 2000
376 0 325 325 0 2000
370 55 104 162 0 2000
386 70 89 151 0 2000
209 212 476 102 0 2000
277 6 181 286 0 2000
16 6 54 345 0 2000
76 346 371 267 0 2000
497 406 475 57 0 2000
343 50 395 357 0 2000
104 333 417 379 0 2000
18 5 91 308 0 2000
76 301 446 294 0 2000
154 285 394 166 0 2000
150 223 301 445 0 2000
443 299 275 98 0 2000
358 365 114 243 0 2000
386 430 311 128 0 2000
417 252 177 383 0 2000
361 295 115 170 0 2000
2 26 243 156 0 2000
225 79 275 402 0 2000
388 291 253 67 0 2000
336 469 92 337 0 2000
299 80 208 362 0 2000
465 145 402 459 0 2000
172 253 8 460 0 2000
457 35 272 209 0 2000
44 185 343 108 0 2000
415 380 276 153 0 2000
322 27 237 315 0 2000
184 282 498 346 0 2000
14 19 63 336 0 2000
103 276 418 220 0 2000
247 129 132 390 0 2000
9 21 230 169 0 2000
25 8 323 76 0 2000
304 340 194 87 0 2000
161 169 451 81 0 2000
36 4 337 62 0 2000
18 106 104 383 0 2000
352 355 171 158 0 2000
130 252 468 216 0 2000
377 210 58 160 0 2000
10 11 71 328 0 2000
115 424 351 282 0 2000
171 383 391 226 0 2000
139 264 492 240 0 2000
367 455 21 430 0 2000
78 261 386 319 0 2000
29 1 338 61 0 2000
48 361 350 290 0 2000
363 364 39 418 0 2000
251 40 491 163 0 2000
316 496 119 316 0 2000
362 119 484 375 0 2000
393 411 309 136 0 2000
374 327 2 325 0 2000
69 338 208 114 0 2000
378 365 7 358 0 2000
381 39 247 283 0 2000
148 448 144 81 0 2000
18 12 201 198 0 2000
15 18 275 124 0 2000
38 200 232 28 0 2000
42 8 303 116 0 2000
273 445 412 221 0 2000
14 19 262 137 0 2000
20 2 56 343 0 2000
11 19 327 72 0 2000
448 244 289 30 0 2000
397 369 339 68 0 2000
6 15 360 39 0 2000
127 5 388 115 0 2000
281 444 165 184 0 2000
355 125 341 477 0 2000
312 51 187 289 0 2000
95 134 455 150 0 2000
104 216 446 189 0 2000
334 278 81 158 0 2000
459 387 164 323 0 2000
105 307 204 28 0 2000
360 358 426 47 0 2000
40 52 339 116 0 2000
316 126 180 356 0 2000
8 394 359 402 0 2000
425 389 225 220 0 2000
331 50 9 1 0 2000
330 435 314 77 0 2000
219 141 488 36 0 2000
458 46 292 239 0 2000
4 26 125 274 0 2000
119 475 264 244 0 2000
332 89 38 172 0 2000
162 247 495 202 0 2000
11 17 15 384 0 2000
353 79 207 299 0 2000
314 69 323 431 0 2000
343 45 247 315 0 2000
40 23 106 331 0 2000
205 187 376 394 0 2000
153 252 306 28 0 2000
354 455 322 113 0 2000
7 26 52 347 0 2000
415 102 319 382 0 2000
292 461 324 130 0 2000
27 1 42 357 0 2000
116 259 439 211 0 2000
402 323 122 417 0 2000
19 9 174 225 0 2000
18 398 106 120 0 2000
307 288 480 493 0 2000
310 61 459 283 0 2000
281 138 401 387 0 2000
105 32 23 327 0 2000
179 248 394 404 0 2000
26 345 175 135 0 2000
399 351 371 16 0 2000
15 8 331 68 0 2000
51 388 225 203 0 2000
51 329 405 317 0 2000
181 145 0 330 0 2000
345 391 470 145 0 2000
57 351 357 285 0 2000
80 108 117 448 0 2000
383 417 109 322 0 2000
60 416 113 96 0 2000
2 34 257 142 0 2000
408 294 294 49 0 2000
1 24 120 279 0 2000
19 11 176 223 0 2000
60 299 200 80 0 2000
311 221 37 118 0 2000
134 336 446 274 0 2000
28 5 180 219 0 2000
364 340 490 95 0 2000
465 419 204 306 0 2000
23 17 323 76 0 2000
47 29 319 131 0 2000
13 289 236 143 0 2000
401 2 138 108 0 2000
169 332 323 115 0 2000
121 126 232 393 0 2000
180 108 377 270 0 2000
315 173 0 224 0 2000
8 274 173 482 0 2000
159 201 403 330 0 2000
57 235 288 367 0 2000
427 401 391 59 0 2000
15 13 34 365 0 2000
4 26 51 348 0 2000
289 220 44 87 0 2000
154 497 286 266 0 2000
279 32 48 179 0 2000
81 287 215 48 0 2000
333 78 1 47 0 2000
385 122 220 330 0 2000
122 258 470 240 0 2000
52 58 313 156 0 2000
264 421 310 96 0 2000
261 178 399 399 0 2000
229 388 137 109 0 2000
243 472 322 185 0 2000
84 287 358 372 0 2000
363 472 286 186 0 2000
255 122 134 360 0 2000
257 156 325 454 0 2000
199 339 246 17 0 2000
307 175 428 427 0 2000
236 41 309 327 0 2000
293 264 56 393 0 2000
112 266 477 265 0 2000
202 46 491 120 0 2000
160 237 439 157 0 2000
377 338 214 135 0 2000
289 481 374 195 0 2000
23 3 299 100 0 2000
9 21 329 70 0 2000
24 211 331 278 0 2000
18 10 380 1 0 2000
193 382 108 93 0 2000
86 334 318 480 0 2000
209 389 71 153 0 2000
7 142 347 106 0 2000
339 90 32 152 0 2000
265 189 465 15 0 2000
259 495 442 309 0 2000
77 192 306 55 0 2000
145 275 282 34 0 2000
32 8 384 1 0 2000
196 465 357 257 0 2000
290 137 199 417 0 2000
339 64 378 398 0 2000
5 18 33 366 0 2000
405 413 84 463 0 2000
148 246 386 106 0 2000
221 188 352 431 0 2000
200 211 438 342 0 2000
29 11 43 356 0 2000
422 432 219 261 0 2000
470 299 163 230 0 2000
24 6 144 255 0 2000
1 32 126 273 0 2000
391 164 263 413 0 2000
237 81 15 237 0 2000
280 325 229 2 0 2000
82 299 354 202 0 2000
261 161 194 470 0 2000
292 327 40 446 0 2000
114 255 254 26 0 2000
12 24 233 166 0 2000
7 21 328 71 0 2000
32 411 37 39 0 2000
288 62 388 339 0 2000
24 12 366 33 0 2000
218 186 305 475 0 2000
2 23 205 194 0 2000
118 307 195 15 0 2000
430 146 133 74 0 2000
91 279 202 16 0 2000
321 99 203 359 0 2000
253 160 307 477 0 2000
145 388 446 326 0 2000
10 12 177 222 0 2000
290 64 1 149 0 2000
290 384 48 263 0 2000
481 11 369 270 0 2000
221 189 27 373 0 2000
211 481 102 217 0 2000
163 370 364 195 0 2000
202 155 246 474 0 2000
202 196 286 486 0 2000
327 427 77 300 0 2000
475 266 134 233 0 2000
294 249 453 459 0 2000
321 78 124 252 0 2000
368 438 406 99 0 2000
139 51 43 332 0 2000
327 51 133 220 0 2000
418 383 276 149 0 2000
351 74 85 181 0 2000
360 15 479 273 0 2000
85 290 435 269 0 2000
158 229 401 345 0 2000
146 345 383 216 0 2000
279 253 453 456 0 2000
93 81 456 87 0 2000
149 275 249 1 0 2000
200 176 439 49 0 2000
18 4 380 19 0 2000
58 156 194 396 0 2000
423 144 85 184 0 2000
33 328 118 47 0 2000
88 361 233 135 0 2000
112 254 255 477 0 2000
351 5 381 351 0 2000
15 0 209 172 0 2000
10 16 190 209 0 2000
340 60 58 154 0 2000
12 178 331 126 0 2000
124 322 5 65 0 2000
356 339 203 116 0 2000
175 307 414 175 0 2000
65 410 400 441 0 2000
299 448 267 102 0 2000
233 301 5 439 0 2000
221 381 368 162 0 2000
34 340 135 67 0 2000
101 290 273 489 0 2000
147 274 471 327 0 2000
43 135 260 287 0 2000
63 400 300 261 0 2000
353 59 384 404 0 2000
406 156 482 457 0 2000
241 200 97 432 0 2000
200 347 269 42 0 2000
1 27 242 157 0 2000
122 243 281 25 0 2000
361 57 292 354 0 2000
206 315 279 29 0 2000
76 114 411 148 0 2000
284 432 42 315 0 2000
13 15 381 18 0 2000
27 39 329 100 0 2000
337 87 26 154 0 2000
44 365 318 280 0 2000
67 494 261 315 0 2000
56 364 279 209 0 2000
6 24 76 323 0 2000
242 175 163 473 0 2000
353 323 278 20 0 2000
438 232 177 117 0 2000
269 150 0 240 0 2000
88 283 189 13 0 2000
271 139 294 492 0 2000
37 34 74 375 0 2000
30 412 193 204 0 2000
372 335 413 2 0 2000
65 358 133 57 0 2000
371 290 63 229 0 2000
71 211 393 262 0 2000
397 357 190 193 0 2000
94 472 323 324 0 2000
13 13 9 382 0 2000
127 392 363 257 0 2000
14 26 83 316 0 2000
13 17 56 343 0 2000
115 307 40 6 0 2000
130 340 355 194 0 2000
469 292 363 20 0 2000
492 158 187 86 0 2000
6 20 268 131 0 2000
15 10 162 237 0 2000
218 147 285 439 0 2000
334 95 28 32 0 2000
136 255 382 372 0 2000
16 17 307 92 0 2000
32 377 137 116 0 2000
306 25 426 271 0 2000
325 114 450 352 0 2000
446 384 115 352 0 2000
238 477 284 146 0 2000
110 471 153 137 0 2000
224 118 263 438 0 2000
50 141 240 325 0 2000
5 35 147 252 0 2000
6 22 361 6 0 2000
1 35 327 72 0 2000
328 361 424 91 0 2000
27 59 122 327 0 2000
112 279 321 443 0 2000
185 203 467 107 0 2000
142 278 320 78 0 2000
185 230 69 491 0 2000
82 277 418 300 0 2000
378 57 200 242 0 2000
290 135 406 392 0 2000
440 384 138 445 0 2000
15 15 335 64 0 2000
342 230 475 475 0 2000
394 240 103 312 0 2000
102 102 424 149 0 2000
99 78 357 186 0 2000
2 24 80 319 0 2000
274 130 10 16 0 2000
187 437 147 111 0 2000
289 340 469 142 0 2000
39 345 215 155 0 2000
436 186 262 385 0 2000
26 14 216 183 0 2000
299 229 15 142 0 2000
425 24 248 224 0 2000
261 195 424 405 0 2000
421 185 90 139 0 2000
342 261 128 101 0 2000
391 421 456 115 0 2000
31 5 30 367 0 2000
124 279 464 298 0 2000
357 341 268 59 0 2000
326 106 146 292 0 2000
473 215 296 15 0 2000
392 466 490 190 0 2000
348 418 222 173 0 2000
83 281 314 138 0 2000
152 194 13 424 0 2000
78 150 394 97 0 2000
288 166 80 334 0 2000
22 389 96 92 0 2000
85 140 228 371 0 2000
296 441 487 261 0 2000
92 319 297 473 0 2000
146 378 331 185 0 2000
414 491 407 124 0 2000
16 5 72 327 0 2000
341 83 328 444 0 2000
299 213 87 52 0 2000
16 10 250 149 0 2000
347 276 170 84 0 2000
332 477 133 317 0 2000
212 24 436 173 0 2000
355 52 73 141 0 2000
160 232 357 401 0 2000
421 80 252 280 0 2000
17 8 262 137 0 2000
242 95 424 287 0 2000
207 191 482 97 0 2000
163 110 341 306 0 2000
339 90 137 247 0 2000
235 489 190 171 0 2000
318 179 109 344 0 2000
180 242 450 136 0 2000
19 3 56 343 0 2000
6 27 332 67 0 2000
367 263 111 378 0 2000
392 343 272 89 0 2000
338 210 224 465 0 2000
17 9 78 321 0 2000
104 102 224 358 0 2000
58 381 136 100 0 2000
444 129 180 19 0 2000
368 35 276 302 0 2000
323 56 132 224 0 2000
314 386 5 321 0 2000
370 403 95 304 0 2000
37 326 265 191 0 2000
31 2 307 92 0 2000
407 359 358 31 0 2000
4 384 133 139 0 2000
348 366 172 171 0 2000
418 340 219 165 0 2000
90 102 395 36 0 2000
177 228 419 363 0 2000
342 57 181 269 0 2000
275 456 106 247 0 2000
395 101 122 204 0 2000
413 365 97 308 0 2000
337 85 45 169 0 2000
42 182 247 14 0 2000
178 430 466 345 0 2000
266 488 43 352 0 2000
89 172 333 304 0 2000
264 72 295 415 0 2000
18 345 129 93 0 2000
17 45 63 370 0 2000
69 316 246 134 0 2000
317 73 162 296 0 2000
86 75 107 430 0 2000
297 462 193 200 0 2000
130 309 483 315 0 2000
227 354 491 247 0 2000
325 81 44 166 0 2000
326 468 456 232 0 2000
138 239 382 372 0 2000
236 470 312 172 0 2000
27 6 366 33 0 2000
168 340 125 14 0 2000
343 477 384 159 0 2000
165 72 210 393 0 2000
344 44 319 385 0 2000
492 124 311 320 0 2000
445 310 154 235 0 2000
27 6 104 295 0 2000
73 356 194 108 0 2000
351 235 494 1 0 2000
257 149 124 392 0 2000
355 57 81 159 0 2000
310 450 89 300 0 2000
428 89 200 220 0 2000
352 95 111 232 0 2000
393 339 188 167 0 2000
23 7 374 25 0 2000
218 179 100 432 0 2000
239 32 357 277 0 2000
7 44 310 119 0 2000
362 264 248 4 0 2000
140 281 251 29 0 2000
215 263 487 166 0 2000
68 301 395 265 0 2000
292 131 431 365 0 2000
120 215 455 258 0 2000
120 468 409 394 0 2000
0 371 270 472 0 2000
27 48 377 20 0 2000
391 262 65 210 0 2000
494 483 389 210 0 2000
64 232 232 433 0 2000
74 258 320 386 0 2000
235 142 479 267 0 2000
253 9 187 306 0 2000
306 86 59 212 0 2000
449 146 215 288 0 2000
19 21 202 197 0 2000
487 62 341 287 0 2000
75 305 243 99 0 2000
74 293 330 186 0 2000
282 198 77 44 0 2000
364 21 108 134 0 2000
63 329 281 470 0 2000
114 155 471 157 0 2000
481 495 257 342 0 2000
395 36 254 258 0 2000
374 410 215 200 0 2000
51 327 372 384 0 2000
220 296 474 408 0 2000
5 31 243 156 0 2000
15 481 35 124 0 2000
410 289 62 268 0 2000
63 95 425 88 0 2000
459 62 455 427 0 2000
211 238 443 382 0 2000
237 303 161 2 0 2000
221 190 459 329 0 2000
12 24 312 87 0 2000
375 155 276 415 0 2000
455 285 323 40 0 2000
16 7 221 178 0 2000
249 122 408 334 0 2000
302 241 38 346 0 2000
412 382 158 263 0 2000
153 200 481 248 0 2000
282 95 60 244 0 2000
358 111 445 387 0 2000
16 284 180 491 0 2000
173 309 454 214 0 2000
4 18 178 221 0 2000
441 327 197 208 0 2000
334 42 277 361 0 2000
489 277 393 4 0 2000
234 55 224 419 0 2000
345 26 267 319 0 2000
195 183 288 468 0 2000
161 421 325 214 0 2000
336 87 409 387 0 2000
258 162 30 16 0 2000
463 258 277 85 0 2000
386 377 343 46 0 2000
296 120 102 304 0 2000
299 279 10 356 0 2000
138 102 84 419 0 2000
302 122 491 307 0 2000
471 255 241 398 0 2000
288 88 291 461 0 2000
481 248 287 68 0 2000
471 187 111 178 0 2000
435 103 116 143 0 2000
10 13 325 74 0 2000
195 206 355 422 0 2000
485 327 131 318 0 2000
298 91 380 368 0 2000
135 368 438 424 0 2000
212 157 439 299 0 2000
134 238 410 148 0 2000
463 195 139 146 0 2000
39 138 178 373 0 2000
20 10 381 2 0 2000
13 346 83 57 0 2000
30 10 310 89 0 2000
1 27 320 79 0 2000
12 11 151 248 0 2000
292 92 480 282 0 2000
3 131 309 60 0 2000
327 365 202 121 0 2000
335 266 42 182 0 2000
300 473 47 352 0 2000
190 215 73 457 0 2000
99 287 350 179 0 2000
250 69 238 433 0 2000
251 126 189 441 0 2000
215 163 407 349 0 2000
173 208 426 326 0 2000
444 16 94 43 0 2000
10 12 189 210 0 2000
198 226 401 55 0 2000
412 80 211 248 0 2000
184 129 475 42 0 2000
78 484 158 205 0 2000
27 19 234 183 0 2000
469 148 394 451 0 2000
10 23 35 364 0 2000
105 315 299 490 0 2000
356 150 27 190 0 2000
11 29 95 304 0 2000
83 286 435 269 0 2000
4 22 3 394 0 2000
364 397 408 64 0 2000
107 267 267 53 0 2000
22 135 210 313 0 2000
18 12 170 229 0 2000
124 134 304 325 0 2000
19 4 177 222 0 2000
340 40 311 377 0 2000
401 330 64 289 0 2000
10 23 274 125 0 2000
379 379 417 43 0 2000
429 41 111 99 0 2000
352 52 343 421 0 2000
281 319 469 138 0 2000
253 139 317 441 0 2000
12 14 370 29 0 2000
9 9 181 214 0 2000
6 17 370 29 0 2000
163 97 59 356 0 2000
12 9 68 331 0 2000
307 375 88 218 0 2000
314 483 153 268 0 2000
408 325 268 91 0 2000
27 1 135 264 0 2000
24 16 49 350 0 2000
178 414 397 260 0 2000
19 3 122 277 0 2000
8 17 270 129 0 2000
165 255 442 158 0 2000
21 15 220 179 0 2000
272 137 317 466 0 2000
426 342 137 258 0 2000
177 21 401 160 0 2000
17 9 336 63 0 2000
406 470 166 339 0 2000
141 288 421 190 0 2000
183 2 51 244 0 2000
200 136 487 54 0 2000
365 479 386 124 0 2000
3 375 65 59 0 2000
33 37 136 307 0 2000
239 192 169 493 0 2000
22 255 266 377 0 2000
396 174 225 380 0 2000
355 84 383 432 0 2000
1 32 167 232 0 2000
280 109 440 320 0 2000
396 28 243 238 0 2000
23 2 309 90 0 2000
12 11 147 252 0 2000
381 449 253 204 0 2000
171 258 335 463 0 2000
234 310 406 109 0 2000
280 83 494 232 0 2000
171 225 307 463 0 2000
283 88 453 284 0 2000
389 46 415 383 0 2000
13 13 161 238 0 2000
244 198 469 350 0 2000
248 154 404 374 0 2000
281 287 183 22 0 2000
469 326 127 302 0 2000
241 162 138 430 0 2000
162 149 10 371 0 2000
63 418 437 420 0 2000
261 426 368 157 0 2000
233 184 366 428 0 2000
425 303 65 314 0 2000
245 41 475 174 0 2000
8 42 14 405 0 2000
188 234 465 333 0 2000
168 232 425 353 0 2000
4 36 125 274 0 2000
20 3 45 354 0 2000
111 312 305 477 0 2000
149 436 102 112 0 2000
178 433 258 144 0 2000
273 40 293 393 0 2000
493 180 375 436 0 2000
176 378 252 81 0 2000
74 351 226 130 0 2000
301 118 343 449 0 2000
40 48 351 100 0 2000
402 374 110 307 0 2000
160 275 491 243 0 2000
11 10 283 116 0 2000
18 3 140 259 0 2000
200 35 157 361 0 2000
286 484 49 362 0 2000
3 27 136 263 0 2000
405 347 161 476 0 2000
44 359 320 258 0 2000
190 50 393 218 0 2000
207 215 425 57 0 2000
296 417 52 285 0 2000
472 365 214 481 0 2000
12 13 253 146 0 2000
8 18 374 25 0 2000
19 7 137 262 0 2000
0 21 83 316 0 2000
395 352 284 85 0 2000
18 12 273 126 0 2000
4 17 317 82 0 2000
426 332 287 112 0 2000
22 11 358 41 0 2000
397 321 292 48 0 2000
301 459 32 354 0 2000
298 471 425 225 0 2000
11 11 148 251 0 2000
38 59 374 21 0 2000
22 325 263 195 0 2000
302 81 203 345 0 2000
118 146 72 477 0 2000
47 247 331 337 0 2000
329 96 80 220 0 2000
107 310 267 101 0 2000
264 109 484 262 0 2000
16 17 104 295 0 2000
86 466 360 366 0 2000
339 150 470 385 0 2000
263 95 43 253 0 2000
239 333 487 222 0 2000
16 10 2 369 0 2000
21 4 263 136 0 2000
389 15 91 95 0 2000
348 417 104 283 0 2000
113 272 326 433 0 2000
94 156 155 471 0 2000
184 225 358 30 0 2000
265 79 281 437 0 2000
10 23 113 286 0 2000
489 156 144 128 0 2000
413 423 457 94 0 2000
121 107 122 475 0 2000
330 363 12 419 0 2000
247 477 372 225 0 2000
99 321 432 362 0 2000
23 3 174 225 0 2000
320 252 97 102 0 2000
296 83 374 382 0 2000
213 161 291 457 0 2000
4 26 90 309 0 2000
80 355 245 142 0 2000
2 31 272 127 0 2000
304 120 92 282 0 2000
316 285 485 95 0 2000
220 477 421 312 0 2000
28 323 256 468 0 2000
32 4 105 294 0 2000
51 475 325 390 0 2000
74 355 281 188 0 2000
243 176 419 363 0 2000
215 420 452 284 0 2000
409 349 170 469 0 2000
59 363 234 162 0 2000
205 166 452 285 0 2000
394 393 83 448 0 2000
407 337 192 181 0 2000
421 197 68 220 0 2000
376 43 24 22 0 2000
172 260 452 174 0 2000
96 316 188 30 0 2000
29 161 94 469 0 2000
9 17 379 20 0 2000
375 31 451 333 0 2000
292 132 396 402 0 2000
240 482 284 155 0 2000
154 152 464 99 0 2000
400 361 179 216 0 2000
337 130 79 241 0 2000
395 334 173 178 0 2000
478 291 235 158 0 2000
386 300 288 39 0 2000
4 17 105 294 0 2000
144 410 373 261 0 2000
474 273 307 484 0 2000
165 124 123 459 0 2000
232 135 148 414 0 2000
322 59 269 377 0 2000
344 13 183 225 0 2000
320 101 487 311 0 2000
113 68 198 346 0 2000
121 275 331 111 0 2000
454 322 313 86 0 2000
277 144 15 29 0 2000
18 8 8 371 0 2000
104 282 359 398 0 2000
16 12 358 41 0 2000
35 5 381 18 0 2000
302 459 371 152 0 2000
319 439 32 355 0 2000
267 145 484 302 0 2000
53 372 404 380 0 2000
435 12 217 168 0 2000
424 344 259 132 0 2000
189 71 366 253 0 2000
30 461 121 183 0 2000
169 187 345 388 0 2000
233 137 63 326 0 2000
381 446 213 245 0 2000
3 37 333 8 0 2000
286 80 250 410 0 2000
298 175 1 109 0 2000
340 22 264 324 0 2000
314 48 27 134 0 2000
475 311 269 144 0 2000
3 25 4 395 0 2000
282 54 42 177 0 2000
276 246 409 10 0 2000
152 226 435 321 0 2000
329 107 214 361 0 2000
146 288 74 1 0 2000
336 441 328 72 0 2000
313 60 91 211 0 2000
203 27 308 291 0 2000
458 261 177 354 0 2000
112 221 345 88 0 2000
24 127 315 212 0 2000
370 82 264 352 0 2000
12 13 348 51 0 2000
239 200 334 474 0 2000
289 444 269 86 0 2000
184 464 307 210 0 2000
27 13 203 196 0 2000
195 168 416 310 0 2000
65 215 392 183 0 2000
24 9 53 346 0 2000
0 33 43 356 0 2000
25 15 157 242 0 2000
15 8 296 103 0 2000
102 446 302 275 0 2000
160 264 298 28 0 2000
33 151 225 332 0 2000
255 116 137 369 0 2000
167 73 75 354 0 2000
4 331 105 73 0 2000
224 185 314 468 0 2000
334 454 278 151 0 2000
474 319 336 88 0 2000
94 301 356 410 0 2000
347 85 71 175 0 2000
146 275 344 454 0 2000
349 30 413 337 0 2000
196 192 270 484 0 2000
5 23 265 134 0 2000
363 29 356 391 0 2000
144 18 297 242 0 2000
303 129 89 281 0 2000
315 305 29 393 0 2000
82 29 133 356 0 2000
313 110 89 245 0 2000
174 47 391 206 0 2000
3 19 174 225 0 2000
416 482 305 220 0 2000
71 294 366 362 0 2000
321 79 23 159 0 2000
407 58 144 166 0 2000
149 184 443 266 0 2000
468 409 420 91 0 2000
125 155 386 265 0 2000
320 58 28 140 0 2000
299 75 137 287 0 2000
438 389 73 376 0 2000
2 38 184 215 0 2000
223 130 66 347 0 2000
2 19 64 335 0 2000
146 475 330 285 0 2000
17 11 72 327 0 2000
8 22 360 5 0 2000
92 260 238 491 0 2000
198 289 495 212 0 2000
28 254 402 258 0 2000
423 402 433 35 0 2000
9 31 306 93 0 2000
292 101 443 327 0 2000
309 461 166 235 0 2000
31 9 361 38 0 2000
283 481 272 129 0 2000
289 469 51 348 0 2000
1 35 202 197 0 2000
17 6 59 340 0 2000
12 16 139 260 0 2000
1 24 87 312 0 2000
124 445 394 339 0 2000
226 156 460 300 0 2000
328 261 56 164 0 2000
367 7 15 29 0 2000
124 331 1 85 0 2000
227 379 434 208 0 2000
51 249 368 295 0 2000
1 16 77 306 0 2000
379 89 114 195 0 2000
351 337 9 369 0 2000
111 361 85 10 0 2000
9 21 81 318 0 2000
242 206 399 418 0 2000
72 126 231 338 0 2000
135 461 129 104 0 2000
237 135 47 311 0 2000
196 12 348 233 0 2000
214 393 245 61 0 2000
143 199 308 405 0 2000
6 22 328 71 0 2000
134 374 361 223 0 2000
164 38 80 323 0 2000
242 169 4 302 0 2000
180 240 478 160 0 2000
22 4 286 113 0 2000
60 360 404 326 0 2000
290 90 144 320 0 2000
243 23 161 315 0 2000
162 211 39 461 0 2000
10 16 114 285 0 2000
232 174 451 331 0 2000
6 386 41 43 0 2000
409 92 296 350 0 2000
45 344 397 365 0 2000
55 172 140 460 0 2000
301 242 89 393 0 2000
5 21 84 315 0 2000
428 164 119 104 0 2000
64 399 381 357 0 2000
21 4 353 46 0 2000
26 171 331 244 0 2000
275 150 112 360 0 2000
11 245 232 89 0 2000
456 47 353 307 0 2000
176 25 181 394 0 2000
178 234 472 314 0 2000
369 331 106 441 0 2000
456 193 306 412 0 2000
236 81 174 390 0 2000
388 389 158 253 0 2000
248 121 472 266 0 2000
303 92 173 333 0 2000
12 9 344 55 0 2000
372 431 409 95 0 2000
50 213 340 299 0 2000
351 147 174 341 0 2000
172 360 232 46 0 2000
388 277 24 263 0 2000
200 201 422 350 0 2000
357 374 209 146 0 2000
150 155 476 205 0 2000
29 1 183 216 0 2000
295 65 498 240 0 2000
7 26 141 258 0 2000
311 118 27 193 0 2000
307 352 254 27 0 2000
86 326 429 360 0 2000
13 368 342 408 0 2000
24 240 297 154 0 2000
411 363 63 374 0 2000
10 26 324 75 0 2000
78 22 123 348 0 2000
3 25 24 375 0 2000
298 67 45 177 0 2000
375 302 112 410 0 2000
323 338 295 7 0 2000
3 410 0 40 0 2000
329 499 151 299 0 2000
88 121 329 257 0 2000
80 146 302 297 0 2000
54 389 203 169 0 2000
13 15 178 221 0 2000
444 320 359 42 0 2000
322 431 319 56 0 2000
84 299 281 473 0 2000
14 9 131 268 0 2000
12 11 246 153 0 2000
56 21 429 18 0 2000
60 326 278 482 0 2000
466 305 377 18 0 2000
16 14 336 63 0 2000
46 298 407 283 0 2000
202 37 243 374 0 2000
88 390 171 107 0 2000
272 446 20 339 0 2000
14 375 300 295 0 2000
305 126 49 241 0 2000
343 14 52 92 0 2000
393 346 222 148 0 2000
360 177 14 205 0 2000
179 256 421 377 0 2000
135 342 84 34 0 2000
4 29 79 320 0 2000
212 210 383 5 0 2000
2 34 346 15 0 2000
10 212 228 61 0 2000
370 462 178 295 0 2000
114 75 119 446 0 2000
184 328 437 434 0 2000
8 13 71 328 0 2000
14 9 33 366 0 2000
68 365 28 42 0 2000
339 77 335 447 0 2000
313 57 354 382 0 2000
2 21 12 387 0 2000
298 64 46 189 0 2000
18 3 245 154 0 2000
12 13 267 132 0 2000
185 437 448 334 0 2000
170 382 473 457 0 2000
2 26 361 38 0 2000
423 287 142 369 0 2000
74 343 373 271 0 2000
218 201 468 325 0 2000
297 439 258 119 0 2000
180 239 467 167 0 2000
69 294 349 211 0 2000
84 39 304 195 0 2000
210 98 105 352 0 2000
311 434 114 265 0 2000
357 459 202 248 0 2000
6 19 235 164 0 2000
89 22 40 350 0 2000
374 422 141 284 0 2000
389 108 234 319 0 2000
138 294 369 440 0 2000
205 360 441 222 0 2000
304 112 334 460 0 2000
115 236 459 211 0 2000
351 485 70 397 0 2000
136 233 399 127 0 2000
287 476 129 258 0 2000
18 15 382 13 0 2000
301 248 93 409 0 2000
429 61 346 351 0 2000
191 178 386 10 0 2000
453 131 251 306 0 2000
471 171 408 479 0 2000
19 314 316 394 0 2000
145 404 170 55 0 2000
0 21 332 67 0 2000
355 60 57 131 0 2000
376 56 72 123 0 2000
23 7 119 280 0 2000
216 129 483 235 0 2000
310 81 235 383 0 2000
210 167 413 341 0 2000
6 34 99 300 0 2000
66 188 255 4 0 2000
396 312 100 375 0 2000
150 224 497 197 0 2000
201 175 126 476 0 2000
329 78 90 212 0 2000
23 17 110 289 0 2000
161 393 459 469 0 2000
25 8 313 86 0 2000
206 169 435 309 0 2000
78 251 392 202 0 2000
407 315 216 133 0 2000
300 103 44 218 0 2000
16 7 324 75 0 2000
8 358 357 341 0 2000
337 88 66 190 0 2000
227 241 355 0 0 2000
477 245 219 127 0 2000
393 206 299 481 0 2000
283 57 64 216 0 2000
462 292 139 328 0 2000
342 370 53 300 0 2000
443 383 483 54 0 2000
22 1 138 261 0 2000
233 176 429 353 0 2000
49 13 188 237 0 2000
166 207 428 96 0 2000
428 184 373 492 0 2000
286 218 414 459 0 2000
17 11 177 228 0 2000
6 17 119 280 0 2000
232 116 456 265 0 2000
456 227 127 274 0 2000
279 106 57 260 0 2000
14 22 196 203 0 2000
386 202 496 451 0 2000
20 6 133 266 0 2000
259 221 480 376 0 2000
181 241 493 305 0 2000
427 371 314 115 0 2000
15 6 1 370 0 2000
138 461 429 386 0 2000
240 280 395 58 0 2000
278 143 199 441 0 2000
317 457 118 293 0 2000
409 370 420 3 0 2000
204 255 492 169 0 2000
406 0 406 378 0 2000
270 106 165 377 0 2000
295 415 182 165 0 2000
190 199 490 121 0 2000
23 5 344 55 0 2000
222 72 54 275 0 2000
3 19 212 187 0 2000
68 265 242 62 0 2000
392 30 145 159 0 2000
413 372 298 118 0 2000
1 25 59 340 0 2000
163 325 281 66 0 2000
442 399 353 117 0 2000
18 18 361 48 0 2000
311 420 334 70 0 2000
315 157 415 423 0 2000
312 127 166 340 0 2000
284 338 57 194 0 2000
160 236 389 385 0 2000
118 343 240 106 0 2000
136 18 487 10 0 2000
407 404 185 248 0 2000
68 316 336 206 0 2000
417 345 487 42 0 2000
368 74 494 314 0 2000
134 348 38 73 0 2000
247 416 317 110 0 2000
222 360 10 213 0 2000
23 10 80 319 0 2000
386 16 85 93 0 2000
81 246 342 141 0 2000
18 3 38 361 0 2000
267 40 395 285 0 2000
146 238 482 198 0 2000
249 136 283 473 0 2000
31 5 281 118 0 2000
190 61 472 153 0 2000
341 100 300 437 0 2000
29 214 137 480 0 2000
228 65 109 320 0 2000
15 7 261 138 0 2000
454 267 113 304 0 2000
411 301 315 34 0 2000
15 18 150 249 0 2000
10 30 76 323 0 2000
114 259 396 168 0 2000
22 4 74 325 0 2000
182 191 2 374 0 2000
14 9 202 197 0 2000
1 24 198 201 0 2000
333 334 461 86 0 2000
17 13 307 92 0 2000
322 74 450 319 0 2000
152 234 325 439 0 2000
185 371 36 142 0 2000
79 389 43 47 0 2000
20 20 185 214 0 2000
69 347 275 187 0 2000
482 393 344 168 0 2000
318 213 106 375 0 2000
475 44 361 296 0 2000
61 217 296 355 0 2000
200 178 469 69 0 2000
314 451 102 297 0 2000
164 43 227 339 0 2000
311 485 481 282 0 2000
187 163 318 409 0 2000
149 232 437 143 0 2000
61 88 59 462 0 2000
312 429 97 273 0 2000
322 405 47 314 0 2000
259 183 202 495 0 2000
245 481 407 274 0 2000
179 403 249 96 0 2000
331 444 46 358 0 2000
1 27 331 68 0 2000
12 18 302 97 0 2000
352 145 120 291 0 2000
189 222 83 485 0 2000
13 9 164 235 0 2000
13 9 102 297 0 2000
20 127 352 96 0 2000
15 13 105 294 0 2000
146 198 455 248 0 2000
98 313 428 272 0 2000
104 273 320 118 0 2000
14 9 222 177 0 2000
267 92 169 353 0 2000
104 192 350 69 0 2000
478 231 179 310 0 2000
29 7 49 350 0 2000
270 415 11 308 0 2000
17 8 26 373 0 2000
266 281 66 115 0 2000
302 92 72 228 0 2000
24 9 148 251 0 2000
480 240 222 129 0 2000
368 34 304 346 0 2000
87 226 278 44 0 2000
451 89 403 404 0 2000
17 67 291 166 0 2000
363 41 314 366 0 2000
438 169 243 347 0 2000
16 6 163 236 0 2000
18 22 136 263 0 2000
370 436 148 295 0 2000
336 315 16 266 0 2000
410 17 152 130 0 2000
60 346 409 368 0 2000
14 9 354 45 0 2000
412 282 127 375 0 2000
16 6 267 132 0 2000
370 373 158 209 0 2000
466 22 496 369 0 2000
403 123 271 365 0 2000
367 34 144 180 0 2000
284 489 362 189 0 2000
85 387 308 251 0 2000
154 403 411 289 0 2000
8 20 96 303 0 2000
190 215 468 122 0 2000
401 378 66 421 0 2000
206 215 467 331 0 2000
57 20 219 221 0 2000
240 179 324 466 0 2000
1 22 376 21 0 2000
273 156 301 497 0 2000
388 388 234 179 0 2000
110 300 384 215 0 2000
170 207 388 366 0 2000
301 93 294 460 0 2000
38 2 336 63 0 2000
126 237 457 269 0 2000
129 272 431 197 0 2000
10 16 34 365 0 2000
19 6 385 14 0 2000
112 99 52 405 0 2000
41 219 333 148 0 2000
286 184 97 364 0 2000
349 414 129 268 0 2000
4 181 313 127 0 2000
2 34 331 68 0 2000
483 173 260 327 0 2000
317 96 244 386 0 2000
22 23 123 300 0 2000
214 148 189 496 0 2000
169 204 316 430 0 2000
330 105 206 344 0 2000
387 40 489 309 0 2000
87 119 154 421 0 2000
24 6 235 164 0 2000
349 47 124 195 0 2000
307 108 444 334 0 2000
344 440 285 122 0 2000
359 462 364 101 0 2000
27 3 88 311 0 2000
326 110 329 466 0 2000
296 141 187 410 0 2000
447 360 204 234 0 2000
173 202 457 289 0 2000
454 236 86 235 0 2000
2 19 219 180 0 2000
199 235 323 477 0 2000
449 69 126 19 0 2000
257 55 87 262 0 2000
14 76 295 172 0 2000
258 169 423 378 0 2000
226 262 33 86 0 2000
414 185 310 447 0 2000
246 190 51 8 0 2000
45 368 258 207 0 2000
19 9 302 97 0 2000
23 29 173 252 0 2000
7 23 94 305 0 2000
129 171 385 278 0 2000
139 40 193 352 0 2000
176 36 216 355 0 2000
81 329 302 172 0 2000
308 297 471 84 0 2000
50 328 232 134 0 2000
22 1 316 83 0 2000
269 140 346 440 0 2000
88 333 296 168 0 2000
2 53 285 148 0 2000
375 406 150 268 0 2000
441 73 318 323 0 2000
111 162 250 389 0 2000
79 341 203 91 0 2000
264 448 145 208 0 2000
151 269 319 479 0 2000
89 328 288 156 0 2000
274 206 48 69 0 2000
350 18 363 383 0 2000
105 257 439 289 0 2000
1 29 68 331 0 2000
287 374 89 198 0 2000
148 279 49 19 0 2000
320 470 19 412 0 2000
34 2 172 227 0 2000
261 446 230 101 0 2000
36 194 245 26 0 2000
468 262 344 9 0 2000
257 121 217 459 0 2000
14 12 346 53 0 2000
280 348 407 104 0 2000
268 56 217 368 0 2000
421 220 211 379 0 2000
451 137 308 357 0 2000
22 57 285 170 0 2000
342 38 216 278 0 2000
222 47 211 412 0 2000
134 263 241 4 0 2000
222 154 484 268 0 2000
296 139 92 298 0 2000
452 310 363 26 0 2000
326 174 230 441 0 2000
2 31 280 119 0 2000
197 422 211 58 0 2000
52 383 274 242 0 2000
401 330 57 360 0 2000
451 265 241 106 0 2000
28 8 209 190 0 2000
345 301 187 90 0 2000
2 28 24 375 0 2000
111 265 388 364 0 2000
425 338 78 367 0 2000
468 75 397 367 0 2000
20 1 283 116 0 2000
208 163 72 398 0 2000
61 370 245 191 0 2000
252 356 165 72 0 2000
20 1 146 253 0 2000
297 79 256 414 0 2000
200 211 404 376 0 2000
258 95 312 400 0 2000
35 5 359 40 0 2000
11 12 95 304 0 2000
48 54 252 209 0 2000
62 134 235 334 0 2000
362 431 142 285 0 2000
197 75 145 396 0 2000
465 343 255 496 0 2000
351 36 192 254 0 2000
287 446 366 156 0 2000
11 15 157 242 0 2000
12 13 270 129 0 2000
10 12 316 83 0 2000
348 52 111 191 0 2000
5 31 28 371 0 2000
55 322 404 350 0 2000
21 5 160 239 0 2000
295 13 2 97 0 2000
323 60 8 122 0 2000
22 11 209 190 0 2000
23 13 257 142 0 2000
329 439 31 374 0 2000
5 20 242 157 0 2000
466 275 260 443 0 2000
477 144 268 301 0 2000
120 205 2 456 0 2000
2 23 361 8 0 2000
137 176 248 436 0 2000
265 106 282 458 0 2000
24 360 397 361 0 2000
28 8 61 338 0 2000
17 28 274 147 0 2000
35 310 312 214 0 2000
148 248 341 68 0 2000
16 5 382 17 0 2000
3 18 41 358 0 2000
125 259 494 268 0 2000
23 7 8 361 0 2000
82 308 179 32 0 2000
5 364 18 8 0 2000
467 197 381 470 0 2000
57 362 163 97 0 2000
443 35 142 93 0 2000
11 10 130 269 0 2000
26 31 212 211 0 2000
247 316 5 450 0 2000
483 280 158 333 0 2000
193 236 461 135 0 2000
95 330 286 148 0 2000
296 144 109 320 0 2000
89 242 351 339 0 2000
7 14 119 280 0 2000
203 416 415 251 0 2000
233 142 371 363 0 2000
364 27 455 305 0 2000
239 261 93 29 0 2000
42 174 139 448 0 2000
199 114 317 374 0 2000
141 76 174 421 0 2000
144 223 383 358 0 2000
170 165 278 423 0 2000
173 262 397 401 0 2000
13 13 303 96 0 2000
71 109 228 315 0 2000
298 66 45 186 0 2000
1 32 322 77 0 2000
406 214 65 179 0 2000
17 8 38 361 0 2000
407 317 478 12 0 2000
66 70 347 166 0 2000
103 174 365 271 0 2000
451 325 149 264 0 2000
29 11 331 68 0 2000
245 40 363 298 0 2000
132 172 341 22 0 2000
73 320 222 96 0 2000
12 13 306 93 0 2000
264 153 290 490 0 2000
1 24 17 382 0 2000
353 19 3 6 0 2000
18 8 51 348 0 2000
410 377 469 60 0 2000
230 244 52 443 0 2000
310 411 331 59 0 2000
279 142 426 354 0 2000
279 225 127 8 0 2000
5 21 172 227 0 2000
19 6 376 23 0 2000
87 430 412 468 0 2000
432 127 99 84 0 2000
105 104 171 414 0 2000
14 9 268 131 0 2000
0 21 86 313 0 2000
406 105 120 195 0 2000
445 77 496 395 0 2000
48 194 380 149 0 2000
198 224 404 54 0 2000
378 268 92 181 0 2000
479 152 259 305 0 2000
270 423 205 115 0 2000
334 219 209 465 0 2000
313 222 44 316 0 2000
12 11 203 196 0 2000
363 67 277 340 0 2000
145 244 407 133 0 2000
427 46 378 370 0 2000
13 414 382 412 0 2000
155 441 339 256 0 2000
324 426 234 150 0 2000
291 115 56 254 0 2000
36 8 94 316 0 2000
180 186 288 444 0 2000
15 11 385 14 0 2000
139 465 359 322 0 2000
383 12 233 236 0 2000
258 370 369 112 0 2000
162 222 55 478 0 2000
20 16 339 60 0 2000
0 30 148 251 0 2000
359 466 45 414 0 2000
183 44 373 225 0 2000
193 408 155 83 0 2000
1 27 174 225 0 2000
31 203 353 240 0 2000
285 132 463 317 0 2000
5 16 270 129 0 2000
166 473 266 207 0 2000
6 15 52 347 0 2000
41 427 354 480 0 2000
187 141 349 356 0 2000
156 88 472 143 0 2000
13 10 207 192 0 2000
145 68 295 292 0 2000
420 479 145 376 0 2000
15 18 275 124 0 2000
20 20 178 221 0 2000
195 103 497 28 0 2000
295 314 120 123 0 2000
434 309 291 76 0 2000
11 446 138 214 0 2000
65 382 184 130 0 2000
124 264 445 216 0 2000
322 114 335 470 0 2000
2 23 224 175 0 2000
479 325 315 118 0 2000
46 342 314 232 0 2000
317 251 157 34 0 2000
20 3 130 269 0 2000
185 188 273 473 0 2000
133 272 24 3 0 2000
380 118 188 302 0 2000
421 303 77 318 0 2000
306 71 335 419 0 2000
129 277 27 5 0 2000
36 17 302 129 0 2000
376 32 118 148 0 2000
39 324 351 375 0 2000
220 162 128 448 0 2000
343 415 364 59 0 2000
101 320 416 266 0 2000
361 61 206 282 0 2000
296 75 491 251 0 2000
6 19 185 214 0 2000
47 430 207 219 0 2000
423 306 179 174 0 2000
236 181 10 30 0 2000
361 468 135 331 0 2000
30 130 380 111 0 2000
162 389 414 275 0 2000
345 413 144 237 0 2000
282 468 140 244 0 2000
9 14 24 375 0 2000
161 229 445 321 0 2000
71 303 147 5 0 2000
339 27 60 107 0 2000
450 310 302 84 0 2000
333 86 360 425 0 2000
8 14 75 324 0 2000
355 26 148 182 0 2000
249 430 441 246 0 2000
376 401 86 313 0 2000
477 279 108 281 0 2000
392 340 101 422 0 2000
47 365 204 146 0 2000
149 220 266 476 0 2000
489 413 402 124 0 2000
15 15 214 185 0 2000
339 336 176 122 0 2000
25 5 45 354 0 2000
471 27 145 64 0 2000
9 17 211 188 0 2000
179 202 366 386 0 2000
468 297 334 65 0 2000
313 135 262 443 0 2000
373 34 36 70 0 2000
318 432 72 307 0 2000
20 8 77 322 0 2000
466 440 220 317 0 2000
141 213 283 448 0 2000
312 182 445 422 0 2000
19 7 295 104 0 2000
328 468 435 212 0 2000
17 4 187 212 0 2000
280 424 359 144 0 2000
5 397 255 271 0 2000
214 196 88 436 0 2000
418 105 262 315 0 2000
19 17 300 99 0 2000
25 1 80 319 0 2000
258 163 330 454 0 2000
172 210 494 262 0 2000
14 9 66 333 0 2000
16 5 168 231 0 2000
3 18 203 196 0 2000
451 324 178 427 0 2000
282 96 49 241 0 2000
278 88 108 277 0 2000
333 36 93 155 0 2000
356 76 91 177 0 2000
218 186 418 362 0 2000
108 402 108 39 0 2000
173 247 344 42 0 2000
62 163 128 471 0 2000
277 152 364 442 0 2000
423 313 139 238 0 2000
5 28 46 353 0 2000
48 152 289 24 0 2000
304 466 306 97 0 2000
6 17 196 203 0 2000
23 10 71 328 0 2000
266 428 284 73 0 2000
369 393 41 344 0 2000
13 17 168 231 0 2000
0 368 17 9 0 2000
80 315 171 47 0 2000
19 6 210 189 0 2000
23 2 186 213 0 2000
4 24 348 51 0 2000
197 175 452 59 0 2000
4 22 212 187 0 2000
441 58 181 157 0 2000
70 165 226 385 0 2000
32 8 253 146 0 2000
200 222 486 132 0 2000
235 225 440 71 0 2000
27 1 370 29 0 2000
276 93 315 432 0 2000
21 12 166 233 0 2000
36 323 84 12 0 2000
203 146 43 355 0 2000
372 350 317 28 0 2000
244 88 210 428 0 2000
23 3 309 90 0 2000
7 18 82 317 0 2000
88 313 24 1 0 2000
345 450 186 243 0 2000
20 2 170 229 0 2000
11 10 96 303 0 2000
8 18 43 356 0 2000
15 7 258 141 0 2000
4 18 170 229 0 2000
46 261 314 156 0 2000
17 23 288 111 0 2000
126 406 417 324 0 2000
439 284 119 230 0 2000
499 289 130 293 0 2000
205 109 453 232 0 2000
18 7 238 161 0 2000
440 315 354 35 0 2000
202 301 313 38 0 2000
19 11 218 181 0 2000
462 315 250 149 0 2000
12 14 147 252 0 2000
251 127 167 417 0 2000
225 95 229 464 0 2000
435 335 283 116 0 2000
317 177 391 474 0 2000
353 72 191 283 0 2000
20 20 112 287 0 2000
14 8 285 114 0 2000
6 22 276 123 0 2000
156 221 430 324 0 2000
102 334 302 157 0 2000
389 149 49 168 0 2000
242 129 15 278 0 2000
29 4 37 362 0 2000
25 259 313 178 0 2000
76 261 305 131 0 2000
341 158 93 281 0 2000
240 371 349 117 0 2000
10 26 282 117 0 2000
243 460 91 249 0 2000
35 279 157 24 0 2000
335 28 325 381 0 2000
154 266 462 336 0 2000
39 64 247 232 0 2000
15 10 60 339 0 2000
76 346 146 50 0 2000
95 345 204 76 0 2000
313 483 402 201 0 2000
30 272 357 226 0 2000
14 8 156 243 0 2000
14 8 176 223 0 2000
334 300 256 15 0 2000
112 106 61 426 0 2000
421 190 101 247 0 2000
463 257 143 206 0 2000
31 2 329 70 0 2000
232 143 4 0 0 2000
160 184 91 493 0 2000
405 53 213 237 0 2000
20 6 380 19 0 2000
157 211 284 450 0 2000
291 132 10 224 0 2000
6 401 31 67 0 2000
357 421 499 186 0 2000
30 6 369 30 0 2000
7 29 42 357 0 2000
2 20 72 327 0 2000
480 284 209 384 0 2000
105 461 179 159 0 2000
412 305 232 119 0 2000
11 25 203 196 0 2000
223 375 189 46 0 2000
13 10 323 76 0 2000
334 47 158 244 0 2000
488 338 262 193 0 2000
17 483 104 193 0 2000
8 14 294 105 0 2000
32 385 70 54 0 2000
16 14 130 269 0 2000
292 82 481 259 0 2000
40 342 313 241 0 2000
4 29 32 367 0 2000
297 476 132 267 0 2000
18 3 341 58 0 2000
131 30 138 389 0 2000
194 297 494 368 0 2000
10 16 76 323 0 2000
28 8 218 181 0 2000
30 480 370 457 0 2000
386 307 250 77 0 2000
18 5 80 319 0 2000
51 374 245 195 0 2000
160 272 485 316 0 2000
187 251 458 357 0 2000
3 22 309 90 0 2000
9 21 184 215 0 2000
68 364 153 83 0 2000
154 105 385 250 0 2000
281 281 54 432 0 2000
221 109 454 247 0 2000
323 1 360 330 0 2000
256 107 258 468 0 2000
21 12 384 9 0 2000
349 40 57 125 0 2000
46 235 172 475 0 2000
28 2 118 281 0 2000
168 247 371 407 0 2000
312 215 50 118 0 2000
9 13 271 128 0 2000
2 24 205 194 0 2000
483 348 246 477 0 2000
449 467 387 160 0 2000
217 208 35 17 0 2000
179 174 252 470 0 2000
445 446 169 351 0 2000
80 352 310 488 0 2000
330 26 57 129 0 2000
238 179 2 42 0 2000
298 90 88 246 0 2000
103 347 382 446 0 2000
351 54 6 26 0 2000
170 468 372 299 0 2000
453 233 171 156 0 2000
1 25 102 297 0 2000
346 364 3 348 0 2000
350 44 278 345 0 2000
81 347 257 152 0 2000
490 298 260 165 0 2000
407 301 162 429 0 2000
285 447 214 147 0 2000
10 20 25 374 0 2000
51 364 248 198 0 2000
194 255 472 160 0 2000
294 123 97 299 0 2000
88 168 143 490 0 2000
119 328 254 104 0 2000
25 3 157 242 0 2000
371 396 467 118 0 2000
416 361 173 496 0 2000
18 4 135 264 0 2000
159 71 478 19 0 2000
253 75 53 238 0 2000
23 3 311 88 0 2000
389 24 172 181 0 2000
57 129 419 114 0 2000
377 182 294 472 0 2000
224 151 417 329 0 2000
79 191 360 281 0 2000
333 70 219 329 0 2000
22 8 377 22 0 2000
3 37 240 159 0 2000
250 128 477 279 0 2000
284 489 434 265 0 2000
448 313 316 67 0 2000
488 5 454 337 0 2000
381 211 227 423 0 2000
34 272 233 108 0 2000
203 168 89 425 0 2000
10 16 227 172 0 2000
343 343 148 175 0 2000
260 342 371 90 0 2000
326 209 94 348 0 2000
71 32 27 364 0 2000
71 478 293 331 0 2000
423 436 230 266 0 2000
16 380 291 289 0 2000
160 410 331 208 0 2000
150 262 368 106 0 2000
15 10 225 174 0 2000
310 86 461 309 0 2000
16 9 104 295 0 2000
31 5 260 139 0 2000
227 242 492 129 0 2000
235 181 163 483 0 2000
113 316 345 453 0 2000
13 9 165 234 0 2000
87 36 106 376 0 2000
326 97 318 452 0 2000
176 200 274 461 0 2000
67 307 384 364 0 2000
195 14 373 214 0 2000
440 13 201 145 0 2000
16 12 180 219 0 2000
357 36 130 172 0 2000
320 101 80 237 0 2000
303 347 101 176 0 2000
452 145 277 346 0 2000
444 200 215 345 0 2000
441 64 236 218 0 2000
1 20 213 186 0 2000
1 20 201 198 0 2000
132 303 390 198 0 2000
111 325 339 474 0 2000
303 92 209 375 0 2000
36 377 144 108 0 2000
377 348 161 186 0 2000
425 364 211 204 0 2000
486 295 370 52 0 2000
454 300 278 107 0 2000
319 302 33 212 0 2000
28 5 143 256 0 2000
198 493 363 282 0 2000
281 126 338 442 0 2000
176 283 455 199 0 2000
63 214 279 54 0 2000
29 1 253 146 0 2000
399 224 104 288 0 2000
425 116 247 315 0 2000
68 21 316 151 0 2000
72 325 129 11 0 2000
378 25 98 122 0 2000
279 118 489 277 0 2000
497 255 340 43 0 2000
120 286 333 447 0 2000
193 87 180 437 0 2000
87 204 421 175 0 2000
477 28 454 381 0 2000
326 489 211 230 0 2000
135 230 264 0 0 2000
260 468 408 243 0 2000
39 248 393 224 0 2000
93 141 257 355 0 2000
284 461 50 321 0 2000
51 342 425 339 0 2000
98 194 215 440 0 2000
406 412 179 262 0 2000
90 279 303 429 0 2000
365 52 464 331 0 2000
20 16 160 239 0 2000
197 3 10 187 0 2000
6 19 253 146 0 2000
9 24 262 137 0 2000
18 7 266 133 0 2000
90 283 312 132 0 2000
12 16 142 257 0 2000
2 21 18 381 0 2000
24 29 77 350 0 2000
246 88 280 425 0 2000
309 343 428 93 0 2000
24 1 66 333 0 2000
162 63 106 370 0 2000
55 372 213 159 0 2000
119 244 388 338 0 2000
430 205 299 440 0 2000
5 17 312 87 0 2000
8 18 242 157 0 2000
30 10 43 356 0 2000
274 468 106 267 0 2000
85 288 226 56 0 2000
214 134 462 11 0 2000
470 300 337 62 0 2000
90 324 300 490 0 2000
460 383 404 62 0 2000
261 147 373 409 0 2000
7 15 352 47 0 2000
6 30 313 86 0 2000
349 345 179 142 0 2000
278 448 337 148 0 2000
21 321 97 23 0 2000
250 150 6 18 0 2000
35 184 368 222 0 2000
155 267 397 401 0 2000
17 5 163 236 0 2000
374 141 225 363 0 2000
402 63 465 376 0 2000
169 415 346 219 0 2000
139 240 371 385 0 2000
336 43 147 223 0 2000
15 7 121 278 0 2000
240 144 153 416 0 2000
149 288 359 135 0 2000
42 84 242 247 0 2000
487 463 372 202 0 2000
404 349 260 120 0 2000
432 279 298 39 0 2000
179 462 373 283 0 2000
166 347 114 25 0 2000
301 472 141 254 0 2000
19 2 291 108 0 2000
361 492 105 370 0 2000
352 369 220 135 0 2000
21 1 350 49 0 2000
6 16 138 261 0 2000
39 400 208 210 0 2000
350 493 181 293 0 2000
179 51 479 120 0 2000
471 435 309 228 0 2000
434 308 169 402 0 2000
428 329 497 24 0 2000
0 33 322 77 0 2000
7 18 355 44 0 2000
78 357 349 265 0 2000
8 14 252 147 0 2000
367 20 58 80 0 2000
468 437 419 112 0 2000
429 153 338 431 0 2000
158 247 472 184 0 2000
14 9 195 204 0 2000
450 305 148 244 0 2000
219 243 437 394 0 2000
241 490 82 275 0 2000
110 259 473 265 0 2000
353 85 486 330 0 2000
176 189 360 364 0 2000
12 10 237 162 0 2000
252 131 296 465 0 2000
13 17 281 118 0 2000
156 222 372 379 0 2000
11 10 202 197 0 2000
24 16 297 102 0 2000
166 390 250 101 0 2000
161 212 279 467 0 2000
254 464 137 210 0 2000
154 223 466 280 0 2000
180 239 353 443 0 2000
167 88 440 193 0 2000
24 22 229 194 0 2000
248 134 432 309 0 2000
144 69 318 261 0 2000
440 56 202 191 0 2000
377 18 230 230 0 2000
427 28 329 293 0 2000
0 23 338 61 0 2000
172 431 38 187 0 2000
177 197 404 344 0 2000
244 349 490 469 0 2000
446 309 123 258 0 2000
148 277 468 226 0 2000
462 258 213 130 0 2000
290 87 315 439 0 2000
8 28 68 331 0 2000
22 3 209 190 0 2000
303 122 33 21 0 2000
355 363 289 55 0 2000
307 52 12 135 0 2000
359 89 433 389 0 2000
401 36 260 254 0 2000
26 2 72 327 0 2000
337 22 186 230 0 2000
298 394 107 216 0 2000
8 20 183 216 0 2000
160 242 356 405 0 2000
442 390 249 220 0 2000
17 6 270 129 0 2000
354 450 415 152 0 2000
28 5 244 155 0 2000
185 269 489 207 0 2000
320 49 45 133 0 2000
391 31 149 165 0 2000
258 229 32 372 0 2000
264 452 197 146 0 2000
146 315 479 270 0 2000
16 9 355 44 0 2000
142 278 391 407 0 2000
153 483 300 261 0 2000
155 205 384 68 0 2000
7 33 124 275 0 2000
220 10 463 138 0 2000
373 399 314 89 0 2000
427 223 156 311 0 2000
176 241 328 452 0 2000
17 4 366 33 0 2000
445 304 154 217 0 2000
329 255 130 80 0 2000
24 2 277 122 0 2000
24 357 229 188 0 2000
410 118 75 79 0 2000
211 57 489 145 0 2000
404 404 180 257 0 2000
124 300 36 14 0 2000
49 330 269 484 0 2000
6 20 127 272 0 2000
35 199 302 295 0 2000
350 27 427 319 0 2000
228 204 46 400 0 2000
305 176 44 293 0 2000
189 211 16 397 0 2000
13 20 161 246 0 2000
1 27 149 250 0 2000
173 193 370 24 0 2000
359 83 478 330 0 2000
37 376 65 35 0 2000
25 351 335 285 0 2000
470 302 370 29 0 2000
19 11 119 280 0 2000
21 4 328 71 0 2000
432 340 131 412 0 2000
2 20 374 15 0 2000
356 90 244 354 0 2000
127 27 414 103 0 2000
355 349 55 412 0 2000
302 74 374 378 0 2000
41 277 208 473 0 2000
21 7 185 214 0 2000
437 243 226 91 0 2000
88 298 321 155 0 2000
85 376 447 392 0 2000
365 416 207 208 0 2000
2 24 249 150 0 2000
391 459 148 329 0 2000
51 236 280 87 0 2000
412 81 132 167 0 2000
462 75 352 328 0 2000
357 296 206 78 0 2000
201 163 364 378 0 2000
421 418 211 269 0 2000
118 307 308 488 0 2000
243 210 49 26 0 2000
13 15 316 83 0 2000
468 228 163 170 0 2000
9 19 146 253 0 2000
22 29 107 318 0 2000
267 78 428 291 0 2000
77 226 201 478 0 2000
186 197 314 443 0 2000
28 458 84 155 0 2000
164 172 442 257 0 2000
269 84 55 236 0 2000
116 35 334 183 0 2000
109 330 69 11 0 2000
5 25 78 321 0 2000
185 188 481 111 0 2000
89 265 446 281 0 2000
409 335 195 190 0 2000
17 349 212 178 0 2000
370 20 170 198 0 2000
19 11 63 336 0 2000
338 37 79 141 0 2000
7 202 281 102 0 2000
344 386 281 78 0 2000
0 18 299 92 0 2000
69 349 332 236 0 2000
104 317 342 450 0 2000
7 14 356 43 0 2000
31 343 200 134 0 2000
159 229 369 393 0 2000
73 335 210 98 0 2000
295 125 71 279 0 2000
2 26 300 99 0 2000
45 50 197 274 0 2000
2 19 28 371 0 2000
201 179 269 482 0 2000
20 3 139 260 0 2000
6 19 248 151 0 2000
7 21 264 135 0 2000
370 259 128 142 0 2000
355 359 209 129 0 2000
171 300 75 27 0 2000
199 236 426 385 0 2000
40 363 343 419 0 2000
373 267 195 465 0 2000
35 183 283 306 0 2000
29 4 295 104 0 2000
383 179 58 130 0 2000
355 399 70 308 0 2000
347 78 260 364 0 2000
59 330 297 468 0 2000
15 7 269 130 0 2000
279 94 470 276 0 2000
140 37 309 242 0 2000
24 496 58 154 0 2000
464 340 148 383 0 2000
476 212 362 472 0 2000
0 30 83 316 0 2000
457 375 370 103 0 2000
25 3 288 111 0 2000
179 483 499 426 0 2000
264 287 29 148 0 2000
436 332 371 28 0 2000
201 111 418 257 0 2000
375 42 447 333 0 2000
86 295 291 461 0 2000
349 437 179 238 0 2000
286 141 395 403 0 2000
480 200 127 224 0 2000
215 214 453 345 0 2000
3 33 143 256 0 2000
91 494 317 344 0 2000
190 48 397 219 0 2000
198 45 159 372 0 2000
434 395 220 246 0 2000
255 470 256 97 0 2000
484 174 378 427 0 2000
385 22 225 225 0 2000
158 383 404 260 0 2000
234 484 183 169 0 2000
380 416 207 216 0 2000
120 299 385 410 0 2000
428 143 400 492 0 2000
288 103 69 247 0 2000
83 71 277 246 0 2000
177 182 323 395 0 2000
87 262 367 355 0 2000
382 174 194 355 0 2000
4 21 116 283 0 2000
255 116 229 461 0 2000
316 134 305 496 0 2000
406 56 96 123 0 2000
205 491 48 279 0 2000
290 73 468 258 0 2000
121 329 268 103 0 2000
13 27 110 289 0 2000
380 386 17 392 0 2000
272 10 146 243 0 2000
31 388 130 116 0 2000
360 229 172 400 0 2000
76 341 305 193 0 2000
410 414 136 315 0 2000
287 124 14 222 0 2000
123 479 247 240 0 2000
5 18 252 147 0 2000
137 110 248 377 0 2000
430 170 87 147 0 2000
224 443 359 215 0 2000
124 173 383 280 0 2000
77 30 350 131 0 2000
320 112 463 335 0 2000
319 108 16 33 0 2000
11 236 121 485 0 2000
386 338 190 165 0 2000
21 12 65 334 0 2000
20 383 185 171 0 2000
187 409 141 77 0 2000
15 7 300 99 0 2000
308 73 448 307 0 2000
16 17 202 197 0 2000
6 16 0 387 0 2000
28 61 77 390 0 2000
52 357 227 159 0 2000
43 338 169 86 0 2000
277 277 444 479 0 2000
418 97 355 403 0 2000
344 164 201 380 0 2000
383 355 166 203 0 2000
262 290 90 477 0 2000
21 19 299 100 0 2000
241 113 137 368 0 2000
316 89 30 16 0 2000
249 140 30 298 0 2000
436 234 260 432 0 2000
16 6 234 165 0 2000
149 248 25 497 0 2000
299 122 275 475 0 2000
288 469 493 300 0 2000
200 184 433 51 0 2000
10 26 317 82 0 2000
93 278 378 192 0 2000
333 91 33 17 0 2000
325 364 6 307 0 2000
358 194 175 1 0 2000
84 321 179 47 0 2000
182 218 393 56 0 2000
39 1 363 36 0 2000
61 341 235 137 0 2000
255 194 93 409 0 2000
23 3 377 22 0 2000
345 14 388 330 0 2000
283 405 6 305 0 2000
372 327 158 163 0 2000
333 312 430 36 0 2000
343 2 201 236 0 2000
131 291 330 468 0 2000
486 257 311 458 0 2000
12 21 194 205 0 2000
497 247 185 308 0 2000
6 378 374 384 0 2000
362 474 278 184 0 2000
129 334 481 310 0 2000
43 48 111 354 0 2000
321 403 326 35 0 2000
443 380 319 130 0 2000
287 142 269 493 0 2000
312 42 79 178 0 2000
22 1 262 137 0 2000
472 267 190 351 0 2000
26 14 339 60 0 2000
330 64 177 285 0 2000
215 207 469 329 0 2000
139 420 402 324 0 2000
297 210 135 3 0 2000
409 15 426 372 0 2000
374 219 197 401 0 2000
141 272 489 247 0 2000
327 144 462 378 0 2000
210 18 467 134 0 2000
165 172 490 131 0 2000
352 376 318 47 0 2000
199 140 172 491 0 2000
140 282 367 431 0 2000
269 128 58 294 0 2000
388 60 92 127 0 2000
4 18 129 270 0 2000
369 370 92 471 0 2000
188 232 440 358 0 2000
486 264 215 366 0 2000
207 475 195 109 0 2000
227 151 134 436 0 2000
322 98 120 274 0 2000
296 77 363 373 0 2000
389 452 40 435 0 2000
227 5 301 302 0 2000
423 154 144 59 0 2000
1 29 62 337 0 2000
261 464 18 341 0 2000
36 357 83 38 0 2000
389 227 224 29 0 2000
138 87 468 54 0 2000
223 174 499 275 0 2000
102 212 331 65 0 2000
119 29 451 68 0 2000
110 126 415 192 0 2000
77 301 404 352 0 2000
118 84 108 440 0 2000
413 298 93 242 0 2000
131 228 323 54 0 2000
8 15 11 388 0 2000
16 6 287 112 0 2000
342 355 372 11 0 2000
126 298 312 110 0 2000
20 5 6 365 0 2000
303 116 387 409 0 2000
319 482 437 222 0 2000
455 160 398 479 0 2000
361 401 371 48 0 2000
318 308 40 208 0 2000
174 189 39 417 0 2000
2 21 317 82 0 2000
64 134 267 308 0 2000
166 184 417 72 0 2000
369 328 433 19 0 2000
355 111 157 291 0 2000
65 356 167 95 0 2000
134 370 432 449 0 2000
448 339 160 253 0 2000
486 265 198 353 0 2000
276 145 228 474 0 2000
488 124 134 136 0 2000
261 166 3 279 0 2000
375 320 153 464 0 2000
241 91 383 322 0 2000
94 214 316 63 0 2000
77 301 435 321 0 2000
208 359 370 145 0 2000
259 163 41 10 0 2000
240 169 35 1 0 2000
140 235 372 96 0 2000
289 89 457 297 0 2000
102 294 230 56 0 2000
304 388 475 188 0 2000
2 34 201 198 0 2000
11 70 71 376 0 2000
182 187 67 435 0 2000
127 87 323 268 0 2000
220 398 227 28 0 2000
470 268 341 19 0 2000
307 107 370 418 0 2000
223 209 491 118 0 2000
235 169 473 44 0 2000
24 12 37 362 0 2000
4 22 127 272 0 2000
18 8 295 104 0 2000
226 478 181 150 0 2000
287 15 145 251 0 2000
6 30 285 114 0 2000
6 20 273 126 0 2000
260 473 2 353 0 2000
18 3 298 101 0 2000
228 179 90 410 0 2000
143 277 301 492 0 2000
135 435 391 314 0 2000
0 28 88 311 0 2000
353 471 282 179 0 2000
361 366 52 297 0 2000
476 327 260 485 0 2000
14 19 115 284 0 2000
217 341 24 168 0 2000
268 435 289 78 0 2000
398 37 286 303 0 2000
203 9 493 96 0 2000
9 12 113 286 0 2000
284 260 123 473 0 2000
197 94 243 426 0 2000
25 398 356 366 0 2000
430 373 372 65 0 2000
262 15 73 204 0 2000
22 11 102 297 0 2000
266 92 111 296 0 2000
443 315 265 496 0 2000
66 325 174 56 0 2000
395 381 236 163 0 2000
176 241 368 60 0 2000
407 375 113 310 0 2000
297 431 29 336 0 2000
281 227 19 338 0 2000
71 132 169 410 0 2000
31 2 383 16 0 2000
384 40 451 347 0 2000
394 316 291 60 0 2000
22 18 66 333 0 2000
182 350 489 280 0 2000
1 35 98 301 0 2000
297 126 45 7 0 2000
44 39 216 233 0 2000
290 76 241 393 0 2000
495 113 213 202 0 2000
32 4 302 97 0 2000
255 155 423 365 0 2000
428 457 250 262 0 2000
240 141 12 290 0 2000
403 9 52 35 0 2000
237 456 497 357 0 2000
3 193 361 192 0 2000
7 19 234 165 0 2000
197 370 32 166 0 2000
10 11 345 54 0 2000
10 30 342 3 0 2000
423 348 62 361 0 2000
293 365 118 169 0 2000
131 85 452 47 0 2000
262 389 94 179 0 2000
168 56 492 109 0 2000
176 237 318 468 0 2000
289 145 50 283 0 2000
206 209 9 378 0 2000
119 345 379 228 0 2000
10 20 365 6 0 2000
292 8 72 166 0 2000
202 174 413 9 0 2000
27 346 175 121 0 2000
395 460 196 281 0 2000
125 158 249 410 0 2000
213 160 327 419 0 2000
368 278 93 372 0 2000
284 339 347 24 0 2000
296 473 363 166 0 2000
149 49 424 147 0 2000
480 374 299 184 0 2000
409 331 230 133 0 2000
423 281 96 249 0 2000
82 362 283 200 0 2000
5 21 223 176 0 2000
468 266 349 8 0 2000
160 315 421 198 0 2000
310 356 70 485 0 2000
373 52 486 312 0 2000
450 253 312 486 0 2000
68 355 159 75 0 2000
234 452 312 167 0 2000
382 66 224 286 0 2000
226 312 381 96 0 2000
373 66 186 238 0 2000
67 210 211 439 0 2000
275 20 72 190 0 2000
394 408 278 151 0 2000
13 15 215 184 0 2000
279 120 356 417 0 2000
255 428 65 252 0 2000
213 388 186 41 0 2000
216 119 47 319 0 2000
401 111 88 169 0 2000
248 176 169 471 0 2000
321 60 55 157 0 2000
4 17 247 152 0 2000
241 377 217 25 0 2000
217 58 186 393 0 2000
401 25 101 102 0 2000
255 426 332 144 0 2000
274 172 188 459 0 2000
19 21 156 243 0 2000
17 13 252 147 0 2000
84 453 194 197 0 2000
275 107 199 394 0 2000
282 91 142 324 0 2000
1 20 177 222 0 2000
353 485 484 257 0 2000
1 21 29 370 0 2000
190 221 417 77 0 2000
433 333 220 187 0 2000
17 391 313 311 0 2000
381 421 385 62 0 2000
2 34 60 339 0 2000
129 323 474 352 0 2000
17 13 166 233 0 2000
170 208 309 447 0 2000
99 167 253 391 0 2000
118 447 468 468 0 2000
354 122 195 337 0 2000
42 334 269 185 0 2000
295 111 478 304 0 2000
220 285 104 27 0 2000
333 33 100 176 0 2000
486 290 223 404 0 2000
0 22 231 168 0 2000
169 320 499 364 0 2000
283 441 25 326 0 2000
388 416 57 448 0 2000
15 427 168 221 0 2000
18 5 50 349 0 2000
381 154 82 79 0 2000
139 433 377 302 0 2000
21 174 235 12 0 2000
391 41 251 267 0 2000
352 142 83 244 0 2000
303 136 37 28 0 2000
111 296 212 20 0 2000
98 276 328 132 0 2000
31 9 180 219 0 2000
53 71 199 284 0 2000
271 485 192 198 0 2000
239 253 490 378 0 2000
87 315 449 311 0 2000
119 270 382 159 0 2000
53 457 392 491 0 2000
251 375 14 249 0 2000
15 10 384 5 0 2000
32 4 190 209 0 2000
109 293 471 289 0 2000
95 443 367 356 0 2000
2 34 241 158 0 2000
39 385 133 105 0 2000
306 488 276 141 0 2000
165 239 370 410 0 2000
257 463 57 304 0 2000
17 16 132 267 0 2000
191 172 472 254 0 2000
223 385 253 37 0 2000
13 207 99 490 0 2000
264 54 477 212 0 2000
315 50 6 104 0 2000
165 266 380 427 0 2000
283 140 25 39 0 2000
164 233 3 17 0 2000
6 36 46 373 0 2000
463 296 363 27 0 2000
38 428 163 190 0 2000
411 252 189 103 0 2000
17 4 238 161 0 2000
84 290 218 50 0 2000
162 257 406 386 0 2000
21 12 374 25 0 2000
21 5 231 168 0 2000
15 362 149 119 0 2000
13 388 61 65 0 2000
14 14 309 90 0 2000
20 2 312 87 0 2000
5 20 176 223 0 2000
330 109 489 309 0 2000
10 468 93 188 0 2000
370 49 61 111 0 2000
92 315 304 153 0 2000
16 5 310 89 0 2000
27 1 135 264 0 2000
325 424 394 116 0 2000
230 230 478 341 0 2000
127 312 203 29 0 2000
254 50 330 347 0 2000
155 218 474 272 0 2000
25 116 372 92 0 2000
117 282 369 401 0 2000
3 18 260 139 0 2000
10 29 225 180 0 2000
421 365 126 447 0 2000
359 402 78 305 0 2000
5 18 268 131 0 2000
491 338 449 6 0 2000
239 192 485 305 0 2000
314 487 12 423 0 2000
27 19 146 271 0 2000
211 259 469 139 0 2000
36 4 104 295 0 2000
11 10 78 321 0 2000
14 19 243 156 0 2000
293 144 81 308 0 2000
24 2 137 262 0 2000
286 486 442 271 0 2000
369 111 235 346 0 2000
12 14 20 379 0 2000
205 114 423 274 0 2000
330 57 55 159 0 2000
2 34 43 356 0 2000
29 167 142 425 0 2000
37 3 274 125 0 2000
393 346 100 427 0 2000
114 43 387 146 0 2000
338 61 206 288 0 2000
155 21 416 137 0 2000
241 157 110 404 0 2000
0 40 193 206 0 2000
306 106 204 382 0 2000
321 438 389 128 0 2000
426 192 81 206 0 2000
385 38 261 283 0 2000
218 205 439 353 0 2000
20 1 154 245 0 2000
399 119 389 475 0 2000
427 111 403 463 0 2000
160 162 230 465 0 2000
327 20 479 234 0 2000
296 95 11 183 0 2000
136 46 430 123 0 2000
372 243 227 29 0 2000
37 296 288 421 0 2000
223 114 454 246 0 2000
7 18 324 75 0 2000
475 280 127 298 0 2000
476 373 145 413 0 2000
139 135 387 14 0 2000
328 352 388 43 0 2000
256 171 463 7 0 2000
438 400 103 376 0 2000
46 222 215 15 0 2000
144 245 421 149 0 2000
245 52 420 255 0 2000
247 160 180 452 0 2000
12 18 229 170 0 2000
494 300 306 114 0 2000
340 57 103 197 0 2000
149 262 377 116 0 2000
14 395 163 168 0 2000
234 69 148 361 0 2000
137 232 268 474 0 2000
464 314 389 26 0 2000
3 25 178 221 0 2000
228 147 167 459 0 2000
103 270 439 233 0 2000
383 189 219 402 0 2000
131 275 327 456 0 2000
10 16 359 40 0 2000
60 373 273 209 0 2000
220 170 271 493 0 2000
136 240 412 140 0 2000
11 359 133 103 0 2000
303 474 287 117 0 2000
317 98 117 269 0 2000
223 155 156 466 0 2000
11 25 57 342 0 2000
13 15 285 114 0 2000
110 62 414 127 0 2000
416 54 215 227 0 2000
125 471 327 310 0 2000
293 131 1 49 0 2000
46 43 13 376 0 2000
344 94 155 268 0 2000
157 123 482 70 0 2000
12 68 310 141 0 2000
395 472 320 170 0 2000
50 368 260 201 0 2000
169 307 254 23 0 2000
370 462 165 308 0 2000
434 315 302 71 0 2000
378 9 220 214 0 2000
9 24 139 260 0 2000
113 57 260 269 0 2000
377 338 186 163 0 2000
320 244 158 459 0 2000
424 330 318 63 0 2000
295 110 389 387 0 2000
150 96 269 346 0 2000
382 39 174 208 0 2000
282 39 127 261 0 2000
1 22 202 197 0 2000
26 391 300 476 0 2000
163 266 277 11 0 2000
19 7 163 236 0 2000
1 24 286 113 0 2000
337 95 352 446 0 2000
306 101 97 251 0 2000
325 118 62 226 0 2000
232 139 221 499 0 2000
166 116 44 357 0 2000
207 232 465 131 0 2000
342 48 264 344 0 2000
8 28 114 285 0 2000
196 383 288 98 0 2000
103 275 351 405 0 2000
222 190 369 409 0 2000
174 191 482 136 0 2000
317 74 430 332 0 2000
76 335 300 188 0 2000
56 23 128 327 0 2000
7 18 326 73 0 2000
126 283 454 331 0 2000
7 114 7 490 0 2000
395 17 460 325 0 2000
7 21 252 147 0 2000
99 319 363 429 0 2000
56 401 251 227 0 2000
31 133 311 42 0 2000
27 185 219 371 0 2000
228 160 369 393 0 2000
16 6 331 68 0 2000
8 17 73 326 0 2000
258 174 364 434 0 2000
400 272 123 173 0 2000
232 483 134 208 0 2000
28 373 167 136 0 2000
22 6 132 267 0 2000
293 254 471 450 0 2000
339 203 148 385 0 2000
125 297 461 257 0 2000
7 29 44 355 0 2000
204 254 51 474 0 2000
478 282 307 488 0 2000
497 399 496 41 0 2000
28 2 210 189 0 2000
259 461 290 118 0 2000
14 26 358 41 0 2000
356 279 465 11 0 2000
374 422 474 163 0 2000
19 225 248 81 0 2000
96 346 117 4 0 2000
315 61 101 223 0 2000
453 418 199 313 0 2000
362 31 13 55 0 2000
20 8 247 152 0 2000
464 271 304 477 0 2000
24 4 146 253 0 2000
329 398 34 317 0 2000
304 131 160 350 0 2000
324 333 41 426 0 2000
168 78 126 395 0 2000
337 90 377 421 0 2000
418 217 317 490 0 2000
402 27 119 113 0 2000
91 291 210 44 0 2000
410 96 107 166 0 2000
24 392 331 323 0 2000
388 71 413 415 0 2000
11 12 54 345 0 2000
461 62 180 155 0 2000
4 21 282 117 0 2000
478 6 407 304 0 2000
3 22 312 87 0 2000
39 1 126 273 0 2000
32 180 364 211 0 2000
20 1 244 155 0 2000
243 121 447 288 0 2000
12 21 369 30 0 2000
392 324 61 356 0 2000
266 161 11 45 0 2000
78 274 380 213 0 2000
226 199 379 419 0 2000
85 278 220 50 0 2000
327 372 121 202 0 2000
287 152 163 387 0 2000
21 9 296 103 0 2000
235 186 336 462 0 2000
72 364 160 93 0 2000
27 3 204 195 0 2000
15 21 354 45 0 2000
29 147 287 36 0 2000
136 342 377 470 0 2000
255 292 171 5 0 2000
483 290 144 317 0 2000
201 203 474 293 0 2000
193 156 392 333 0 2000
321 328 71 447 0 2000
278 474 28 361 0 2000
71 359 23 41 0 2000
5 51 237 190 0 2000
279 301 35 168 0 2000
13 383 274 496 0 2000
393 24 297 297 0 2000
326 84 345 439 0 2000
451 389 154 310 0 2000
39 32 368 81 0 2000
248 121 215 457 0 2000
11 14 285 114 0 2000
130 269 31 5 0 2000
21 15 337 62 0 2000
284 452 314 116 0 2000
398 378 353 52 0 2000
367 441 156 283 0 2000
190 319 469 239 0 2000
79 445 343 336 0 2000
376 447 250 200 0 2000
305 229 107 397 0 2000
107 119 439 160 0 2000
132 358 339 194 0 2000
238 83 297 400 0 2000
330 488 267 188 0 2000
3 18 299 100 0 2000
119 45 170 357 0 2000
67 67 2 371 0 2000
15 7 305 94 0 2000
83 226 408 275 0 2000
358 25 169 207 0 2000
48 331 384 298 0 2000
250 131 339 405 0 2000
32 331 241 485 0 2000
278 246 491 406 0 2000
16 386 194 193 0 2000
71 288 321 397 0 2000
330 361 159 159 0 2000
171 172 412 305 0 2000
13 8 247 152 0 2000
231 20 310 307 0 2000
146 163 455 220 0 2000
152 421 335 233 0 2000
469 236 197 130 0 2000
86 315 324 177 0 2000
263 152 62 320 0 2000
8 15 139 260 0 2000
487 215 228 96 0 2000
138 239 433 157 0 2000
16 7 207 192 0 2000
357 63 179 263 0 2000
309 106 42 215 0 2000
86 480 287 322 0 2000
469 405 153 458 0 2000
21 1 392 7 0 2000
280 152 379 419 0 2000
399 427 331 124 0 2000
323 336 224 66 0 2000
41 357 206 144 0 2000
128 473 275 247 0 2000
165 264 459 329 0 2000
198 420 103 156 0 2000
330 109 466 332 0 2000
146 265 259 1 0 2000
33 204 309 305 0 2000
69 436 214 207 0 2000
22 41 158 283 0 2000
425 209 76 195 0 2000
269 457 497 309 0 2000
19 6 21 378 0 2000
164 103 437 196 0 2000
304 143 95 312 0 2000
325 141 298 492 0 2000
320 53 141 250 0 2000
427 268 289 40 0 2000
186 103 186 469 0 2000
400 380 372 45 0 2000
228 194 155 497 0 2000
453 267 90 281 0 2000
107 150 451 120 0 2000
434 227 257 33 0 2000
302 113 27 209 0 2000
374 80 41 54 0 2000
326 94 42 188 0 2000
85 123 423 144 0 2000
6 34 17 382 0 2000
21 4 59 340 0 2000
7 219 364 235 0 2000
235 383 365 144 0 2000
381 483 90 397 0 2000
367 384 398 39 0 2000
344 391 117 244 0 2000
126 240 354 102 0 2000
1 32 72 327 0 2000
241 20 381 249 0 2000
45 2 311 102 0 2000
66 112 362 187 0 2000
230 7 197 352 0 2000
40 94 88 417 0 2000
370 124 207 324 0 2000
227 186 118 436 0 2000
377 30 278 300 0 2000
362 343 83 440 0 2000
353 440 60 357 0 2000
10 15 119 280 0 2000
114 308 439 349 0 2000
304 88 380 378 0 2000
173 252 51 1 0 2000
247 90 377 326 0 2000
205 170 421 27 0 2000
338 486 35 420 0 2000
269 109 471 278 0 2000
306 440 30 339 0 2000
425 79 296 326 0 2000
86 241 393 308 0 2000
104 262 216 8 0 2000
278 389 1 490 0 2000
367 388 193 196 0 2000
1 27 179 220 0 2000
105 419 282 222 0 2000
232 226 51 421 0 2000
372 102 282 371 0 2000
16 9 34 365 0 2000
267 395 163 140 0 2000
12 354 265 467 0 2000
249 247 374 493 0 2000
88 271 217 41 0 2000
266 53 114 264 0 2000
109 446 307 267 0 2000
227 258 487 375 0 2000
4 24 143 256 0 2000
452 362 337 100 0 2000
23 10 141 258 0 2000
474 294 142 263 0 2000
326 40 307 387 0 2000
380 466 46 427 0 2000
22 282 196 481 0 2000
12 18 374 25 0 2000
442 334 112 373 0 2000
112 317 318 480 0 2000
1 21 278 121 0 2000
6 27 294 105 0 2000
114 66 349 190 0 2000
5 31 11 388 0 2000
25 11 2 351 0 2000
343 477 47 395 0 2000
174 197 481 261 0 2000
9 14 18 381 0 2000
195 249 443 372 0 2000
101 52 248 264 0 2000
306 126 161 347 0 2000
14 12 209 190 0 2000
271 164 184 450 0 2000
152 222 384 364 0 2000
0 23 190 209 0 2000
62 321 215 103 0 2000
14 16 73 326 0 2000
344 81 162 272 0 2000
26 2 7 354 0 2000
493 209 143 188 0 2000
378 340 12 333 0 2000
76 315 235 108 0 2000
320 96 10 32 0 2000
183 371 205 22 0 2000
19 3 201 198 0 2000
235 152 412 334 0 2000
20 5 181 218 0 2000
0 22 353 46 0 2000
476 261 218 153 0 2000
322 96 238 383 0 2000
135 232 417 313 0 2000
9 24 95 304 0 2000
256 163 32 10 0 2000
474 302 110 295 0 2000
489 348 284 176 0 2000
14 11 319 80 0 2000
215 210 491 307 0 2000
9 32 263 152 0 2000
250 154 372 408 0 2000
151 217 240 487 0 2000
453 116 332 373 0 2000
19 17 118 281 0 2000
115 443 128 79 0 2000
154 334 498 363 0 2000
153 129 448 207 0 2000
54 325 331 425 0 2000
470 290 118 273 0 2000
284 448 406 197 0 2000
74 353 195 103 0 2000
20 6 114 285 0 2000
225 285 399 480 0 2000
211 209 42 416 0 2000
427 173 223 347 0 2000
0 30 358 41 0 2000
35 1 110 289 0 2000
88 320 290 492 0 2000
117 314 238 62 0 2000
248 122 383 364 0 2000
239 323 57 136 0 2000
109 289 380 182 0 2000
85 188 319 45 0 2000
98 314 394 233 0 2000
409 241 179 387 0 2000
179 410 30 183 0 2000
322 450 422 187 0 2000
272 153 220 474 0 2000
288 163 239 491 0 2000
388 141 71 193 0 2000
337 399 224 136 0 2000
5 17 99 300 0 2000
249 124 84 328 0 2000
9 16 355 44 0 2000
290 190 41 61 0 2000
304 431 372 136 0 2000
20 3 111 288 0 2000
304 55 99 209 0 2000
12 13 293 106 0 2000
154 258 335 451 0 2000
301 224 11 312 0 2000
132 256 401 149 0 2000
362 390 238 136 0 2000
317 60 309 430 0 2000
98 393 177 96 0 2000
52 372 247 193 0 2000
13 17 17 382 0 2000
55 452 428 457 0 2000
311 473 476 279 0 2000
428 176 218 9 0 2000
177 236 429 111 0 2000
9 17 132 267 0 2000
132 295 389 181 0 2000
434 430 88 413 0 2000
409 336 77 290 0 2000
341 181 213 424 0 2000
337 152 297 490 0 2000
433 287 213 426 0 2000
161 234 491 273 0 2000
5 17 335 64 0 2000
81 339 150 34 0 2000
4 21 319 80 0 2000
403 161 50 167 0 2000
287 495 301 140 0 2000
142 479 347 308 0 2000
367 355 227 136 0 2000
42 359 414 364 0 2000
218 444 196 97 0 2000
383 425 192 245 0 2000
351 41 147 214 0 2000
318 441 343 93 0 2000
262 136 17 5 0 2000
123 168 483 151 0 2000
21 19 164 235 0 2000
10 11 28 371 0 2000
352 32 328 382 0 2000
406 69 307 341 0 2000
118 398 73 80 0 2000
22 1 176 223 0 2000
237 400 303 93 0 2000
255 123 372 369 0 2000
135 242 451 199 0 2000
148 342 434 255 0 2000
221 199 70 426 0 2000
53 320 355 244 0 2000
262 480 202 163 0 2000
17 13 66 333 0 2000
444 272 133 324 0 2000
19 4 343 56 0 2000
372 375 168 203 0 2000
186 12 465 102 0 2000
306 14 317 366 0 2000
269 331 103 131 0 2000
21 60 391 68 0 2000
294 471 242 157 0 2000
99 372 27 75 0 2000
295 461 386 189 0 2000
396 30 100 108 0 2000
181 380 431 493 0 2000
281 148 125 361 0 2000
367 23 336 368 0 2000
252 369 350 91 0 2000
57 155 123 458 0 2000
37 218 176 445 0 2000
458 258 111 274 0 2000
220 85 197 436 0 2000
24 6 318 81 0 2000
304 55 41 151 0 2000
53 133 288 267 0 2000
291 87 332 424 0 2000
149 271 407 391 0 2000
8 28 37 362 0 2000
351 129 155 309 0 2000
386 380 264 129 0 2000
494 395 428 98 0 2000
130 455 377 328 0 2000
177 90 372 261 0 2000
466 247 109 238 0 2000
333 204 477 433 0 2000
211 299 78 66 0 2000
54 187 200 419 0 2000
18 3 179 220 0 2000
363 393 72 307 0 2000
88 432 339 324 0 2000
25 3 333 66 0 2000
83 228 276 409 0 2000
269 375 82 186 0 2000
449 357 121 314 0 2000
131 82 279 310 0 2000
231 69 352 319 0 2000
224 395 398 193 0 2000
15 10 298 101 0 2000
5 16 21 378 0 2000
17 6 79 320 0 2000
30 3 298 101 0 2000
276 143 378 414 0 2000
175 385 96 95 0 2000
270 120 200 428 0 2000
23 3 59 340 0 2000
83 309 439 289 0 2000
316 161 265 484 0 2000
167 418 174 49 0 2000
106 333 381 249 0 2000
442 165 99 145 0 2000
61 154 318 268 0 2000
288 36 300 400 0 2000
168 491 432 377 0 2000
231 179 402 382 0 2000
14 22 351 48 0 2000
262 144 415 367 0 2000
92 5 227 247 0 2000
270 176 362 462 0 2000
31 34 245 198 0 2000
468 297 119 321 0 2000
99 269 315 419 0 2000
420 368 81 338 0 2000
368 495 102 398 0 2000
262 158 381 410 0 2000
80 329 153 43 0 2000
296 98 480 290 0 2000
14 344 168 132 0 2000
167 217 488 167 0 2000
5 17 168 231 0 2000
489 411 252 274 0 2000
18 22 266 133 0 2000
113 445 359 314 0 2000
6 17 318 81 0 2000
1 35 67 332 0 2000
275 172 118 389 0 2000
22 3 216 183 0 2000
268 463 163 197 0 2000
184 237 407 391 0 2000
311 70 223 353 0 2000
113 212 368 334 0 2000
38 34 325 106 0 2000
335 88 152 278 0 2000
485 259 318 465 0 2000
415 119 306 376 0 2000
402 254 187 92 0 2000
312 63 61 175 0 2000
330 105 132 270 0 2000
17 16 18 381 0 2000
187 49 385 220 0 2000
42 204 149 470 0 2000
312 188 94 341 0 2000
54 423 360 491 0 2000
13 9 289 110 0 2000
382 60 386 415 0 2000
473 304 366 33 0 2000
29 4 385 14 0 2000
340 227 50 311 0 2000
7 29 181 218 0 2000
486 115 458 461 0 2000
432 59 209 202 0 2000
200 190 420 348 0 2000
263 116 416 332 0 2000
210 342 81 94 0 2000
392 30 329 343 0 2000
427 334 292 91 0 2000
394 3 185 163 0 2000
341 90 267 379 0 2000
361 351 227 114 0 2000
120 259 380 150 0 2000
49 388 349 451 0 2000
431 294 162 187 0 2000
396 324 71 370 0 2000
14 14 7 378 0 2000
8 18 340 59 0 2000
147 206 396 79 0 2000
374 66 192 261 0 2000
16 28 193 220 0 2000
22 11 140 259 0 2000
20 65 375 57 0 2000
281 289 158 49 0 2000
62 124 398 151 0 2000
225 238 89 476 0 2000
131 311 213 22 0 2000
175 148 101 450 0 2000
65 126 377 188 0 2000
384 239 168 392 0 2000
456 115 175 30 0 2000
398 15 117 112 0 2000
203 382 159 63 0 2000
59 310 0 0 0 2000
312 154 37 257 0 2000
15 10 380 19 0 2000
8 13 129 270 0 2000
401 366 33 363 0 2000
445 403 458 57 0 2000
18 4 282 117 0 2000
149 250 493 265 0 2000
448 294 357 16 0 2000
406 31 362 346 0 2000
290 145 113 331 0 2000
72 371 423 363 0 2000
266 163 66 332 0 2000
30 2 262 139 0 2000
200 177 438 316 0 2000
293 122 104 310 0 2000
170 273 22 48 0 2000
25 1 124 275 0 2000
298 422 29 322 0 2000
313 61 286 408 0 2000
374 410 165 260 0 2000
496 382 404 100 0 2000
196 225 358 429 0 2000
458 451 173 377 0 2000
198 241 445 353 0 2000
464 57 384 351 0 2000
121 235 284 39 0 2000
53 40 41 394 0 2000
22 8 284 115 0 2000
262 139 482 292 0 2000
56 234 189 472 0 2000
438 465 211 319 0 2000
430 312 254 115 0 2000
9 16 303 96 0 2000
302 130 9 203 0 2000
2 34 178 221 0 2000
199 228 428 98 0 2000
4 385 177 189 0 2000
272 417 335 106 0 2000
344 40 9 79 0 2000
27 3 6 351 0 2000
205 194 35 401 0 2000
102 74 155 380 0 2000
19 17 248 151 0 2000
51 375 106 53 0 2000
20 1 184 215 0 2000
281 72 498 228 0 2000
160 269 466 216 0 2000
23 13 347 52 0 2000
12 10 382 3 0 2000
300 477 44 357 0 2000
254 465 95 250 0 2000
447 346 214 206 0 2000
213 307 155 2 0 2000
372 10 104 101 0 2000
128 302 403 390 0 2000
220 191 152 496 0 2000
1 39 17 382 0 2000
353 38 271 330 0 2000
14 8 210 189 0 2000
73 313 380 246 0 2000
277 4 145 248 0 2000
204 191 69 415 0 2000
9 27 126 273 0 2000
317 381 458 153 0 2000
53 56 331 149 0 2000
491 244 282 409 0 2000
490 338 429 30 0 2000
324 115 360 438 0 2000
17 252 293 352 0 2000
425 485 252 287 0 2000
302 457 223 170 0 2000
246 121 391 335 0 2000
1 20 310 89 0 2000
161 156 326 369 0 2000
162 240 338 40 0 2000
328 230 83 98 0 2000
148 262 333 450 0 2000
479 292 339 66 0 2000
161 213 368 46 0 2000
160 218 45 480 0 2000
39 496 174 254 0 2000
21 350 106 64 0 2000
483 189 351 434 0 2000
97 168 54 491 0 2000
7 14 267 132 0 2000
259 401 52 234 0 2000
424 168 213 3 0 2000
385 128 61 181 0 2000
16 335 55 1 0 2000
4 29 339 60 0 2000
227 154 108 411 0 2000
334 389 375 54 0 2000
192 473 334 246 0 2000
6 69 209 244 0 2000
52 261 266 98 0 2000
1 22 212 187 0 2000
28 8 131 268 0 2000
5 31 231 168 0 2000
26 10 260 139 0 2000
9 16 168 231 0 2000
14 7 201 198 0 2000
253 167 287 496 0 2000
234 139 257 489 0 2000
18 7 144 255 0 2000
302 32 407 304 0 2000
77 297 411 257 0 2000
208 130 216 495 0 2000
416 451 316 182 0 2000
348 31 140 200 0 2000
291 483 301 122 0 2000
107 30 469 29 0 2000
174 253 481 317 0 2000
181 203 499 259 0 2000
3 19 287 112 0 2000
364 7 299 313 0 2000
457 166 215 300 0 2000
357 16 36 64 0 2000
265 239 413 21 0 2000
194 80 242 403 0 2000
232 169 4 24 0 2000
102 306 281 493 0 2000
270 146 70 312 0 2000
402 52 176 185 0 2000
108 314 426 258 0 2000
467 223 275 38 0 2000
4 36 68 331 0 2000
293 77 376 357 0 2000
351 27 266 320 0 2000
36 109 252 267 0 2000
55 299 337 391 0 2000
25 28 310 109 0 2000
111 284 375 396 0 2000
473 105 167 45 0 2000
308 49 206 313 0 2000
19 17 352 47 0 2000
13 10 357 42 0 2000
14 12 76 323 0 2000
117 265 399 173 0 2000
165 241 311 13 0 2000
260 265 151 1 0 2000
375 262 243 21 0 2000
408 404 209 240 0 2000
325 93 214 348 0 2000
264 175 150 420 0 2000
139 301 409 195 0 2000
362 402 282 105 0 2000
293 84 462 292 0 2000
12 16 42 357 0 2000
203 217 314 484 0 2000
417 236 236 431 0 2000
164 242 377 79 0 2000
309 173 400 453 0 2000
3 22 343 56 0 2000
394 364 288 94 0 2000
15 7 200 199 0 2000
42 34 197 238 0 2000
5 17 170 229 0 2000
377 11 450 314 0 2000
0 26 249 150 0 2000
453 305 306 75 0 2000
26 7 341 58 0 2000
485 477 223 368 0 2000
321 111 87 246 0 2000
42 405 408 416 0 2000
19 9 99 300 0 2000
333 405 453 152 0 2000
461 138 278 321 0 2000
493 255 184 195 0 2000
5 17 70 329 0 2000
11 25 66 333 0 2000
267 183 430 386 0 2000
392 168 299 444 0 2000
117 461 444 415 0 2000
301 79 412 344 0 2000
381 19 201 208 0 2000
327 32 304 368 0 2000
78 307 270 140 0 2000
27 1 268 131 0 2000
98 279 227 37 0 2000
62 304 420 296 0 2000
254 116 3 243 0 2000
121 267 242 14 0 2000
148 458 234 181 0 2000
364 10 23 35 0 2000
172 255 385 413 0 2000
326 90 414 380 0 2000
464 279 352 15 0 2000
206 233 79 465 0 2000
157 226 316 14 0 2000
69 299 244 101 0 2000
244 61 414 250 0 2000
134 232 455 277 0 2000
7 33 349 16 0 2000
428 314 195 454 0 2000
406 86 336 387 0 2000
287 425 46 288 0 2000
23 2 158 241 0 2000
261 185 13 56 0 2000
141 232 279 467 0 2000
35 1 224 175 0 2000
162 267 356 442 0 2000
104 387 144 54 0 2000
1 39 337 62 0 2000
429 171 266 381 0 2000
278 345 399 90 0 2000
210 28 271 338 0 2000
307 125 282 471 0 2000
96 484 428 439 0 2000
47 374 264 218 0 2000
2 21 101 298 0 2000
223 209 450 348 0 2000
358 13 154 180 0 2000
1 20 125 274 0 2000
11 14 226 173 0 2000
431 165 104 123 0 2000
46 62 102 383 0 2000
418 305 479 3 0 2000
145 276 12 36 0 2000
352 17 65 107 0 2000
1 20 9 390 0 2000
81 348 222 120 0 2000
16 12 265 134 0 2000
285 349 219 46 0 2000
231 443 173 132 0 2000
81 26 174 309 0 2000
448 331 248 155 0 2000
2 31 87 312 0 2000
175 245 464 334 0 2000
98 103 332 245 0 2000
15 10 355 44 0 2000
3 27 369 24 0 2000
297 455 461 256 0 2000
66 116 274 267 0 2000
322 69 370 384 0 2000
382 380 486 121 0 2000
418 408 359 108 0 2000
27 6 173 226 0 2000
155 426 430 338 0 2000
107 314 42 2 0 2000
10 10 38 341 0 2000
193 177 280 456 0 2000
11 22 337 62 0 2000
342 487 129 324 0 2000
442 190 301 420 0 2000
16 9 306 93 0 2000
446 130 229 286 0 2000
24 6 226 173 0 2000
47 324 279 185 0 2000
20 5 268 131 0 2000
339 114 33 61 0 2000
156 484 268 218 0 2000
267 191 138 433 0 2000
23 5 362 37 0 2000
462 220 267 38 0 2000
190 411 249 99 0 2000
45 483 355 417 0 2000
276 148 135 381 0 2000
460 352 148 414 0 2000
353 361 85 258 0 2000
345 426 167 226 0 2000
186 414 424 274 0 2000
325 69 107 227 0 2000
12 10 272 127 0 2000
380 416 124 301 0 2000
29 403 108 116 0 2000
417 293 180 161 0 2000
465 343 392 53 0 2000
455 317 363 50 0 2000
165 264 14 56 0 2000
49 470 299 351 0 2000
242 123 194 451 0 2000
25 5 307 92 0 2000
462 195 372 476 0 2000
205 156 442 296 0 2000
153 259 461 189 0 2000
357 9 149 167 0 2000
3 360 98 92 0 2000
144 336 415 424 0 2000
50 356 193 121 0 2000
350 44 18 85 0 2000
338 488 298 157 0 2000
204 119 120 406 0 2000
13 20 49 350 0 2000
260 361 451 179 0 2000
27 476 75 151 0 2000
78 297 292 142 0 2000
333 246 143 419 0 2000
16 5 383 16 0 2000
6 353 97 85 0 2000
83 74 450 67 0 2000
335 31 76 138 0 2000
352 283 39 329 0 2000
15 423 346 376 0 2000
27 6 234 165 0 2000
455 348 390 35 0 2000
376 43 318 362 0 2000
458 51 214 170 0 2000
6 19 307 92 0 2000
294 480 430 253 0 2000
208 116 95 380 0 2000
0 28 298 101 0 2000
35 122 263 270 0 2000
11 15 225 174 0 2000
345 351 48 271 0 2000
339 82 191 293 0 2000
217 209 338 454 0 2000
106 400 19 124 0 2000
414 34 135 118 0 2000
29 342 273 469 0 2000
128 483 233 210 0 2000
297 469 102 293 0 2000
449 232 334 493 0 2000
312 51 49 151 0 2000
40 232 314 329 0 2000
25 1 11 360 0 2000
349 86 285 385 0 2000
13 326 171 115 0 2000
2 28 332 67 0 2000
20 2 294 105 0 2000
422 162 166 269 0 2000
259 448 426 249 0 2000
9 31 310 89 0 2000
4 29 240 159 0 2000
13 410 238 276 0 2000
28 5 282 117 0 2000
461 287 298 497 0 2000
19 3 287 112 0 2000
214 186 320 458 0 2000
278 402 183 134 0 2000
19 363 105 78 0 2000
91 157 344 273 0 2000
269 108 492 262 0 2000
69 337 391 281 0 2000
324 71 369 403 0 2000
322 54 289 397 0 2000
173 252 475 181 0 2000
462 201 324 429 0 2000
15 21 179 220 0 2000
355 392 173 198 0 2000
262 107 441 287 0 2000
443 334 357 42 0 2000
224 154 358 398 0 2000
92 6 108 349 0 2000
404 231 241 35 0 2000
139 224 334 56 0 2000
359 421 141 263 0 2000
29 349 72 14 0 2000
424 341 193 476 0 2000
188 75 384 245 0 2000
16 14 105 294 0 2000
28 26 175 256 0 2000
4 22 312 83 0 2000
18 7 295 104 0 2000
51 268 358 330 0 2000
468 315 391 14 0 2000
263 119 490 270 0 2000
272 88 64 246 0 2000
130 72 427 134 0 2000
110 458 27 178 0 2000
222 348 470 477 0 2000
238 238 434 419 0 2000
470 440 122 422 0 2000
28 382 310 288 0 2000
14 16 309 90 0 2000
114 302 390 219 0 2000
78 347 338 234 0 2000
21 129 190 323 0 2000
313 60 425 307 0 2000
143 244 425 149 0 2000
440 160 488 485 0 2000
360 16 106 138 0 2000
182 253 433 365 0 2000
482 445 131 472 0 2000
241 135 453 299 0 2000
483 378 418 65 0 2000
57 332 182 88 0 2000
309 16 268 352 0 2000
282 133 402 382 0 2000
36 493 126 207 0 2000
111 153 465 158 0 2000
196 346 419 496 0 2000
2 24 163 236 0 2000
9 13 154 245 0 2000
35 5 90 309 0 2000
49 498 290 365 0 2000
422 351 225 174 0 2000
76 398 16 87 0 2000
158 281 417 169 0 2000
137 290 454 344 0 2000
477 397 167 334 0 2000
17 346 229 195 0 2000
23 10 384 15 0 2000
376 387 113 272 0 2000
29 11 83 316 0 2000
3 33 47 352 0 2000
367 369 362 5 0 2000
163 261 448 172 0 2000
9 14 151 248 0 2000
284 113 408 366 0 2000
429 333 75 318 0 2000
461 341 174 423 0 2000
214 300 393 101 0 2000
444 112 253 294 0 2000
90 287 450 270 0 2000
162 221 403 103 0 2000
15 8 105 294 0 2000
216 158 1 317 0 2000
17 4 272 127 0 2000
291 462 468 280 0 2000
79 350 244 146 0 2000
37 365 260 222 0 2000
187 260 463 173 0 2000
12 13 26 373 0 2000
1 24 232 167 0 2000
144 377 432 463 0 2000
161 268 488 226 0 2000
405 371 211 192 0 2000
2 26 196 203 0 2000
130 132 299 326 0 2000
15 10 318 81 0 2000
291 110 444 331 0 2000
335 38 206 282 0 2000
19 14 352 47 0 2000
12 13 199 200 0 2000
68 361 218 148 0 2000
4 17 9 390 0 2000
243 184 452 346 0 2000
361 73 212 290 0 2000
329 76 14 124 0 2000
58 265 209 38 0 2000
253 464 338 175 0 2000
497 314 138 307 0 2000
261 159 238 499 0 2000
369 162 186 355 0 2000
127 251 423 333 0 2000
462 133 229 3 0 2000
383 338 426 3 0 2000
202 235 371 432 0 2000
413 456 143 360 0 2000
325 367 446 110 0 2000
187 224 417 357 0 2000
237 169 170 480 0 2000
90 346 28 32 0 2000
166 270 472 335 0 2000
460 129 411 456 0 2000
112 103 161 413 0 2000
22 346 343 384 0 2000
1 32 247 152 0 2000
376 79 391 440 0 2000
350 51 1 61 0 2000
280 118 456 316 0 2000
442 364 111 396 0 2000
162 105 32 348 0 2000
276 119 249 465 0 2000
37 3 292 107 0 2000
29 11 56 343 0 2000
368 402 129 270 0 2000
293 95 396 365 0 2000
317 425 32 337 0 2000
311 82 245 387 0 2000
257 157 349 439 0 2000
138 240 431 160 0 2000
385 8 306 305 0 2000
305 334 358 21 0 2000
356 409 341 46 0 2000
370 95 71 167 0 2000
488 202 206 121 0 2000
362 175 267 456 0 2000
38 80 382 95 0 2000
351 260 28 217 0 2000
7 26 359 40 0 2000
19 347 240 492 0 2000
213 291 296 15 0 2000
32 4 193 206 0 2000
273 103 289 463 0 2000
8 20 309 90 0 2000
58 56 346 141 0 2000
26 340 82 27 0 2000
8 15 220 179 0 2000
60 392 398 428 0 2000
62 345 392 302 0 2000
37 410 59 61 0 2000
5 18 146 253 0 2000
357 42 51 107 0 2000
92 283 253 495 0 2000
284 442 13 350 0 2000
276 251 498 403 0 2000
38 2 243 156 0 2000
189 43 13 241 0 2000
23 2 330 69 0 2000
7 15 188 211 0 2000
366 241 55 176 0 2000
11 10 173 226 0 2000
214 60 383 268 0 2000
204 172 62 393 0 2000
72 363 310 494 0 2000
358 471 197 258 0 2000
24 16 280 119 0 2000
237 105 430 290 0 2000
247 27 111 269 0 2000
381 310 114 208 0 2000
111 190 304 5 0 2000
370 359 442 57 0 2000
144 182 267 436 0 2000
2 26 51 348 0 2000
335 31 84 146 0 2000
434 93 198 228 0 2000
335 125 396 423 0 2000
441 208 264 409 0 2000
103 317 402 238 0 2000
334 59 298 386 0 2000
124 208 426 147 0 2000
25 5 352 47 0 2000
122 440 438 397 0 2000
361 441 165 274 0 2000
0 26 341 58 0 2000
86 256 235 484 0 2000
46 367 53 11 0 2000
429 2 318 250 0 2000
80 465 89 101 0 2000
14 22 101 298 0 2000
26 4 287 112 0 2000
147 364 75 59 0 2000
11 15 205 194 0 2000
205 173 85 429 0 2000
92 331 165 27 0 2000
396 24 260 265 0 2000
16 5 3 370 0 2000
11 398 244 254 0 2000
2 38 213 186 0 2000
182 219 491 283 0 2000
242 155 381 385 0 2000
421 168 227 337 0 2000
206 216 111 497 0 2000
145 275 7 42 0 2000
0 30 60 339 0 2000
153 254 452 182 0 2000
452 249 160 331 0 2000
228 176 87 409 0 2000
350 71 131 229 0 2000
417 169 174 295 0 2000
276 295 172 28 0 2000
175 250 355 57 0 2000
19 2 354 45 0 2000
401 46 92 100 0 2000
327 64 113 221 0 2000
262 5 256 373 0 2000
338 48 462 302 0 2000
397 14 445 337 0 2000
208 189 30 384 0 2000
200 102 175 446 0 2000
353 498 74 401 0 2000
441 67 171 170 0 2000
44 47 180 284 0 2000
118 337 372 452 0 2000
461 64 335 301 0 2000
12 24 298 101 0 2000
476 318 107 326 0 2000
92 474 274 283 0 2000
288 464 57 326 0 2000
275 205 379 470 0 2000
8 354 186 154 0 2000
14 8 42 357 0 2000
242 498 91 286 0 2000
338 473 426 185 0 2000
12 21 288 111 0 2000
12 28 289 110 0 2000
104 297 382 390 0 2000
23 383 342 324 0 2000
267 459 371 190 0 2000
298 118 99 295 0 2000
142 184 339 12 0 2000
364 68 142 212 0 2000
59 97 372 147 0 2000
189 240 344 456 0 2000
211 189 465 69 0 2000
131 294 37 15 0 2000
37 404 229 218 0 2000
286 89 158 334 0 2000
36 426 347 478 0 2000
481 346 125 353 0 2000
19 6 342 57 0 2000
16 14 110 289 0 2000
155 222 402 92 0 2000
235 142 432 322 0 2000
118 45 334 188 0 2000
16 5 123 276 0 2000
26 7 339 60 0 2000
269 478 247 123 0 2000
296 78 142 298 0 2000
347 138 364 499 0 2000
371 290 85 210 0 2000
34 383 39 11 0 2000
36 194 151 455 0 2000
7 257 256 381 0 2000
150 225 268 478 0 2000
144 247 391 373 0 2000
203 221 353 447 0 2000
216 213 351 447 0 2000
367 456 230 219 0 2000
381 41 462 336 0 2000
461 325 263 154 0 2000
11 11 72 327 0 2000
432 389 237 208 0 2000
12 18 35 364 0 2000
143 379 437 314 0 2000
68 459 251 283 0 2000
99 267 370 370 0 2000
168 233 2 440 0 2000
321 87 297 429 0 2000
101 236 419 180 0 2000
17 9 81 318 0 2000
411 374 299 108 0 2000
380 357 156 215 0 2000
242 150 87 371 0 2000
30 10 132 267 0 2000
17 16 146 253 0 2000
130 394 307 212 0 2000
141 244 354 86 0 2000
413 370 156 249 0 2000
378 290 487 23 0 2000
238 294 425 122 0 2000
24 6 184 215 0 2000
316 79 132 272 0 2000
418 324 494 31 0 2000
363 50 270 326 0 2000
410 350 99 292 0 2000
347 256 8 219 0 2000
89 288 260 494 0 2000
121 218 420 288 0 2000
163 210 347 399 0 2000
11 14 184 215 0 2000
345 127 4 159 0 2000
325 52 211 315 0 2000
196 458 480 376 0 2000
31 9 118 281 0 2000
262 171 402 390 0 2000
332 27 86 140 0 2000
387 331 106 413 0 2000
3 25 96 303 0 2000
12 16 138 261 0 2000
121 279 434 335 0 2000
333 102 38 34 0 2000
318 386 321 26 0 2000
2 21 364 35 0 2000
13 15 290 109 0 2000
222 104 328 369 0 2000
6 20 160 239 0 2000
340 282 24 343 0 2000
126 252 309 57 0 2000
2 26 315 84 0 2000
234 187 108 438 0 2000
198 292 396 113 0 2000
99 260 295 423 0 2000
398 426 124 327 0 2000
192 361 441 481 0 2000
383 2 65 50 0 2000
314 56 322 414 0 2000
167 254 433 143 0 2000
371 429 367 62 0 2000
359 308 478 51 0 2000
341 257 41 184 0 2000
24 4 233 166 0 2000
230 143 383 363 0 2000
391 343 129 452 0 2000
294 83 28 190 0 2000
14 26 315 84 0 2000
271 124 153 380 0 2000
49 383 154 122 0 2000
263 157 486 14 0 2000
5 17 361 38 0 2000
268 151 284 494 0 2000
11 19 281 118 0 2000
385 314 225 97 0 2000
481 323 154 273 0 2000
115 408 426 473 0 2000
124 273 321 107 0 2000
22 1 14 369 0 2000
15 11 180 219 0 2000
118 473 469 481 0 2000
24 1 79 320 0 2000
3 107 208 275 0 2000
373 301 72 363 0 2000
343 158 174 365 0 2000
36 474 278 353 0 2000
71 332 231 115 0 2000
210 181 260 494 0 2000
11 11 110 289 0 2000
176 264 436 147 0 2000
220 157 67 381 0 2000
135 50 106 380 0 2000
310 397 83 250 0 2000
135 236 457 285 0 2000
130 246 387 365 0 2000
413 468 201 311 0 2000
305 416 314 59 0 2000
50 24 345 98 0 2000
191 294 498 225 0 2000
246 5 192 329 0 2000
138 58 55 348 0 2000
127 269 367 395 0 2000
296 319 92 474 0 2000
321 49 15 116 0 2000
428 224 219 388 0 2000
23 10 308 91 0 2000
1 20 249 150 0 2000
295 46 472 245 0 2000
310 83 450 320 0 2000
131 124 311 313 0 2000
27 13 240 159 0 2000
91 45 402 97 0 2000
433 355 490 35 0 2000
26 10 373 26 0 2000
337 56 373 393 0 2000
443 231 331 496 0 2000
474 228 174 287 0 2000
213 164 256 498 0 2000
17 6 87 312 0 2000
406 260 233 57 0 2000
163 230 289 467 0 2000
226 289 75 63 0 2000
376 444 98 363 0 2000
32 1 154 245 0 2000
329 73 152 273 0 2000
319 147 345 498 0 2000
61 323 314 448 0 2000
311 20 100 185 0 2000
133 476 392 372 0 2000
144 117 152 468 0 2000
171 489 475 417 0 2000
9 12 82 317 0 2000
43 322 306 418 0 2000
316 465 151 264 0 2000
234 193 452 346 0 2000
313 266 83 395 0 2000
359 397 103 294 0 2000
218 162 12 325 0 2000
14 9 93 306 0 2000
126 313 416 244 0 2000
153 69 124 399 0 2000
65 469 140 173 0 2000
171 100 291 356 0 2000
311 463 4 393 0 2000
232 214 499 323 0 2000
5 18 74 325 0 2000
437 412 257 219 0 2000
92 452 397 391 0 2000
216 319 415 152 0 2000
461 261 132 227 0 2000
395 63 214 260 0 2000
253 332 2 454 0 2000
3 33 155 244 0 2000
11 8 173 212 0 2000
96 285 398 346 0 2000
0 28 272 127 0 2000
360 410 212 189 0 2000
109 318 285 121 0 2000
18 474 332 417 0 2000
9 21 31 368 0 2000
431 360 334 83 0 2000
251 360 441 177 0 2000
35 362 390 358 0 2000
384 35 35 45 0 2000
447 290 155 206 0 2000
415 352 269 124 0 2000
428 199 355 497 0 2000
358 161 283 462 0 2000
18 451 13 93 0 2000
362 352 79 264 0 2000
347 384 108 257 0 2000
149 270 6 50 0 2000
10 12 196 203 0 2000
257 139 178 426 0 2000
301 425 107 250 0 2000
332 84 357 435 0 2000
19 7 313 86 0 2000
347 475 457 214 0 2000
1 27 209 190 0 2000
308 226 107 58 0 2000
225 176 159 487 0 2000
205 77 133 364 0 2000
264 158 29 17 0 2000
188 227 366 32 0 2000
348 28 150 206 0 2000
21 1 333 66 0 2000
35 1 91 308 0 2000
18 5 310 89 0 2000
354 44 43 106 0 2000
143 202 292 426 0 2000
134 345 9 93 0 2000
166 327 491 375 0 2000
146 323 36 67 0 2000
260 470 96 265 0 2000
174 82 465 10 0 2000
173 365 142 27 0 2000
237 466 333 186 0 2000
484 330 177 382 0 2000
266 219 7 102 0 2000
319 55 325 423 0 2000
2 23 264 135 0 2000
45 155 112 451 0 2000
453 118 210 253 0 2000
310 129 413 385 0 2000
204 172 306 446 0 2000
7 106 24 463 0 2000
366 404 79 320 0 2000
405 118 106 185 0 2000
373 222 220 447 0 2000
286 497 390 223 0 2000
464 138 456 489 0 2000
4 36 311 88 0 2000
254 415 59 236 0 2000
146 386 266 143 0 2000
264 304 463 132 0 2000
323 127 132 314 0 2000
185 230 68 476 0 2000
351 10 58 88 0 2000
257 163 455 343 0 2000
338 86 469 329 0 2000
285 433 489 274 0 2000
18 5 142 257 0 2000
166 256 355 69 0 2000
113 277 473 266 0 2000
5 21 151 248 0 2000
91 277 367 187 0 2000
264 292 86 111 0 2000
336 404 348 39 0 2000
456 252 271 438 0 2000
187 233 70 492 0 2000
23 10 251 148 0 2000
303 136 229 421 0 2000
208 232 438 379 0 2000
93 281 279 469 0 2000
324 103 52 4 0 2000
59 29 132 322 0 2000
5 479 349 457 0 2000
351 434 15 472 0 2000
342 81 66 174 0 2000
279 270 7 361 0 2000
54 322 408 334 0 2000
401 414 234 210 0 2000
269 211 438 17 0 2000
259 474 429 268 0 2000
391 379 397 14 0 2000
256 148 207 477 0 2000
225 381 230 17 0 2000
15 15 238 161 0 2000
227 209 380 425 0 2000
99 296 195 15 0 2000
342 80 68 179 0 2000
24 381 119 113 0 2000
294 23 296 392 0 2000
163 214 465 147 0 2000
149 229 409 111 0 2000
277 497 310 167 0 2000
22 18 288 111 0 2000
12 18 269 130 0 2000
10 20 257 142 0 2000
350 275 63 203 0 2000
432 353 232 190 0 2000
104 380 474 379 0 2000
126 116 445 62 0 2000
7 19 56 343 0 2000
167 193 428 306 0 2000
195 95 333 328 0 2000
345 349 104 224 0 2000
90 240 419 280 0 2000
378 395 99 300 0 2000
445 186 204 50 0 2000
36 349 375 317 0 2000
416 418 494 137 0 2000
165 229 358 56 0 2000
298 131 338 460 0 2000
188 247 16 56 0 2000
237 369 314 80 0 2000
45 304 336 386 0 2000
109 0 451 36 0 2000
6 19 338 61 0 2000
203 224 95 479 0 2000
466 168 357 433 0 2000
376 31 30 6 0 2000
232 169 451 11 0 2000
24 16 261 138 0 2000
78 164 363 256 0 2000
223 198 12 46 0 2000
387 396 156 249 0 2000
225 144 60 355 0 2000
132 290 270 52 0 2000
352 63 18 23 0 2000
332 458 10 499 0 2000
453 293 149 366 0 2000
232 137 21 295 0 2000
390 151 150 25 0 2000
240 466 287 142 0 2000
391 101 282 358 0 2000
18 4 245 154 0 2000
332 218 97 77 0 2000
132 375 28 102 0 2000
181 100 399 258 0 2000
12 19 266 143 0 2000
1 27 209 190 0 2000
244 448 142 179 0 2000
5 20 240 159 0 2000
238 139 273 481 0 2000
96 194 345 322 0 2000
65 303 224 89 0 2000
89 71 300 236 0 2000
297 426 139 208 0 2000
427 357 144 264 0 2000
66 15 407 40 0 2000
308 302 204 33 0 2000
9 12 381 6 0 2000
142 169 432 248 0 2000
66 287 282 447 0 2000
19 11 340 59 0 2000
71 37 264 207 0 2000
191 454 259 148 0 2000
9 14 167 232 0 2000
3 363 17 3 0 2000
65 448 258 263 0 2000
152 147 315 355 0 2000
227 193 381 417 0 2000
245 474 30 323 0 2000
338 296 458 43 0 2000
2 12 336 41 0 2000
25 15 126 273 0 2000
334 438 269 134 0 2000
12 14 354 45 0 2000
18 22 353 46 0 2000
319 179 136 365 0 2000
133 303 341 135 0 2000
12 18 335 64 0 2000
21 345 346 304 0 2000
23 5 307 92 0 2000
243 13 244 390 0 2000
184 275 347 486 0 2000
210 416 440 269 0 2000
71 375 385 320 0 2000
325 481 106 326 0 2000
353 130 283 429 0 2000
152 419 22 175 0 2000
345 90 321 429 0 2000
188 234 492 306 0 2000
215 211 454 76 0 2000
394 179 183 337 0 2000
128 355 478 346 0 2000
459 38 437 382 0 2000
68 303 354 226 0 2000
167 107 450 17 0 2000
245 134 68 326 0 2000
108 281 406 349 0 2000
186 230 333 14 0 2000
435 293 156 377 0 2000
167 277 438 372 0 2000
23 10 337 62 0 2000
366 48 447 340 0 2000
188 429 372 239 0 2000
17 5 228 171 0 2000
350 391 14 364 0 2000
496 296 286 459 0 2000
290 47 265 399 0 2000
96 182 15 472 0 2000
248 214 389 436 0 2000
347 88 140 244 0 2000
315 87 288 433 0 2000
253 311 112 78 0 2000
317 411 0 453 0 2000
67 312 320 436 0 2000
214 149 229 497 0 2000
276 174 452 369 0 2000
384 48 163 193 0 2000
50 211 225 414 0 2000
13 9 288 111 0 2000
1 25 262 137 0 2000
43 381 138 102 0 2000
400 391 158 259 0 2000
403 397 312 115 0 2000
3 22 141 258 0 2000
17 13 154 245 0 2000
455 237 327 6 0 2000
22 11 267 132 0 2000
339 229 38 294 0 2000
20 1 216 183 0 2000
338 39 63 137 0 2000
428 374 66 373 0 2000
116 38 312 211 0 2000
4 17 58 341 0 2000
19 11 136 263 0 2000
180 112 261 402 0 2000
269 420 30 293 0 2000
292 472 54 341 0 2000
475 195 289 15 0 2000
118 326 255 92 0 2000
14 26 287 112 0 2000
197 242 364 434 0 2000
210 208 12 40 0 2000
383 413 411 78 0 2000
290 405 4 315 0 2000
123 257 410 336 0 2000
352 401 293 86 0 2000
44 362 397 337 0 2000
156 190 308 414 0 2000
33 7 253 146 0 2000
430 208 177 333 0 2000
0 364 121 111 0 2000
46 332 330 239 0 2000
267 150 366 428 0 2000
20 1 395 4 0 2000
174 203 264 490 0 2000
293 129 36 20 0 2000
184 224 79 478 0 2000
59 370 326 268 0 2000
49 372 340 294 0 2000
329 474 113 324 0 2000
31 479 153 235 0 2000
421 355 82 325 0 2000
20 357 328 292 0 2000
175 194 478 138 0 2000
9 24 204 195 0 2000
124 137 479 156 0 2000
130 421 347 264 0 2000
426 177 236 1 0 2000
431 294 315 39 0 2000
200 433 492 352 0 2000
328 349 75 236 0 2000
139 474 419 381 0 2000
186 44 453 148 0 2000
13 17 90 309 0 2000
27 1 279 120 0 2000
5 23 249 150 0 2000
419 261 90 216 0 2000
381 39 240 274 0 2000
96 293 203 23 0 2000
325 69 314 429 0 2000
297 132 84 288 0 2000
184 175 458 260 0 2000
241 176 108 412 0 2000
23 3 153 246 0 2000
134 249 262 6 0 2000
480 150 140 131 0 2000
8 365 96 80 0 2000
175 139 42 375 0 2000
407 367 313 84 0 2000
267 146 57 313 0 2000
111 376 292 180 0 2000
342 211 30 160 0 2000
2 26 352 5 0 2000
5 20 301 98 0 2000
4 24 370 29 0 2000
283 204 455 13 0 2000
213 399 448 260 0 2000
28 28 72 361 0 2000
367 446 133 304 0 2000
393 270 277 13 0 2000
119 219 397 304 0 2000
308 112 38 218 0 2000
475 30 269 202 0 2000
415 198 116 123 0 2000
255 39 174 324 0 2000
76 254 434 269 0 2000
212 154 325 407 0 2000
14 26 148 251 0 2000
218 378 493 276 0 2000
442 494 215 347 0 2000
19 7 292 107 0 2000
324 74 92 220 0 2000
25 15 147 252 0 2000
298 79 434 320 0 2000
75 193 285 34 0 2000
289 487 73 334 0 2000
80 334 338 452 0 2000
224 304 373 84 0 2000
0 40 259 140 0 2000
364 23 276 306 0 2000
158 205 472 254 0 2000
490 307 223 414 0 2000
109 486 12 207 0 2000
281 144 241 473 0 2000
31 375 179 145 0 2000
10 389 115 118 0 2000
248 195 404 398 0 2000
321 287 32 367 0 2000
329 408 171 197 0 2000
20 10 182 217 0 2000
326 423 188 192 0 2000
418 135 230 321 0 2000
466 98 136 131 0 2000
237 132 115 373 0 2000
18 18 158 241 0 2000
228 131 44 310 0 2000
162 223 11 441 0 2000
138 45 22 300 0 2000
357 428 171 241 0 2000
310 173 398 463 0 2000
16 24 1 368 0 2000
238 189 116 438 0 2000
72 121 370 53 0 2000
131 275 267 52 0 2000
280 243 407 492 0 2000
340 350 394 27 0 2000
365 291 199 98 0 2000
12 14 154 245 0 2000
326 66 181 297 0 2000
437 269 140 189 0 2000
17 5 50 349 0 2000
135 294 326 472 0 2000
347 431 448 163 0 2000
137 297 461 349 0 2000
424 197 107 141 0 2000
188 181 497 241 0 2000
137 287 5 60 0 2000
102 311 401 233 0 2000
460 171 282 369 0 2000
195 288 307 23 0 2000
212 404 382 201 0 2000
57 126 304 2 0 2000
133 244 396 130 0 2000
13 10 302 97 0 2000
48 321 203 107 0 2000
307 303 172 65 0 2000
39 423 325 333 0 2000
144 228 258 477 0 2000
13 23 67 332 0 2000
415 499 73 465 0 2000
3 20 249 150 0 2000
91 280 359 383 0 2000
10 13 213 186 0 2000
390 381 117 467 0 2000
73 398 323 271 0 2000
181 443 220 108 0 2000
6 30 190 209 0 2000
460 165 355 434 0 2000
120 59 302 251 0 2000
162 219 376 368 0 2000
114 309 32 28 0 2000
409 66 484 362 0 2000
70 415 325 311 0 2000
298 176 462 388 0 2000
74 185 9 493 0 2000
77 339 144 32 0 2000
310 58 358 379 0 2000
454 378 84 377 0 2000
8 17 247 152 0 2000
258 164 17 299 0 2000
391 155 130 42 0 2000
418 338 249 138 0 2000
4 311 101 32 0 2000
1 32 77 322 0 2000
444 402 489 84 0 2000
356 257 61 340 0 2000
458 318 292 106 0 2000
100 122 426 71 0 2000
137 229 35 493 0 2000
265 112 407 333 0 2000
155 247 468 310 0 2000
15 6 45 354 0 2000
79 96 354 199 0 2000
87 266 266 71 0 2000
102 409 389 485 0 2000
201 51 247 374 0 2000
108 56 253 284 0 2000
4 18 108 291 0 2000
10 18 253 146 0 2000
186 191 376 378 0 2000
84 335 286 159 0 2000
408 72 67 37 0 2000
31 311 252 449 0 2000
454 49 326 295 0 2000
305 467 130 269 0 2000
10 13 143 256 0 2000
449 302 219 158 0 2000
472 195 251 340 0 2000
366 51 171 215 0 2000
164 292 454 204 0 2000
81 297 336 420 0 2000
48 351 274 488 0 2000
302 119 265 459 0 2000
4 21 303 96 0 2000
108 380 369 488 0 2000
2 20 341 58 0 2000
61 317 328 426 0 2000
16 9 331 68 0 2000
10 12 360 39 0 2000
277 147 414 387 0 2000
296 446 328 119 0 2000
312 110 5 179 0 2000
10 88 257 214 0 2000
36 72 59 418 0 2000
17 8 222 177 0 2000
105 488 180 187 0 2000
418 282 138 203 0 2000
263 246 40 401 0 2000
32 8 41 358 0 2000
87 136 318 271 0 2000
107 445 273 237 0 2000
308 112 273 455 0 2000
141 194 343 25 0 2000
8 13 288 111 0 2000
242 117 391 327 0 2000
214 181 300 466 0 2000
447 31 375 337 0 2000
291 141 411 380 0 2000
20 13 352 47 0 2000
17 4 170 229 0 2000
115 461 251 224 0 2000
273 166 1 253 0 2000
241 145 436 328 0 2000
359 438 29 399 0 2000
20 1 309 90 0 2000
73 223 290 63 0 2000
316 416 43 318 0 2000
337 112 262 406 0 2000
13 10 147 252 0 2000
62 343 320 462 0 2000
469 227 352 484 0 2000
454 364 140 413 0 2000
111 304 473 305 0 2000
302 356 38 455 0 2000
353 434 386 101 0 2000
322 70 98 217 0 2000
375 443 135 310 0 2000
5 17 239 160 0 2000
2 21 372 27 0 2000
81 478 192 215 0 2000
278 392 107 187 0 2000
44 227 211 429 0 2000
437 268 112 215 0 2000
116 188 273 409 0 2000
5 16 270 129 0 2000
325 248 59 137 0 2000
117 34 388 141 0 2000
374 392 197 198 0 2000
5 16 363 36 0 2000
185 184 429 59 0 2000
111 222 406 144 0 2000
18 18 54 345 0 2000
496 277 290 105 0 2000
304 69 17 155 0 2000
467 186 410 498 0 2000
7 14 320 79 0 2000
123 179 387 289 0 2000
455 215 215 338 0 2000
3 19 96 303 0 2000
7 18 114 285 0 2000
246 117 61 295 0 2000
339 27 219 273 0 2000
209 188 12 12 0 2000
13 15 222 177 0 2000
10 23 317 82 0 2000
324 72 377 393 0 2000
120 442 457 482 0 2000
4 24 313 86 0 2000
167 14 371 186 0 2000
201 172 449 298 0 2000
182 104 67 366 0 2000
48 362 2 32 0 2000
315 492 359 170 0 2000
39 1 177 222 0 2000
44 178 113 482 0 2000
88 341 434 364 0 2000
16 366 371 389 0 2000
488 322 324 127 0 2000
44 359 167 109 0 2000
145 275 289 41 0 2000
426 342 484 31 0 2000
452 297 332 40 0 2000
178 224 478 148 0 2000
2 23 24 375 0 2000
408 35 290 294 0 2000
445 149 110 173 0 2000
382 348 212 152 0 2000
231 169 448 23 0 2000
429 293 146 199 0 2000
70 119 171 392 0 2000
93 332 167 47 0 2000
38 206 154 449 0 2000
379 21 10 30 0 2000
264 113 90 316 0 2000
260 204 79 14 0 2000
44 325 108 26 0 2000
200 181 344 415 0 2000
4 26 176 223 0 2000
19 2 333 66 0 2000
18 8 133 266 0 2000
355 22 120 164 0 2000
252 449 89 236 0 2000
428 298 117 350 0 2000
50 0 189 234 0 2000
140 255 295 466 0 2000
288 436 441 218 0 2000
109 487 313 315 0 2000
47 113 374 149 0 2000
170 492 343 292 0 2000
294 77 414 328 0 2000
354 470 184 271 0 2000
22 1 310 89 0 2000
39 393 378 420 0 2000
73 296 284 454 0 2000
288 336 408 79 0 2000
292 436 187 178 0 2000
111 418 475 406 0 2000
456 54 248 223 0 2000
244 186 31 339 0 2000
151 281 392 406 0 2000
405 32 116 114 0 2000
144 383 70 88 0 2000
345 409 359 46 0 2000
34 6 174 225 0 2000
149 233 419 329 0 2000
419 303 49 300 0 2000
453 311 280 106 0 2000
450 280 127 330 0 2000
147 325 353 168 0 2000
19 33 170 259 0 2000
262 119 271 473 0 2000
1 32 224 175 0 2000
338 39 215 293 0 2000
246 179 107 413 0 2000
6 30 115 284 0 2000
413 185 256 387 0 2000
335 126 281 448 0 2000
68 367 317 253 0 2000
61 333 342 411 0 2000
31 17 143 264 0 2000
19 17 362 37 0 2000
301 322 474 136 0 2000
442 135 228 287 0 2000
187 347 144 19 0 2000
71 302 323 185 0 2000
187 224 359 22 0 2000
296 75 432 310 0 2000
140 85 94 412 0 2000
26 10 224 175 0 2000
17 6 235 164 0 2000
157 214 33 461 0 2000
154 473 50 203 0 2000
3 37 17 382 0 2000
413 38 138 132 0 2000
349 22 383 359 0 2000
46 33 131 326 0 2000
364 455 420 133 0 2000
376 204 11 196 0 2000
17 9 63 336 0 2000
117 201 208 473 0 2000
235 423 499 314 0 2000
432 294 182 403 0 2000
214 452 460 327 0 2000
442 261 225 420 0 2000
0 33 320 79 0 2000
82 49 171 338 0 2000
41 367 16 29 0 2000
4 18 222 177 0 2000
34 15 393 30 0 2000
318 16 2 63 0 2000
419 185 194 36 0 2000
110 277 447 299 0 2000
190 493 410 340 0 2000
259 219 416 7 0 2000
402 23 103 97 0 2000
415 308 50 319 0 2000
292 124 421 369 0 2000
9 14 70 329 0 2000
304 121 171 361 0 2000
316 478 377 166 0 2000
206 365 296 79 0 2000
242 183 125 439 0 2000
68 140 293 288 0 2000
450 123 98 104 0 2000
8 14 320 79 0 2000
99 220 442 187 0 2000
70 303 268 474 0 2000
374 22 256 270 0 2000
7 15 266 133 0 2000
50 120 382 166 0 2000
411 24 477 321 0 2000
397 207 127 315 0 2000
394 89 58 129 0 2000
365 60 217 285 0 2000
274 102 408 344 0 2000
46 201 277 336 0 2000
2 21 359 2 0 2000
461 389 174 302 0 2000
19 4 35 364 0 2000
5 25 232 167 0 2000
421 387 366 69 0 2000
10 23 108 291 0 2000
53 193 251 358 0 2000
170 393 409 258 0 2000
230 152 410 348 0 2000
97 41 240 261 0 2000
142 464 413 357 0 2000
210 122 146 427 0 2000
84 402 337 296 0 2000
8 13 151 248 0 2000
309 411 128 219 0 2000
307 300 451 75 0 2000
387 92 97 9 0 2000
20 1 363 36 0 2000
357 51 126 198 0 2000
463 223 324 461 0 2000
381 429 93 358 0 2000
4 18 310 89 0 2000
21 9 287 112 0 2000
155 182 478 222 0 2000
263 460 256 89 0 2000
362 97 222 333 0 2000
266 407 246 51 0 2000
434 313 301 70 0 2000
395 426 437 92 0 2000
314 118 250 413 0 2000
84 291 368 385 0 2000
493 418 393 149 0 2000
14 9 30 369 0 2000
409 122 310 401 0 2000
189 231 336 462 0 2000
102 273 8 8 0 2000
26 7 145 254 0 2000
1 20 247 152 0 2000
268 148 10 264 0 2000
412 236 191 88 0 2000
74 110 234 321 0 2000
288 90 178 358 0 2000
104 155 136 482 0 2000
132 324 253 67 0 2000
13 10 173 226 0 2000
407 272 197 109 0 2000
411 123 217 288 0 2000
4 24 204 195 0 2000
198 374 423 225 0 2000
497 243 172 291 0 2000
159 79 496 113 0 2000
163 97 421 212 0 2000
8 66 53 390 0 2000
334 406 79 292 0 2000
225 384 499 469 0 2000
68 177 415 196 0 2000
347 78 104 208 0 2000
24 1 126 273 0 2000
13 10 56 343 0 2000
342 414 494 195 0 2000
186 480 495 415 0 2000
25 72 277 183 0 2000
14 19 238 161 0 2000
21 381 54 36 0 2000
178 472 436 371 0 2000
6 17 162 237 0 2000
216 156 153 452 0 2000
342 45 296 372 0 2000
136 248 498 264 0 2000
324 98 143 293 0 2000
198 480 74 228 0 2000
290 482 84 311 0 2000
196 199 50 430 0 2000
345 80 101 209 0 2000
426 279 180 409 0 2000
136 91 471 60 0 2000
85 206 386 276 0 2000
60 304 281 152 0 2000
77 359 122 27 0 2000
325 60 145 253 0 2000
3 19 118 281 0 2000
496 367 232 255 0 2000
340 248 119 400 0 2000
104 72 349 186 0 2000
42 252 202 451 0 2000
229 206 32 40 0 2000
360 354 412 33 0 2000
29 1 89 310 0 2000
93 328 287 145 0 2000
348 23 16 62 0 2000
19 10 211 194 0 2000
361 92 132 226 0 2000
181 236 37 463 0 2000
280 159 151 401 0 2000
78 398 232 175 0 2000
8 25 343 56 0 2000
7 26 292 107 0 2000
37 423 91 118 0 2000
333 77 9 35 0 2000
412 346 94 290 0 2000
474 127 121 148 0 2000
16 7 130 269 0 2000
202 215 340 450 0 2000
354 296 479 62 0 2000
121 70 288 281 0 2000
32 63 171 302 0 2000
137 293 488 271 0 2000
491 272 345 44 0 2000
133 251 414 348 0 2000
190 270 444 150 0 2000
9 31 184 215 0 2000
33 7 109 290 0 2000
313 464 5 396 0 2000
244 86 32 247 0 2000
282 210 71 62 0 2000
323 473 74 351 0 2000
5 17 306 93 0 2000
342 17 16 62 0 2000
96 150 62 485 0 2000
304 499 391 212 0 2000
178 246 426 372 0 2000
482 475 493 110 0 2000
1 24 59 340 0 2000
366 279 198 73 0 2000
244 180 47 357 0 2000
217 246 22 422 0 2000
186 220 441 339 0 2000
349 185 152 9 0 2000
251 159 153 430 0 2000
334 442 191 214 0 2000
96 319 246 92 0 2000
135 285 367 431 0 2000
3 27 369 24 0 2000
82 337 343 453 0 2000
344 16 74 115 0 2000
319 105 348 450 0 2000
33 51 344 117 0 2000
317 416 39 335 0 2000
414 25 181 155 0 2000
128 261 474 236 0 2000
385 24 109 121 0 2000
155 115 400 241 0 2000
41 372 325 459 0 2000
16 14 88 311 0 2000
11 12 91 308 0 2000
11 10 126 273 0 2000
3 30 137 262 0 2000
12 14 305 94 0 2000
157 175 308 398 0 2000
424 386 290 143 0 2000
98 123 352 1 0 2000
259 368 477 212 0 2000
145 279 415 175 0 2000
234 125 153 403 0 2000
432 165 196 38 0 2000
349 117 210 341 0 2000
328 55 199 304 0 2000
226 207 469 73 0 2000
206 332 413 163 0 2000
18 8 151 248 0 2000
248 129 10 268 0 2000
285 103 316 446 0 2000
449 482 369 193 0 2000
13 254 325 320 0 2000
83 405 165 111 0 2000
225 193 380 404 0 2000
460 316 314 89 0 2000
1 39 112 287 0 2000
293 307 30 417 0 2000
135 244 340 90 0 2000
110 479 230 233 0 2000
138 301 211 15 0 2000
17 8 52 347 0 2000
392 244 242 25 0 2000
359 68 428 358 0 2000
43 245 393 236 0 2000
473 265 171 193 0 2000
104 335 439 311 0 2000
87 345 274 166 0 2000
399 361 472 63 0 2000
159 244 479 295 0 2000
32 1 390 9 0 2000
254 117 7 1 0 2000
205 186 262 498 0 2000
12 28 367 32 0 2000
295 53 382 344 0 2000
43 323 102 16 0 2000
174 203 37 444 0 2000
300 276 427 27 0 2000
120 289 277 69 0 2000
432 240 215 386 0 2000
128 274 318 88 0 2000
258 468 387 231 0 2000
388 110 170 263 0 2000
457 350 380 61 0 2000
424 148 284 367 0 2000
1 27 312 87 0 2000
274 91 169 352 0 2000
177 176 456 79 0 2000
349 420 171 222 0 2000
187 198 364 16 0 2000
498 258 317 440 0 2000
340 381 156 199 0 2000
453 352 243 186 0 2000
262 167 43 317 0 2000
41 36 189 254 0 2000
375 159 257 400 0 2000
399 363 135 253 0 2000
148 272 445 353 0 2000
270 317 366 44 0 2000
198 306 93 34 0 2000
46 375 240 193 0 2000
5 25 51 348 0 2000
10 15 245 154 0 2000
403 304 176 155 0 2000
447 385 433 40 0 2000
308 441 7 364 0 2000
214 16 347 252 0 2000
368 56 151 213 0 2000
54 238 185 484 0 2000
134 400 381 278 0 2000
16 17 108 291 0 2000
0 36 176 223 0 2000
60 360 27 15 0 2000
321 478 161 264 0 2000
268 162 32 32 0 2000
34 6 308 91 0 2000
14 9 150 249 0 2000
120 93 302 280 0 2000
436 191 368 486 0 2000
202 216 427 65 0 2000
29 7 370 29 0 2000
12 18 316 83 0 2000
465 288 116 278 0 2000
21 7 314 85 0 2000
217 235 332 496 0 2000
332 466 175 254 0 2000
213 467 243 120 0 2000
272 256 446 459 0 2000
5 21 43 356 0 2000
281 319 180 54 0 2000
88 442 230 225 0 2000
160 327 51 60 0 2000
74 249 351 345 0 2000
220 334 142 49 0 2000
323 40 90 170 0 2000
0 40 157 242 0 2000
6 34 228 171 0 2000
6 15 18 381 0 2000
85 165 182 437 0 2000
156 363 83 62 0 2000
8 25 144 255 0 2000
215 45 74 275 0 2000
99 305 308 140 0 2000
453 317 370 23 0 2000
137 222 450 268 0 2000
18 7 129 270 0 2000
152 269 404 144 0 2000
24 354 183 135 0 2000
283 86 200 372 0 2000
99 394 9 118 0 2000
249 150 463 305 0 2000
326 37 46 120 0 2000
160 235 411 109 0 2000
3 37 284 115 0 2000
7 135 58 461 0 2000
203 241 376 40 0 2000
191 463 189 106 0 2000
149 283 259 27 0 2000
285 354 41 483 0 2000
348 380 396 51 0 2000
131 190 295 392 0 2000
266 153 71 331 0 2000
385 429 438 105 0 2000
27 71 262 202 0 2000
397 83 131 194 0 2000
10 12 383 16 0 2000
120 263 344 412 0 2000
14 12 319 80 0 2000
14 16 166 233 0 2000
324 87 221 355 0 2000
42 332 221 137 0 2000
485 261 179 208 0 2000
24 2 140 259 0 2000
243 139 100 374 0 2000
333 36 475 253 0 2000
191 197 77 449 0 2000
141 108 358 267 0 2000
3 20 120 279 0 2000
83 290 358 388 0 2000
7 19 93 306 0 2000
10 16 104 295 0 2000
476 259 334 493 0 2000
281 110 149 355 0 2000
216 176 340 426 0 2000
0 22 114 285 0 2000
203 212 471 107 0 2000
133 285 315 93 0 2000
235 422 148 150 0 2000
351 60 162 248 0 2000
75 44 269 221 0 2000
367 357 254 101 0 2000
5 23 160 239 0 2000
200 45 161 372 0 2000
192 37 359 247 0 2000
22 341 310 256 0 2000
282 161 440 380 0 2000
313 199 166 430 0 2000
105 320 356 198 0 2000
180 230 335 9 0 2000
150 314 463 375 0 2000
96 83 109 429 0 2000
470 182 314 392 0 2000
38 250 378 287 0 2000
113 366 2 101 0 2000
0 21 274 125 0 2000
7 33 139 260 0 2000
5 28 147 252 0 2000
0 26 137 262 0 2000
14 9 386 13 0 2000
496 326 403 48 0 2000
34 189 395 172 0 2000
9 14 332 67 0 2000
9 13 208 191 0 2000
31 2 224 175 0 2000
354 9 36 54 0 2000
218 102 230 466 0 2000
6 22 63 336 0 2000
132 397 95 57 0 2000
10 23 309 90 0 2000
440 35 344 298 0 2000
135 110 472 70 0 2000
452 21 135 73 0 2000
335 38 318 384 0 2000
363 417 87 334 0 2000
31 336 99 45 0 2000
13 10 184 215 0 2000
16 7 117 282 0 2000
67 334 272 170 0 2000
236 489 371 248 0 2000
55 314 122 12 0 2000
5 23 232 167 0 2000
454 202 164 271 0 2000
118 256 339 103 0 2000
79 312 373 387 0 2000
192 429 150 112 0 2000
228 6 440 163 0 2000
148 444 148 73 0 2000
453 369 233 230 0 2000
182 209 415 347 0 2000
14 9 289 110 0 2000
23 2 131 268 0 2000
40 7 82 343 0 2000
4 19 58 341 0 2000
474 321 399 18 0 2000
169 207 499 161 0 2000
322 84 324 456 0 2000
170 322 423 212 0 2000
279 95 102 292 0 2000
188 375 382 193 0 2000
175 144 218 460 0 2000
4 24 154 245 0 2000
77 362 159 85 0 2000
395 91 102 11 0 2000
432 355 96 395 0 2000
308 189 72 324 0 2000
188 196 492 126 0 2000
444 286 227 144 0 2000
273 58 415 285 0 2000
7 26 280 119 0 2000
112 255 294 78 0 2000
0 36 358 31 0 2000
26 2 295 104 0 2000
114 351 397 427 0 2000
126 276 343 120 0 2000
380 440 84 373 0 2000
173 311 15 106 0 2000
389 178 198 364 0 2000
114 86 395 8 0 2000
57 476 364 409 0 2000
138 294 435 225 0 2000
296 440 337 104 0 2000
158 164 493 188 0 2000
2 19 65 334 0 2000
341 381 169 190 0 2000
8 17 228 171 0 2000
269 162 53 2 0 2000
185 218 441 101 0 2000
13 13 121 278 0 2000
19 9 209 190 0 2000
245 198 440 34 0 2000
0 30 230 169 0 2000
7 21 233 166 0 2000
34 332 322 254 0 2000
395 27 212 210 0 2000
13 13 259 140 0 2000
180 234 344 447 0 2000
29 7 350 49 0 2000
203 214 451 85 0 2000
457 58 389 356 0 2000
1 39 128 271 0 2000
471 286 380 8 0 2000
28 5 226 173 0 2000
10 397 321 463 0 2000
409 142 185 294 0 2000
176 453 367 267 0 2000
32 19 198 222 0 2000
20 13 262 137 0 2000
22 351 190 150 0 2000
249 394 154 112 0 2000
109 267 421 331 0 2000
282 497 422 263 0 2000
0 30 199 200 0 2000
92 33 286 215 0 2000
51 314 381 347 0 2000
268 171 6 278 0 2000
325 437 70 315 0 2000
257 143 5 17 0 2000
343 84 204 316 0 2000
5 35 22 377 0 2000
17 16 112 287 0 2000
189 332 120 25 0 2000
225 388 380 177 0 2000
197 290 452 171 0 2000
133 324 477 291 0 2000
308 383 233 95 0 2000
31 2 115 284 0 2000
374 162 30 128 0 2000
498 236 305 402 0 2000
383 391 180 231 0 2000
351 389 176 205 0 2000
13 12 57 342 0 2000
236 469 24 303 0 2000
106 25 334 170 0 2000
291 394 132 180 0 2000
465 33 404 350 0 2000
431 311 170 195 0 2000
35 1 241 158 0 2000
127 111 250 365 0 2000
56 56 205 270 0 2000
58 442 291 297 0 2000
209 213 17 29 0 2000
232 141 426 320 0 2000
19 6 388 11 0 2000
117 312 474 324 0 2000
261 246 74 55 0 2000
424 201 174 329 0 2000
100 321 312 156 0 2000
320 70 318 442 0 2000
292 483 313 130 0 2000
211 219 6 377 0 2000
374 430 303 128 0 2000
158 264 377 107 0 2000
34 395 125 117 0 2000
216 339 160 17 0 2000
25 1 359 40 0 2000
188 420 432 291 0 2000
238 234 11 92 0 2000
395 30 405 393 0 2000
178 244 481 171 0 2000
119 155 162 481 0 2000
283 366 342 52 0 2000
333 436 337 67 0 2000
10 23 319 80 0 2000
26 166 175 380 0 2000
27 1 385 14 0 2000
0 28 295 104 0 2000
420 329 282 101 0 2000
85 282 244 486 0 2000
194 354 67 112 0 2000
151 288 381 417 0 2000
243 451 115 202 0 2000
322 458 70 334 0 2000
298 65 11 141 0 2000
19 2 91 308 0 2000
15 25 7 376 0 2000
120 405 390 301 0 2000
361 469 17 450 0 2000
116 64 213 340 0 2000
423 349 287 122 0 2000
456 368 350 103 0 2000
100 271 415 215 0 2000
11 15 336 63 0 2000
62 85 289 232 0 2000
4 349 150 119 0 2000
362 415 481 168 0 2000
295 109 256 444 0 2000
303 427 245 109 0 2000
272 493 60 327 0 2000
18 22 256 143 0 2000
12 298 354 267 0 2000
9 21 9 390 0 2000
264 20 423 220 0 2000
94 326 212 66 0 2000
155 204 390 65 0 2000
178 214 337 433 0 2000
150 209 266 452 0 2000
185 474 175 110 0 2000
457 357 328 127 0 2000
285 100 124 302 0 2000
258 336 7 454 0 2000
128 366 69 54 0 2000
31 9 345 54 0 2000
127 246 326 72 0 2000
265 130 375 389 0 2000
204 157 371 356 0 2000
455 103 87 100 0 2000
18 18 79 320 0 2000
33 23 380 53 0 2000
91 181 5 469 0 2000
467 434 433 99 0 2000
54 28 202 257 0 2000
16 370 319 297 0 2000
89 152 180 438 0 2000
424 353 160 241 0 2000
354 396 157 220 0 2000
306 15 341 356 0 2000
376 55 286 328 0 2000
268 5 134 237 0 2000
129 364 428 441 0 2000
412 123 201 288 0 2000
83 380 253 177 0 2000
225 366 413 183 0 2000
400 2 42 20 0 2000
236 192 60 382 0 2000
89 289 298 456 0 2000
362 268 79 354 0 2000
11 14 107 292 0 2000
380 404 200 211 0 2000
29 306 292 416 0 2000
105 322 427 273 0 2000
482 441 258 287 0 2000
203 204 348 422 0 2000
28 2 296 103 0 2000
347 349 261 64 0 2000
10 15 360 39 0 2000
72 436 232 225 0 2000
7 33 192 207 0 2000
12 16 201 198 0 2000
165 257 495 211 0 2000
448 364 309 140 0 2000
260 10 229 350 0 2000
143 278 329 465 0 2000
378 43 486 312 0 2000
309 487 91 328 0 2000
363 22 405 343 0 2000
148 99 403 222 0 2000
3 18 302 97 0 2000
267 354 13 239 0 2000
263 257 465 81 0 2000
266 161 1 267 0 2000
142 153 258 411 0 2000
455 273 183 370 0 2000
454 308 114 331 0 2000
416 228 311 499 0 2000
121 306 314 128 0 2000
394 312 57 290 0 2000
7 23 79 320 0 2000
14 12 356 43 0 2000
2 21 302 97 0 2000
429 292 342 5 0 2000
378 388 11 382 0 2000
263 160 439 362 0 2000
388 341 308 45 0 2000
277 432 474 253 0 2000
249 178 52 4 0 2000
362 473 409 142 0 2000
22 14 53 346 0 2000
317 478 425 208 0 2000
258 484 31 338 0 2000
40 351 122 56 0 2000
435 332 275 118 0 2000
19 14 106 293 0 2000
4 22 250 149 0 2000
20 5 256 143 0 2000
276 497 80 327 0 2000
117 314 311 135 0 2000
2 26 327 72 0 2000
292 67 129 263 0 2000
95 446 201 175 0 2000
125 248 431 181 0 2000
110 297 311 129 0 2000
18 22 106 293 0 2000
8 14 383 12 0 2000
0 28 59 340 0 2000
462 272 180 183 0 2000
312 227 150 16 0 2000
19 9 196 203 0 2000
376 397 285 110 0 2000
363 3 368 364 0 2000
351 461 318 125 0 2000
323 111 17 181 0 2000
9 16 373 26 0 2000
12 11 83 316 0 2000
25 15 212 187 0 2000
43 492 228 311 0 2000
352 60 54 139 0 2000
430 53 362 361 0 2000
340 29 113 179 0 2000
3 22 335 64 0 2000
349 122 190 329 0 2000
411 367 175 226 0 2000
448 321 217 464 0 2000
385 54 228 256 0 2000
204 396 334 149 0 2000
72 143 153 431 0 2000
183 299 369 491 0 2000
13 17 71 328 0 2000
361 326 41 280 0 2000
19 3 72 327 0 2000
8 17 230 169 0 2000
16 7 29 370 0 2000
7 29 211 188 0 2000
265 295 452 109 0 2000
22 11 63 336 0 2000
21 4 61 338 0 2000
184 375 490 305 0 2000
157 272 35 25 0 2000
21 371 162 134 0 2000
116 297 354 158 0 2000
240 230 126 494 0 2000
36 386 275 249 0 2000
16 20 36 363 0 2000
9 24 161 238 0 2000
473 284 156 227 0 2000
179 358 441 470 0 2000
405 42 308 316 0 2000
18 8 28 371 0 2000
76 327 321 209 0 2000
35 56 150 319 0 2000
213 292 373 498 0 2000
197 198 37 407 0 2000
434 310 242 491 0 2000
166 258 24 490 0 2000
452 278 103 295 0 2000
442 49 139 122 0 2000
474 53 152 108 0 2000
15 13 280 119 0 2000
193 176 491 105 0 2000
2 23 288 111 0 2000
331 142 205 385 0 2000
280 192 45 328 0 2000
27 6 215 184 0 2000
219 175 478 290 0 2000
247 290 409 75 0 2000
108 258 289 443 0 2000
76 424 355 330 0 2000
109 98 322 261 0 2000
271 296 490 156 0 2000
86 336 389 265 0 2000
253 90 468 249 0 2000
498 230 233 342 0 2000
6 27 316 83 0 2000
279 485 177 228 0 2000
143 422 139 55 0 2000
325 120 42 30 0 2000
37 113 197 324 0 2000
9 14 22 377 0 2000
362 23 336 368 0 2000
13 13 382 9 0 2000
2 19 222 177 0 2000
234 152 177 472 0 2000
170 312 462 379 0 2000
134 254 376 386 0 2000
19 4 70 329 0 2000
75 337 258 144 0 2000
15 324 370 320 0 2000
25 11 381 4 0 2000
422 50 278 272 0 2000
10 15 120 279 0 2000
470 315 336 78 0 2000
72 347 330 234 0 2000
459 261 200 375 0 2000
401 93 169 232 0 2000
262 327 399 90 0 2000
51 1 242 176 0 2000
117 250 422 321 0 2000
475 283 179 346 0 2000
2 26 210 189 0 2000
408 115 394 467 0 2000
468 306 253 152 0 2000
61 459 291 323 0 2000
357 68 0 84 0 2000
229 285 360 43 0 2000
95 281 463 289 0 2000
371 96 223 307 0 2000
30 433 194 231 0 2000
245 153 282 494 0 2000
60 335 227 139 0 2000
162 165 65 444 0 2000
282 129 99 320 0 2000
185 114 145 440 0 2000
168 44 495 90 0 2000
264 77 184 370 0 2000
270 152 407 391 0 2000
135 236 372 110 0 2000
328 251 476 25 0 2000
371 166 80 241 0 2000
289 481 220 181 0 2000
256 185 490 43 0 2000
417 347 162 229 0 2000
12 16 226 173 0 2000
24 4 244 155 0 2000
227 357 103 122 0 2000
104 211 330 63 0 2000
20 365 87 73 0 2000
467 326 212 445 0 2000
107 189 265 402 0 2000
220 202 456 62 0 2000
282 117 57 265 0 2000
334 90 146 276 0 2000
99 485 115 138 0 2000
42 174 144 435 0 2000
307 71 64 206 0 2000
10 13 252 147 0 2000
103 99 189 384 0 2000
1 20 288 111 0 2000
2 24 263 136 0 2000
258 116 72 304 0 2000
382 27 105 127 0 2000
296 150 26 253 0 2000
378 281 229 498 0 2000
212 188 20 3 0 2000
183 299 285 30 0 2000
261 469 142 215 0 2000
340 87 384 416 0 2000
94 335 386 412 0 2000
335 405 423 134 0 2000
499 398 311 208 0 2000
270 444 138 217 0 2000
279 386 440 176 0 2000
451 285 312 53 0 2000
15 15 255 144 0 2000
315 479 424 219 0 2000
17 9 227 172 0 2000
148 268 306 60 0 2000
25 3 109 290 0 2000
10 23 231 168 0 2000
248 14 425 214 0 2000
136 260 373 399 0 2000
117 373 380 262 0 2000
6 22 61 338 0 2000
8 32 313 86 0 2000
412 320 81 274 0 2000
454 291 297 72 0 2000
162 273 24 48 0 2000
2 34 62 337 0 2000
0 28 357 14 0 2000
18 10 182 217 0 2000
290 137 378 420 0 2000
443 292 222 139 0 2000
298 188 104 19 0 2000
9 14 221 178 0 2000
344 51 69 142 0 2000
23 5 374 25 0 2000
248 134 380 378 0 2000
21 4 75 324 0 2000
229 116 343 376 0 2000
103 322 401 243 0 2000
195 461 442 330 0 2000
318 470 246 164 0 2000
200 198 340 429 0 2000
23 5 234 165 0 2000
8 17 138 261 0 2000
6 19 305 94 0 2000
25 8 387 4 0 2000
252 138 230 494 0 2000
258 449 164 170 0 2000
244 152 371 399 0 2000
160 116 22 355 0 2000
469 127 254 289 0 2000
117 162 302 351 0 2000
322 451 417 172 0 2000
21 5 353 46 0 2000
210 384 2 233 0 2000
34 127 129 391 0 2000
449 269 235 428 0 2000
41 330 223 141 0 2000
382 413 210 216 0 2000
154 270 472 214 0 2000
372 36 255 288 0 2000
345 417 359 58 0 2000
51 376 304 494 0 2000
6 16 263 136 0 2000
122 302 470 276 0 2000
5 23 94 305 0 2000
250 428 118 186 0 2000
19 11 272 127 0 2000
252 130 61 315 0 2000
398 247 130 350 0 2000
50 385 236 208 0 2000
250 141 169 429 0 2000
383 299 144 434 0 2000
12 9 31 368 0 2000
369 253 201 58 0 2000
54 64 72 405 0 2000
352 32 399 363 0 2000
393 330 98 259 0 2000
22 6 137 262 0 2000
260 113 93 319 0 2000
255 117 331 415 0 2000
276 445 174 173 0 2000
5 415 68 119 0 2000
415 459 383 132 0 2000
461 86 222 225 0 2000
442 315 182 209 0 2000
70 307 409 334 0 2000
175 206 295 459 0 2000
3 19 112 287 0 2000
97 90 248 313 0 2000
12 10 369 30 0 2000
200 197 71 444 0 2000
219 493 188 147 0 2000
48 313 171 77 0 2000
214 159 33 341 0 2000
25 8 208 191 0 2000
95 337 138 14 0 2000
52 397 18 57 0 2000
329 124 22 188 0 2000
335 433 320 71 0 2000
69 456 335 348 0 2000
493 224 167 276 0 2000
141 294 72 0 0 2000
321 87 234 369 0 2000
285 115 238 444 0 2000
180 71 247 375 0 2000
109 419 11 144 0 2000
8 13 302 97 0 2000
0 26 19 380 0 2000
109 274 226 22 0 2000
329 447 434 183 0 2000
332 17 68 129 0 2000
166 213 363 39 0 2000
44 383 33 23 0 2000
36 380 381 359 0 2000
33 176 106 477 0 2000
373 36 80 120 0 2000
90 201 429 162 0 2000
276 128 32 260 0 2000
188 462 340 237 0 2000
21 5 294 105 0 2000
19 2 56 343 0 2000
8 28 81 318 0 2000
26 201 389 214 0 2000
372 429 194 229 0 2000
12 302 374 314 0 2000
160 269 405 145 0 2000
18 18 380 19 0 2000
413 201 131 106 0 2000
17 168 340 113 0 2000
25 107 130 365 0 2000
250 140 396 365 0 2000
233 424 113 171 0 2000
444 145 330 408 0 2000
39 366 301 467 0 2000
193 432 68 179 0 2000
372 360 140 219 0 2000
7 26 367 32 0 2000
309 409 282 59 0 2000
91 157 335 284 0 2000
306 105 200 368 0 2000
11 100 24 461 0 2000
29 7 366 33 0 2000
466 103 168 42 0 2000
400 378 299 106 0 2000
2 20 167 232 0 2000
235 187 494 304 0 2000
276 357 430 137 0 2000
18 12 289 110 0 2000
165 372 2 159 0 2000
269 453 458 266 0 2000
14 390 114 112 0 2000
24 12 169 230 0 2000
148 277 437 359 0 2000
7 166 209 335 0 2000
33 3 151 248 0 2000
255 241 388 485 0 2000
15 6 277 122 0 2000
60 325 172 60 0 2000
369 53 345 405 0 2000
41 210 199 425 0 2000
133 8 449 66 0 2000
4 32 114 285 0 2000
407 171 310 447 0 2000
25 15 121 278 0 2000
365 68 176 256 0 2000
48 55 109 360 0 2000
451 286 290 496 0 2000
186 241 56 482 0 2000
97 205 416 245 0 2000
22 414 174 190 0 2000
27 1 263 136 0 2000
9 27 25 374 0 2000
478 436 160 481 0 2000
292 442 174 183 0 2000
96 212 280 19 0 2000
53 313 220 114 0 2000
301 128 254 450 0 2000
0 23 314 85 0 2000
467 80 345 335 0 2000
372 38 293 337 0 2000
457 18 193 120 0 2000
29 11 276 123 0 2000
15 16 119 286 0 2000
20 1 60 339 0 2000
32 323 154 79 0 2000
167 199 255 477 0 2000
178 178 430 300 0 2000
151 274 438 188 0 2000
174 212 414 350 0 2000
202 23 461 133 0 2000
392 385 59 426 0 2000
184 234 330 6 0 2000
379 30 100 128 0 2000
9 17 137 262 0 2000
319 328 428 59 0 2000
18 5 259 140 0 2000
384 396 338 71 0 2000
392 199 309 487 0 2000
314 63 346 408 0 2000
230 177 118 428 0 2000
338 118 5 158 0 2000
2 34 287 112 0 2000
460 452 223 316 0 2000
289 484 164 233 0 2000
386 26 398 392 0 2000
11 29 41 358 0 2000
25 346 346 396 0 2000
14 11 178 221 0 2000
163 257 341 57 0 2000
317 377 316 19 0 2000
392 366 70 329 0 2000
25 382 114 98 0 2000
462 230 283 410 0 2000
419 462 76 485 0 2000
61 411 421 422 0 2000
84 382 239 171 0 2000
133 160 469 200 0 2000
157 249 472 188 0 2000
173 275 432 175 0 2000
73 431 32 96 0 2000
453 75 303 303 0 2000
401 305 106 241 0 2000
12 14 304 95 0 2000
427 369 496 65 0 2000
215 37 79 274 0 2000
220 155 465 24 0 2000
327 47 455 293 0 2000
480 455 341 220 0 2000
448 296 179 390 0 2000
297 132 228 432 0 2000
310 101 433 349 0 2000
23 7 213 186 0 2000
13 10 300 99 0 2000
14 26 182 217 0 2000
104 281 435 309 0 2000
366 388 366 29 0 2000
379 203 180 378 0 2000
162 361 254 76 0 2000
477 318 153 370 0 2000
17 13 137 262 0 2000
414 283 136 379 0 2000
211 269 59 58 0 2000
9 19 136 263 0 2000
381 1 71 67 0 2000
222 41 83 278 0 2000
3 142 114 409 0 2000
253 427 170 132 0 2000
26 451 258 312 0 2000
487 385 260 253 0 2000
428 339 333 56 0 2000
196 182 304 452 0 2000
166 426 409 306 0 2000
237 197 369 439 0 2000
303 457 340 135 0 2000
320 291 207 30 0 2000
137 484 14 238 0 2000
167 192 473 245 0 2000
381 443 53 398 0 2000
497 344 230 451 0 2000
422 100 80 83 0 2000
82 292 418 330 0 2000
212 202 458 332 0 2000
367 48 200 254 0 2000
220 102 11 267 0 2000
299 436 211 148 0 2000
8 15 61 338 0 2000
160 157 474 102 0 2000
93 278 412 330 0 2000
7 14 257 142 0 2000
340 270 459 23 0 2000
85 458 392 389 0 2000
294 62 35 169 0 2000
11 19 262 137 0 2000
106 64 272 271 0 2000
190 233 465 131 0 2000
157 427 358 259 0 2000
1 39 324 75 0 2000
397 133 257 369 0 2000
255 460 356 185 0 2000
169 19 490 67 0 2000
1 39 132 267 0 2000
78 465 234 243 0 2000
85 307 412 268 0 2000
392 97 170 241 0 2000
331 40 174 260 0 2000
231 48 455 202 0 2000
21 5 139 260 0 2000
255 155 409 367 0 2000
210 300 289 16 0 2000
114 122 193 406 0 2000
409 113 313 383 0 2000
154 242 299 473 0 2000
288 488 349 172 0 2000
453 338 250 175 0 2000
11 36 130 283 0 2000
25 257 372 287 0 2000
146 289 301 497 0 2000
494 344 270 479 0 2000
32 1 82 317 0 2000
23 7 214 185 0 2000
230 146 75 360 0 2000
320 6 12 75 0 2000
200 275 409 444 0 2000
309 241 482 55 0 2000
94 112 293 286 0 2000
243 343 34 186 0 2000
210 269 54 62 0 2000
392 147 282 408 0 2000
105 266 263 53 0 2000
52 171 282 307 0 2000
0 22 19 380 0 2000
9 27 277 122 0 2000
275 164 199 447 0 2000
287 166 360 466 0 2000
88 315 28 4 0 2000
419 104 73 132 0 2000
19 6 298 101 0 2000
76 180 416 213 0 2000
390 385 280 126 0 2000
310 210 390 496 0 2000
321 395 89 268 0 2000
264 117 63 279 0 2000
471 2 238 142 0 2000
251 410 291 87 0 2000
297 409 155 192 0 2000
40 338 367 287 0 2000
358 71 53 7 0 2000
149 358 352 190 0 2000
404 100 36 106 0 2000
356 380 54 311 0 2000
467 327 202 435 0 2000
132 303 0 72 0 2000
7 29 270 129 0 2000
30 3 80 319 0 2000
327 52 266 354 0 2000
30 201 121 481 0 2000
5 31 115 284 0 2000
14 7 383 16 0 2000
383 408 30 383 0 2000
323 324 157 124 0 2000
18 18 258 141 0 2000
20 2 119 280 0 2000
236 492 459 342 0 2000
410 15 227 191 0 2000
209 496 401 325 0 2000
118 260 431 195 0 2000
296 162 32 261 0 2000
8 20 311 88 0 2000
270 414 487 260 0 2000
485 234 161 187 0 2000
39 359 166 110 0 2000
471 110 424 429 0 2000
435 471 124 409 0 2000
136 257 6 24 0 2000
20 8 381 18 0 2000
82 339 190 78 0 2000
150 303 71 9 0 2000
93 276 357 169 0 2000
17 19 355 44 0 2000
283 132 421 353 0 2000
21 12 121 278 0 2000
2 28 169 230 0 2000
2 28 47 352 0 2000
462 284 370 7 0 2000
397 388 215 211 0 2000
76 108 267 283 0 2000
398 120 277 358 0 2000
8 94 123 338 0 2000
13 17 146 253 0 2000
68 435 67 77 0 2000
33 344 335 401 0 2000
303 415 474 213 0 2000
19 11 330 69 0 2000
343 328 438 60 0 2000
312 472 422 211 0 2000
450 39 445 405 0 2000
243 144 292 468 0 2000
285 83 7 2 0 2000
360 210 206 429 0 2000
358 356 140 203 0 2000
10 11 384 7 0 2000
4 19 360 39 0 2000
66 359 276 196 0 2000
274 491 207 180 0 2000
37 3 325 74 0 2000
117 310 264 88 0 2000
154 210 368 362 0 2000
228 142 407 332 0 2000
481 391 379 116 0 2000
18 8 135 264 0 2000
391 22 88 88 0 2000
0 33 302 97 0 2000
4 24 200 199 0 2000
420 406 298 157 0 2000
157 242 45 489 0 2000
67 173 426 191 0 2000
242 391 461 241 0 2000
33 279 342 211 0 2000
79 31 232 241 0 2000
199 470 469 363 0 2000
79 157 378 217 0 2000
184 399 324 180 0 2000
281 473 486 301 0 2000
66 192 232 395 0 2000
151 112 267 372 0 2000
10 11 10 389 0 2000
8 18 17 382 0 2000
22 8 85 314 0 2000
372 292 235 58 0 2000
456 130 299 347 0 2000
398 133 195 303 0 2000
292 147 264 478 0 2000
6 22 58 341 0 2000
9 19 84 315 0 2000
16 5 194 205 0 2000
232 60 472 191 0 2000
182 447 477 373 0 2000
241 142 372 384 0 2000
219 17 239 374 0 2000
162 201 244 482 0 2000
374 58 77 127 0 2000
9 21 201 198 0 2000
288 127 165 373 0 2000
16 10 301 98 0 2000
490 149 343 368 0 2000
287 104 388 380 0 2000
10 23 337 62 0 2000
427 337 129 410 0 2000
298 486 409 231 0 2000
356 172 137 326 0 2000
435 255 200 398 0 2000
95 348 400 406 0 2000
214 215 299 499 0 2000
18 8 312 87 0 2000
125 234 245 488 0 2000
329 467 390 165 0 2000
18 7 213 186 0 2000
357 387 32 349 0 2000
388 178 490 454 0 2000
173 349 113 46 0 2000
102 3 4 274 0 2000
171 77 259 358 0 2000
338 75 53 159 0 2000
389 409 272 155 0 2000
14 16 9 380 0 2000
392 140 333 440 0 2000
343 74 132 226 0 2000
341 482 456 231 0 2000
138 234 386 104 0 2000
477 233 113 224 0 2000
438 382 389 54 0 2000
70 301 264 478 0 2000
282 147 135 359 0 2000
353 467 463 218 0 2000
90 205 432 240 0 2000
118 181 376 289 0 2000
121 281 469 307 0 2000
338 266 21 220 0 2000
424 309 238 499 0 2000
78 336 235 115 0 2000
197 242 445 131 0 2000
26 4 327 72 0 2000
473 140 172 75 0 2000
161 416 84 115 0 2000
406 106 236 305 0 2000
392 377 305 93 0 2000
27 485 378 465 0 2000
161 219 448 303 0 2000
26 10 88 311 0 2000
120 307 302 118 0 2000
138 89 370 235 0 2000
0 30 201 198 0 2000
202 174 330 420 0 2000
24 1 193 206 0 2000
402 324 82 363 0 2000
238 156 43 337 0 2000
385 462 333 148 0 2000
236 87 69 296 0 2000
479 248 355 498 0 2000
377 492 466 210 0 2000
426 200 307 440 0 2000
342 36 59 131 0 2000
34 2 181 218 0 2000
17 8 158 241 0 2000
336 207 100 337 0 2000
170 217 35 453 0 2000
12 14 88 311 0 2000
272 22 339 324 0 2000
480 339 177 402 0 2000
318 268 110 436 0 2000
313 393 76 271 0 2000
26 14 263 136 0 2000
269 156 410 388 0 2000
54 71 126 377 0 2000
234 156 188 476 0 2000
19 21 112 287 0 2000
329 54 114 202 0 2000
8 18 324 75 0 2000
165 195 6 402 0 2000
20 6 202 197 0 2000
28 338 177 121 0 2000
17 5 44 355 0 2000
25 366 369 341 0 2000
351 338 42 269 0 2000
17 4 227 172 0 2000
400 340 448 29 0 2000
110 274 21 0 0 2000
233 245 92 475 0 2000
262 190 372 443 0 2000
152 117 152 488 0 2000
152 467 448 385 0 2000
13 15 372 27 0 2000
367 45 232 286 0 2000
494 123 298 301 0 2000
23 10 81 318 0 2000
7 15 219 180 0 2000
277 382 277 4 0 2000
349 154 158 326 0 2000
334 486 203 240 0 2000
36 4 137 262 0 2000
202 426 371 226 0 2000
298 319 356 3 0 2000
295 467 475 281 0 2000
70 365 5 67 0 2000
4 18 246 153 0 2000
362 33 21 51 0 2000
281 341 192 64 0 2000
442 438 410 96 0 2000
104 270 401 193 0 2000
122 251 380 146 0 2000
8 14 239 160 0 2000
0 23 51 348 0 2000
275 110 159 363 0 2000
100 193 278 391 0 2000
151 347 195 20 0 2000
322 352 287 14 0 2000
465 207 308 423 0 2000
326 206 129 387 0 2000
410 298 248 97 0 2000
262 78 52 234 0 2000
82 277 253 89 0 2000
155 320 483 271 0 2000
152 202 359 373 0 2000
323 5 65 121 0 2000
392 30 69 85 0 2000
279 91 445 291 0 2000
14 14 145 254 0 2000
248 132 352 397 0 2000
273 154 186 438 0 2000
215 284 24 109 0 2000
16 12 339 60 0 2000
91 133 313 282 0 2000
353 20 133 173 0 2000
321 415 113 250 0 2000
133 207 322 394 0 2000
327 93 274 418 0 2000
26 10 316 83 0 2000
14 26 64 335 0 2000
93 157 202 407 0 2000
366 31 59 83 0 2000
437 387 363 88 0 2000
27 3 48 351 0 2000
333 33 22 88 0 2000
18 8 336 63 0 2000
394 400 449 92 0 2000
256 110 128 348 0 2000
9 24 89 310 0 2000
226 213 85 431 0 2000
74 442 375 366 0 2000
12 28 164 235 0 2000
134 260 375 395 0 2000
14 14 304 95 0 2000
6 17 59 340 0 2000
6 34 193 206 0 2000
227 411 260 85 0 2000
225 275 43 462 0 2000
479 328 182 254 0 2000
183 407 314 169 0 2000
310 408 7 482 0 2000
26 371 354 416 0 2000
358 466 250 201 0 2000
314 385 333 41 0 2000
320 71 479 281 0 2000
469 265 279 448 0 2000
15 18 283 116 0 2000
28 335 78 22 0 2000
10 30 44 355 0 2000
349 153 413 467 0 2000
57 333 261 161 0 2000
18 5 366 33 0 2000
300 496 478 297 0 2000
19 11 88 311 0 2000
4 19 249 150 0 2000
465 313 247 154 0 2000
271 160 31 31 0 2000
237 84 127 345 0 2000
3 18 304 95 0 2000
7 29 185 214 0 2000
413 404 60 383 0 2000
243 87 403 286 0 2000
59 239 218 456 0 2000
3 27 301 98 0 2000
457 234 281 424 0 2000
327 445 363 118 0 2000
321 455 318 81 0 2000
14 7 285 114 0 2000
22 1 144 255 0 2000
177 199 468 284 0 2000
33 391 88 72 0 2000
477 15 229 144 0 2000
62 12 59 383 0 2000
1 24 331 68 0 2000
463 264 241 416 0 2000
476 217 194 125 0 2000
356 26 79 125 0 2000
159 438 165 75 0 2000
122 485 416 420 0 2000
22 4 204 195 0 2000
9 19 162 237 0 2000
214 206 365 433 0 2000
7 29 150 249 0 2000
80 245 212 1 0 2000
412 289 301 26 0 2000
273 356 58 212 0 2000
218 263 461 132 0 2000
378 388 97 476 0 2000
0 36 134 265 0 2000
212 215 429 369 0 2000
1 32 264 135 0 2000
17 6 309 90 0 2000
11 11 39 360 0 2000
329 286 66 178 0 2000
218 151 163 465 0 2000
293 84 342 412 0 2000
40 42 240 216 0 2000
269 212 129 438 0 2000
3 18 271 128 0 2000
477 125 335 356 0 2000
100 335 203 79 0 2000
8 17 166 233 0 2000
341 1 82 101 0 2000
25 1 151 248 0 2000
387 421 209 228 0 2000
285 144 45 273 0 2000
455 183 201 64 0 2000
19 17 60 349 0 2000
256 339 315 24 0 2000
298 107 117 297 0 2000
5 18 226 173 0 2000
4 17 286 113 0 2000
338 460 115 309 0 2000
224 188 151 478 0 2000
184 343 224 10 0 2000
355 80 81 172 0 2000
230 101 374 316 0 2000
41 481 40 105 0 2000
31 45 400 43 0 2000
133 425 48 139 0 2000
455 155 198 269 0 2000
339 63 201 301 0 2000
55 476 2 153 0 2000
242 129 325 417 0 2000
376 179 202 371 0 2000
248 421 321 118 0 2000
328 111 488 310 0 2000
327 463 93 324 0 2000
148 149 403 41 0 2000
350 303 65 384 0 2000
321 278 455 35 0 2000
199 491 28 289 0 2000
241 441 140 168 0 2000
340 78 49 146 0 2000
48 315 313 423 0 2000
229 462 176 141 0 2000
191 325 389 498 0 2000
131 232 395 331 0 2000
162 209 373 361 0 2000
261 132 438 331 0 2000
451 51 249 222 0 2000
168 170 371 0 0 2000
404 485 318 197 0 2000
57 319 226 112 0 2000
429 237 139 318 0 2000
356 472 449 196 0 2000
13 8 254 145 0 2000
12 10 21 378 0 2000
17 4 35 364 0 2000
373 241 114 131 0 2000
235 131 294 438 0 2000
108 395 382 291 0 2000
219 180 420 356 0 2000
123 259 308 70 0 2000
87 340 365 247 0 2000
285 86 4 176 0 2000
13 20 200 199 0 2000
60 124 336 34 0 2000
487 383 396 101 0 2000
242 160 69 363 0 2000
136 191 393 300 0 2000
318 111 394 404 0 2000
380 41 91 130 0 2000
30 357 89 47 0 2000
137 38 432 116 0 2000
235 150 77 355 0 2000
97 303 240 77 0 2000
56 440 79 89 0 2000
246 395 41 227 0 2000
462 251 262 424 0 2000
5 20 137 262 0 2000
123 348 281 143 0 2000
44 327 366 376 0 2000
257 414 293 91 0 2000
356 296 479 60 0 2000
126 265 480 284 0 2000
211 152 446 276 0 2000
266 103 230 436 0 2000
21 4 85 314 0 2000
12 24 49 350 0 2000
3 20 184 215 0 2000
15 6 145 254 0 2000
19 7 232 167 0 2000
9 21 258 141 0 2000
13 10 237 162 0 2000
480 310 255 164 0 2000
218 197 465 67 0 2000
140 265 454 206 0 2000
301 339 61 477 0 2000
31 348 141 99 0 2000
363 385 342 29 0 2000
424 37 165 151 0 2000
163 334 392 197 0 2000
451 309 288 109 0 2000
63 315 277 475 0 2000
168 153 71 430 0 2000
143 294 8 60 0 2000
467 243 315 454 0 2000
406 372 371 41 0 2000
180 244 396 86 0 2000
113 141 333 292 0 2000
158 263 466 194 0 2000
293 301 8 385 0 2000
15 6 153 246 0 2000
0 22 302 97 0 2000
278 488 16 381 0 2000
322 474 1 422 0 2000
68 252 306 391 0 2000
448 333 119 375 0 2000
170 199 301 437 0 2000
57 7 116 319 0 2000
161 304 486 258 0 2000
48 28 199 236 0 2000
441 245 246 416 0 2000
19 7 273 126 0 2000
306 311 37 203 0 2000
482 134 137 167 0 2000
135 45 463 94 0 2000
142 219 281 439 0 2000
387 203 261 440 0 2000
374 430 60 493 0 2000
60 73 256 246 0 2000
489 342 149 368 0 2000
322 239 46 156 0 2000
275 4 479 176 0 2000
233 188 1 43 0 2000
158 201 307 411 0 2000
90 170 327 34 0 2000
26 32 350 79 0 2000
348 79 488 317 0 2000
91 417 194 147 0 2000
75 386 143 85 0 2000
378 376 422 49 0 2000
8 28 56 343 0 2000
26 14 102 297 0 2000
254 166 319 478 0 2000
322 485 394 179 0 2000
54 157 317 57 0 2000
15 356 363 385 0 2000
375 101 334 423 0 2000
204 458 374 251 0 2000
25 8 159 240 0 2000
25 205 361 240 0 2000
330 147 130 318 0 2000
354 366 383 17 0 2000
7 18 313 86 0 2000
268 270 31 392 0 2000
430 292 254 493 0 2000
377 105 493 352 0 2000
19 411 350 376 0 2000
425 93 339 378 0 2000
210 251 437 101 0 2000
246 169 8 304 0 2000
9 12 98 301 0 2000
276 112 25 237 0 2000
92 329 414 384 0 2000
105 336 225 80 0 2000
25 1 355 44 0 2000
19 6 94 305 0 2000
26 14 292 107 0 2000
18 3 33 366 0 2000
59 370 375 423 0 2000
427 168 329 439 0 2000
340 441 170 252 0 2000
25 11 36 363 0 2000
458 40 311 262 0 2000
121 386 325 213 0 2000
9 16 147 252 0 2000
417 461 75 437 0 2000
14 12 190 209 0 2000
269 79 465 246 0 2000
27 24 191 226 0 2000
34 344 154 88 0 2000
388 267 80 325 0 2000
337 32 90 154 0 2000
187 173 22 381 0 2000
115 364 153 25 0 2000
403 368 298 110 0 2000
285 93 263 449 0 2000
3 20 9 390 0 2000
30 19 285 140 0 2000
22 4 57 342 0 2000
423 188 349 491 0 2000
384 38 33 56 0 2000
0 28 224 175 0 2000
20 105 88 413 0 2000
21 15 136 263 0 2000
354 340 396 23 0 2000
4 17 278 121 0 2000
474 277 154 223 0 2000
168 90 17 298 0 2000
315 460 406 173 0 2000
467 13 373 296 0 2000
22 4 11 366 0 2000
395 2 70 46 0 2000
222 149 446 299 0 2000
18 3 54 345 0 2000
304 456 332 107 0 2000
250 434 420 227 0 2000
341 442 104 303 0 2000
122 289 364 154 0 2000
314 80 339 433 0 2000
7 14 4 389 0 2000
127 14 298 202 0 2000
264 160 17 287 0 2000
262 370 496 228 0 2000
122 13 334 170 0 2000
334 192 27 262 0 2000
423 364 55 365 0 2000
167 256 496 212 0 2000
216 267 342 19 0 2000
218 217 35 41 0 2000
142 292 359 150 0 2000
124 366 296 172 0 2000
92 321 12 42 0 2000
20 24 205 212 0 2000
411 203 217 20 0 2000
257 311 138 57 0 2000
79 99 279 275 0 2000
112 317 348 458 0 2000
388 15 126 129 0 2000
103 233 440 196 0 2000
435 78 179 200 0 2000
250 178 116 422 0 2000
102 299 415 239 0 2000
43 69 281 190 0 2000
134 409 257 156 0 2000
224 200 470 72 0 2000
482 319 188 237 0 2000
33 384 124 112 0 2000
144 278 293 50 0 2000
104 317 352 446 0 2000
24 4 357 42 0 2000
11 17 29 370 0 2000
216 178 385 385 0 2000
483 487 283 310 0 2000
2 415 73 123 0 2000
455 321 387 12 0 2000
222 488 295 192 0 2000
24 393 48 46 0 2000
11 22 88 311 0 2000
237 47 362 285 0 2000
215 210 330 468 0 2000
330 203 166 412 0 2000
2 20 27 372 0 2000
141 235 475 267 0 2000
370 81 83 165 0 2000
470 471 154 410 0 2000
10 26 100 299 0 2000
22 3 249 150 0 2000
138 160 489 186 0 2000
153 276 420 378 0 2000
108 329 340 195 0 2000
1 20 329 70 0 2000
215 193 1 355 0 2000
407 478 343 166 0 2000
27 9 353 46 0 2000
29 7 250 149 0 2000
20 2 141 258 0 2000
18 10 160 239 0 2000
261 454 185 152 0 2000
149 272 468 218 0 2000
136 269 448 326 0 2000
453 27 204 154 0 2000
280 140 17 25 0 2000
11 41 131 298 0 2000
414 428 494 139 0 2000
332 114 311 459 0 2000
74 302 163 15 0 2000
449 8 98 16 0 2000
30 3 320 79 0 2000
460 40 317 274 0 2000
406 73 210 240 0 2000
220 204 57 415 0 2000
9 17 228 171 0 2000
355 66 74 156 0 2000
399 160 202 341 0 2000
198 20 406 175 0 2000
489 112 392 381 0 2000
64 342 176 80 0 2000
43 359 91 29 0 2000
360 197 58 271 0 2000
59 207 159 480 0 2000
306 63 90 210 0 2000
45 332 376 378 0 2000
11 17 80 317 0 2000
17 5 114 285 0 2000
436 78 97 102 0 2000
18 5 386 13 0 2000
397 284 138 399 0 2000
425 345 273 124 0 2000
8 15 193 206 0 2000
369 430 319 106 0 2000
413 127 103 71 0 2000
261 398 447 210 0 2000
19 4 121 278 0 2000
299 105 46 230 0 2000
320 264 150 63 0 2000
10 12 238 161 0 2000
185 465 11 276 0 2000
142 280 328 90 0 2000
284 62 166 322 0 2000
62 162 276 13 0 2000
318 65 416 341 0 2000
10 15 197 202 0 2000
343 438 165 242 0 2000
348 155 204 382 0 2000
96 395 285 213 0 2000
78 95 301 250 0 2000
91 293 209 37 0 2000
202 210 77 461 0 2000
336 463 190 231 0 2000
220 402 211 37 0 2000
16 362 369 337 0 2000
277 288 29 159 0 2000
15 10 309 90 0 2000
368 267 216 478 0 2000
461 230 202 123 0 2000
306 121 310 488 0 2000
264 133 162 402 0 2000
172 235 381 399 0 2000
193 42 387 224 0 2000
217 492 97 238 0 2000
352 44 119 187 0 2000
193 226 436 354 0 2000
216 193 399 17 0 2000
345 263 137 428 0 2000
34 33 149 292 0 2000
53 316 392 286 0 2000
372 447 94 349 0 2000
24 9 132 267 0 2000
1 22 257 142 0 2000
139 220 459 181 0 2000
11 29 297 102 0 2000
5 31 134 265 0 2000
420 286 113 338 0 2000
69 55 290 210 0 2000
283 224 88 407 0 2000
439 279 298 42 0 2000
99 149 369 256 0 2000
166 270 387 120 0 2000
166 170 396 37 0 2000
20 16 70 329 0 2000
300 182 26 79 0 2000
474 56 310 261 0 2000
2 20 224 175 0 2000
18 4 359 40 0 2000
377 426 36 451 0 2000
436 366 70 355 0 2000
103 39 295 221 0 2000
18 12 251 148 0 2000
5 18 329 70 0 2000
327 421 476 197 0 2000
6 16 223 176 0 2000
60 297 352 368 0 2000
1 337 306 283 0 2000
377 343 135 212 0 2000
84 300 409 348 0 2000
13 368 65 61 0 2000
213 226 474 324 0 2000
361 202 278 497 0 2000
38 2 102 297 0 2000
315 30 135 219 0 2000
487 399 464 51 0 2000
49 267 257 435 0 2000
5 21 311 88 0 2000
97 332 358 440 0 2000
389 50 85 105 0 2000
147 212 312 410 0 2000
396 224 138 119 0 2000
88 498 441 480 0 2000
48 241 216 33 0 2000
10 12 276 123 0 2000
18 12 313 86 0 2000
298 137 36 36 0 2000
96 480 131 139 0 2000
19 384 183 185 0 2000
471 44 350 297 0 2000
118 278 308 466 0 2000
396 379 88 447 0 2000
3 27 114 285 0 2000
164 213 388 60 0 2000
457 336 374 45 0 2000
141 268 435 186 0 2000
470 301 330 63 0 2000
295 482 358 167 0 2000
180 324 488 387 0 2000
253 149 46 316 0 2000
19 7 102 297 0 2000
243 434 152 156 0 2000
62 251 291 114 0 2000
201 142 158 472 0 2000
376 228 49 192 0 2000
487 458 148 424 0 2000
86 419 220 190 0 2000
159 262 435 363 0 2000
88 286 270 94 0 2000
270 224 11 324 0 2000
295 127 206 414 0 2000
145 244 396 366 0 2000
397 31 292 285 0 2000
353 79 63 155 0 2000
377 342 13 354 0 2000
362 420 80 333 0 2000
341 22 29 73 0 2000
297 72 443 295 0 2000
13 26 144 264 0 2000
420 16 70 37 0 2000
258 113 288 454 0 2000
15 10 230 169 0 2000
22 33 104 317 0 2000
494 207 160 164 0 2000
360 392 2 411 0 2000
256 192 97 392 0 2000
125 278 332 122 0 2000
352 106 448 373 0 2000
123 306 407 391 0 2000
33 349 261 487 0 2000
264 36 414 263 0 2000
172 187 413 315 0 2000
59 149 320 266 0 2000
475 356 161 296 0 2000
163 36 232 345 0 2000
12 16 195 204 0 2000
12 10 322 77 0 2000
7 16 368 31 0 2000
108 177 366 66 0 2000
20 6 139 260 0 2000
407 361 303 102 0 2000
21 1 378 21 0 2000
277 24 2 115 0 2000
56 250 286 114 0 2000
119 371 242 121 0 2000
3 30 239 160 0 2000
32 312 102 23 0 2000
281 53 60 203 0 2000
469 364 107 380 0 2000
183 244 305 493 0 2000
17 23 173 226 0 2000
50 168 345 100 0 2000
303 76 436 320 0 2000
197 215 423 365 0 2000
448 126 250 302 0 2000
32 1 344 55 0 2000
351 37 21 85 0 2000
47 92 352 153 0 2000
279 97 346 406 0 2000
351 70 39 5 0 2000
82 238 418 273 0 2000
360 26 86 130 0 2000
46 171 127 463 0 2000
287 463 377 182 0 2000
210 168 433 25 0 2000
10 13 129 270 0 2000
152 237 493 273 0 2000
446 309 117 354 0 2000
76 341 285 173 0 2000
117 413 439 362 0 2000
252 220 66 408 0 2000
3 23 185 214 0 2000
354 283 121 428 0 2000
190 252 44 29 0 2000
326 163 51 266 0 2000
1 35 210 189 0 2000
8 312 291 405 0 2000
155 435 349 258 0 2000
33 371 254 214 0 2000
32 8 169 230 0 2000
3 363 364 358 0 2000
339 55 305 395 0 2000
113 342 428 284 0 2000
448 326 293 105 0 2000
56 238 205 28 0 2000
119 244 301 63 0 2000
362 427 178 237 0 2000
183 4 355 195 0 2000
91 348 418 380 0 2000
443 325 242 152 0 2000
279 99 488 268 0 2000
418 395 125 310 0 2000
39 339 294 462 0 2000
245 170 319 469 0 2000
266 331 496 183 0 2000
51 345 197 113 0 2000
151 249 496 282 0 2000
278 358 45 228 0 2000
322 29 33 103 0 2000
398 104 491 385 0 2000
418 187 490 481 0 2000
1 20 320 79 0 2000
30 10 93 306 0 2000
371 95 191 284 0 2000
114 195 300 15 0 2000
5 17 380 15 0 2000
8 219 225 373 0 2000
94 277 268 474 0 2000
186 347 82 82 0 2000
6 22 19 380 0 2000
