500 500 2000 10000 348 2000
320 448 135 262 827 1199
28 8 240 159 36 399
369 386 19 410 824 1199
270 340 67 166 1621 1999
142 60 200 378 1222 1599
25 3 250 149 28 399
367 22 484 278 425 799
390 358 414 5 821 1199
168 255 396 401 824 1199
2 31 168 231 33 399
326 414 412 127 1625 1999
145 181 444 259 1621 1999
9 364 143 125 425 799
224 476 52 275 1625 1999
218 253 338 499 1632 1999
259 418 15 299 1235 1599
209 455 22 268 1224 1599
482 260 317 48 821 1199
11 17 300 99 28 399
50 327 408 346 421 799
20 1 382 17 21 399
20 20 281 136 821 1199
356 139 59 67 1229 1599
13 468 313 392 1622 1999
19 21 104 295 40 399
309 80 315 443 429 799
352 47 101 159 1235 1599
285 120 183 391 425 799
271 168 410 388 439 799
455 292 113 271 1235 1599
24 6 81 318 30 399
126 278 318 460 424 799
0 36 4 395 36 399
9 24 2 383 33 399
206 197 464 316 421 799
434 50 252 227 1639 1999
67 365 196 128 432 799
179 223 378 46 422 799
78 161 361 66 1620 1999
5 28 322 77 33 399
479 245 139 214 827 1199
142 232 340 56 424 799
390 73 166 215 1632 1999
5 86 126 324 1239 1599
109 57 419 113 1232 1599
4 29 101 298 33 399
229 131 311 425 1222 1599
31 317 186 103 1629 1999
13 15 286 113 28 399
36 59 202 256 1235 1599
210 265 34 67 1624 1999
239 181 116 432 424 799
95 235 433 195 1220 1599
298 86 193 359 420 799
194 496 444 375 1627 1999
25 3 334 65 28 399
405 169 189 331 1220 1599
372 391 30 415 832 1199
17 19 164 235 36 399
297 66 252 384 435 799
19 17 244 155 36 399
398 266 99 189 1222 1599
446 414 353 148 1639 1999
331 448 20 393 832 1199
223 361 405 172 827 1199
48 23 186 259 824 1199
25 3 315 84 28 399
499 105 441 420 825 1199
31 9 88 311 40 399
236 167 39 339 429 799
325 64 326 436 425 799
107 217 188 499 835 1199
435 163 84 148 1232 1599
277 430 69 265 1225 1599
10 20 63 336 30 399
24 184 306 89 821 1199
0 21 65 334 21 399
268 299 403 56 820 1199
135 222 466 250 1239 1599
150 161 366 321 822 1199
15 18 160 239 33 399
313 23 166 249 1625 1999
34 283 386 308 1221 1599
218 457 26 290 1239 1599
54 278 345 210 1639 1999
354 425 12 459 822 1199
73 349 351 251 422 799
350 75 113 201 435 799
16 212 252 353 821 1199
137 69 320 263 1621 1999
120 236 475 217 1224 1599
245 172 107 405 427 799
153 47 92 363 1621 1999
81 2 441 20 1620 1999
8 20 356 43 28 399
14 22 258 141 36 399
25 1 191 208 26 399
404 415 220 221 820 1199
171 58 66 329 822 1199
194 188 448 305 827 1199
6 22 41 358 28 399
473 61 326 277 1635 1999
384 233 178 404 1221 1599
83 417 234 192 1222 1599
266 191 181 472 1632 1999
460 279 209 402 824 1199
459 351 276 161 825 1199
32 133 361 180 1622 1999
282 52 216 359 1625 1999
17 8 35 364 25 399
98 325 461 328 1632 1999
323 10 480 226 425 799
80 325 126 0 427 799
374 386 418 61 1629 1999
71 424 276 251 1620 1999
295 362 94 190 1225 1599
235 197 412 8 432 799
391 76 321 369 1235 1599
152 268 355 105 432 799
473 306 141 272 832 1199
18 7 383 16 25 399
252 168 321 477 420 799
470 185 219 62 824 1199
466 251 270 429 824 1199
43 55 353 116 1627 1999
139 293 305 493 432 799
272 76 114 281 1635 1999
249 241 487 366 835 1199
51 67 349 146 1621 1999
180 166 263 452 1629 1999
220 311 456 170 1221 1599
391 382 38 407 820 1199
24 92 192 295 827 1199
161 229 307 452 829 1199
80 368 364 462 1220 1599
413 351 283 122 839 1199
15 355 135 104 827 1199
272 94 332 400 432 799
325 186 480 402 1227 1599
149 204 55 488 820 1199
215 48 66 273 824 1199
222 265 488 162 1229 1599
127 480 493 475 1227 1599
343 443 310 113 1635 1999
327 84 435 345 429 799
406 172 82 137 839 1199
357 6 125 137 435 799
355 59 7 70 1639 1999
12 24 299 100 36 399
6 20 180 219 26 399
288 128 45 263 420 799
245 133 342 412 422 799
1 21 180 219 22 399
319 285 473 76 1635 1999
29 462 391 458 1632 1999
37 33 224 220 1224 1599
332 89 392 407 1620 1999
14 16 58 341 30 399
232 162 354 411 1627 1999
102 172 182 458 1232 1599
375 14 86 98 425 799
413 400 234 205 824 1199
100 104 260 315 827 1199
260 289 353 9 1225 1599
337 2 254 295 1622 1999
161 475 487 438 835 1199
30 236 191 444 1629 1999
323 397 161 188 1627 1999
333 38 78 142 439 799
361 153 443 437 1232 1599
3 30 141 258 33 399
330 39 293 371 429 799
170 250 434 136 420 799
248 470 373 218 1621 1999
494 325 392 49 1620 1999
1 24 295 104 25 399
356 37 155 195 439 799
28 232 379 254 1625 1999
15 10 161 238 25 399
44 323 377 297 1239 1599
9 13 367 32 22 399
266 390 432 187 829 1199
277 171 430 387 1629 1999
185 268 498 324 1229 1599
63 40 405 76 820 1199
17 4 144 255 21 399
13 23 141 258 36 399
474 243 187 156 1624 1999
394 193 287 463 1221 1599
243 325 334 45 1627 1999
71 348 274 185 832 1199
340 84 20 30 424 799
343 444 116 305 1632 1999
16 390 214 214 1224 1599
13 27 274 125 40 399
205 214 10 392 1225 1599
343 85 161 279 1222 1599
147 370 406 485 824 1199
8 25 60 339 33 399
291 432 234 123 1632 1999
63 345 359 423 424 799
358 43 331 394 1620 1999
93 344 283 157 1221 1599
288 417 100 227 820 1199
147 352 21 100 820 1199
295 130 43 9 425 799
268 299 24 177 1632 1999
77 376 227 152 1624 1999
249 144 360 392 439 799
416 371 451 40 1632 1999
62 233 182 490 1221 1599
79 312 384 384 421 799
25 15 43 356 40 399
13 12 95 304 25 399
314 392 116 213 1621 1999
14 14 79 320 28 399
18 7 121 278 25 399
189 258 418 405 822 1199
18 3 285 114 21 399
372 108 176 271 839 1199
103 266 441 287 439 799
460 210 179 292 835 1199
8 166 134 411 827 1199
282 116 17 3 1220 1599
53 175 215 386 1625 1999
344 76 365 433 420 799
355 23 194 240 420 799
54 322 122 14 422 799
30 3 222 177 33 399
396 392 213 204 1627 1999
449 338 401 10 822 1199
2 19 159 240 21 399
435 247 191 120 827 1199
60 192 410 219 1621 1999
354 425 319 94 832 1199
8 20 372 27 28 399
122 6 206 295 825 1199
284 473 261 120 822 1199
74 475 326 353 824 1199
18 5 90 309 23 399
4 24 126 273 28 399
341 41 143 217 424 799
22 3 17 372 25 399
177 320 85 46 1632 1999
248 192 161 482 821 1199
466 266 270 93 829 1199
9 31 206 193 40 399
26 14 219 180 40 399
241 133 111 377 424 799
292 391 406 139 1632 1999
2 38 287 112 40 399
258 279 401 48 1624 1999
91 219 347 109 1232 1599
425 122 477 448 1620 1999
417 305 294 69 1639 1999
158 218 14 450 422 799
298 155 102 328 1229 1599
261 418 438 226 1229 1599
137 463 352 309 1629 1999
70 365 305 493 435 799
129 114 127 490 820 1199
13 23 295 104 36 399
472 107 348 346 1235 1599
245 221 409 431 1224 1599
22 78 390 75 827 1199
86 291 367 195 1221 1599
427 248 280 21 1624 1999
255 472 281 122 1622 1999
276 444 81 262 1621 1999
131 455 23 204 1639 1999
285 450 470 257 1620 1999
0 33 238 161 33 399
15 11 140 259 26 399
49 340 400 360 427 799
308 497 390 201 1620 1999
36 374 89 51 422 799
4 21 63 336 25 399
400 66 391 433 1222 1599
248 126 155 407 424 799
130 229 449 189 439 799
333 351 5 396 1625 1999
33 3 138 261 36 399
22 4 384 15 26 399
18 10 98 301 28 399
308 125 181 364 1632 1999
434 220 293 452 1625 1999
220 214 386 14 1232 1599
17 8 205 194 25 399
140 421 170 74 1221 1599
199 384 196 14 1225 1599
270 152 43 5 424 799
46 135 158 400 1221 1599
394 381 427 38 822 1199
491 273 300 101 835 1199
495 272 166 309 832 1199
371 433 455 154 835 1199
79 265 289 428 1625 1999
56 311 403 337 1225 1599
449 376 76 371 1620 1999
44 286 252 455 1621 1999
65 360 31 25 429 799
199 402 66 164 1227 1599
397 137 455 448 1629 1999
21 12 369 30 33 399
106 271 295 459 421 799
1 29 154 245 30 399
6 20 176 223 26 399
299 485 379 196 829 1199
284 21 34 149 820 1199
237 14 380 245 824 1199
14 9 328 71 23 399
258 150 13 283 420 799
273 112 139 347 429 799
205 246 344 480 1225 1599
114 329 356 453 832 1199
152 279 455 205 1221 1599
412 290 213 118 827 1199
11 11 50 349 22 399
416 169 245 372 824 1199
5 18 110 289 23 399
336 7 31 65 1235 1599
335 315 48 233 829 1199
364 406 426 97 827 1199
332 191 41 108 1624 1999
149 116 396 243 824 1199
387 41 196 223 1625 1999
111 149 415 87 1232 1599
299 78 227 383 421 799
429 285 140 196 1220 1599
129 367 72 55 829 1199
363 279 183 100 839 1199
322 30 319 386 839 1199
161 202 454 272 435 799
389 228 157 91 1229 1599
1 27 296 103 28 399
189 205 288 482 422 799
316 408 168 187 829 1199
442 382 281 170 825 1199
67 132 327 19 1225 1599
445 237 292 443 1639 1999
391 415 383 54 1629 1999
104 265 258 480 429 799
94 284 407 337 1232 1599
175 209 453 124 835 1199
44 265 306 164 1235 1599
187 167 108 464 1222 1599
271 103 88 294 424 799
404 7 474 308 427 799
2 24 118 281 26 399
228 179 422 10 435 799
32 106 131 366 839 1199
58 320 182 66 420 799
334 118 164 322 1224 1599
217 82 311 365 1221 1599
105 446 440 480 1229 1599
174 247 459 339 421 799
355 327 437 33 1222 1599
12 13 207 192 25 399
291 43 53 164 839 1199
144 314 472 345 1639 1999
41 391 180 164 432 799
222 361 303 76 832 1199
341 52 336 424 421 799
301 275 452 50 1222 1599
463 272 288 460 1235 1599
13 8 165 234 21 399
177 232 419 111 1235 1599
141 143 473 112 1635 1999
421 341 192 485 1625 1999
257 83 487 231 1220 1599
9 14 261 138 23 399
13 9 64 335 22 399
81 131 245 330 835 1199
420 169 337 460 1624 1999
39 273 283 154 1635 1999
399 402 57 370 1624 1999
455 134 339 394 822 1199
37 168 123 456 824 1199
152 67 484 33 832 1199
8 14 53 346 22 399
13 9 36 363 22 399
56 210 280 363 821 1199
8 28 10 389 36 399
291 422 77 262 1624 1999
268 237 417 10 822 1199
302 111 157 340 1624 1999
17 19 352 47 36 399
439 365 178 249 821 1199
399 434 425 97 1235 1599
19 445 137 190 1625 1999
455 338 416 11 1632 1999
199 420 478 336 1235 1599
161 235 343 422 829 1199
168 215 302 452 1227 1599
41 39 407 44 827 1199
236 173 396 384 427 799
93 4 457 6 1632 1999
192 108 386 283 1629 1999
262 398 283 41 1220 1599
27 305 211 494 825 1199
267 411 308 93 839 1199
343 257 132 420 1224 1599
265 367 411 135 1220 1599
134 414 453 359 1224 1599
35 440 288 317 822 1199
462 303 152 370 1221 1599
6 386 63 67 422 799
163 429 165 62 1629 1999
426 102 312 365 821 1199
3 27 154 245 30 399
17 4 140 259 21 399
197 63 361 270 1627 1999
299 230 400 488 1239 1599
474 127 412 424 1239 1599
185 34 376 219 822 1199
425 326 196 192 1235 1599
67 234 224 17 824 1199
176 235 478 304 427 799
63 327 140 26 1220 1599
376 200 3 196 1621 1999
429 345 129 414 829 1199
3 18 26 373 21 399
73 113 393 166 1625 1999
376 350 243 110 825 1199
23 3 292 107 26 399
16 5 124 275 21 399
140 485 281 250 822 1199
437 79 97 113 1224 1599
154 219 281 465 425 799
145 186 300 390 1239 1599
259 430 57 259 1225 1599
6 19 221 178 25 399
442 275 247 94 822 1199
438 135 334 402 1227 1599
144 498 353 333 1224 1599
112 355 361 228 822 1199
299 465 41 350 825 1199
297 443 356 139 1635 1999
167 371 423 250 821 1199
346 64 17 17 422 799
249 176 455 343 425 799
86 315 386 241 1624 1999
425 290 82 321 824 1199
224 473 409 280 820 1199
99 267 218 20 432 799
285 89 61 239 424 799
198 348 483 262 827 1199
473 124 468 488 1229 1599
350 351 156 167 820 1199
18 7 195 204 25 399
393 16 274 273 1622 1999
334 62 331 428 829 1199
378 35 455 331 425 799
412 213 206 366 1239 1599
100 422 469 426 1625 1999
27 397 124 118 1222 1599
13 9 62 337 22 399
475 197 240 321 839 1199
7 14 379 8 21 399
279 52 451 256 1622 1999
95 419 278 239 835 1199
267 110 255 475 421 799
343 197 30 258 1224 1599
297 144 404 396 1239 1599
239 354 451 190 1622 1999
17 4 239 160 21 399
352 77 192 286 429 799
274 124 87 300 1635 1999
372 159 277 437 1225 1599
177 243 41 481 424 799
325 120 134 303 1624 1999
392 13 205 192 832 1199
352 434 26 387 825 1199
16 400 218 226 1222 1599
282 362 39 490 1627 1999
7 26 282 117 33 399
321 345 33 416 839 1199
410 257 188 103 822 1199
356 13 431 307 429 799
279 145 247 487 424 799
14 7 317 82 21 399
264 155 121 381 429 799
117 184 243 417 1239 1599
417 478 117 402 1622 1999
238 139 138 416 421 799
158 462 490 421 825 1199
351 25 55 105 422 799
40 94 335 16 825 1199
25 324 83 16 1632 1999
97 274 207 13 427 799
288 97 336 412 435 799
228 145 350 396 425 799
373 47 111 154 829 1199
458 101 346 367 820 1199
474 223 286 45 1632 1999
121 364 377 242 1620 1999
3 23 101 298 26 399
349 53 136 214 1224 1599
85 347 193 89 432 799
117 359 340 213 829 1199
13 17 61 338 30 399
49 352 102 28 1221 1599
127 463 269 242 835 1199
363 76 172 244 439 799
138 271 398 380 1229 1599
108 453 46 137 1620 1999
16 6 155 244 22 399
149 290 354 136 439 799
216 382 459 251 1224 1599
6 16 172 227 22 399
253 169 468 330 422 799
39 72 358 25 1632 1999
67 298 324 417 822 1199
349 20 66 106 429 799
383 493 404 151 1635 1999
275 120 396 358 1239 1599
267 460 279 96 822 1199
18 422 279 314 829 1199
8 13 167 232 21 399
63 335 424 337 835 1199
268 401 273 33 1225 1599
226 319 20 151 824 1199
494 61 419 355 1229 1599
301 126 206 400 429 799
45 376 359 439 421 799
8 17 295 104 25 399
50 250 330 346 1222 1599
43 254 367 304 824 1199
448 88 231 242 827 1199
18 7 225 174 25 399
2 20 242 157 22 399
321 353 78 483 1625 1999
5 20 74 325 25 399
393 278 58 239 824 1199
476 231 362 490 1225 1599
58 89 222 284 1239 1599
277 27 213 341 1220 1599
248 139 473 291 1221 1599
225 196 483 77 421 799
225 185 376 400 1232 1599
20 5 75 324 25 399
388 133 470 427 1622 1999
158 44 153 412 825 1199
333 457 133 284 1625 1999
33 3 239 160 36 399
22 3 317 82 25 399
398 192 320 488 1224 1599
308 287 103 451 1229 1599
337 36 396 350 425 799
438 285 300 49 1624 1999
492 328 208 421 1621 1999
18 8 351 48 26 399
41 378 67 33 427 799
277 190 22 306 1227 1599
210 345 374 150 1239 1599
28 5 266 133 33 399
189 372 369 178 824 1199
443 324 177 216 824 1199
55 407 34 55 825 1199
9 12 158 241 21 399
212 161 139 461 425 799
28 122 137 379 1232 1599
114 131 242 376 1225 1599
344 402 404 85 821 1199
6 269 206 91 820 1199
382 396 375 30 1625 1999
458 262 307 35 1220 1599
437 227 64 232 1220 1599
391 362 479 84 1632 1999
91 192 369 96 1624 1999
17 16 256 143 33 399
22 3 120 279 25 399
152 243 325 47 429 799
318 53 486 244 439 799
3 20 24 375 23 399
5 25 56 343 30 399
40 440 243 270 825 1199
117 92 111 452 832 1199
426 384 459 44 1625 1999
178 231 315 465 1227 1599
1 25 125 274 26 399
2 219 199 398 822 1199
104 317 465 333 421 799
44 53 115 360 1620 1999
375 20 24 46 421 799
33 338 352 390 427 799
279 28 422 262 1221 1599
319 447 183 214 829 1199
334 91 130 260 425 799
19 2 236 163 21 399
20 94 293 198 1621 1999
171 271 406 399 835 1199
1 29 285 114 30 399
325 119 438 384 1220 1599
78 307 442 294 421 799
63 351 406 316 1220 1599
382 34 83 111 422 799
462 319 281 122 820 1199
23 60 318 128 1235 1599
59 253 353 169 1220 1599
29 4 248 151 33 399
334 67 48 158 421 799
68 306 433 315 424 799
419 161 478 478 1222 1599
420 358 270 149 839 1199
46 330 276 194 1232 1599
155 269 5 493 424 799
314 106 155 325 420 799
175 236 426 114 1225 1599
246 291 347 26 832 1199
4 18 346 53 22 399
219 196 443 343 427 799
1 39 111 288 40 399
255 104 499 219 439 799
71 98 240 303 1624 1999
126 175 459 218 1622 1999
308 100 40 208 1222 1599
24 2 262 137 26 399
110 267 268 486 421 799
424 80 425 445 1232 1599
15 8 378 21 23 399
221 200 124 476 425 799
438 143 89 116 822 1199
279 289 110 84 1224 1599
405 37 340 346 1224 1599
406 65 220 256 1221 1599
68 310 379 243 420 799
272 163 393 405 435 799
274 123 210 430 427 799
297 103 304 474 1220 1599
390 23 134 140 425 799
422 322 281 100 1635 1999
135 20 379 154 820 1199
10 20 14 385 30 399
8 14 83 316 22 399
9 17 50 349 26 399
37 386 45 31 1235 1599
481 15 210 117 825 1199
31 348 109 53 425 799
310 450 55 328 821 1199
269 195 57 346 1635 1999
1 32 197 202 33 399
40 230 225 41 1224 1599
57 120 228 315 1632 1999
4 38 230 189 1621 1999
15 257 282 151 1625 1999
212 253 360 28 1225 1599
123 271 430 202 422 799
390 34 66 84 424 799
405 385 44 375 827 1199
27 349 288 239 1627 1999
79 310 234 106 439 799
246 124 349 390 829 1199
130 233 475 251 435 799
117 380 380 495 1620 1999
134 106 398 211 1629 1999
16 7 23 376 23 399
454 346 107 319 1224 1599
18 10 123 276 28 399
108 286 467 271 424 799
340 91 181 306 1624 1999
24 6 355 44 30 399
189 242 445 363 1221 1599
164 248 41 5 1232 1599
14 7 174 225 21 399
186 371 89 94 1624 1999
3 22 317 82 25 399
344 30 280 332 432 799
175 284 388 444 1225 1599
216 234 43 430 1629 1999
33 206 231 30 824 1199
462 313 111 338 822 1199
4 18 71 328 22 399
208 217 451 87 425 799
213 397 85 152 825 1199
33 368 326 290 427 799
331 28 137 193 439 799
36 26 157 276 1627 1999
198 414 51 185 1222 1599
367 453 73 388 1639 1999
295 301 456 91 1627 1999
200 361 61 134 832 1199
311 113 405 393 424 799
51 275 205 498 1621 1999
18 4 100 299 22 399
77 90 416 125 824 1199
285 135 62 290 420 799
91 82 320 231 820 1199
272 432 277 74 1635 1999
7 23 123 276 30 399
377 219 54 255 1639 1999
4 111 320 68 1239 1599
8 14 95 304 22 399
61 79 90 424 1224 1599
91 151 269 332 839 1199
324 392 421 115 1224 1599
325 156 71 39 1227 1599
240 134 95 363 424 799
466 256 302 470 1220 1599
5 17 23 376 22 399
452 128 327 362 839 1199
339 258 193 45 1239 1599
349 310 260 25 824 1199
379 251 150 388 1232 1599
164 399 224 85 1624 1999
16 10 88 311 26 399
0 28 225 174 28 399
161 148 364 319 1624 1999
119 280 310 112 439 799
342 63 351 427 425 799
19 2 168 231 21 399
382 183 202 366 1235 1599
314 430 105 280 839 1199
262 119 128 354 429 799
243 122 334 390 439 799
1 21 66 333 22 399
187 191 88 470 420 799
20 13 292 107 33 399
373 440 15 424 1624 1999
389 80 88 153 824 1199
457 137 343 392 829 1199
16 10 306 93 26 399
260 258 479 398 839 1199
347 82 286 390 429 799
89 292 258 486 435 799
1 25 58 341 26 399
161 151 217 454 839 1199
12 13 332 67 25 399
265 156 362 428 429 799
409 216 166 342 1229 1599
119 303 340 148 422 799
182 191 435 71 425 799
477 293 346 53 827 1199
20 2 283 116 22 399
3 22 98 301 25 399
166 263 432 160 429 799
408 1 45 9 427 799
95 449 194 179 829 1199
218 163 136 440 1239 1599
273 165 128 383 1635 1999
52 369 149 89 421 799
367 459 385 114 835 1199
124 166 467 197 1224 1599
122 257 461 277 439 799
472 318 252 167 1627 1999
355 19 7 45 424 799
337 66 29 5 429 799
399 19 180 166 432 799
279 127 240 462 1224 1599
374 1 427 319 427 799
18 22 202 197 40 399
176 373 466 449 1632 1999
307 66 489 257 425 799
210 225 493 301 1239 1599
86 444 307 288 821 1199
210 403 230 57 1632 1999
81 285 217 55 432 799
293 266 78 118 1235 1599
0 33 198 201 33 399
144 343 442 408 1235 1599
33 71 183 294 1625 1999
92 250 455 244 1629 1999
435 372 121 312 1624 1999
125 436 136 69 1620 1999
9 27 185 214 36 399
0 30 5 394 30 399
240 175 417 371 425 799
363 385 327 50 1627 1999
239 133 229 486 835 1199
479 249 301 442 827 1199
104 259 386 340 1235 1599
374 3 370 376 421 799
457 177 222 315 825 1199
14 22 161 238 36 399
25 233 140 492 1224 1599
3 18 137 262 21 399
12 9 239 160 21 399
401 319 308 36 1222 1599
26 10 181 218 36 399
42 249 347 177 1221 1599
270 451 399 214 1632 1999
5 23 46 353 28 399
168 195 418 308 435 799
465 83 315 296 835 1199
362 417 449 128 1622 1999
19 3 73 326 22 399
361 120 219 341 1235 1599
391 16 106 104 1225 1599
457 138 313 370 822 1199
197 309 426 451 1627 1999
337 324 81 434 1632 1999
493 15 185 81 1224 1599
73 300 394 248 425 799
374 77 15 59 1221 1599
65 357 288 204 422 799
470 351 435 10 822 1199
24 6 276 123 30 399
454 334 154 393 839 1199
61 388 296 254 1229 1599
8 14 317 82 22 399
189 246 361 55 435 799
233 192 138 470 425 799
20 8 46 353 28 399
10 11 177 222 21 399
108 244 286 443 821 1199
66 408 275 243 1224 1599
310 140 108 314 1222 1599
2 20 332 67 22 399
309 107 358 434 1222 1599
360 396 481 158 1639 1999
380 35 356 384 1225 1599
414 120 46 111 1621 1999
485 224 177 292 822 1199
440 33 257 228 1620 1999
471 280 353 29 1229 1599
8 14 27 372 22 399
25 261 268 395 1621 1999
194 270 365 70 827 1199
309 403 278 60 1224 1599
2 34 94 305 36 399
149 183 343 358 1629 1999
71 353 244 152 424 799
131 362 298 151 820 1199
34 389 310 486 1225 1599
1 22 331 68 23 399
34 274 176 43 1625 1999
15 10 174 225 25 399
3 27 92 307 30 399
184 190 496 252 424 799
0 193 230 45 1620 1999
17 5 154 245 22 399
227 200 79 423 427 799
282 481 398 221 822 1199
198 93 314 340 1235 1599
330 65 277 388 1622 1999
23 346 317 429 421 799
395 361 283 100 825 1199
2 26 217 182 28 399
225 148 495 42 822 1199
268 202 62 37 827 1199
411 64 58 54 1235 1599
193 214 19 17 427 799
337 187 213 434 827 1199
97 423 442 447 829 1199
432 343 99 386 822 1199
362 416 311 98 1629 1999
18 3 34 365 21 399
96 303 193 26 1624 1999
10 20 345 54 30 399
87 183 140 499 829 1199
6 22 155 244 28 399
321 173 413 455 1224 1599
47 395 147 136 1639 1999
104 349 226 94 1221 1599
4 22 183 216 26 399
83 52 91 407 1235 1599
348 75 29 115 1239 1599
18 415 352 440 439 799
7 394 331 341 421 799
300 435 264 105 832 1199
152 214 371 361 432 799
373 154 290 448 1221 1599
212 25 352 256 1227 1599
361 373 68 449 829 1199
478 262 246 407 821 1199
459 353 364 79 1629 1999
478 270 206 169 825 1199
234 276 61 466 1635 1999
22 8 362 37 30 399
382 36 230 260 422 799
382 325 141 458 824 1199
33 347 89 44 1639 1999
393 354 285 84 820 1199
23 128 351 176 822 1199
380 172 198 356 1232 1599
39 277 175 42 1627 1999
124 249 319 423 429 799
298 418 30 313 825 1199
33 138 111 434 1624 1999
22 152 97 451 1224 1599
80 331 248 122 421 799
163 132 57 400 824 1199
472 84 353 334 1629 1999
206 232 51 13 1224 1599
55 34 284 179 1624 1999
12 16 106 293 28 399
77 255 239 464 827 1199
440 258 152 177 1629 1999
327 430 47 336 824 1199
83 439 390 383 835 1199
460 498 250 339 1629 1999
92 291 211 41 429 799
246 186 35 31 432 799
158 438 0 223 825 1199
99 9 174 307 1625 1999
48 414 375 463 1222 1599
30 382 284 262 424 799
308 167 254 486 1225 1599
246 141 490 275 820 1199
50 389 369 349 439 799
145 441 217 154 1639 1999
193 166 484 98 439 799
367 333 82 414 1232 1599
317 484 71 352 820 1199
95 276 251 491 427 799
475 188 323 399 1235 1599
438 142 357 424 1635 1999
200 200 464 91 1625 1999
284 278 441 62 1625 1999
38 11 186 241 820 1199
25 390 103 91 421 799
414 25 300 289 1620 1999
14 11 343 56 25 399
21 9 155 244 30 399
193 81 171 432 1625 1999
17 6 289 110 23 399
102 99 248 329 1622 1999
307 39 270 375 1625 1999
239 299 430 117 1625 1999
461 236 235 96 832 1199
356 466 302 157 1635 1999
387 358 222 157 1632 1999
337 34 15 83 427 799
189 22 186 393 824 1199
240 49 337 318 1632 1999
10 12 385 10 22 399
30 141 231 314 824 1199
91 311 400 371 829 1199
383 367 35 337 1220 1599
370 44 219 252 1639 1999
11 14 261 138 25 399
4 21 236 163 25 399
138 105 408 201 1632 1999
459 317 315 87 1224 1599
10 20 334 65 30 399
406 400 381 52 825 1199
57 316 250 136 425 799
107 456 459 477 1225 1599
200 368 399 198 829 1199
494 247 347 18 1622 1999
23 7 109 290 30 399
7 18 191 208 25 399
37 244 279 378 1622 1999
24 6 245 154 30 399
285 378 13 472 1632 1999
5 25 71 328 30 399
132 332 477 361 1224 1599
194 226 377 31 420 799
165 47 416 159 835 1199
302 367 34 472 1225 1599
3 18 61 338 21 399
79 335 232 110 420 799
199 443 136 135 827 1199
309 120 11 191 429 799
53 366 322 470 1225 1599
465 282 150 219 820 1199
460 118 121 150 1627 1999
0 40 52 347 40 399
79 170 397 114 1624 1999
422 349 249 146 1622 1999
19 7 242 157 26 399
318 98 11 169 420 799
36 177 324 255 832 1199
343 6 16 38 439 799
312 367 106 199 824 1199
14 7 130 269 21 399
464 23 306 239 824 1199
24 44 206 239 821 1199
417 201 235 388 829 1199
443 125 452 487 1627 1999
132 271 393 159 425 799
419 356 354 47 824 1199
340 360 111 490 839 1199
291 406 207 112 1620 1999
381 154 47 125 1235 1599
180 197 288 466 421 799
332 494 29 426 827 1199
9 341 276 232 1222 1599
14 22 328 71 36 399
1 22 355 44 23 399
62 30 318 133 839 1199
289 449 468 265 1635 1999
14 26 49 350 40 399
15 11 341 58 26 399
455 310 184 215 832 1199
5 23 271 128 28 399
274 462 48 315 1625 1999
192 469 63 220 1620 1999
19 9 219 180 28 399
137 267 405 365 432 799
69 356 417 381 425 799
16 404 282 292 420 799
238 189 460 338 427 799
9 13 101 298 22 399
132 277 381 387 439 799
212 93 12 269 822 1199
343 434 79 322 1622 1999
14 7 22 377 21 399
173 78 476 15 832 1199
70 355 273 185 425 799
195 232 433 365 427 799
372 60 487 311 1232 1599
139 149 227 424 1635 1999
312 482 274 142 1220 1599
433 344 342 57 820 1199
20 1 180 219 21 399
254 215 136 470 1225 1599
7 26 83 316 33 399
200 232 4 402 432 799
157 369 305 148 1629 1999
24 433 202 237 1624 1999
104 283 260 490 1235 1599
19 6 107 292 25 399
281 104 213 413 1221 1599
376 88 90 175 1625 1999
319 52 467 275 427 799
11 15 99 300 26 399
190 116 455 12 829 1199
388 110 138 223 835 1199
308 411 98 247 1624 1999
22 14 205 194 36 399
108 321 217 71 439 799
417 8 283 245 427 799
8 242 205 421 1222 1599
436 194 243 360 839 1199
260 289 438 470 1239 1599
12 18 263 136 30 399
267 282 186 4 1239 1599
24 2 84 315 26 399
190 83 313 337 1221 1599
3 20 161 238 23 399
328 407 277 82 822 1199
44 235 298 344 1235 1599
481 225 120 235 827 1199
12 11 117 282 23 399
5 25 143 256 30 399
19 21 310 89 40 399
189 101 461 195 1232 1599
11 11 369 30 22 399
176 216 413 350 827 1199
29 1 376 23 30 399
135 290 23 29 425 799
384 385 218 175 822 1199
334 267 172 479 824 1199
111 265 385 367 422 799
397 163 22 164 1222 1599
277 145 416 382 422 799
307 167 399 446 827 1199
272 389 14 273 1624 1999
236 127 369 357 435 799
367 123 125 254 1625 1999
221 131 290 428 1232 1599
340 388 29 436 1639 1999
1 32 102 297 33 399
180 210 473 129 424 799
3 33 326 73 36 399
15 3 176 213 1627 1999
457 453 198 353 1639 1999
3 37 177 222 40 399
399 33 413 385 432 799
85 291 446 304 424 799
351 479 489 248 1629 1999
308 467 83 316 822 1199
193 234 446 116 427 799
193 35 151 366 1625 1999
114 318 12 54 432 799
264 351 128 116 1227 1599
439 209 280 423 1625 1999
424 378 165 496 1621 1999
141 440 499 432 832 1199
97 483 171 198 1639 1999
273 101 5 207 424 799
457 208 153 282 820 1199
368 258 175 439 1224 1599
439 299 368 11 839 1199
3 20 286 113 23 399
22 1 27 372 23 399
39 186 315 84 1620 1999
62 44 354 111 839 1199
5 20 125 274 25 399
19 17 252 147 36 399
99 41 298 218 1222 1599
352 30 84 131 1629 1999
51 10 291 144 824 1199
329 84 86 204 435 799
18 22 318 81 40 399
21 12 235 164 33 399
110 211 350 73 820 1199
108 317 355 201 1235 1599
240 106 391 332 1621 1999
155 211 375 357 432 799
308 237 43 343 1227 1599
59 173 266 6 1224 1599
238 45 141 311 1235 1599
290 81 492 238 439 799
199 88 210 451 824 1199
220 406 290 113 1635 1999
304 160 456 386 1220 1599
165 231 277 493 424 799
119 297 464 325 825 1199
56 350 418 349 1635 1999
7 23 146 253 30 399
158 284 467 334 839 1199
290 322 364 23 825 1199
69 115 436 113 1629 1999
357 272 14 237 1620 1999
27 1 265 134 28 399
227 487 479 373 1232 1599
4 29 38 361 33 399
392 204 225 403 1232 1599
27 3 377 22 30 399
19 17 355 44 36 399
335 44 146 228 1225 1599
120 315 328 160 435 799
24 231 283 350 1620 1999
13 17 296 103 30 399
184 236 477 151 420 799
20 13 41 358 33 399
3 19 194 205 22 399
285 480 430 247 820 1199
377 402 220 181 1620 1999
354 95 286 390 1235 1599
324 87 329 455 425 799
18 5 364 35 23 399
13 12 275 124 25 399
196 302 1 473 1232 1599
373 55 202 250 432 799
0 21 243 156 21 399
360 213 49 278 1622 1999
296 403 170 153 1622 1999
19 4 207 192 23 399
385 265 243 494 827 1199
16 6 202 197 22 399
168 205 390 56 427 799
112 305 333 155 1227 1599
3 33 75 324 36 399
100 78 259 293 1224 1599
58 119 312 243 820 1199
223 449 454 306 1224 1599
362 269 145 115 1227 1599
62 312 221 97 424 799
426 206 345 496 827 1199
256 143 210 470 1225 1599
15 18 282 117 33 399
248 139 359 391 1235 1599
110 245 290 49 1622 1999
4 26 101 298 30 399
425 302 338 15 824 1199
7 19 363 2 26 399
400 358 130 461 1625 1999
30 6 163 236 36 399
175 220 419 347 427 799
4 18 261 138 22 399
477 55 369 313 1232 1599
379 466 291 181 1225 1599
4 18 340 59 22 399
298 84 279 438 1625 1999
64 248 193 488 1629 1999
60 331 264 158 421 799
199 244 406 85 1632 1999
198 210 435 347 424 799
128 245 301 45 425 799
184 389 185 24 832 1199
209 213 114 494 422 799
69 156 260 336 1227 1599
38 469 353 413 1227 1599
133 82 475 114 1624 1999
403 193 48 212 1224 1599
332 173 271 485 1225 1599
293 70 428 306 1227 1599
437 65 151 142 835 1199
96 375 297 213 1235 1599
280 394 142 159 825 1199
304 416 349 84 821 1199
313 74 5 11 427 799
241 180 332 466 421 799
276 102 418 338 1220 1599
302 133 243 440 832 1199
281 315 183 47 1232 1599
330 465 495 264 832 1199
351 480 369 132 832 1199
27 13 350 49 40 399
76 273 411 242 832 1199
181 241 395 84 827 1199
342 455 63 375 1239 1599
12 11 324 75 23 399
468 241 120 271 1620 1999
8 16 312 75 835 1199
152 275 303 57 1229 1599
107 38 309 202 832 1199
126 296 471 265 422 799
259 166 465 6 832 1199
192 182 128 492 424 799
433 444 349 155 1225 1599
144 282 290 51 1621 1999
19 4 96 303 23 399
167 272 457 203 439 799
217 200 45 13 439 799
195 87 158 416 1232 1599
128 414 487 402 1627 1999
16 20 299 100 36 399
41 55 130 325 839 1199
24 482 125 206 821 1199
378 167 447 464 832 1199
465 275 220 161 839 1199
74 54 422 77 1627 1999
345 29 115 173 424 799
138 170 287 394 825 1199
262 162 418 380 424 799
129 438 497 435 1227 1599
11 14 38 361 25 399
18 5 259 140 23 399
341 38 411 339 1227 1599
300 259 92 91 822 1199
116 278 263 59 1232 1599
417 424 65 435 1235 1599
191 204 492 266 435 799
428 369 307 116 824 1199
385 402 182 227 820 1199
421 119 66 123 1639 1999
0 36 7 392 36 399
108 112 401 29 1222 1599
208 249 338 482 1235 1599
64 448 162 172 1224 1599
18 5 97 302 23 399
85 364 35 48 1632 1999
97 360 301 195 1229 1599
195 129 319 376 827 1199
377 370 39 391 1239 1599
17 4 53 346 21 399
328 38 174 250 432 799
9 17 181 218 26 399
318 58 58 174 422 799
216 486 416 320 1232 1599
36 410 173 174 1625 1999
137 449 447 382 821 1199
300 287 378 2 1235 1599
364 352 87 448 825 1199
499 40 269 184 1624 1999
455 333 287 124 1621 1999
297 221 211 498 1635 1999
428 374 131 312 839 1199
114 325 203 55 439 799
200 23 267 333 1221 1599
17 5 387 12 22 399
10 11 160 239 21 399
227 154 448 307 824 1199
22 6 184 215 28 399
159 205 39 461 1222 1599
345 295 85 408 1625 1999
372 217 107 315 1235 1599
294 69 243 395 1221 1599
82 316 347 417 432 799
32 387 65 44 1622 1999
199 186 1 357 1229 1599
59 199 421 184 1621 1999
14 22 295 104 36 399
334 144 388 449 839 1199
82 265 338 144 1221 1599
280 105 60 262 1221 1599
321 446 113 278 822 1199
208 398 45 188 825 1199
0 22 134 265 22 399
69 361 134 60 1232 1599
192 52 154 383 1629 1999
335 477 257 178 1621 1999
295 413 222 115 1627 1999
112 124 239 368 1627 1999
136 249 448 310 425 799
165 259 17 487 1222 1599
460 272 302 59 1627 1999
209 485 475 388 1635 1999
147 212 475 243 439 799
154 268 381 417 422 799
123 107 266 342 1220 1599
312 106 284 447 1629 1999
37 49 317 132 835 1199
80 299 441 283 421 799
309 397 445 167 1232 1599
401 285 62 253 1627 1999
52 88 12 407 839 1199
314 207 154 406 1239 1599
42 28 207 232 829 1199
436 352 71 356 829 1199
84 281 196 30 435 799
11 10 169 230 21 399
266 134 432 334 432 799
160 32 479 79 1232 1599
409 396 55 372 820 1199
15 13 197 202 28 399
18 4 310 89 22 399
17 4 319 80 21 399
385 363 104 455 825 1199
387 38 480 318 425 799
28 366 288 482 422 799
417 299 107 232 821 1199
388 17 181 179 429 799
5 379 300 455 827 1199
44 314 151 45 1222 1599
3 19 351 48 22 399
249 498 293 168 824 1199
261 147 431 343 432 799
238 82 441 256 821 1199
191 190 447 308 1624 1999
292 485 236 163 1620 1999
153 271 462 336 424 799
109 269 471 273 432 799
142 279 472 326 421 799
143 397 358 234 1220 1599
82 68 55 410 1629 1999
391 310 294 29 1620 1999
306 111 372 416 427 799
245 138 133 402 1622 1999
362 9 497 245 427 799
57 362 228 160 1225 1599
440 369 265 181 1235 1599
410 397 495 116 1632 1999
24 12 241 158 36 399
442 268 119 311 1232 1599
222 171 13 7 425 799
140 234 439 309 1224 1599
215 165 437 319 422 799
246 304 344 39 835 1199
444 412 250 230 1222 1599
412 371 303 114 1632 1999
431 306 337 22 1620 1999
289 487 69 336 827 1199
103 306 358 422 427 799
227 477 330 211 1629 1999
251 471 14 349 839 1199
0 22 262 137 22 399
107 85 321 242 1627 1999
116 147 473 138 832 1199
260 198 35 346 825 1199
79 341 318 480 420 799
8 28 309 90 36 399
262 136 450 322 424 799
381 429 368 73 829 1199
58 395 369 340 1632 1999
240 325 317 28 1624 1999
25 1 374 25 26 399
135 248 350 396 435 799
341 364 66 455 832 1199
280 306 85 124 1621 1999
129 253 454 212 1232 1599
274 311 412 71 1620 1999
7 15 345 54 22 399
410 381 48 374 1229 1599
124 312 190 1 1621 1999
270 245 425 26 1624 1999
407 22 270 254 429 799
91 323 439 353 420 799
257 150 113 383 421 799
353 30 76 112 439 799
238 149 336 414 1235 1599
286 85 72 242 427 799
292 150 11 243 1224 1599
22 14 151 248 36 399
464 32 486 388 1220 1599
484 362 327 148 1627 1999
6 24 147 252 30 399
93 84 406 142 1227 1599
224 159 268 488 425 799
339 34 440 302 429 799
473 262 128 291 1624 1999
8 22 48 351 30 399
443 215 98 183 821 1199
138 319 22 66 1229 1599
453 254 117 284 832 1199
148 247 320 60 1239 1599
242 234 51 414 827 1199
366 55 166 232 421 799
107 289 374 180 1222 1599
25 1 287 112 26 399
13 15 342 57 28 399
380 364 57 324 835 1199
169 194 443 283 435 799
303 110 439 343 429 799
386 441 304 160 1235 1599
158 494 95 198 1639 1999
0 33 199 200 33 399
165 374 437 287 1239 1599
8 14 310 89 22 399
379 444 205 244 824 1199
1 25 223 176 26 399
181 348 312 103 822 1199
216 359 7 190 1620 1999
122 304 452 340 432 799
461 128 150 176 1239 1599
223 484 183 148 822 1199
35 47 367 86 827 1199
184 205 440 87 1624 1999
18 21 351 54 832 1199
20 3 337 62 23 399
321 57 10 122 422 799
13 10 297 102 23 399
376 57 270 328 1221 1599
160 113 442 21 1624 1999
274 127 145 369 1227 1599
326 126 64 241 1621 1999
20 2 295 104 22 399
282 145 166 400 427 799
228 446 39 262 825 1199
95 283 251 63 422 799
175 207 56 459 1627 1999
377 434 326 116 1229 1599
203 173 285 467 422 799
100 349 142 32 1239 1599
203 170 455 49 425 799
364 394 284 111 1635 1999
338 21 261 303 439 799
115 307 251 67 422 799
417 272 196 115 820 1199
276 97 168 362 425 799
451 255 113 224 829 1199
19 11 240 159 30 399
12 18 224 175 30 399
66 427 180 170 1227 1599
360 320 122 459 1621 1999
54 346 166 84 424 799
16 6 47 352 22 399
17 5 253 146 22 399
307 70 101 241 421 799
62 15 305 138 832 1199
330 54 13 115 420 799
14 12 129 270 26 399
299 283 176 47 1639 1999
164 443 405 306 1620 1999
2 26 190 209 28 399
127 236 298 44 435 799
42 157 393 132 822 1199
3 20 199 200 23 399
336 225 90 356 1221 1599
16 14 151 248 30 399
225 154 485 37 421 799
15 7 364 35 22 399
166 118 249 404 1629 1999
329 291 449 42 829 1199
7 23 247 152 30 399
185 250 460 338 435 799
74 332 428 312 424 799
278 144 51 293 422 799
161 271 482 316 432 799
370 170 214 373 1639 1999
6 24 133 266 30 399
237 21 497 134 1625 1999
9 17 360 39 26 399
334 431 109 278 820 1199
428 33 146 127 1622 1999
182 220 465 125 420 799
4 17 157 242 21 399
45 356 108 46 425 799
260 487 278 139 832 1199
9 17 363 36 26 399
22 354 335 290 1621 1999
401 260 265 18 820 1199
0 26 96 303 26 399
387 33 29 49 424 799
346 147 419 445 1227 1599
12 9 265 134 21 399
88 288 323 429 422 799
17 8 88 311 25 399
379 366 378 8 1239 1599
271 306 40 446 1227 1599
495 73 495 436 835 1199
14 11 203 196 25 399
172 412 252 121 827 1199
73 357 425 350 1639 1999
370 339 75 407 1235 1599
58 345 147 56 1620 1999
13 13 214 185 26 399
16 10 1 368 26 399
90 192 283 8 821 1199
311 65 458 284 1232 1599
477 282 181 364 1620 1999
461 111 187 19 1232 1599
465 438 251 293 1239 1599
338 165 6 119 1620 1999
313 414 240 121 1632 1999
54 66 131 366 821 1199
380 329 258 73 1620 1999
101 407 283 216 825 1199
272 157 416 382 429 799
107 269 380 166 422 799
6 299 263 180 1622 1999
20 3 186 213 23 399
71 1 91 358 821 1199
267 165 19 283 432 799
404 333 370 1 1632 1999
480 245 291 68 1632 1999
326 96 489 309 422 799
189 243 479 167 432 799
10 23 146 253 33 399
127 20 279 234 832 1199
402 33 242 236 1235 1599
7 18 156 243 25 399
326 132 84 0 1224 1599
83 340 4 41 820 1199
384 222 34 196 1222 1599
374 59 471 336 1624 1999
287 426 480 248 1227 1599
300 92 310 456 424 799
279 465 324 151 839 1199
4 17 246 153 21 399
118 317 299 499 435 799
13 10 294 105 23 399
49 390 176 158 439 799
7 14 119 280 21 399
233 213 398 0 1220 1599
20 13 110 289 33 399
23 3 330 69 26 399
296 126 395 403 422 799
0 21 31 368 21 399
424 320 298 70 1222 1599
403 373 120 463 1625 1999
157 212 442 128 429 799
223 238 499 333 1227 1599
91 432 380 343 1620 1999
21 7 138 261 28 399
369 401 61 338 827 1199
19 9 105 294 28 399
477 239 341 476 825 1199
373 395 279 130 839 1199
89 282 364 378 427 799
375 47 212 250 1232 1599
10 13 20 379 23 399
363 360 406 32 1227 1599
34 2 273 126 36 399
2 23 75 324 25 399
3 25 120 279 28 399
6 22 217 182 28 399
303 126 402 390 435 799
249 183 93 393 432 799
142 297 350 132 1225 1599
63 264 340 178 1235 1599
14 16 284 115 30 399
52 321 219 125 1235 1599
393 24 308 316 421 799
297 127 114 318 424 799
338 335 68 434 1229 1599
0 26 216 183 26 399
53 316 270 468 429 799
182 189 280 469 1620 1999
44 16 180 239 1639 1999
17 11 277 122 28 399
293 452 120 259 1632 1999
337 102 10 134 439 799
147 308 449 384 1620 1999
421 370 135 450 832 1199
98 182 457 178 1635 1999
104 270 248 40 424 799
14 9 57 342 23 399
12 9 185 214 21 399
106 300 417 237 424 799
276 268 1 180 1635 1999
392 57 143 184 1622 1999
432 377 239 204 832 1199
486 169 337 394 1624 1999
324 42 135 219 432 799
185 79 393 247 1222 1599
43 430 402 411 1620 1999
287 165 145 399 1222 1599
8 17 119 280 25 399
3 30 299 100 33 399
111 141 340 7 1635 1999
22 4 253 146 26 399
22 379 212 196 425 799
421 375 449 30 1625 1999
292 473 281 115 1229 1599
9 416 335 463 1225 1599
371 280 19 259 1225 1599
157 62 348 237 1632 1999
490 264 185 195 1224 1599
263 114 10 238 421 799
156 283 458 226 439 799
76 59 298 208 1227 1599
214 206 5 375 420 799
454 319 281 116 1622 1999
261 17 292 363 821 1199
150 256 481 298 1625 1999
9 13 101 298 22 399
373 85 111 196 1625 1999
7 433 308 363 1627 1999
425 361 353 64 829 1199
440 106 322 362 1224 1599
141 298 455 234 1620 1999
344 44 267 345 420 799
416 347 103 408 824 1199
37 3 369 30 40 399
409 389 46 403 821 1199
12 21 43 356 33 399
22 351 48 4 425 799
223 250 497 148 1622 1999
123 317 256 81 829 1199
168 229 38 470 427 799
2 24 180 219 26 399
11 29 304 95 40 399
275 383 26 255 1621 1999
336 428 216 177 1627 1999
59 338 303 457 435 799
294 98 454 316 1220 1599
29 4 227 172 33 399
488 287 360 49 832 1199
213 180 431 21 1221 1599
59 264 176 15 832 1199
371 139 173 304 835 1199
255 400 185 107 1235 1599
161 286 322 484 1239 1599
256 107 354 372 435 799
364 63 328 396 429 799
437 19 208 159 1629 1999
190 176 408 324 432 799
322 47 54 148 429 799
1 22 365 34 23 399
51 427 121 121 1222 1599
180 43 254 347 1620 1999
341 86 243 347 1239 1599
441 237 282 447 829 1199
346 36 61 127 1222 1599
389 214 241 437 1227 1599
18 4 174 225 22 399
140 33 464 87 820 1199
439 237 230 387 839 1199
408 27 230 218 1229 1599
404 18 275 265 422 799
322 169 372 493 1624 1999
7 15 223 176 22 399
436 324 102 361 827 1199
354 266 168 93 839 1199
353 16 363 377 1227 1599
121 318 305 493 439 799
269 27 165 296 1625 1999
285 125 154 368 1224 1599
3 19 314 85 22 399
119 297 422 368 424 799
10 11 381 4 21 399
320 100 35 7 420 799
224 67 459 210 820 1199
119 499 41 206 827 1199
16 9 58 341 25 399
35 389 325 473 424 799
313 350 428 88 1221 1599
435 393 185 280 835 1199
354 426 355 49 1220 1599
412 43 325 329 1225 1599
38 2 235 164 40 399
446 134 415 462 839 1199
448 337 404 15 1632 1999
343 30 204 268 1221 1599
37 0 124 279 1632 1999
15 13 170 229 28 399
353 36 117 159 439 799
21 19 362 1 40 399
229 436 368 197 820 1199
154 332 417 224 827 1199
24 4 85 314 28 399
416 346 105 284 1625 1999
144 278 289 47 422 799
49 298 267 446 832 1199
29 11 241 158 40 399
93 263 271 63 1220 1599
91 344 149 39 435 799
80 340 227 109 420 799
42 354 220 156 1222 1599
72 310 220 84 424 799
191 229 387 411 420 799
128 297 466 322 435 799
441 314 176 415 832 1199
83 44 97 406 1622 1999
77 309 265 497 422 799
6 30 260 139 36 399
17 6 340 59 23 399
24 84 70 397 839 1199
387 98 62 147 1624 1999
118 457 273 253 1239 1599
3 22 361 6 25 399
73 322 350 236 435 799
1 25 90 309 26 399
136 396 382 273 829 1199
410 117 316 394 1227 1599
223 160 143 454 1624 1999
293 121 219 425 420 799
234 75 479 208 1620 1999
82 489 115 146 822 1199
8 13 216 183 21 399
458 81 220 221 820 1199
10 13 191 208 23 399
208 269 476 161 1622 1999
24 351 172 140 439 799
352 59 95 178 1622 1999
16 14 118 281 30 399
12 472 134 225 829 1199
345 18 294 330 435 799
38 108 188 321 1635 1999
406 321 38 327 824 1199
411 149 491 428 839 1199
325 251 132 70 1224 1599
34 6 361 38 40 399
8 15 58 341 23 399
404 344 432 3 829 1199
164 397 240 102 1227 1599
10 16 135 264 26 399
404 221 178 84 1235 1599
414 440 104 372 1220 1599
258 71 51 240 1622 1999
6 169 175 374 1624 1999
439 318 180 437 820 1199
408 77 429 434 820 1199
220 190 119 463 424 799
193 109 25 318 821 1199
440 136 336 391 839 1199
280 410 387 158 1639 1999
3 27 95 304 30 399
52 189 209 398 1632 1999
104 274 468 264 424 799
12 16 318 81 28 399
499 186 174 137 824 1199
327 42 425 313 429 799
144 281 343 107 425 799
305 321 398 55 839 1199
18 4 219 180 22 399
91 289 444 264 420 799
207 167 430 318 424 799
22 11 305 94 33 399
380 452 464 165 1627 1999
108 288 317 119 420 799
430 194 228 358 1232 1599
30 6 318 81 36 399
298 478 404 221 835 1199
109 268 352 402 421 799
14 26 273 126 40 399
10 15 184 215 25 399
261 219 4 107 1629 1999
189 184 380 2 425 799
359 24 86 124 425 799
14 16 205 194 30 399
230 328 465 185 1220 1599
69 332 158 48 425 799
6 19 91 308 25 399
375 403 397 62 835 1199
241 325 450 171 1635 1999
395 483 175 334 1629 1999
159 222 387 370 822 1199
321 451 340 101 829 1199
46 361 140 78 421 799
313 361 425 110 1635 1999
129 378 154 40 1235 1599
42 335 203 119 421 799
251 120 412 318 439 799
267 10 273 370 1632 1999
21 12 110 289 33 399
59 363 174 102 1222 1599
303 294 47 414 822 1199
263 191 23 328 1621 1999
44 381 79 43 425 799
30 10 113 286 40 399
108 283 391 197 429 799
277 469 251 122 825 1199
243 469 285 137 1224 1599
160 196 352 29 1639 1999
96 295 466 294 427 799
33 430 81 100 820 1199
21 5 325 74 26 399
360 59 497 285 435 799
197 243 403 414 1621 1999
468 95 233 234 1624 1999
5 16 359 40 21 399
227 412 345 152 820 1199
134 345 368 488 1221 1599
20 8 120 279 28 399
125 92 243 350 1622 1999
479 396 369 133 1225 1599
380 425 139 290 822 1199
10 12 331 68 22 399
372 52 178 217 1639 1999
0 25 155 244 25 399
37 336 290 456 425 799
360 452 494 227 1639 1999
175 196 25 417 427 799
379 49 243 284 827 1199
4 21 291 108 25 399
55 345 400 374 1224 1599
88 243 229 8 822 1199
159 201 47 465 1222 1599
411 26 147 125 1235 1599
345 462 96 348 1235 1599
280 192 457 388 1625 1999
7 15 367 32 22 399
12 14 165 234 26 399
14 8 30 369 22 399
21 1 371 28 22 399
311 444 29 353 1225 1599
23 3 40 359 26 399
220 371 296 74 1225 1599
399 22 170 166 1225 1599
211 165 160 488 424 799
41 325 181 99 432 799
359 91 186 292 1224 1599
355 54 407 375 1225 1599
120 319 420 378 439 799
333 20 347 375 1229 1599
79 360 273 195 439 799
477 331 362 77 829 1199
265 121 25 259 1220 1599
474 223 106 233 1620 1999
4 32 272 127 36 399
254 112 180 404 432 799
4 22 360 39 26 399
12 28 146 253 40 399
15 11 167 232 26 399
304 66 353 380 1635 1999
28 364 150 108 420 799
142 140 137 494 839 1199
56 315 326 416 427 799
237 169 435 349 420 799
267 109 324 426 424 799
288 75 345 381 435 799
399 279 261 51 1232 1599
177 247 422 376 424 799
21 5 165 234 26 399
314 86 45 195 1220 1599
128 272 344 434 420 799
378 46 103 145 424 799
76 283 169 17 439 799
318 53 409 333 427 799
32 8 266 133 40 399
84 440 217 204 1629 1999
6 19 48 351 25 399
304 38 336 382 1222 1599
384 382 296 93 821 1199
15 7 196 203 22 399
414 39 74 73 1624 1999
375 390 176 223 832 1199
83 302 205 47 421 799
325 434 2 379 820 1199
2 20 159 240 22 399
166 212 366 390 420 799
9 14 10 389 23 399
6 282 205 442 839 1199
277 147 9 253 424 799
321 299 38 213 1629 1999
459 325 219 202 835 1199
291 108 167 357 425 799
15 25 154 245 40 399
183 131 201 476 1635 1999
14 22 103 296 36 399
17 5 183 216 22 399
268 271 5 158 1622 1999
363 40 44 92 1227 1599
345 475 357 110 821 1199
354 387 134 231 822 1199
286 111 26 224 425 799
160 329 52 63 824 1199
176 314 362 127 1625 1999
377 339 115 436 1639 1999
26 4 248 151 30 399
467 300 269 476 824 1199
101 316 359 196 1620 1999
382 8 294 296 422 799
8 36 271 136 835 1199
410 178 86 126 1222 1599
58 88 188 335 1621 1999
326 27 30 105 1624 1999
288 67 476 250 1227 1599
332 79 443 339 427 799
204 140 185 498 821 1199
278 230 102 35 1627 1999
273 100 266 466 425 799
228 40 479 158 829 1199
326 304 8 256 1232 1599
20 10 208 191 30 399
461 332 147 270 1622 1999
465 62 174 140 1229 1599
344 334 124 477 1635 1999
39 101 33 464 829 1199
379 439 186 259 825 1199
111 113 105 476 829 1199
214 77 485 165 1239 1599
409 254 257 28 820 1199
93 343 457 330 821 1199
475 234 155 178 822 1199
229 130 269 449 439 799
34 454 165 212 1625 1999
46 444 48 87 1639 1999
9 13 100 299 22 399
67 449 107 123 1232 1599
0 21 363 36 21 399
220 200 20 378 420 799
13 12 384 15 25 399
320 64 83 204 1621 1999
472 205 114 186 1221 1599
227 195 326 472 422 799
127 271 437 207 424 799
151 8 470 66 1221 1599
390 477 277 212 1620 1999
47 45 32 407 821 1199
202 81 461 188 1632 1999
150 303 352 131 1624 1999
106 257 451 275 435 799
368 38 222 268 1222 1599
15 6 200 199 21 399
265 144 399 376 1632 1999
262 164 161 434 1627 1999
3 37 302 97 40 399
234 288 87 64 1627 1999
202 237 67 468 832 1199
388 242 134 365 1621 1999
77 36 80 411 820 1199
60 416 208 190 1224 1599
190 194 430 57 1621 1999
22 6 128 271 28 399
3 20 90 309 23 399
194 194 477 99 420 799
466 301 357 34 822 1199
108 236 326 91 835 1199
256 457 458 293 832 1199
24 1 238 161 25 399
272 308 97 110 1625 1999
442 0 143 67 1232 1599
386 362 75 302 1627 1999
276 157 403 393 435 799
39 70 284 203 1620 1999
78 320 185 53 424 799
377 471 263 208 1621 1999
315 287 463 64 827 1199
486 27 177 89 1227 1599
307 113 230 413 1621 1999
284 119 265 459 439 799
324 96 78 228 420 799
278 59 332 381 822 1199
475 282 323 58 822 1199
469 297 253 452 827 1199
270 121 170 394 425 799
173 199 356 16 1232 1599
94 286 356 189 1639 1999
188 179 423 55 1239 1599
307 132 47 33 439 799
143 339 189 12 825 1199
337 398 499 187 1225 1599
478 202 193 280 1635 1999
94 246 309 404 1625 1999
50 351 201 129 425 799
0 366 37 37 432 799
135 19 354 171 827 1199
467 436 407 119 1221 1599
164 229 370 382 439 799
381 407 39 442 821 1199
184 286 492 218 1222 1599
300 89 273 428 832 1199
256 164 98 384 420 799
18 22 168 231 40 399
167 309 387 166 1635 1999
10 18 162 237 28 399
330 426 116 263 821 1199
265 429 416 211 1629 1999
8 28 310 89 36 399
290 94 499 259 424 799
422 355 195 204 1620 1999
108 426 236 183 827 1199
64 347 429 339 425 799
152 145 361 310 824 1199
338 95 72 2 439 799
407 202 83 252 1624 1999
394 361 168 209 820 1199
7 16 287 112 23 399
230 192 296 497 1627 1999
123 236 327 81 439 799
76 301 362 384 429 799
145 266 403 367 439 799
155 244 343 63 1229 1599
429 465 241 284 1629 1999
49 352 387 377 1235 1599
37 389 341 451 1232 1599
358 385 90 275 1620 1999
313 116 245 417 429 799
53 330 273 173 421 799
147 331 487 367 1222 1599
223 117 499 15 1220 1599
97 191 311 28 821 1199
37 3 368 31 40 399
318 318 496 122 1224 1599
18 351 281 241 425 799
25 3 131 268 28 399
188 423 165 69 1221 1599
222 211 481 315 1235 1599
21 19 16 373 40 399
21 163 134 409 839 1199
85 304 17 13 439 799
3 18 20 379 21 399
238 325 379 90 1622 1999
306 4 295 356 1635 1999
2 24 166 233 26 399
119 281 367 399 432 799
431 246 309 497 1225 1599
288 422 196 143 1627 1999
261 360 35 497 1235 1599
443 298 348 19 1624 1999
31 9 245 154 40 399
340 430 135 266 1629 1999
302 117 160 353 1620 1999
271 102 491 255 425 799
12 10 122 277 22 399
314 390 43 284 821 1199
29 277 256 423 825 1199
324 105 47 13 429 799
17 6 290 109 23 399
44 148 222 343 1625 1999
455 305 194 413 829 1199
420 32 271 260 1621 1999
217 55 304 331 1635 1999
469 176 120 156 1229 1599
138 252 8 19 1635 1999
213 159 65 380 829 1199
491 46 445 377 1221 1599
372 480 22 467 1635 1999
20 1 147 252 21 399
253 197 485 66 1635 1999
412 401 90 357 832 1199
258 151 174 436 429 799
243 280 121 36 1632 1999
457 348 250 179 822 1199
39 362 289 478 1632 1999
9 24 364 35 33 399
3 25 167 232 28 399
56 355 254 182 427 799
87 265 395 323 1232 1599
417 383 434 23 821 1199
135 99 124 465 821 1199
121 484 30 198 1221 1599
26 353 261 495 421 799
490 269 239 396 820 1199
301 84 299 455 425 799
155 467 111 133 1220 1599
29 24 353 74 1624 1999
403 234 263 457 1235 1599
96 277 222 30 425 799
213 373 212 3 1627 1999
499 264 140 279 1624 1999
124 471 264 235 1622 1999
75 127 129 451 1220 1599
156 225 465 287 1227 1599
296 462 174 225 1639 1999
10 23 49 350 33 399
380 395 209 197 1229 1599
364 325 109 202 1620 1999
8 17 304 95 25 399
308 113 11 193 421 799
84 129 84 495 1632 1999
91 207 406 149 825 1199
5 21 253 146 26 399
9 19 81 318 28 399
7 18 3 388 25 399
23 2 299 100 25 399
137 284 463 233 421 799
136 331 484 357 1624 1999
459 160 391 458 832 1199
108 270 482 266 1220 1599
191 281 451 182 839 1199
130 253 336 82 1221 1599
207 36 209 400 832 1199
318 88 28 172 424 799
186 239 417 381 425 799
469 262 264 433 822 1199
5 21 53 346 26 399
244 125 452 276 1239 1599
300 96 391 381 422 799
257 223 462 65 1635 1999
439 384 210 247 832 1199
282 123 313 461 1229 1599
18 407 142 158 425 799
106 155 77 485 1239 1599
10 20 292 107 30 399
395 423 232 215 1627 1999
340 140 126 292 1232 1599
192 7 184 375 1622 1999
46 389 375 423 435 799
328 35 55 125 435 799
17 9 47 352 26 399
260 466 327 174 839 1199
286 91 180 348 1235 1599
13 12 232 167 25 399
243 153 123 407 424 799
337 405 56 313 825 1199
48 371 252 216 439 799
478 82 366 347 821 1199
168 198 390 345 829 1199
154 459 338 277 832 1199
202 161 161 483 435 799
216 204 335 463 420 799
303 122 72 250 439 799
338 463 461 208 820 1199
181 317 498 377 1621 1999
11 14 60 339 25 399
28 12 96 303 40 399
182 225 493 277 435 799
9 19 333 66 28 399
439 347 215 494 827 1199
18 25 41 380 820 1199
309 38 303 403 1227 1599
21 408 229 247 429 799
111 332 433 383 1225 1599
177 247 335 463 424 799
168 153 14 372 1225 1599
292 26 419 268 829 1199
14 9 280 119 23 399
23 3 212 187 26 399
29 11 322 77 40 399
324 111 32 40 435 799
83 393 436 369 1621 1999
86 301 23 1 435 799
11 14 311 88 25 399
456 106 345 364 1629 1999
264 434 247 92 839 1199
438 235 324 480 1239 1599
2 21 206 193 23 399
326 77 112 240 421 799
10 16 69 330 26 399
5 247 330 299 1621 1999
119 247 291 441 432 799
268 321 204 11 824 1199
7 33 152 247 40 399
167 248 371 93 439 799
188 285 439 159 1221 1599
63 133 307 3 1224 1599
226 164 47 361 1222 1599
13 27 365 34 40 399
344 433 116 283 820 1199
287 91 470 282 424 799
242 110 351 372 1627 1999
274 312 68 465 839 1199
18 10 274 125 28 399
19 4 276 123 23 399
388 375 92 295 822 1199
193 104 117 404 1622 1999
435 268 158 171 1624 1999
9 32 168 247 824 1199
362 55 177 239 429 799
327 308 163 96 1622 1999
273 104 107 315 421 799
19 387 16 13 1621 1999
54 117 324 213 832 1199
375 14 339 355 421 799
20 242 348 193 1621 1999
174 183 358 4 1235 1599
262 128 218 462 420 799
28 53 177 267 1235 1599
188 234 411 377 432 799
444 382 252 196 1220 1599
227 488 300 188 1225 1599
356 435 451 157 1225 1599
14 12 152 247 26 399
439 381 369 74 821 1199
30 10 303 96 40 399
281 88 16 192 429 799
14 236 291 318 1639 1999
284 461 450 261 832 1199
238 172 349 424 835 1199
461 335 373 64 1639 1999
104 301 474 298 425 799
22 11 158 241 33 399
391 33 194 202 432 799
291 480 78 319 824 1199
455 266 256 89 822 1199
474 143 139 112 1632 1999
348 200 157 13 1220 1599
409 223 280 453 1639 1999
275 106 459 291 429 799
451 122 102 93 1620 1999
106 35 33 340 1620 1999
2 20 375 24 22 399
17 13 311 88 30 399
414 54 132 145 825 1199
377 377 167 216 827 1199
181 194 429 309 1235 1599
93 284 245 59 421 799
13 27 371 26 40 399
333 227 132 54 1224 1599
22 187 203 384 1620 1999
394 104 252 328 1232 1599
1 177 119 433 1224 1599
20 1 166 233 21 399
126 129 348 281 1624 1999
324 227 212 486 1227 1599
191 236 454 128 427 799
203 79 175 420 1629 1999
478 256 372 3 839 1199
10 312 114 57 839 1199
203 261 409 94 825 1199
392 400 87 464 829 1199
294 123 45 251 1221 1599
331 65 56 164 424 799
29 1 241 158 30 399
316 430 376 114 1222 1599
35 130 120 411 832 1199
141 251 361 409 420 799
111 317 445 349 1232 1599
27 9 382 17 36 399
51 255 399 278 1627 1999
18 386 339 443 420 799
413 313 321 32 825 1199
26 2 297 102 28 399
346 400 155 232 839 1199
387 404 94 326 1227 1599
107 204 427 151 1225 1599
139 107 299 320 825 1199
11 10 323 76 21 399
225 195 467 59 420 799
25 33 99 336 821 1199
217 210 450 74 429 799
36 4 205 194 40 399
92 185 227 416 1632 1999
298 367 380 75 1624 1999
96 310 367 410 1627 1999
4 36 252 147 40 399
237 250 480 115 1620 1999
321 79 38 174 420 799
45 325 300 214 1232 1599
273 299 2 399 827 1199
7 15 79 320 22 399
258 174 104 386 1232 1599
400 376 351 48 821 1199
240 213 451 47 1221 1599
6 158 337 126 835 1199
157 275 492 244 432 799
187 186 466 92 425 799
185 428 301 178 832 1199
369 40 410 370 427 799
5 35 40 359 40 399
124 57 270 287 1622 1999
286 73 369 349 439 799
313 371 466 165 1639 1999
399 255 271 486 1639 1999
99 292 337 159 427 799
202 239 398 414 1227 1599
136 279 451 337 425 799
216 425 25 250 832 1199
280 234 45 106 1635 1999
27 3 260 139 30 399
407 255 63 289 1220 1599
217 433 307 149 1224 1599
472 262 259 98 821 1199
9 12 254 145 21 399
232 376 329 110 1635 1999
367 426 157 262 824 1199
199 109 190 469 1629 1999
181 218 326 446 1225 1599
91 333 343 440 1639 1999
5 31 322 77 36 399
54 344 226 153 1635 1999
418 123 464 455 820 1199
119 403 3 153 1232 1599
347 443 57 370 1635 1999
369 32 397 363 439 799
118 268 237 13 1224 1599
213 67 326 331 1621 1999
8 14 306 93 22 399
9 14 125 274 23 399
111 107 430 57 1629 1999
48 334 255 163 1220 1599
113 400 280 191 1622 1999
369 274 22 255 1632 1999
185 186 489 253 427 799
205 58 55 284 822 1199
11 17 368 3 28 399
483 171 349 400 1635 1999
25 402 215 223 1229 1599
39 484 328 397 1622 1999
11 12 77 322 23 399
132 396 212 98 1220 1599
131 304 467 277 435 799
5 28 269 130 33 399
388 442 150 306 1224 1599
19 14 320 79 33 399
106 288 453 257 420 799
288 488 361 192 829 1199
8 14 173 226 22 399
5 23 369 16 28 399
246 18 192 330 1232 1599
128 265 324 442 425 799
33 419 391 435 1224 1599
11 435 243 308 1639 1999
311 98 107 257 435 799
397 334 30 345 820 1199
15 13 45 354 28 399
18 10 229 170 28 399
290 124 349 441 422 799
470 230 268 66 1232 1599
459 258 289 54 824 1199
344 82 97 201 1232 1599
185 240 442 134 435 799
129 251 2 15 1635 1999
361 42 257 311 425 799
233 327 131 66 835 1199
192 437 101 155 1225 1599
416 295 274 61 1622 1999
4 21 8 391 25 399
349 45 73 143 424 799
150 423 401 305 1229 1599
233 333 30 160 1222 1599
313 473 281 136 829 1199
15 6 346 53 21 399
142 247 457 203 439 799
213 317 23 134 825 1199
189 127 116 430 1222 1599
406 75 256 302 1221 1599
40 445 374 477 1632 1999
129 161 314 345 1629 1999
28 5 162 237 33 399
485 188 317 386 832 1199
465 186 245 332 1632 1999
19 6 5 366 25 399
302 338 352 25 1635 1999
260 463 379 206 822 1199
315 450 467 224 820 1199
354 52 476 304 424 799
16 9 36 363 25 399
370 407 193 218 1632 1999
332 100 291 425 432 799
217 20 27 207 1221 1599
323 66 414 348 425 799
180 35 402 190 1221 1599
177 107 425 233 1224 1599
24 6 304 95 30 399
340 30 278 341 1625 1999
0 21 137 262 21 399
303 431 345 114 839 1199
13 381 183 175 422 799
477 445 277 286 1639 1999
351 332 135 489 1225 1599
447 363 242 191 821 1199
254 156 427 356 825 1199
68 317 389 269 429 799
271 75 99 262 1639 1999
243 179 327 471 422 799
462 269 273 85 1225 1599
152 270 284 31 827 1199
174 203 287 467 421 799
272 134 21 26 839 1199
273 466 20 345 824 1199
319 171 167 392 1625 1999
9 14 11 388 23 399
123 454 44 174 1239 1599
446 159 121 193 1239 1599
355 153 145 321 1220 1599
2 31 44 355 33 399
341 83 249 357 432 799
260 161 323 475 421 799
265 324 153 60 822 1199
180 54 266 334 1232 1599
338 55 284 378 421 799
25 1 197 202 26 399
251 127 399 352 1625 1999
116 484 239 233 1224 1599
7 15 261 138 22 399
480 326 384 44 1220 1599
8 18 19 380 26 399
437 164 124 103 1624 1999
250 103 413 318 1620 1999
140 238 259 497 420 799
174 168 48 415 825 1199
171 200 382 360 427 799
372 360 252 103 821 1199
278 400 311 74 1639 1999
207 186 62 404 435 799
301 441 497 268 1629 1999
275 114 9 17 1235 1599
347 135 163 310 839 1199
134 240 315 47 424 799
364 392 192 191 1625 1999
445 310 182 413 832 1199
255 156 24 10 421 799
464 171 399 465 1239 1599
361 465 158 294 1224 1599
284 80 2 3 839 1199
306 491 476 292 1229 1599
31 377 53 25 424 799
385 36 36 8 421 799
69 468 191 214 822 1199
186 194 480 114 1224 1599
218 72 454 214 1220 1599
202 31 324 275 832 1199
417 54 118 124 1229 1599
33 3 120 279 36 399
241 378 95 150 1624 1999
210 280 450 147 1625 1999
54 315 159 51 429 799
82 290 195 37 1232 1599
156 116 83 419 1222 1599
268 120 18 248 1220 1599
353 433 281 142 835 1199
17 4 269 130 21 399
167 264 34 38 439 799
379 53 47 87 432 799
368 18 128 156 420 799
449 374 310 147 1632 1999
28 2 241 158 30 399
214 161 176 492 429 799
324 6 96 147 1629 1999
296 348 132 149 1635 1999
112 317 372 435 1620 1999
1 29 332 67 30 399
285 387 54 245 1625 1999
312 424 259 103 1224 1599
2 20 142 257 22 399
159 233 433 136 827 1199
114 310 319 479 424 799
86 335 218 90 421 799
318 484 180 263 839 1199
391 460 164 324 1235 1599
81 297 411 341 424 799
36 370 155 115 1224 1599
33 341 238 172 424 799
239 148 177 463 421 799
421 359 262 147 827 1199
108 301 19 17 1225 1599
128 371 71 65 1235 1599
19 11 137 262 30 399
423 343 117 414 821 1199
21 365 11 9 1232 1599
10 11 25 374 21 399
9 12 256 143 21 399
152 192 443 277 1222 1599
32 40 113 332 825 1199
17 16 169 230 33 399
436 248 278 43 1635 1999
295 132 45 11 427 799
152 237 420 132 425 799
107 133 277 340 821 1199
11 15 180 219 26 399
167 111 223 421 1232 1599
6 19 82 317 25 399
261 151 492 294 1224 1599
9 13 360 39 22 399
90 32 156 340 1224 1599
134 261 432 183 822 1199
332 376 208 137 835 1199
70 322 221 99 424 799
0 36 361 38 36 399
279 477 76 314 1232 1599
122 255 402 158 421 799
30 3 197 202 33 399
387 52 192 216 439 799
204 230 316 491 825 1199
381 180 88 99 824 1199
244 154 304 460 432 799
19 11 225 174 30 399
255 319 39 480 1621 1999
289 297 413 45 1222 1599
94 347 428 376 1235 1599
6 20 304 95 26 399
69 396 265 233 1239 1599
13 8 70 329 21 399
27 356 81 39 1227 1599
112 259 226 2 427 799
218 249 15 422 1622 1999
336 110 335 480 827 1199
105 217 281 400 1639 1999
416 372 130 449 1635 1999
424 82 454 425 1625 1999
345 175 23 230 1621 1999
23 13 110 289 36 399
247 259 412 53 1627 1999
9 13 260 139 22 399
285 24 79 194 1622 1999
52 64 344 131 1639 1999
15 7 213 186 22 399
252 185 6 72 439 799
21 80 169 308 822 1199
430 336 294 113 839 1199
14 11 165 234 25 399
214 463 364 239 1624 1999
266 82 55 249 1220 1599
396 436 63 406 835 1199
321 460 462 227 1624 1999
224 126 207 482 1625 1999
263 359 206 42 1224 1599
45 384 293 263 429 799
9 16 84 315 25 399
133 132 371 272 1620 1999
468 91 178 15 1632 1999
451 165 192 265 839 1199
321 70 314 434 427 799
7 29 63 336 36 399
317 110 245 409 427 799
193 51 431 184 827 1199
55 359 323 462 827 1199
172 183 293 436 1624 1999
231 330 11 173 1221 1599
467 280 247 429 1229 1599
7 23 112 287 30 399
425 3 263 200 1639 1999
209 476 66 246 1225 1599
150 38 390 157 839 1199
403 4 412 369 824 1199
21 12 384 15 33 399
39 1 239 160 40 399
401 350 236 149 832 1199
57 326 198 91 1622 1999
171 244 431 141 435 799
455 404 280 210 1229 1599
13 27 100 299 40 399
115 289 394 194 424 799
167 83 356 267 1625 1999
84 294 308 152 432 799
26 14 310 89 40 399
276 22 258 378 1224 1599
327 61 121 231 422 799
124 290 278 66 420 799
303 481 95 330 839 1199
349 470 51 402 1632 1999
321 454 177 224 1624 1999
184 343 431 212 820 1199
404 396 228 213 839 1199
109 363 294 174 1224 1599
148 360 318 153 821 1199
200 147 106 427 824 1199
1 25 121 278 26 399
17 6 372 27 23 399
89 277 291 113 432 799
7 14 242 157 21 399
252 187 92 386 439 799
366 129 310 442 1229 1599
103 286 377 390 820 1199
142 102 317 305 1220 1599
171 422 479 359 1227 1599
260 390 88 203 1639 1999
274 462 35 332 829 1199
70 178 139 478 829 1199
7 405 60 80 420 799
165 201 375 357 432 799
420 197 251 0 832 1199
434 293 330 21 1622 1999
47 379 293 492 1639 1999
5 21 119 280 26 399
104 359 274 158 1227 1599
272 460 14 347 827 1199
55 40 291 180 1622 1999
21 296 132 29 820 1199
360 20 64 102 1220 1599
464 347 280 155 822 1199
338 183 452 440 1227 1599
246 369 53 188 1624 1999
95 281 225 35 422 799
20 6 67 332 26 399
31 161 343 99 1224 1599
1 22 24 375 23 399
290 31 285 403 1221 1599
20 46 236 189 839 1199
358 327 6 353 1620 1999
177 459 268 179 1627 1999
2 26 332 67 28 399
314 121 231 401 435 799
178 251 40 482 429 799
106 271 233 29 429 799
14 19 295 104 33 399
242 414 326 125 1625 1999
289 258 40 131 1622 1999
412 403 239 200 822 1199
42 321 311 213 1221 1599
12 9 346 53 21 399
2 28 370 29 30 399
439 41 159 138 821 1199
342 1 264 294 1227 1599
264 113 146 372 421 799
450 211 105 237 1227 1599
439 39 352 330 1220 1599
82 263 233 483 1227 1599
59 223 384 179 1629 1999
98 338 276 142 1224 1599
451 219 170 297 839 1199
298 93 135 299 429 799
84 43 281 220 824 1199
166 156 300 391 829 1199
0 23 116 283 23 399
290 99 369 397 421 799
80 260 431 245 1232 1599
17 6 321 78 23 399
293 475 74 325 829 1199
435 457 237 278 1621 1999
371 60 391 418 1620 1999
153 438 396 315 1632 1999
77 297 450 300 1222 1599
248 358 474 207 821 1199
26 2 349 50 28 399
351 479 338 115 1621 1999
233 110 79 329 1225 1599
196 213 458 116 439 799
185 212 273 497 425 799
334 32 49 113 432 799
95 327 421 277 422 799
18 4 23 376 22 399
12 21 169 230 33 399
15 31 310 109 825 1199
349 64 128 214 427 799
124 469 441 408 1620 1999
81 322 253 117 421 799
218 398 467 278 1629 1999
34 468 293 358 1629 1999
134 144 325 329 1222 1599
356 308 181 112 1627 1999
205 224 310 488 429 799
469 486 487 131 1225 1599
386 78 146 211 1625 1999
133 199 298 412 1220 1599
18 10 160 239 28 399
93 307 443 281 1222 1599
116 202 330 42 1224 1599
270 152 74 332 422 799
337 315 38 379 1635 1999
72 307 221 85 427 799
201 188 0 30 439 799
495 307 411 14 1621 1999
22 14 196 203 36 399
265 347 60 176 1222 1599
9 16 79 320 25 399
108 110 453 124 1639 1999
144 20 184 358 1220 1599
7 18 231 168 25 399
481 330 286 149 1622 1999
123 14 410 103 1622 1999
225 196 427 371 421 799
483 271 156 232 1232 1599
34 6 127 272 40 399
465 80 330 323 820 1199
341 79 291 405 422 799
100 325 444 296 425 799
430 344 218 193 835 1199
266 449 435 259 1239 1599
76 73 380 1 822 1199
1 21 358 1 22 399
169 263 427 155 432 799
318 13 372 336 1221 1599
29 326 374 357 822 1199
252 198 51 25 1224 1599
237 190 1 313 1239 1599
6 17 79 320 23 399
381 445 252 203 827 1199
21 1 119 280 22 399
258 336 109 116 829 1199
357 319 103 434 829 1199
483 343 260 491 827 1199
277 411 318 83 1629 1999
194 447 167 100 1624 1999
15 6 64 335 21 399
460 315 250 481 822 1199
149 212 361 48 822 1199
357 70 177 261 427 799
343 346 98 479 820 1199
364 57 184 236 439 799
438 352 218 194 1220 1599
18 15 213 186 33 399
88 269 346 387 1622 1999
414 322 53 324 835 1199
29 328 225 153 1227 1599
317 46 457 269 435 799
32 8 158 241 40 399
386 153 200 333 832 1199
210 280 440 133 821 1199
110 368 390 282 1232 1599
267 168 29 43 435 799
157 270 355 443 427 799
298 2 202 275 1629 1999
66 142 372 71 1621 1999
15 7 113 286 22 399
403 136 180 276 1235 1599
414 165 304 431 822 1199
257 402 69 212 1620 1999
58 341 201 115 429 799
14 26 84 315 40 399
438 289 76 285 832 1199
304 458 213 171 1220 1599
25 1 165 234 26 399
45 362 269 220 1632 1999
320 187 467 411 1227 1599
87 385 301 228 1627 1999
31 253 178 483 821 1199
371 442 429 137 1235 1599
16 6 178 221 22 399
25 55 254 197 827 1199
243 64 400 266 1239 1599
322 46 95 185 432 799
410 251 126 161 1624 1999
2 34 42 357 36 399
120 265 412 344 427 799
22 1 397 0 23 399
50 365 390 334 427 799
7 18 81 318 25 399
3 27 179 220 30 399
35 345 240 174 422 799
314 429 169 198 822 1199
293 81 41 203 424 799
396 11 74 63 824 1199
426 23 351 325 1221 1599
15 18 197 202 33 399
138 236 477 201 424 799
11 19 338 61 30 399
333 41 106 188 424 799
138 284 263 33 1222 1599
247 172 73 367 429 799
19 7 209 190 26 399
161 396 300 164 1227 1599
205 177 356 392 1232 1599
145 469 26 229 839 1199
314 312 394 21 1627 1999
277 86 316 410 435 799
266 115 245 471 421 799
321 19 425 291 422 799
28 345 256 202 427 799
144 159 499 170 1632 1999
39 277 401 292 821 1199
31 5 71 328 36 399
447 131 236 279 839 1199
285 309 187 29 1220 1599
15 11 1 370 26 399
16 12 124 275 28 399
215 263 400 441 835 1199
27 254 188 37 1620 1999
208 33 464 151 1624 1999
192 194 413 351 420 799
382 43 17 51 425 799
87 416 377 330 822 1199
129 266 373 393 1227 1599
19 42 268 171 820 1199
11 19 326 67 835 1199
1 248 162 36 1225 1599
20 3 189 210 23 399
197 235 44 22 432 799
280 324 398 65 821 1199
479 288 325 66 1622 1999
129 256 326 428 429 799
137 255 453 205 1232 1599
297 125 85 289 422 799
18 3 202 197 21 399
359 394 67 309 1221 1599
311 450 304 81 822 1199
9 14 356 43 23 399
5 23 107 292 28 399
143 223 292 6 432 799
304 137 460 352 1227 1599
450 337 190 451 1624 1999
210 134 1 288 835 1199
12 13 378 21 25 399
120 249 488 250 429 799
290 264 177 1 1222 1599
25 3 264 135 28 399
386 43 346 372 1229 1599
92 443 423 486 1624 1999
194 43 262 349 1624 1999
337 32 57 121 429 799
67 362 151 77 429 799
339 439 471 194 1621 1999
159 197 405 84 839 1199
304 116 19 205 1224 1599
169 155 287 414 821 1199
6 15 1 388 21 399
189 232 29 15 421 799
15 21 202 197 36 399
276 120 23 238 827 1199
3 23 43 356 26 399
461 176 137 127 1225 1599
77 109 112 433 1639 1999
307 77 196 340 424 799
185 355 119 48 825 1199
183 427 481 492 1635 1999
331 47 208 302 420 799
8 32 346 11 40 399
127 261 390 372 424 799
39 255 179 484 1629 1999
223 106 378 328 1221 1599
6 24 121 278 30 399
15 13 221 178 28 399
325 70 378 388 427 799
12 411 165 205 439 799
254 161 470 0 1221 1599
284 87 187 368 1620 1999
103 326 212 66 429 799
110 253 421 305 435 799
93 133 273 312 1639 1999
105 111 124 461 1629 1999
18 3 61 338 21 399
112 151 424 85 1620 1999
126 62 481 83 1222 1599
304 106 350 436 422 799
26 10 150 249 36 399
389 363 69 320 835 1199
297 416 244 93 822 1199
151 349 377 496 1625 1999
323 355 146 155 821 1199
295 463 32 353 825 1199
404 254 263 36 1639 1999
361 478 190 272 1221 1599
353 20 25 65 425 799
38 50 239 220 827 1199
217 14 125 293 1227 1599
365 36 227 271 425 799
159 487 11 259 1222 1599
22 343 264 226 1239 1599
25 3 269 130 28 399
19 3 214 185 22 399
414 279 84 315 832 1199
1 22 207 192 23 399
399 28 61 61 427 799
137 245 13 499 420 799
129 395 333 225 1224 1599
333 204 44 115 1620 1999
22 1 318 81 23 399
167 265 326 472 432 799
6 372 324 428 424 799
239 154 392 370 429 799
98 206 223 447 1232 1599
263 155 160 421 829 1199
321 32 262 339 1632 1999
31 340 145 85 429 799
255 167 174 462 422 799
423 405 107 352 829 1199
337 100 198 320 439 799
113 289 472 270 420 799
1 21 110 289 22 399
142 405 41 135 1227 1599
43 112 395 90 1624 1999
225 30 375 251 1227 1599
87 287 196 22 424 799
14 26 242 157 40 399
37 425 286 296 1220 1599
338 83 19 25 421 799
20 5 355 44 25 399
6 15 349 50 21 399
369 31 278 306 1232 1599
14 8 332 67 22 399
112 271 1 13 1229 1599
188 5 29 212 832 1199
298 68 383 349 432 799
55 7 197 238 825 1199
145 375 280 136 1224 1599
301 361 3 296 1635 1999
48 361 127 77 435 799
190 235 408 390 425 799
268 156 410 388 424 799
309 449 428 209 839 1199
447 461 120 419 1629 1999
26 10 142 257 36 399
472 469 165 410 1632 1999
13 9 355 44 22 399
305 61 314 418 432 799
14 22 30 369 36 399
347 258 52 176 1221 1599
349 434 297 108 820 1199
263 96 94 286 439 799
351 54 41 121 421 799
344 29 274 332 425 799
3 23 222 177 26 399
335 171 16 127 1635 1999
86 375 424 337 1622 1999
481 160 427 465 1239 1599
121 325 316 146 1224 1599
62 265 395 220 1620 1999
425 121 226 281 839 1199
245 193 335 466 835 1199
273 474 176 197 824 1199
131 117 434 185 1627 1999
160 173 452 240 1239 1599
164 207 44 458 427 799
491 291 140 316 1222 1599
21 69 172 289 1627 1999
471 29 139 60 835 1199
462 215 142 271 1622 1999
439 320 84 309 832 1199
288 222 410 459 1639 1999
246 142 498 16 1220 1599
376 63 241 287 439 799
322 80 35 171 420 799
309 81 211 357 424 799
290 468 32 363 835 1199
420 402 106 343 1625 1999
196 150 225 480 1639 1999
229 149 404 350 422 799
174 248 443 355 422 799
12 351 210 186 435 799
378 281 235 61 1235 1599
108 324 177 27 432 799
455 110 137 168 822 1199
96 328 286 144 424 799
283 342 453 136 822 1199
330 87 124 250 429 799
9 12 328 71 21 399
113 281 337 139 432 799
12 313 117 44 1624 1999
476 94 307 296 1627 1999
14 11 298 101 25 399
147 454 1 229 1227 1599
249 171 71 371 420 799
29 1 104 295 30 399
151 240 346 72 1235 1599
63 357 194 114 424 799
29 7 226 173 36 399
9 19 187 212 28 399
329 100 157 299 1227 1599
45 308 178 72 1229 1599
134 182 193 489 1232 1599
330 51 382 372 1225 1599
210 281 343 40 1624 1999
382 57 64 16 439 799
239 400 62 211 1632 1999
18 18 312 87 36 399
412 51 48 60 1225 1599
32 8 61 338 40 399
202 85 368 293 1624 1999
20 23 333 86 822 1199
231 172 302 464 435 799
4 29 73 326 33 399
8 30 305 99 1232 1599
33 7 108 291 40 399
57 239 389 280 825 1199
19 3 380 19 22 399
376 426 32 441 1639 1999
1 20 212 187 21 399
17 8 366 33 25 399
38 383 376 358 435 799
400 29 45 15 429 799
46 278 409 286 827 1199
148 224 275 474 1621 1999
8 18 173 226 26 399
342 422 233 158 825 1199
221 154 380 364 429 799
81 211 443 200 1625 1999
488 474 226 360 1222 1599
21 9 135 264 30 399
416 310 277 72 821 1199
282 282 113 490 821 1199
209 156 112 437 1620 1999
119 243 476 259 1625 1999
28 8 118 281 36 399
62 54 100 385 829 1199
71 386 335 281 1229 1599
335 314 485 98 1632 1999
9 12 50 349 21 399
93 256 279 441 1227 1599
157 293 396 156 1222 1599
101 282 300 452 429 799
238 204 357 462 1621 1999
456 132 261 306 829 1199
338 268 163 74 1629 1999
10 15 382 17 25 399
452 192 144 127 1625 1999
21 19 229 170 40 399
2 433 19 91 1239 1599
351 439 117 296 821 1199
28 5 25 368 33 399
170 199 443 295 429 799
185 105 307 356 825 1199
5 21 151 248 26 399
29 398 225 223 427 799
223 123 120 393 1625 1999
19 108 378 120 1227 1599
30 414 244 265 1635 1999
9 19 171 228 28 399
40 400 138 125 825 1199
290 476 353 162 821 1199
371 155 107 265 1224 1599
320 61 120 235 824 1199
366 40 206 258 1220 1599
458 118 351 377 1232 1599
423 443 400 95 1627 1999
140 260 16 18 1232 1599
337 331 425 53 1232 1599
238 288 130 23 1625 1999
16 20 319 80 36 399
272 61 245 410 822 1199
81 231 190 485 1635 1999
41 318 365 353 439 799
221 93 391 286 1635 1999
272 314 339 18 1635 1999
7 18 363 0 25 399
231 258 379 47 1239 1599
77 376 219 144 1624 1999
325 419 46 335 835 1199
334 25 297 347 439 799
282 326 399 80 835 1199
418 315 125 398 822 1199
62 97 163 374 820 1199
10 15 204 195 25 399
351 60 54 136 425 799
296 110 90 263 1639 1999
357 5 38 60 424 799
366 403 55 466 1624 1999
274 91 26 221 1620 1999
160 72 333 262 1635 1999
483 301 153 262 1629 1999
314 118 24 194 432 799
430 433 62 432 1229 1599
299 356 403 91 1229 1599
77 129 404 180 1220 1599
335 156 81 279 1221 1599
138 18 40 283 1635 1999
28 483 143 239 1239 1599
10 18 272 127 28 399
237 188 362 426 435 799
58 295 175 39 1225 1599
39 390 83 65 429 799
25 1 221 178 26 399
260 77 19 202 832 1199
171 237 399 89 422 799
54 317 144 36 427 799
13 59 86 359 825 1199
82 298 240 90 432 799
164 360 479 423 1220 1599
18 15 333 66 33 399
63 200 272 357 1632 1999
178 232 338 15 821 1199
214 36 250 369 1629 1999
5 23 295 104 28 399
316 105 222 388 421 799
24 9 302 97 33 399
354 386 283 84 825 1199
15 15 359 40 30 399
10 23 6 385 33 399
322 44 136 224 432 799
22 37 321 104 832 1199
215 119 185 465 1222 1599
287 116 261 453 1235 1599
146 274 306 58 422 799
10 403 241 263 427 799
281 273 84 439 1635 1999
358 364 193 158 827 1199
479 233 303 35 1224 1599
18 5 55 344 23 399
9 24 337 62 33 399
185 429 376 261 1639 1999
336 443 161 242 822 1199
76 326 419 359 422 799
423 480 355 171 1221 1599
444 90 309 326 827 1199
19 229 319 307 1220 1599
328 168 174 377 835 1199
41 28 119 319 1229 1599
191 448 440 321 1622 1999
283 103 487 265 432 799
463 267 144 321 825 1199
149 303 330 498 1222 1599
61 146 408 173 824 1199
135 230 459 183 1227 1599
187 249 340 473 821 1199
434 284 106 319 835 1199
235 364 489 481 1227 1599
3 23 98 301 26 399
378 289 12 278 1221 1599
336 103 172 298 439 799
276 468 223 152 829 1199
34 163 139 432 1624 1999
373 266 189 74 1622 1999
204 107 410 277 822 1199
108 417 409 490 1624 1999
104 241 362 140 1239 1599
245 116 415 312 1632 1999
290 131 318 480 421 799
34 2 108 291 36 399
38 169 267 22 822 1199
18 20 92 309 835 1199
480 260 166 211 835 1199
467 249 316 31 829 1199
74 384 235 182 835 1199
130 278 312 86 424 799
25 5 33 366 30 399
407 261 154 143 1627 1999
460 242 276 57 1629 1999
97 478 440 450 1227 1599
326 398 22 463 829 1199
11 19 232 167 30 399
29 15 75 328 839 1199
406 483 127 391 1227 1599
5 31 282 117 36 399
279 304 39 168 822 1199
35 65 226 245 827 1199
198 233 425 101 1239 1599
358 49 179 241 427 799
215 228 419 401 1221 1599
7 21 31 368 28 399
222 192 363 414 835 1199
100 316 389 393 1232 1599
433 222 86 238 1235 1599
81 351 362 266 432 799
306 178 50 57 1621 1999
19 3 150 249 22 399
104 388 307 214 821 1199
366 321 56 389 1620 1999
0 23 360 7 23 399
309 282 411 15 1229 1599
10 16 162 237 26 399
10 12 352 47 22 399
172 316 471 386 1629 1999
15 11 204 195 26 399
384 41 249 279 425 799
27 379 219 198 1625 1999
173 434 462 354 1229 1599
448 376 331 130 1635 1999
14 7 136 263 21 399
388 428 257 200 839 1199
7 26 251 148 33 399
345 69 290 390 422 799
114 107 138 449 1632 1999
430 342 120 405 825 1199
272 442 259 82 825 1199
477 198 377 471 1225 1599
383 246 52 200 1221 1599
20 70 343 121 1224 1599
331 85 153 283 422 799
469 140 381 426 1624 1999
188 63 23 264 832 1199
12 9 48 351 21 399
269 166 19 279 435 799
325 26 4 82 1221 1599
242 143 32 296 435 799
461 427 354 175 1639 1999
294 118 432 354 1224 1599
112 414 445 388 1639 1999
285 81 279 441 1232 1599
7 15 376 23 22 399
4 24 343 56 28 399
71 149 367 71 1224 1599
298 51 409 318 1620 1999
179 121 383 276 1639 1999
82 284 295 437 432 799
195 23 83 274 835 1199
1 39 3 396 40 399
228 158 492 44 420 799
17 11 217 182 28 399
266 150 310 482 422 799
27 1 205 194 28 399
180 301 253 0 1624 1999
191 239 67 491 1222 1599
292 103 25 195 1239 1599
487 184 345 420 1620 1999
254 168 112 402 422 799
342 90 466 332 432 799
305 91 126 285 825 1199
268 248 427 36 1627 1999
0 30 100 299 30 399
183 79 220 419 821 1199
10 26 154 245 36 399
405 370 47 388 822 1199
63 325 330 424 432 799
20 6 327 72 26 399
276 116 221 427 432 799
69 293 445 291 1220 1599
107 466 444 488 1239 1599
304 114 2 171 1639 1999
316 465 485 256 820 1199
296 140 370 437 827 1199
445 34 409 357 1239 1599
321 153 444 396 1232 1599
48 381 95 62 1632 1999
286 90 42 222 422 799
331 79 17 139 1224 1599
181 181 438 64 1224 1599
201 170 446 294 1229 1599
72 319 183 71 439 799
369 55 267 327 1224 1599
460 243 171 166 832 1199
301 289 27 393 1220 1599
1 24 25 374 25 399
17 409 368 434 1222 1599
248 154 270 498 1232 1599
288 170 106 359 827 1199
425 304 119 236 824 1199
147 281 461 326 1639 1999
82 355 1 58 1620 1999
466 245 289 437 1229 1599
92 488 314 339 827 1199
165 34 76 308 1235 1599
249 78 165 372 820 1199
475 260 158 203 824 1199
80 359 244 164 439 799
282 307 56 159 1624 1999
248 105 55 281 1229 1599
32 8 338 61 40 399
4 24 163 236 28 399
31 346 96 34 421 799
20 1 359 40 21 399
65 321 402 362 420 799
82 303 165 23 435 799
18 12 6 369 30 399
170 243 438 348 425 799
115 89 358 219 825 1199
21 1 286 113 22 399
23 3 368 31 26 399
399 421 309 134 821 1199
418 386 447 52 835 1199
233 128 394 341 824 1199
296 136 91 297 432 799
264 341 29 475 1229 1599
83 282 272 452 1239 1599
266 472 272 109 1629 1999
2 20 79 320 22 399
188 151 458 258 1221 1599
10 12 150 249 22 399
17 9 114 285 26 399
30 469 389 462 832 1199
228 223 115 484 824 1199
31 401 230 234 432 799
389 104 418 451 822 1199
136 237 373 369 429 799
343 287 494 69 1629 1999
469 303 275 480 827 1199
2 34 236 163 36 399
364 412 251 148 821 1199
2 19 374 25 21 399
322 156 399 450 1627 1999
23 13 343 56 36 399
95 276 200 10 427 799
314 40 20 115 1629 1999
288 167 381 433 1239 1599
315 477 17 416 1639 1999
255 405 439 216 1625 1999
336 221 442 478 1235 1599
463 493 184 409 1635 1999
211 218 98 474 429 799
60 262 336 363 821 1199
91 29 449 28 1639 1999
20 2 189 210 22 399
2 28 50 349 30 399
9 27 184 215 36 399
320 436 47 346 835 1199
241 355 480 216 1220 1599
266 310 3 413 1232 1599
0 26 266 133 26 399
454 218 331 464 1629 1999
67 193 356 275 827 1199
457 441 182 339 1621 1999
16 17 90 309 33 399
5 18 286 113 23 399
11 14 91 308 25 399
196 177 310 436 425 799
221 214 9 63 435 799
211 451 11 288 835 1199
3 18 56 343 21 399
147 183 274 427 1627 1999
70 153 365 224 1632 1999
178 145 304 388 1229 1599
148 464 180 137 1639 1999
21 177 251 318 1627 1999
345 30 56 118 1221 1599
13 10 110 289 23 399
486 319 246 457 820 1199
430 275 272 486 1229 1599
195 131 397 288 1639 1999
180 156 483 230 1621 1999
378 383 452 91 1632 1999
388 359 168 201 820 1199
423 183 49 180 1621 1999
359 172 222 401 1632 1999
272 342 66 495 1639 1999
367 420 291 118 820 1199
11 32 151 258 832 1199
217 125 378 342 1220 1599
343 31 275 337 424 799
13 13 202 197 26 399
252 395 465 239 1229 1599
10 11 358 41 21 399
153 122 396 2 1235 1599
197 209 431 351 422 799
69 309 181 45 422 799
153 188 465 239 1235 1599
235 477 481 346 821 1199
251 143 2 270 1222 1599
265 257 499 115 1222 1599
331 407 134 227 1621 1999
325 60 66 164 435 799
14 7 274 125 21 399
273 150 387 409 425 799
249 45 140 299 1635 1999
19 7 169 230 26 399
7 14 136 263 21 399
80 359 343 244 820 1199
159 337 334 153 1639 1999
121 345 338 191 1627 1999
11 12 316 83 23 399
21 266 143 22 832 1199
107 237 341 108 835 1199
325 96 48 196 421 799
18 47 243 196 1624 1999
96 282 307 115 420 799
163 260 16 34 425 799
290 19 80 182 1225 1599
267 143 313 474 1621 1999
229 144 159 447 425 799
400 259 203 440 820 1199
5 16 166 233 21 399
146 335 18 85 1620 1999
439 335 266 149 839 1199
20 1 148 251 21 399
15 6 267 128 824 1199
161 266 14 42 427 799
73 28 410 69 820 1199
427 85 248 272 1232 1599
19 6 375 24 25 399
80 326 157 44 839 1199
247 98 306 412 1225 1599
428 126 200 269 1627 1999
11 368 90 70 1221 1599
36 353 97 43 1227 1599
17 349 375 357 432 799
24 16 254 145 40 399
269 201 343 498 1627 1999
310 385 66 252 1221 1599
141 261 349 431 420 799
20 8 152 247 28 399
46 386 367 333 1224 1599
308 447 118 268 1229 1599
274 219 76 43 824 1199
245 177 17 312 1635 1999
259 469 145 210 825 1199
168 195 428 298 435 799
392 185 180 349 1622 1999
337 462 95 327 1221 1599
123 33 343 182 1629 1999
433 300 209 155 1229 1599
126 297 392 192 427 799
369 336 66 407 1624 1999
165 188 285 437 1229 1599
197 384 445 254 1620 1999
228 193 386 408 425 799
225 197 310 486 1224 1599
490 371 356 142 1235 1599
206 170 489 263 422 799
38 142 196 343 1639 1999
15 21 372 15 36 399
122 247 387 143 429 799
5 85 162 299 1627 1999
12 390 223 225 422 799
14 98 251 232 827 1199
422 297 70 275 824 1199
16 17 54 345 33 399
248 131 319 437 421 799
316 154 63 278 821 1199
377 217 121 339 1220 1599
10 11 114 285 21 399
252 268 48 103 829 1199
49 181 343 102 825 1199
221 192 409 377 425 799
216 321 328 55 1620 1999
123 18 14 275 1632 1999
469 329 382 53 1635 1999
453 259 314 22 1222 1599
328 356 407 57 1220 1599
376 264 55 320 1621 1999
2 20 179 220 22 399
331 491 163 296 835 1199
144 78 339 252 1629 1999
145 368 449 301 1227 1599
436 284 78 295 1629 1999
362 472 266 209 839 1199
406 65 263 293 1227 1599
74 323 320 191 820 1199
409 78 157 185 1239 1599
165 255 5 473 420 799
69 337 250 142 1222 1599
140 271 366 124 425 799
4 36 205 194 40 399
73 192 268 11 1622 1999
393 14 112 107 824 1199
407 310 93 258 832 1199
286 332 240 4 1224 1599
36 424 226 245 829 1199
449 382 394 71 832 1199
117 305 247 59 422 799
148 230 353 57 420 799
230 190 468 50 420 799
180 431 418 303 832 1199
158 174 423 61 1220 1599
398 85 416 445 1620 1999
12 18 56 343 30 399
373 15 126 144 422 799
142 100 104 421 1639 1999
468 476 198 372 1224 1599
388 15 480 300 421 799
69 9 294 155 827 1199
371 51 174 230 422 799
16 20 211 188 36 399
266 112 135 359 420 799
396 19 402 391 1620 1999
11 15 361 38 26 399
202 363 105 83 1221 1599
453 51 387 358 825 1199
154 219 407 99 425 799
167 251 440 146 420 799
430 40 178 165 1621 1999
9 17 102 297 26 399
99 88 269 296 820 1199
276 282 129 51 1220 1599
477 293 156 243 827 1199
85 300 422 334 427 799
468 262 139 292 839 1199
45 17 208 213 1639 1999
5 31 21 378 36 399
389 349 23 354 827 1199
4 21 142 257 25 399
441 266 121 322 822 1199
14 9 204 195 23 399
400 192 87 142 1635 1999
20 3 282 117 23 399
304 434 54 313 827 1199
195 45 474 129 1635 1999
11 15 187 212 26 399
4 269 118 5 820 1199
53 83 219 294 1621 1999
4 17 335 64 21 399
486 283 198 373 820 1199
313 90 106 260 1221 1599
210 314 311 39 1222 1599
19 7 296 103 26 399
327 76 107 219 435 799
8 14 155 244 22 399
70 350 426 372 420 799
6 129 194 318 1221 1599
202 169 431 27 427 799
23 3 246 153 26 399
279 335 465 158 835 1199
232 145 400 354 421 799
196 233 308 490 429 799
0 40 90 326 1222 1599
21 4 365 34 25 399
470 200 306 405 829 1199
339 386 117 230 1620 1999
97 13 356 123 1629 1999
292 167 0 83 822 1199
111 318 429 369 429 799
177 203 460 108 420 799
18 7 5 368 25 399
396 497 132 392 1229 1599
58 369 397 389 1239 1599
13 13 368 31 26 399
341 37 372 372 432 799
372 347 459 60 824 1199
201 184 310 434 1239 1599
390 10 114 110 422 799
10 12 311 88 22 399
337 276 22 222 1229 1599
30 3 352 47 33 399
456 149 381 445 1227 1599
448 8 354 280 1232 1599
351 385 391 54 827 1199
8 28 73 326 36 399
281 68 269 434 1620 1999
215 179 346 424 1222 1599
65 306 151 21 427 799
491 273 337 50 821 1199
346 54 59 143 1222 1599
186 433 133 109 1221 1599
194 106 280 389 829 1199
269 211 23 328 1635 1999
16 14 332 67 30 399
401 419 388 69 835 1199
14 19 345 54 33 399
339 82 147 261 427 799
243 470 192 152 1229 1599
3 19 49 350 22 399
103 273 400 350 1224 1599
238 7 351 260 832 1199
341 162 456 423 1622 1999
344 56 11 89 432 799
20 6 137 262 26 399
371 358 219 144 832 1199
9 17 90 309 26 399
265 488 159 218 822 1199
32 1 248 151 33 399
4 21 97 302 25 399
101 323 428 370 424 799
145 276 46 2 425 799
354 102 479 343 1232 1599
143 230 476 270 425 799
9 13 348 51 22 399
284 90 258 440 1222 1599
47 314 309 210 1632 1999
1 22 301 98 23 399
378 442 414 101 821 1199
228 187 473 55 421 799
10 18 311 88 28 399
16 10 164 235 26 399
359 345 37 304 1635 1999
53 367 336 272 420 799
447 247 299 472 1625 1999
39 348 299 457 1229 1599
25 207 216 27 1627 1999
375 363 236 136 1232 1599
29 1 218 181 30 399
15 18 8 377 33 399
10 23 153 246 33 399
22 265 162 39 832 1199
56 251 361 324 1620 1999
304 430 88 287 839 1199
469 354 296 153 824 1199
343 86 36 24 429 799
47 326 264 482 425 799
207 165 442 29 827 1199
169 302 452 208 1221 1599
0 22 311 88 22 399
38 62 126 337 1635 1999
191 169 395 339 1224 1599
327 342 91 205 1225 1599
467 281 311 488 1635 1999
168 28 494 71 1629 1999
87 300 375 371 439 799
47 25 192 243 1635 1999
18 15 271 128 33 399
24 350 347 396 1629 1999
147 274 303 53 421 799
207 167 41 375 424 799
340 438 267 135 1222 1599
102 403 280 215 1632 1999
446 74 135 122 1639 1999
2 31 155 244 33 399
16 20 247 152 36 399
78 299 284 464 1227 1599
4 29 113 286 33 399
462 63 104 71 1632 1999
369 235 133 94 1621 1999
338 35 69 139 425 799
373 24 343 367 425 799
448 44 495 370 825 1199
14 19 376 15 33 399
213 56 66 287 1620 1999
281 447 370 177 1639 1999
1 21 305 94 22 399
102 321 12 52 1239 1599
149 334 225 44 1632 1999
360 296 87 392 1629 1999
10 50 232 187 1639 1999
237 190 331 467 427 799
4 19 243 156 23 399
368 287 3 295 1225 1599
247 36 56 211 1632 1999
5 16 13 386 21 399
312 113 186 346 1239 1599
375 245 67 306 1629 1999
187 288 432 157 1622 1999
358 253 220 20 1227 1599
97 431 240 203 1627 1999
21 1 20 377 22 399
484 209 309 410 822 1199
17 6 313 86 23 399
23 3 156 243 26 399
300 59 3 121 439 799
23 3 119 280 26 399
342 424 116 281 829 1199
373 281 47 331 1222 1599
53 356 405 377 425 799
26 376 230 206 424 799
10 11 138 261 21 399
135 483 311 296 835 1199
396 322 77 374 1627 1999
195 292 297 16 820 1199
313 106 117 288 1620 1999
10 15 177 222 25 399
242 190 452 34 432 799
55 267 247 86 1625 1999
460 381 492 47 1632 1999
137 302 367 431 439 799
393 429 24 427 827 1199
2 19 194 205 21 399
35 5 362 37 40 399
59 33 268 183 839 1199
480 267 351 497 1239 1599
31 230 346 172 1225 1599
389 323 97 400 829 1199
167 230 273 493 429 799
232 447 488 327 1622 1999
359 45 106 158 432 799
117 415 480 402 1222 1599
472 329 422 1 820 1199
171 265 472 341 821 1199
13 17 295 104 30 399
3 18 276 123 21 399
32 13 133 278 832 1199
8 17 178 221 25 399
439 105 409 444 829 1199
20 13 48 351 33 399
273 275 418 47 1625 1999
117 438 313 268 1632 1999
254 105 447 290 1620 1999
387 443 47 474 1627 1999
18 8 314 85 26 399
24 4 151 248 28 399
456 294 255 452 839 1199
305 171 52 47 821 1199
173 220 451 121 421 799
354 473 378 119 1620 1999
304 127 336 461 1632 1999
155 113 432 19 827 1199
432 253 272 466 1225 1599
153 54 342 239 824 1199
9 12 53 346 21 399
31 52 97 362 822 1199
423 143 129 74 1635 1999
27 305 258 159 1621 1999
27 6 364 35 33 399
13 350 32 6 435 799
196 441 148 123 1632 1999
234 384 303 80 1625 1999
347 45 109 173 432 799
13 400 151 165 425 799
233 191 146 478 1224 1599
20 79 57 405 1235 1599
200 203 92 468 425 799
33 44 177 266 832 1199
43 37 196 247 835 1199
60 424 173 178 1639 1999
5 21 89 310 26 399
134 93 411 7 1235 1599
76 108 433 120 1629 1999
216 135 366 344 1239 1599
39 1 87 312 40 399
326 101 92 238 427 799
19 21 115 284 40 399
13 10 96 303 23 399
123 247 290 55 1639 1999
189 408 321 169 1227 1599
3 22 64 335 25 399
7 14 30 369 21 399
0 22 365 34 22 399
180 280 33 58 1629 1999
252 434 467 290 1639 1999
9 14 242 157 23 399
0 23 81 318 23 399
383 345 39 378 821 1199
180 367 436 245 820 1199
288 68 147 286 839 1199
201 170 447 45 427 799
4 19 17 382 23 399
181 43 423 164 1635 1999
227 256 429 89 1229 1599
82 298 383 225 1224 1599
11 14 319 80 25 399
99 320 323 470 824 1199
122 81 471 52 1620 1999
6 30 86 313 36 399
4 22 252 147 26 399
246 210 339 495 1220 1599
67 353 96 23 839 1199
31 9 242 157 40 399
315 430 92 279 1624 1999
465 358 244 205 824 1199
402 231 69 272 1624 1999
427 349 298 101 821 1199
155 274 305 51 1225 1599
286 49 49 190 1620 1999
20 8 316 83 28 399
131 247 300 456 420 799
80 212 360 309 821 1199
273 21 237 361 1222 1599
286 441 279 70 820 1199
364 414 317 102 839 1199
354 167 393 499 1227 1599
383 341 34 319 827 1199
452 346 399 23 1222 1599
440 221 189 103 1229 1599
5 21 99 300 26 399
79 294 377 369 425 799
16 5 86 313 21 399
253 276 45 434 832 1199
7 26 63 336 33 399
1 39 149 250 40 399
158 82 423 194 821 1199
11 17 209 190 28 399
269 38 249 395 1221 1599
291 136 64 280 427 799
150 274 437 361 424 799
20 1 117 282 21 399
5 398 325 455 421 799
118 215 302 28 1227 1599
26 16 162 253 825 1199
3 22 152 247 25 399
432 338 363 38 829 1199
10 104 344 65 825 1199
257 428 81 233 1227 1599
19 14 48 351 33 399
303 472 29 368 1620 1999
415 74 243 278 1622 1999
248 472 104 239 821 1199
6 49 131 302 820 1199
153 256 419 363 425 799
130 269 321 444 1632 1999
190 195 369 15 439 799
313 38 108 209 1622 1999
173 336 466 255 1624 1999
0 228 347 254 825 1199
303 109 11 183 1232 1599
28 8 274 125 36 399
3 22 159 240 25 399
124 62 345 214 1625 1999
183 169 243 480 1627 1999
159 405 354 223 821 1199
23 3 230 169 26 399
144 369 285 144 832 1199
248 125 468 278 425 799
431 50 423 418 822 1199
41 367 389 337 1220 1599
412 139 493 432 824 1199
173 228 356 414 1229 1599
211 73 175 400 1635 1999
15 6 241 158 21 399
16 24 213 186 40 399
4 21 121 278 25 399
118 265 266 480 435 799
65 32 150 325 1620 1999
448 335 383 22 820 1199
305 102 173 339 1229 1599
54 322 159 51 422 799
122 307 261 87 439 799
244 315 37 471 1235 1599
260 433 18 309 1632 1999
14 12 50 349 26 399
407 203 215 384 1625 1999
425 495 78 479 1635 1999
377 429 155 288 1635 1999
8 15 354 45 23 399
324 266 12 331 1621 1999
72 357 394 404 429 799
4 468 71 166 829 1199
22 8 49 350 30 399
17 314 369 293 1225 1599
186 396 416 255 1627 1999
26 2 250 149 28 399
6 22 230 169 28 399
182 240 458 340 422 799
278 478 13 372 1627 1999
274 92 439 293 432 799
161 248 434 148 425 799
13 17 307 92 30 399
355 259 53 323 1232 1599
405 144 251 356 832 1199
48 53 287 180 832 1199
201 265 305 6 1635 1999
13 9 102 297 22 399
298 100 272 452 420 799
168 231 465 311 421 799
42 383 108 76 425 799
95 195 415 252 1621 1999
304 374 170 132 1222 1599
119 308 398 221 1632 1999
338 84 148 270 422 799
0 22 244 155 22 399
423 352 269 130 822 1199
11 11 133 266 22 399
40 65 398 54 1229 1599
429 56 186 179 1632 1999
4 367 13 5 427 799
334 150 109 296 827 1199
346 457 136 301 1632 1999
314 77 477 291 421 799
275 166 100 354 1235 1599
181 237 53 483 424 799
335 274 13 230 832 1199
374 487 203 299 1239 1599
436 329 138 261 832 1199
113 241 266 447 1639 1999
474 46 484 405 1629 1999
15 13 359 40 28 399
340 217 137 392 1620 1999
147 304 422 395 1632 1999
253 258 441 72 824 1199
452 352 413 28 1635 1999
373 50 355 401 429 799
433 329 224 161 821 1199
58 262 169 0 1625 1999
223 199 100 452 422 799
1 22 205 194 23 399
400 407 460 91 1622 1999
9 21 298 101 30 399
467 331 323 106 829 1199
153 89 175 438 827 1199
376 0 325 325 422 799
370 55 104 162 425 799
386 70 89 151 1220 1599
209 212 476 102 421 799
277 6 181 286 822 1199
16 6 54 345 22 399
76 346 371 267 424 799
497 406 475 57 1227 1599
343 50 395 357 439 799
104 333 417 379 439 799
18 5 91 308 23 399
76 301 446 294 421 799
154 285 394 166 439 799
150 223 301 445 425 799
443 299 275 98 1629 1999
358 365 114 243 1632 1999
386 430 311 128 821 1199
417 252 177 383 1227 1599
361 295 115 170 1627 1999
2 26 243 156 28 399
225 79 275 402 825 1199
388 291 253 67 1239 1599
336 469 92 337 822 1199
299 80 208 362 425 799
465 145 402 459 1621 1999
172 253 8 460 1227 1599
457 35 272 209 1639 1999
44 185 343 108 822 1199
415 380 276 153 832 1199
322 27 237 315 1225 1599
184 282 498 346 1220 1599
14 19 63 336 33 399
103 276 418 220 1227 1599
247 129 132 390 422 799
9 21 230 169 30 399
25 8 323 76 33 399
304 340 194 87 1635 1999
161 169 451 81 1220 1599
36 4 337 62 40 399
18 106 104 383 835 1199
352 355 171 158 820 1199
130 252 468 216 424 799
377 210 58 160 1229 1599
10 11 71 328 21 399
115 424 351 282 1620 1999
171 383 391 226 821 1199
139 264 492 240 421 799
367 455 21 430 1627 1999
78 261 386 319 832 1199
29 1 338 61 30 399
48 361 350 290 425 799
363 364 39 418 1620 1999
251 40 491 163 1235 1599
316 496 119 316 821 1199
362 119 484 375 820 1199
393 411 309 136 839 1199
374 327 2 325 1624 1999
69 338 208 114 435 799
378 365 7 358 1620 1999
381 39 247 283 420 799
148 448 144 81 827 1199
18 12 201 198 30 399
15 18 275 124 33 399
38 200 232 28 1232 1599
42 8 303 116 829 1199
273 445 412 221 835 1199
14 19 262 137 33 399
20 2 56 343 22 399
11 19 327 72 30 399
448 244 289 30 825 1199
397 369 339 68 1639 1999
6 15 360 39 21 399
127 5 388 115 1627 1999
281 444 165 184 822 1199
355 125 341 477 1232 1599
312 51 187 289 435 799
95 134 455 150 822 1199
104 216 446 189 1629 1999
334 278 81 158 1625 1999
459 387 164 323 1639 1999
105 307 204 28 1220 1599
360 358 426 47 1621 1999
40 52 339 116 835 1199
316 126 180 356 1232 1599
8 394 359 402 1639 1999
425 389 225 220 829 1199
331 50 9 1 1227 1599
330 435 314 77 824 1199
219 141 488 36 1224 1599
458 46 292 239 1639 1999
4 26 125 274 30 399
119 475 264 244 1222 1599
332 89 38 172 421 799
162 247 495 202 1620 1999
11 17 15 384 28 399
353 79 207 299 432 799
314 69 323 431 1227 1599
343 45 247 315 432 799
40 23 106 331 824 1199
205 187 376 394 1220 1599
153 252 306 28 421 799
354 455 322 113 1624 1999
7 26 52 347 33 399
415 102 319 382 1622 1999
292 461 324 130 1235 1599
27 1 42 357 28 399
116 259 439 211 427 799
402 323 122 417 1624 1999
19 9 174 225 28 399
18 398 106 120 432 799
307 288 480 493 1620 1999
310 61 459 283 427 799
281 138 401 387 429 799
105 32 23 327 1221 1599
179 248 394 404 427 799
26 345 175 135 1239 1599
399 351 371 16 835 1199
15 8 331 68 23 399
51 388 225 203 439 799
51 329 405 317 1232 1599
181 145 0 330 1232 1599
345 391 470 145 1627 1999
57 351 357 285 432 799
80 108 117 448 1621 1999
383 417 109 322 829 1199
60 416 113 96 825 1199
2 34 257 142 36 399
408 294 294 49 839 1199
1 24 120 279 25 399
19 11 176 223 30 399
60 299 200 80 439 799
311 221 37 118 1621 1999
134 336 446 274 1224 1599
28 5 180 219 33 399
364 340 490 95 1627 1999
465 419 204 306 1224 1599
23 17 323 76 40 399
47 29 319 131 1224 1599
13 289 236 143 1629 1999
401 2 138 108 429 799
169 332 323 115 1227 1599
121 126 232 393 820 1199
180 108 377 270 839 1199
315 173 0 224 1232 1599
8 274 173 482 1625 1999
159 201 403 330 1625 1999
57 235 288 367 835 1199
427 401 391 59 1220 1599
15 13 34 365 28 399
4 26 51 348 30 399
289 220 44 87 820 1199
154 497 286 266 1235 1599
279 32 48 179 1620 1999
81 287 215 48 825 1199
333 78 1 47 435 799
385 122 220 330 1225 1599
122 258 470 240 432 799
52 58 313 156 839 1199
264 421 310 96 1227 1599
261 178 399 399 1239 1599
229 388 137 109 1227 1599
243 472 322 185 832 1199
84 287 358 372 439 799
363 472 286 186 1235 1599
255 122 134 360 439 799
257 156 325 454 832 1199
199 339 246 17 1629 1999
307 175 428 427 825 1199
236 41 309 327 1239 1599
293 264 56 393 832 1199
112 266 477 265 432 799
202 46 491 120 1635 1999
160 237 439 157 1239 1599
377 338 214 135 1632 1999
289 481 374 195 827 1199
23 3 299 100 26 399
9 21 329 70 30 399
24 211 331 278 824 1199
18 10 380 1 28 399
193 382 108 93 1624 1999
86 334 318 480 420 799
209 389 71 153 1224 1599
7 142 347 106 822 1199
339 90 32 152 429 799
265 189 465 15 1224 1599
259 495 442 309 1629 1999
77 192 306 55 832 1199
145 275 282 34 420 799
32 8 384 1 40 399
196 465 357 257 1229 1599
290 137 199 417 427 799
339 64 378 398 425 799
5 18 33 366 23 399
405 413 84 463 827 1199
148 246 386 106 1220 1599
221 188 352 431 1624 1999
200 211 438 342 429 799
29 11 43 356 40 399
422 432 219 261 1224 1599
470 299 163 230 822 1199
24 6 144 255 30 399
1 32 126 273 33 399
391 164 263 413 1221 1599
237 81 15 237 1220 1599
280 325 229 2 1624 1999
82 299 354 202 1229 1599
261 161 194 470 422 799
292 327 40 446 1227 1599
114 255 254 26 429 799
12 24 233 166 36 399
7 21 328 71 28 399
32 411 37 39 1221 1599
288 62 388 339 821 1199
24 12 366 33 36 399
218 186 305 475 422 799
2 23 205 194 25 399
118 307 195 15 429 799
430 146 133 74 829 1199
91 279 202 16 1224 1599
321 99 203 359 420 799
253 160 307 477 427 799
145 388 446 326 1235 1599
10 12 177 222 22 399
290 64 1 149 1224 1599
290 384 48 263 1635 1999
481 11 369 270 1627 1999
221 189 27 373 420 799
211 481 102 217 825 1199
163 370 364 195 822 1199
202 155 246 474 1235 1599
202 196 286 486 1224 1599
327 427 77 300 821 1199
475 266 134 233 824 1199
294 249 453 459 1229 1599
321 78 124 252 427 799
368 438 406 99 1621 1999
139 51 43 332 821 1199
327 51 133 220 835 1199
418 383 276 149 822 1199
351 74 85 181 425 799
360 15 479 273 421 799
85 290 435 269 427 799
158 229 401 345 439 799
146 345 383 216 1632 1999
279 253 453 456 1621 1999
93 81 456 87 1629 1999
149 275 249 1 424 799
200 176 439 49 1232 1599
18 4 380 19 22 399
58 156 194 396 1222 1599
423 144 85 184 1620 1999
33 328 118 47 832 1199
88 361 233 135 1227 1599
112 254 255 477 432 799
351 5 381 351 1222 1599
15 0 209 172 832 1199
10 16 190 209 26 399
340 60 58 154 422 799
12 178 331 126 827 1199
124 322 5 65 1222 1599
356 339 203 116 822 1199
175 307 414 175 1627 1999
65 410 400 441 832 1199
299 448 267 102 820 1199
233 301 5 439 1232 1599
221 381 368 162 1232 1599
34 340 135 67 424 799
101 290 273 489 427 799
147 274 471 327 421 799
43 135 260 287 1629 1999
63 400 300 261 822 1199
353 59 384 404 422 799
406 156 482 457 821 1199
241 200 97 432 1622 1999
200 347 269 42 1624 1999
1 27 242 157 28 399
122 243 281 25 1221 1599
361 57 292 354 432 799
206 315 279 29 1239 1599
76 114 411 148 1629 1999
284 432 42 315 839 1199
13 15 381 18 28 399
27 39 329 100 835 1199
337 87 26 154 1220 1599
44 365 318 280 439 799
67 494 261 315 1225 1599
56 364 279 209 420 799
6 24 76 323 30 399
242 175 163 473 421 799
353 323 278 20 1220 1599
438 232 177 117 1222 1599
269 150 0 240 439 799
88 283 189 13 427 799
271 139 294 492 422 799
37 34 74 375 820 1199
30 412 193 204 1627 1999
372 335 413 2 1624 1999
65 358 133 57 429 799
371 290 63 229 1229 1599
71 211 393 262 1625 1999
397 357 190 193 827 1199
94 472 323 324 821 1199
13 13 9 382 26 399
127 392 363 257 1227 1599
14 26 83 316 40 399
13 17 56 343 30 399
115 307 40 6 422 799
130 340 355 194 1627 1999
469 292 363 20 820 1199
492 158 187 86 1621 1999
6 20 268 131 26 399
15 10 162 237 25 399
218 147 285 439 1239 1599
334 95 28 32 429 799
136 255 382 372 435 799
16 17 307 92 33 399
32 377 137 116 1632 1999
306 25 426 271 832 1199
325 114 450 352 1235 1599
446 384 115 352 1635 1999
238 477 284 146 1221 1599
110 471 153 137 1221 1599
224 118 263 438 1639 1999
50 141 240 325 1624 1999
5 35 147 252 40 399
6 22 361 6 28 399
1 35 327 72 36 399
328 361 424 91 832 1199
27 59 122 327 1635 1999
112 279 321 443 425 799
185 203 467 107 420 799
142 278 320 78 420 799
185 230 69 491 421 799
82 277 418 300 439 799
378 57 200 242 435 799
290 135 406 392 425 799
440 384 138 445 835 1199
15 15 335 64 30 399
342 230 475 475 1220 1599
394 240 103 312 835 1199
102 102 424 149 1629 1999
99 78 357 186 1632 1999
2 24 80 319 26 399
274 130 10 16 420 799
187 437 147 111 1232 1599
289 340 469 142 1620 1999
39 345 215 155 1232 1599
436 186 262 385 825 1199
26 14 216 183 40 399
299 229 15 142 1627 1999
425 24 248 224 1221 1599
261 195 424 405 1625 1999
421 185 90 139 1621 1999
342 261 128 101 1624 1999
391 421 456 115 1627 1999
31 5 30 367 36 399
124 279 464 298 439 799
357 341 268 59 827 1199
326 106 146 292 432 799
473 215 296 15 1621 1999
392 466 490 190 1224 1599
348 418 222 173 1627 1999
83 281 314 138 1224 1599
152 194 13 424 829 1199
78 150 394 97 829 1199
288 166 80 334 1222 1599
22 389 96 92 1227 1599
85 140 228 371 824 1199
296 441 487 261 1227 1599
92 319 297 473 1239 1599
146 378 331 185 1220 1599
414 491 407 124 1624 1999
16 5 72 327 21 399
341 83 328 444 424 799
299 213 87 52 825 1199
16 10 250 149 26 399
347 276 170 84 1229 1599
332 477 133 317 1239 1599
212 24 436 173 1625 1999
355 52 73 141 427 799
160 232 357 401 1232 1599
421 80 252 280 1229 1599
17 8 262 137 25 399
242 95 424 287 824 1199
207 191 482 97 829 1199
163 110 341 306 824 1199
339 90 137 247 439 799
235 489 190 171 835 1199
318 179 109 344 1624 1999
180 242 450 136 422 799
19 3 56 343 22 399
6 27 332 67 33 399
367 263 111 378 1627 1999
392 343 272 89 824 1199
338 210 224 465 1629 1999
17 9 78 321 26 399
104 102 224 358 1222 1599
58 381 136 100 439 799
444 129 180 19 824 1199
368 35 276 302 439 799
323 56 132 224 439 799
314 386 5 321 1224 1599
370 403 95 304 824 1199
37 326 265 191 435 799
31 2 307 92 33 399
407 359 358 31 1621 1999
4 384 133 139 424 799
348 366 172 171 1627 1999
418 340 219 165 1224 1599
90 102 395 36 1627 1999
177 228 419 363 421 799
342 57 181 269 425 799
275 456 106 247 820 1199
395 101 122 204 1222 1599
413 365 97 308 1625 1999
337 85 45 169 422 799
42 182 247 14 1625 1999
178 430 466 345 1625 1999
266 488 43 352 839 1199
89 172 333 304 1622 1999
264 72 295 415 1224 1599
18 345 129 93 435 799
17 45 63 370 827 1199
69 316 246 134 1239 1599
317 73 162 296 420 799
86 75 107 430 822 1199
297 462 193 200 832 1199
130 309 483 315 439 799
227 354 491 247 1227 1599
325 81 44 166 1232 1599
326 468 456 232 1232 1599
138 239 382 372 421 799
236 470 312 172 1224 1599
27 6 366 33 33 399
168 340 125 14 1629 1999
343 477 384 159 1639 1999
165 72 210 393 1632 1999
344 44 319 385 432 799
492 124 311 320 1621 1999
445 310 154 235 1632 1999
27 6 104 295 33 399
73 356 194 108 429 799
351 235 494 1 1621 1999
257 149 124 392 422 799
355 57 81 159 422 799
310 450 89 300 1627 1999
428 89 200 220 1239 1599
352 95 111 232 820 1199
393 339 188 167 821 1199
23 7 374 25 30 399
218 179 100 432 427 799
239 32 357 277 1235 1599
7 44 310 119 820 1199
362 264 248 4 1224 1599
140 281 251 29 435 799
215 263 487 166 1629 1999
68 301 395 265 435 799
292 131 431 365 1225 1599
120 215 455 258 1620 1999
120 468 409 394 1635 1999
0 371 270 472 427 799
27 48 377 20 820 1199
391 262 65 210 1620 1999
494 483 389 210 1620 1999
64 232 232 433 1629 1999
74 258 320 386 1224 1599
235 142 479 267 429 799
253 9 187 306 835 1199
306 86 59 212 1625 1999
449 146 215 288 1622 1999
19 21 202 197 40 399
487 62 341 287 1227 1599
75 305 243 99 424 799
74 293 330 186 435 799
282 198 77 44 1639 1999
364 21 108 134 1229 1599
63 329 281 470 839 1199
114 155 471 157 1239 1599
481 495 257 342 1621 1999
395 36 254 258 1235 1599
374 410 215 200 829 1199
51 327 372 384 420 799
220 296 474 408 1232 1599
5 31 243 156 36 399
15 481 35 124 821 1199
410 289 62 268 1229 1599
63 95 425 88 829 1199
459 62 455 427 1229 1599
211 238 443 382 822 1199
237 303 161 2 821 1199
221 190 459 329 421 799
12 24 312 87 36 399
375 155 276 415 839 1199
455 285 323 40 1621 1999
16 7 221 178 23 399
249 122 408 334 427 799
302 241 38 346 1229 1599
412 382 158 263 825 1199
153 200 481 248 822 1199
282 95 60 244 427 799
358 111 445 387 1235 1599
16 284 180 491 1627 1999
173 309 454 214 1222 1599
4 18 178 221 22 399
441 327 197 208 835 1199
334 42 277 361 422 799
489 277 393 4 829 1199
234 55 224 419 1624 1999
345 26 267 319 427 799
195 183 288 468 420 799
161 421 325 214 827 1199
336 87 409 387 425 799
258 162 30 16 424 799
463 258 277 85 1239 1599
386 377 343 46 824 1199
296 120 102 304 1220 1599
299 279 10 356 1232 1599
138 102 84 419 1627 1999
302 122 491 307 424 799
471 255 241 398 1625 1999
288 88 291 461 422 799
481 248 287 68 1624 1999
471 187 111 178 829 1199
435 103 116 143 1639 1999
10 13 325 74 23 399
195 206 355 422 822 1199
485 327 131 318 835 1199
298 91 380 368 439 799
135 368 438 424 1239 1599
212 157 439 299 429 799
134 238 410 148 432 799
463 195 139 146 1625 1999
39 138 178 373 1624 1999
20 10 381 2 30 399
13 346 83 57 439 799
30 10 310 89 40 399
1 27 320 79 28 399
12 11 151 248 23 399
292 92 480 282 1220 1599
3 131 309 60 1621 1999
327 365 202 121 829 1199
335 266 42 182 1221 1599
300 473 47 352 824 1199
190 215 73 457 1239 1599
99 287 350 179 1639 1999
250 69 238 433 1622 1999
251 126 189 441 421 799
215 163 407 349 420 799
173 208 426 326 427 799
444 16 94 43 1621 1999
10 12 189 210 22 399
198 226 401 55 424 799
412 80 211 248 1629 1999
184 129 475 42 820 1199
78 484 158 205 839 1199
27 19 234 183 827 1199
469 148 394 451 820 1199
10 23 35 364 33 399
105 315 299 490 829 1199
356 150 27 190 1629 1999
11 29 95 304 40 399
83 286 435 269 429 799
4 22 3 394 26 399
364 397 408 64 1221 1599
107 267 267 53 424 799
22 135 210 313 832 1199
18 12 170 229 30 399
124 134 304 325 1627 1999
19 4 177 222 23 399
340 40 311 377 1232 1599
401 330 64 289 820 1199
10 23 274 125 33 399
379 379 417 43 1224 1599
429 41 111 99 1222 1599
352 52 343 421 420 799
281 319 469 138 829 1199
253 139 317 441 432 799
12 14 370 29 26 399
9 9 181 214 821 1199
6 17 370 29 23 399
163 97 59 356 835 1199
12 9 68 331 21 399
307 375 88 218 1222 1599
314 483 153 268 1622 1999
408 325 268 91 824 1199
27 1 135 264 28 399
24 16 49 350 40 399
178 414 397 260 825 1199
19 3 122 277 22 399
8 17 270 129 25 399
165 255 442 158 1224 1599
21 15 220 179 36 399
272 137 317 466 824 1199
426 342 137 258 825 1199
177 21 401 160 1635 1999
17 9 336 63 26 399
406 470 166 339 1627 1999
141 288 421 190 820 1199
183 2 51 244 824 1199
200 136 487 54 829 1199
365 479 386 124 1222 1599
3 375 65 59 420 799
33 37 136 307 825 1199
239 192 169 493 1227 1599
22 255 266 377 832 1199
396 174 225 380 1621 1999
355 84 383 432 1622 1999
1 32 167 232 33 399
280 109 440 320 427 799
396 28 243 238 1635 1999
23 2 309 90 25 399
12 11 147 252 23 399
381 449 253 204 1625 1999
171 258 335 463 1229 1599
234 310 406 109 825 1199
280 83 494 232 435 799
171 225 307 463 424 799
283 88 453 284 1632 1999
389 46 415 383 435 799
13 13 161 238 26 399
244 198 469 350 821 1199
248 154 404 374 1222 1599
281 287 183 22 1635 1999
469 326 127 302 832 1199
241 162 138 430 427 799
162 149 10 371 1624 1999
63 418 437 420 1622 1999
261 426 368 157 822 1199
233 184 366 428 421 799
425 303 65 314 1627 1999
245 41 475 174 1635 1999
8 42 14 405 829 1199
188 234 465 333 422 799
168 232 425 353 420 799
4 36 125 274 40 399
20 3 45 354 23 399
111 312 305 477 439 799
149 436 102 112 1227 1599
178 433 258 144 1229 1599
273 40 293 393 1225 1599
493 180 375 436 1624 1999
176 378 252 81 1625 1999
74 351 226 130 425 799
301 118 343 449 1225 1599
40 48 351 100 835 1199
402 374 110 307 1639 1999
160 275 491 243 435 799
11 10 283 116 21 399
18 3 140 259 21 399
200 35 157 361 1229 1599
286 484 49 362 839 1199
3 27 136 263 30 399
405 347 161 476 1625 1999
44 359 320 258 1221 1599
190 50 393 218 1627 1999
207 215 425 57 422 799
296 417 52 285 1622 1999
472 365 214 481 1624 1999
12 13 253 146 25 399
8 18 374 25 26 399
19 7 137 262 26 399
0 21 83 316 21 399
395 352 284 85 820 1199
18 12 273 126 30 399
4 17 317 82 21 399
426 332 287 112 839 1199
22 11 358 41 33 399
397 321 292 48 1220 1599
301 459 32 354 1224 1599
298 471 425 225 1225 1599
11 11 148 251 22 399
38 59 374 21 824 1199
22 325 263 195 1227 1599
302 81 203 345 435 799
118 146 72 477 821 1199
47 247 331 337 1224 1599
329 96 80 220 425 799
107 310 267 101 429 799
264 109 484 262 425 799
16 17 104 295 33 399
86 466 360 366 1224 1599
339 150 470 385 1632 1999
263 95 43 253 1220 1599
239 333 487 222 1639 1999
16 10 2 369 26 399
21 4 263 136 25 399
389 15 91 95 420 799
348 417 104 283 1620 1999
113 272 326 433 1624 1999
94 156 155 471 1222 1599
184 225 358 30 429 799
265 79 281 437 1224 1599
10 23 113 286 33 399
489 156 144 128 1225 1599
413 423 457 94 1625 1999
121 107 122 475 1629 1999
330 363 12 419 1624 1999
247 477 372 225 821 1199
99 321 432 362 1224 1599
23 3 174 225 26 399
320 252 97 102 1625 1999
296 83 374 382 421 799
213 161 291 457 424 799
4 26 90 309 30 399
80 355 245 142 1620 1999
2 31 272 127 33 399
304 120 92 282 424 799
316 285 485 95 1239 1599
220 477 421 312 1632 1999
28 323 256 468 1225 1599
32 4 105 294 36 399
51 475 325 390 1639 1999
74 355 281 188 1624 1999
243 176 419 363 435 799
215 420 452 284 1225 1599
409 349 170 469 839 1199
59 363 234 162 422 799
205 166 452 285 832 1199
394 393 83 448 832 1199
407 337 192 181 827 1199
421 197 68 220 1222 1599
376 43 24 22 1225 1599
172 260 452 174 432 799
96 316 188 30 420 799
29 161 94 469 1625 1999
9 17 379 20 26 399
375 31 451 333 420 799
292 132 396 402 424 799
240 482 284 155 1627 1999
154 152 464 99 1635 1999
400 361 179 216 832 1199
337 130 79 241 1229 1599
395 334 173 178 1620 1999
478 291 235 158 822 1199
386 300 288 39 1639 1999
4 17 105 294 21 399
144 410 373 261 1220 1599
474 273 307 484 1620 1999
165 124 123 459 1221 1599
232 135 148 414 435 799
322 59 269 377 1227 1599
344 13 183 225 425 799
320 101 487 311 421 799
113 68 198 346 1235 1599
121 275 331 111 424 799
454 322 313 86 821 1199
277 144 15 29 421 799
18 8 8 371 26 399
104 282 359 398 827 1199
16 12 358 41 28 399
35 5 381 18 40 399
302 459 371 152 1622 1999
319 439 32 355 827 1199
267 145 484 302 424 799
53 372 404 380 1239 1599
435 12 217 168 1624 1999
424 344 259 132 1621 1999
189 71 366 253 1639 1999
30 461 121 183 1229 1599
169 187 345 388 1621 1999
233 137 63 326 839 1199
381 446 213 245 1229 1599
3 37 333 8 40 399
286 80 250 410 432 799
298 175 1 109 1235 1599
340 22 264 324 1220 1599
314 48 27 134 1625 1999
475 311 269 144 825 1199
3 25 4 395 28 399
282 54 42 177 835 1199
276 246 409 10 1629 1999
152 226 435 321 420 799
329 107 214 361 1629 1999
146 288 74 1 839 1199
336 441 328 72 1221 1599
313 60 91 211 425 799
203 27 308 291 829 1199
458 261 177 354 824 1199
112 221 345 88 832 1199
24 127 315 212 822 1199
370 82 264 352 1222 1599
12 13 348 51 25 399
239 200 334 474 1229 1599
289 444 269 86 820 1199
184 464 307 210 821 1199
27 13 203 196 40 399
195 168 416 310 435 799
65 215 392 183 1639 1999
24 9 53 346 33 399
0 33 43 356 33 399
25 15 157 242 40 399
15 8 296 103 23 399
102 446 302 275 827 1199
160 264 298 28 424 799
33 151 225 332 1625 1999
255 116 137 369 427 799
167 73 75 354 825 1199
4 331 105 73 439 799
224 185 314 468 1225 1599
334 454 278 151 839 1199
474 319 336 88 1229 1599
94 301 356 410 427 799
347 85 71 175 432 799
146 275 344 454 1221 1599
349 30 413 337 1227 1599
196 192 270 484 1232 1599
5 23 265 134 28 399
363 29 356 391 1629 1999
144 18 297 242 821 1199
303 129 89 281 432 799
315 305 29 393 1224 1599
82 29 133 356 1620 1999
313 110 89 245 1239 1599
174 47 391 206 822 1199
3 19 174 225 22 399
416 482 305 220 1625 1999
71 294 366 362 435 799
321 79 23 159 420 799
407 58 144 166 1227 1599
149 184 443 266 1622 1999
468 409 420 91 1632 1999
125 155 386 265 1627 1999
320 58 28 140 424 799
299 75 137 287 424 799
438 389 73 376 1620 1999
2 38 184 215 40 399
223 130 66 347 1624 1999
2 19 64 335 21 399
146 475 330 285 1624 1999
17 11 72 327 28 399
8 22 360 5 30 399
92 260 238 491 821 1199
198 289 495 212 1624 1999
28 254 402 258 1220 1599
423 402 433 35 1221 1599
9 31 306 93 40 399
292 101 443 327 421 799
309 461 166 235 829 1199
31 9 361 38 40 399
283 481 272 129 835 1199
289 469 51 348 839 1199
1 35 202 197 36 399
17 6 59 340 23 399
12 16 139 260 28 399
1 24 87 312 25 399
124 445 394 339 822 1199
226 156 460 300 1220 1599
328 261 56 164 1229 1599
367 7 15 29 424 799
124 331 1 85 1229 1599
227 379 434 208 1220 1599
51 249 368 295 1635 1999
1 16 77 306 832 1199
379 89 114 195 1627 1999
351 337 9 369 1224 1599
111 361 85 10 1621 1999
9 21 81 318 30 399
242 206 399 418 829 1199
72 126 231 338 1627 1999
135 461 129 104 1635 1999
237 135 47 311 432 799
196 12 348 233 1625 1999
214 393 245 61 1235 1599
143 199 308 405 827 1199
6 22 328 71 28 399
134 374 361 223 1220 1599
164 38 80 323 829 1199
242 169 4 302 427 799
180 240 478 160 420 799
22 4 286 113 26 399
60 360 404 326 420 799
290 90 144 320 422 799
243 23 161 315 1224 1599
162 211 39 461 1225 1599
10 16 114 285 26 399
232 174 451 331 422 799
6 386 41 43 420 799
409 92 296 350 1227 1599
45 344 397 365 425 799
55 172 140 460 1225 1599
301 242 89 393 1235 1599
5 21 84 315 26 399
428 164 119 104 829 1199
64 399 381 357 1239 1599
21 4 353 46 25 399
26 171 331 244 1620 1999
275 150 112 360 425 799
11 245 232 89 1621 1999
456 47 353 307 1235 1599
176 25 181 394 824 1199
178 234 472 314 424 799
369 331 106 441 1625 1999
456 193 306 412 1229 1599
236 81 174 390 1227 1599
388 389 158 253 1632 1999
248 121 472 266 429 799
303 92 173 333 427 799
12 9 344 55 21 399
372 431 409 95 1225 1599
50 213 340 299 1622 1999
351 147 174 341 1627 1999
172 360 232 46 1224 1599
388 277 24 263 1620 1999
200 201 422 350 427 799
357 374 209 146 1622 1999
150 155 476 205 822 1199
29 1 183 216 30 399
295 65 498 240 1220 1599
7 26 141 258 33 399
311 118 27 193 439 799
307 352 254 27 1620 1999
86 326 429 360 1621 1999
13 368 342 408 429 799
24 240 297 154 1639 1999
411 363 63 374 1639 1999
10 26 324 75 36 399
78 22 123 348 1627 1999
3 25 24 375 28 399
298 67 45 177 1235 1599
375 302 112 410 1227 1599
323 338 295 7 1239 1599
3 410 0 40 425 799
329 499 151 299 1220 1599
88 121 329 257 1221 1599
80 146 302 297 825 1199
54 389 203 169 1229 1599
13 15 178 221 28 399
444 320 359 42 1635 1999
322 431 319 56 820 1199
84 299 281 473 427 799
14 9 131 268 23 399
12 11 246 153 23 399
56 21 429 18 822 1199
60 326 278 482 424 799
466 305 377 18 822 1199
16 14 336 63 30 399
46 298 407 283 1222 1599
202 37 243 374 820 1199
88 390 171 107 1232 1599
272 446 20 339 839 1199
14 375 300 295 1632 1999
305 126 49 241 1227 1599
343 14 52 92 1229 1599
393 346 222 148 1229 1599
360 177 14 205 1624 1999
179 256 421 377 435 799
135 342 84 34 1239 1599
4 29 79 320 33 399
212 210 383 5 422 799
2 34 346 15 36 399
10 212 228 61 1629 1999
370 462 178 295 1639 1999
114 75 119 446 822 1199
184 328 437 434 1639 1999
8 13 71 328 21 399
14 9 33 366 23 399
68 365 28 42 435 799
339 77 335 447 424 799
313 57 354 382 432 799
2 21 12 387 23 399
298 64 46 189 821 1199
18 3 245 154 21 399
12 13 267 132 25 399
185 437 448 334 1232 1599
170 382 473 457 1220 1599
2 26 361 38 28 399
423 287 142 369 835 1199
74 343 373 271 1227 1599
218 201 468 325 1624 1999
297 439 258 119 1639 1999
180 239 467 167 1239 1599
69 294 349 211 435 799
84 39 304 195 822 1199
210 98 105 352 839 1199
311 434 114 265 832 1199
357 459 202 248 1232 1599
6 19 235 164 25 399
89 22 40 350 1221 1599
374 422 141 284 827 1199
389 108 234 319 1632 1999
138 294 369 440 821 1199
205 360 441 222 1624 1999
304 112 334 460 1220 1599
115 236 459 211 1229 1599
351 485 70 397 1629 1999
136 233 399 127 429 799
287 476 129 258 1622 1999
18 15 382 13 33 399
301 248 93 409 1229 1599
429 61 346 351 1625 1999
191 178 386 10 435 799
453 131 251 306 821 1199
471 171 408 479 827 1199
19 314 316 394 1221 1599
145 404 170 55 1624 1999
0 21 332 67 21 399
355 60 57 131 429 799
376 56 72 123 1627 1999
23 7 119 280 30 399
216 129 483 235 1225 1599
310 81 235 383 421 799
210 167 413 341 421 799
6 34 99 300 40 399
66 188 255 4 1625 1999
396 312 100 375 839 1199
150 224 497 197 424 799
201 175 126 476 422 799
329 78 90 212 1225 1599
23 17 110 289 40 399
161 393 459 469 1224 1599
25 8 313 86 33 399
206 169 435 309 429 799
78 251 392 202 1235 1599
407 315 216 133 825 1199
300 103 44 218 427 799
16 7 324 75 23 399
8 358 357 341 432 799
337 88 66 190 425 799
227 241 355 0 1629 1999
477 245 219 127 1222 1599
393 206 299 481 1229 1599
283 57 64 216 1220 1599
462 292 139 328 839 1199
342 370 53 300 839 1199
443 383 483 54 1629 1999
22 1 138 261 23 399
233 176 429 353 425 799
49 13 188 237 835 1199
166 207 428 96 425 799
428 184 373 492 1635 1999
286 218 414 459 1629 1999
17 11 177 228 821 1199
6 17 119 280 23 399
232 116 456 265 825 1199
456 227 127 274 1622 1999
279 106 57 260 1622 1999
14 22 196 203 36 399
386 202 496 451 1639 1999
20 6 133 266 26 399
259 221 480 376 1222 1599
181 241 493 305 422 799
427 371 314 115 1629 1999
15 6 1 370 21 399
138 461 429 386 1632 1999
240 280 395 58 821 1199
278 143 199 441 421 799
317 457 118 293 835 1199
409 370 420 3 820 1199
204 255 492 169 824 1199
406 0 406 378 420 799
270 106 165 377 422 799
295 415 182 165 835 1199
190 199 490 121 820 1199
23 5 344 55 28 399
222 72 54 275 1627 1999
3 19 212 187 22 399
68 265 242 62 1221 1599
392 30 145 159 422 799
413 372 298 118 1229 1599
1 25 59 340 26 399
163 325 281 66 1621 1999
442 399 353 117 1227 1599
18 18 361 48 825 1199
311 420 334 70 1225 1599
315 157 415 423 1232 1599
312 127 166 340 439 799
284 338 57 194 827 1199
160 236 389 385 1220 1599
118 343 240 106 1239 1599
136 18 487 10 1639 1999
407 404 185 248 820 1199
68 316 336 206 420 799
417 345 487 42 825 1199
368 74 494 314 1232 1599
134 348 38 73 1627 1999
247 416 317 110 1622 1999
222 360 10 213 1639 1999
23 10 80 319 33 399
386 16 85 93 1220 1599
81 246 342 141 1632 1999
18 3 38 361 21 399
267 40 395 285 1225 1599
146 238 482 198 422 799
249 136 283 473 427 799
31 5 281 118 36 399
190 61 472 153 824 1199
341 100 300 437 820 1199
29 214 137 480 824 1199
228 65 109 320 824 1199
15 7 261 138 22 399
454 267 113 304 1620 1999
411 301 315 34 835 1199
15 18 150 249 33 399
10 30 76 323 40 399
114 259 396 168 425 799
22 4 74 325 26 399
182 191 2 374 1235 1599
14 9 202 197 23 399
1 24 198 201 25 399
333 334 461 86 1622 1999
17 13 307 92 30 399
322 74 450 319 1625 1999
152 234 325 439 1220 1599
185 371 36 142 1220 1599
79 389 43 47 1220 1599
20 20 185 214 40 399
69 347 275 187 432 799
482 393 344 168 1235 1599
318 213 106 375 1624 1999
475 44 361 296 832 1199
61 217 296 355 1625 1999
200 178 469 69 420 799
314 451 102 297 1632 1999
164 43 227 339 1239 1599
311 485 481 282 825 1199
187 163 318 409 1621 1999
149 232 437 143 421 799
61 88 59 462 1622 1999
312 429 97 273 1227 1599
322 405 47 314 1632 1999
259 183 202 495 829 1199
245 481 407 274 1629 1999
179 403 249 96 1621 1999
331 444 46 358 1227 1599
1 27 331 68 28 399
12 18 302 97 30 399
352 145 120 291 820 1199
189 222 83 485 1229 1599
13 9 164 235 22 399
13 9 102 297 22 399
20 127 352 96 1235 1599
15 13 105 294 28 399
146 198 455 248 839 1199
98 313 428 272 427 799
104 273 320 118 427 799
14 9 222 177 23 399
267 92 169 353 439 799
104 192 350 69 829 1199
478 231 179 310 1620 1999
29 7 49 350 36 399
270 415 11 308 832 1199
17 8 26 373 25 399
266 281 66 115 832 1199
302 92 72 228 432 799
24 9 148 251 33 399
480 240 222 129 829 1199
368 34 304 346 422 799
87 226 278 44 1225 1599
451 89 403 404 835 1199
17 67 291 166 1625 1999
363 41 314 366 1224 1599
438 169 243 347 1225 1599
16 6 163 236 22 399
18 22 136 263 40 399
370 436 148 295 1635 1999
336 315 16 266 1229 1599
410 17 152 130 427 799
60 346 409 368 827 1199
14 9 354 45 23 399
412 282 127 375 1220 1599
16 6 267 132 22 399
370 373 158 209 822 1199
466 22 496 369 1621 1999
403 123 271 365 1224 1599
367 34 144 180 1229 1599
284 489 362 189 1620 1999
85 387 308 251 839 1199
154 403 411 289 1227 1599
8 20 96 303 28 399
190 215 468 122 427 799
401 378 66 421 1620 1999
206 215 467 331 421 799
57 20 219 221 1235 1599
240 179 324 466 427 799
1 22 376 21 23 399
273 156 301 497 429 799
388 388 234 179 835 1199
110 300 384 215 839 1199
170 207 388 366 421 799
301 93 294 460 1224 1599
38 2 336 63 40 399
126 237 457 269 435 799
129 272 431 197 1221 1599
10 16 34 365 26 399
19 6 385 14 25 399
112 99 52 405 832 1199
41 219 333 148 835 1199
286 184 97 364 829 1199
349 414 129 268 832 1199
4 181 313 127 1235 1599
2 34 331 68 36 399
483 173 260 327 1621 1999
317 96 244 386 435 799
22 23 123 300 820 1199
214 148 189 496 1625 1999
169 204 316 430 425 799
330 105 206 344 435 799
387 40 489 309 427 799
87 119 154 421 829 1199
24 6 235 164 30 399
349 47 124 195 1625 1999
307 108 444 334 435 799
344 440 285 122 821 1199
359 462 364 101 1632 1999
27 3 88 311 30 399
326 110 329 466 1639 1999
296 141 187 410 1620 1999
447 360 204 234 1229 1599
173 202 457 289 1227 1599
454 236 86 235 1629 1999
2 19 219 180 21 399
199 235 323 477 1232 1599
449 69 126 19 825 1199
257 55 87 262 1621 1999
14 76 295 172 1621 1999
258 169 423 378 1624 1999
226 262 33 86 829 1199
414 185 310 447 832 1199
246 190 51 8 821 1199
45 368 258 207 1624 1999
19 9 302 97 28 399
23 29 173 252 1625 1999
7 23 94 305 30 399
129 171 385 278 835 1199
139 40 193 352 1632 1999
176 36 216 355 839 1199
81 329 302 172 1220 1599
308 297 471 84 1622 1999
50 328 232 134 422 799
22 1 316 83 23 399
269 140 346 440 421 799
88 333 296 168 425 799
2 53 285 148 1620 1999
375 406 150 268 1235 1599
441 73 318 323 1625 1999
111 162 250 389 832 1199
79 341 203 91 424 799
264 448 145 208 839 1199
151 269 319 479 420 799
89 328 288 156 427 799
274 206 48 69 1635 1999
350 18 363 383 420 799
105 257 439 289 1232 1599
1 29 68 331 30 399
287 374 89 198 1624 1999
148 279 49 19 439 799
320 470 19 412 1639 1999
34 2 172 227 36 399
261 446 230 101 1622 1999
36 194 245 26 821 1199
468 262 344 9 821 1199
257 121 217 459 420 799
14 12 346 53 26 399
280 348 407 104 1627 1999
268 56 217 368 1635 1999
421 220 211 379 1229 1599
451 137 308 357 835 1199
22 57 285 170 822 1199
342 38 216 278 1232 1599
222 47 211 412 822 1199
134 263 241 4 1632 1999
222 154 484 268 422 799
296 139 92 298 435 799
452 310 363 26 1625 1999
326 174 230 441 1635 1999
2 31 280 119 33 399
197 422 211 58 820 1199
52 383 274 242 435 799
401 330 57 360 824 1199
451 265 241 106 829 1199
28 8 209 190 36 399
345 301 187 90 1629 1999
2 28 24 375 30 399
111 265 388 364 422 799
425 338 78 367 822 1199
468 75 397 367 1235 1599
20 1 283 116 21 399
208 163 72 398 427 799
61 370 245 191 1235 1599
252 356 165 72 1627 1999
20 1 146 253 21 399
297 79 256 414 422 799
200 211 404 376 429 799
258 95 312 400 1239 1599
35 5 359 40 40 399
11 12 95 304 23 399
48 54 252 209 1639 1999
62 134 235 334 825 1199
362 431 142 285 832 1199
197 75 145 396 825 1199
465 343 255 496 1635 1999
351 36 192 254 421 799
287 446 366 156 1229 1599
11 15 157 242 26 399
12 13 270 129 25 399
10 12 316 83 22 399
348 52 111 191 422 799
5 31 28 371 36 399
55 322 404 350 421 799
21 5 160 239 26 399
295 13 2 97 821 1199
323 60 8 122 421 799
22 11 209 190 33 399
23 13 257 142 36 399
329 439 31 374 835 1199
5 20 242 157 25 399
466 275 260 443 1624 1999
477 144 268 301 1632 1999
120 205 2 456 1229 1599
2 23 361 8 25 399
137 176 248 436 1227 1599
265 106 282 458 429 799
24 360 397 361 424 799
28 8 61 338 36 399
17 28 274 147 822 1199
35 310 312 214 1225 1599
148 248 341 68 1625 1999
16 5 382 17 21 399
3 18 41 358 21 399
125 259 494 268 420 799
23 7 8 361 30 399
82 308 179 32 1625 1999
5 364 18 8 429 799
467 197 381 470 839 1199
57 362 163 97 1227 1599
443 35 142 93 839 1199
11 10 130 269 21 399
26 31 212 211 832 1199
247 316 5 450 1622 1999
483 280 158 333 1620 1999
193 236 461 135 429 799
95 330 286 148 425 799
296 144 109 320 1635 1999
89 242 351 339 1239 1599
7 14 119 280 21 399
203 416 415 251 1221 1599
233 142 371 363 439 799
364 27 455 305 429 799
239 261 93 29 1220 1599
42 174 139 448 827 1199
199 114 317 374 1620 1999
141 76 174 421 1620 1999
144 223 383 358 824 1199
170 165 278 423 1632 1999
173 262 397 401 435 799
13 13 303 96 26 399
71 109 228 315 835 1199
298 66 45 186 1625 1999
1 32 322 77 33 399
406 214 65 179 1222 1599
17 8 38 361 25 399
407 317 478 12 1222 1599
66 70 347 166 1621 1999
103 174 365 271 1239 1599
451 325 149 264 835 1199
29 11 331 68 40 399
245 40 363 298 822 1199
132 172 341 22 1639 1999
73 320 222 96 1225 1599
12 13 306 93 25 399
264 153 290 490 1235 1599
1 24 17 382 25 399
353 19 3 6 835 1199
18 8 51 348 26 399
410 377 469 60 1622 1999
230 244 52 443 1621 1999
310 411 331 59 1225 1599
279 142 426 354 439 799
279 225 127 8 829 1199
5 21 172 227 26 399
19 6 376 23 25 399
87 430 412 468 1235 1599
432 127 99 84 822 1199
105 104 171 414 822 1199
14 9 268 131 23 399
0 21 86 313 21 399
406 105 120 195 1622 1999
445 77 496 395 1629 1999
48 194 380 149 1621 1999
198 224 404 54 422 799
378 268 92 181 825 1199
479 152 259 305 1225 1599
270 423 205 115 1225 1599
334 219 209 465 1227 1599
313 222 44 316 1235 1599
12 11 203 196 23 399
363 67 277 340 1639 1999
145 244 407 133 425 799
427 46 378 370 1225 1599
13 414 382 412 1227 1599
155 441 339 256 829 1199
324 426 234 150 1232 1599
291 115 56 254 1224 1599
36 8 94 316 1232 1599
180 186 288 444 432 799
15 11 385 14 26 399
139 465 359 322 835 1199
383 12 233 236 824 1199
258 370 369 112 1629 1999
162 222 55 478 1635 1999
20 16 339 60 36 399
0 30 148 251 30 399
359 466 45 414 1632 1999
183 44 373 225 1227 1599
193 408 155 83 1235 1599
1 27 174 225 28 399
31 203 353 240 839 1199
285 132 463 317 1235 1599
5 16 270 129 21 399
166 473 266 207 1632 1999
6 15 52 347 21 399
41 427 354 480 1232 1599
187 141 349 356 821 1199
156 88 472 143 1627 1999
13 10 207 192 23 399
145 68 295 292 824 1199
420 479 145 376 1620 1999
15 18 275 124 33 399
20 20 178 221 40 399
195 103 497 28 1621 1999
295 314 120 123 832 1199
434 309 291 76 822 1199
11 446 138 214 1239 1599
65 382 184 130 1227 1599
124 264 445 216 1629 1999
322 114 335 470 1629 1999
2 23 224 175 25 399
479 325 315 118 1627 1999
46 342 314 232 1220 1599
317 251 157 34 1621 1999
20 3 130 269 23 399
185 188 273 473 425 799
133 272 24 3 1620 1999
380 118 188 302 1222 1599
421 303 77 318 1639 1999
306 71 335 419 421 799
129 277 27 5 424 799
36 17 302 129 820 1199
376 32 118 148 424 799
39 324 351 375 435 799
220 162 128 448 1220 1599
343 415 364 59 821 1199
101 320 416 266 429 799
361 61 206 282 422 799
296 75 491 251 427 799
6 19 185 214 25 399
47 430 207 219 1227 1599
423 306 179 174 822 1199
236 181 10 30 421 799
361 468 135 331 1235 1599
30 130 380 111 829 1199
162 389 414 275 832 1199
345 413 144 237 821 1199
282 468 140 244 1232 1599
9 14 24 375 23 399
161 229 445 321 1222 1599
71 303 147 5 424 799
339 27 60 107 1639 1999
450 310 302 84 1224 1599
333 86 360 425 1632 1999
8 14 75 324 22 399
355 26 148 182 435 799
249 430 441 246 822 1199
376 401 86 313 820 1199
477 279 108 281 1627 1999
392 340 101 422 825 1199
47 365 204 146 1222 1599
149 220 266 476 1225 1599
489 413 402 124 1222 1599
15 15 214 185 30 399
339 336 176 122 1221 1599
25 5 45 354 30 399
471 27 145 64 835 1199
9 17 211 188 26 399
179 202 366 386 1227 1599
468 297 334 65 832 1199
313 135 262 443 1639 1999
373 34 36 70 425 799
318 432 72 307 827 1199
20 8 77 322 28 399
466 440 220 317 1629 1999
141 213 283 448 1621 1999
312 182 445 422 825 1199
19 7 295 104 26 399
328 468 435 212 1635 1999
17 4 187 212 21 399
280 424 359 144 1639 1999
5 397 255 271 422 799
214 196 88 436 1232 1599
418 105 262 315 1632 1999
19 17 300 99 36 399
25 1 80 319 26 399
258 163 330 454 435 799
172 210 494 262 424 799
14 9 66 333 23 399
16 5 168 231 21 399
3 18 203 196 21 399
451 324 178 427 822 1199
282 96 49 241 420 799
278 88 108 277 1639 1999
333 36 93 155 439 799
356 76 91 177 432 799
218 186 418 362 1222 1599
108 402 108 39 1635 1999
173 247 344 42 422 799
62 163 128 471 1624 1999
277 152 364 442 1221 1599
423 313 139 238 1639 1999
5 28 46 353 33 399
48 152 289 24 1629 1999
304 466 306 97 827 1199
6 17 196 203 23 399
23 10 71 328 33 399
266 428 284 73 1625 1999
369 393 41 344 821 1199
13 17 168 231 30 399
0 368 17 9 422 799
80 315 171 47 439 799
19 6 210 189 25 399
23 2 186 213 25 399
4 24 348 51 28 399
197 175 452 59 1627 1999
4 22 212 187 26 399
441 58 181 157 1239 1599
70 165 226 385 822 1199
32 8 253 146 40 399
200 222 486 132 422 799
235 225 440 71 1639 1999
27 1 370 29 28 399
276 93 315 432 820 1199
21 12 166 233 33 399
36 323 84 12 439 799
203 146 43 355 1229 1599
372 350 317 28 1621 1999
244 88 210 428 1224 1599
23 3 309 90 26 399
7 18 82 317 25 399
88 313 24 1 1622 1999
345 450 186 243 832 1199
20 2 170 229 22 399
11 10 96 303 21 399
8 18 43 356 26 399
15 7 258 141 22 399
4 18 170 229 22 399
46 261 314 156 1225 1599
17 23 288 111 40 399
126 406 417 324 1625 1999
439 284 119 230 824 1199
499 289 130 293 1625 1999
205 109 453 232 827 1199
18 7 238 161 25 399
440 315 354 35 832 1199
202 301 313 38 1624 1999
19 11 218 181 30 399
462 315 250 149 820 1199
12 14 147 252 26 399
251 127 167 417 424 799
225 95 229 464 825 1199
435 335 283 116 827 1199
317 177 391 474 1627 1999
353 72 191 283 425 799
20 20 112 287 40 399
14 8 285 114 22 399
6 22 276 123 28 399
156 221 430 324 421 799
102 334 302 157 1621 1999
389 149 49 168 1639 1999
242 129 15 278 1622 1999
29 4 37 362 33 399
25 259 313 178 829 1199
76 261 305 131 1239 1599
341 158 93 281 1227 1599
240 371 349 117 1235 1599
10 26 282 117 36 399
243 460 91 249 1235 1599
35 279 157 24 1621 1999
335 28 325 381 435 799
154 266 462 336 420 799
39 64 247 232 1622 1999
15 10 60 339 25 399
76 346 146 50 432 799
95 345 204 76 1220 1599
313 483 402 201 827 1199
30 272 357 226 825 1199
14 8 156 243 22 399
14 8 176 223 22 399
334 300 256 15 1635 1999
112 106 61 426 827 1199
421 190 101 247 1221 1599
463 257 143 206 1627 1999
31 2 329 70 33 399
232 143 4 0 427 799
160 184 91 493 1220 1599
405 53 213 237 1222 1599
20 6 380 19 26 399
157 211 284 450 1232 1599
291 132 10 224 425 799
6 401 31 67 439 799
357 421 499 186 821 1199
30 6 369 30 36 399
7 29 42 357 36 399
2 20 72 327 22 399
480 284 209 384 827 1199
105 461 179 159 1222 1599
412 305 232 119 832 1199
11 25 203 196 36 399
223 375 189 46 835 1199
13 10 323 76 23 399
334 47 158 244 425 799
488 338 262 193 827 1199
17 483 104 193 821 1199
8 14 294 105 22 399
32 385 70 54 429 799
16 14 130 269 30 399
292 82 481 259 1232 1599
40 342 313 241 1224 1599
4 29 32 367 33 399
297 476 132 267 824 1199
18 3 341 58 21 399
131 30 138 389 1632 1999
194 297 494 368 1227 1599
10 16 76 323 26 399
28 8 218 181 36 399
30 480 370 457 835 1199
386 307 250 77 832 1199
18 5 80 319 23 399
51 374 245 195 425 799
160 272 485 316 1629 1999
187 251 458 357 1621 1999
3 22 309 90 25 399
9 21 184 215 30 399
68 364 153 83 432 799
154 105 385 250 822 1199
281 281 54 432 1220 1599
221 109 454 247 827 1199
323 1 360 330 1232 1599
256 107 258 468 435 799
21 12 384 9 33 399
349 40 57 125 421 799
46 235 172 475 1632 1999
28 2 118 281 30 399
168 247 371 407 435 799
312 215 50 118 1239 1599
9 13 271 128 22 399
2 24 205 194 26 399
483 348 246 477 832 1199
449 467 387 160 1629 1999
217 208 35 17 425 799
179 174 252 470 1229 1599
445 446 169 351 1227 1599
80 352 310 488 432 799
330 26 57 129 1222 1599
238 179 2 42 425 799
298 90 88 246 432 799
103 347 382 446 1220 1599
351 54 6 26 1225 1599
170 468 372 299 1627 1999
453 233 171 156 839 1199
1 25 102 297 26 399
346 364 3 348 1639 1999
350 44 278 345 1625 1999
81 347 257 152 1627 1999
490 298 260 165 1635 1999
407 301 162 429 1625 1999
285 447 214 147 827 1199
10 20 25 374 30 399
51 364 248 198 435 799
194 255 472 160 1225 1599
294 123 97 299 1225 1599
88 168 143 490 1621 1999
119 328 254 104 1239 1599
25 3 157 242 28 399
371 396 467 118 1624 1999
416 361 173 496 820 1199
18 4 135 264 22 399
159 71 478 19 827 1199
253 75 53 238 835 1199
23 3 311 88 26 399
389 24 172 181 1624 1999
57 129 419 114 821 1199
377 182 294 472 1225 1599
224 151 417 329 1227 1599
79 191 360 281 1627 1999
333 70 219 329 1225 1599
22 8 377 22 30 399
3 37 240 159 40 399
250 128 477 279 420 799
284 489 434 265 824 1199
448 313 316 67 820 1199
488 5 454 337 1632 1999
381 211 227 423 1232 1599
34 272 233 108 1635 1999
203 168 89 425 427 799
10 16 227 172 26 399
343 343 148 175 1635 1999
260 342 371 90 1635 1999
326 209 94 348 1227 1599
71 32 27 364 822 1199
71 478 293 331 1229 1599
423 436 230 266 1235 1599
16 380 291 289 1232 1599
160 410 331 208 825 1199
150 262 368 106 424 799
15 10 225 174 25 399
310 86 461 309 1224 1599
16 9 104 295 25 399
31 5 260 139 36 399
227 242 492 129 1620 1999
235 181 163 483 424 799
113 316 345 453 429 799
13 9 165 234 22 399
87 36 106 376 1239 1599
326 97 318 452 435 799
176 200 274 461 839 1199
67 307 384 364 424 799
195 14 373 214 1620 1999
440 13 201 145 1227 1599
16 12 180 219 28 399
357 36 130 172 1235 1599
320 101 80 237 822 1199
303 347 101 176 1625 1999
452 145 277 346 1622 1999
444 200 215 345 1224 1599
441 64 236 218 1239 1599
1 20 213 186 21 399
1 20 201 198 21 399
132 303 390 198 435 799
111 325 339 474 1621 1999
303 92 209 375 421 799
36 377 144 108 421 799
377 348 161 186 820 1199
425 364 211 204 1624 1999
486 295 370 52 1239 1599
454 300 278 107 829 1199
319 302 33 212 822 1199
28 5 143 256 33 399
198 493 363 282 822 1199
281 126 338 442 1225 1599
176 283 455 199 1235 1599
63 214 279 54 822 1199
29 1 253 146 30 399
399 224 104 288 1239 1599
425 116 247 315 1221 1599
68 21 316 151 1620 1999
72 325 129 11 427 799
378 25 98 122 1221 1599
279 118 489 277 429 799
497 255 340 43 829 1199
120 286 333 447 424 799
193 87 180 437 835 1199
87 204 421 175 1235 1599
477 28 454 381 1622 1999
326 489 211 230 1624 1999
135 230 264 0 1239 1599
260 468 408 243 825 1199
39 248 393 224 820 1199
93 141 257 355 1220 1599
284 461 50 321 824 1199
51 342 425 339 1221 1599
98 194 215 440 835 1199
406 412 179 262 1621 1999
90 279 303 429 435 799
365 52 464 331 820 1199
20 16 160 239 36 399
197 3 10 187 1627 1999
6 19 253 146 25 399
9 24 262 137 33 399
18 7 266 133 25 399
90 283 312 132 425 799
12 16 142 257 28 399
2 21 18 381 23 399
24 29 77 350 824 1199
246 88 280 425 1627 1999
309 343 428 93 829 1199
24 1 66 333 25 399
162 63 106 370 1235 1599
55 372 213 159 427 799
119 244 388 338 435 799
430 205 299 440 1632 1999
5 17 312 87 22 399
8 18 242 157 26 399
30 10 43 356 40 399
274 468 106 267 829 1199
85 288 226 56 425 799
214 134 462 11 1627 1999
470 300 337 62 827 1199
90 324 300 490 422 799
460 383 404 62 1221 1599
261 147 373 409 1224 1599
7 15 352 47 22 399
6 30 313 86 36 399
349 345 179 142 1625 1999
278 448 337 148 1639 1999
21 321 97 23 1224 1599
250 150 6 18 1222 1599
35 184 368 222 1227 1599
155 267 397 401 422 799
17 5 163 236 22 399
374 141 225 363 1227 1599
402 63 465 376 1622 1999
169 415 346 219 1625 1999
139 240 371 385 421 799
336 43 147 223 429 799
15 7 121 278 22 399
240 144 153 416 1639 1999
149 288 359 135 1235 1599
42 84 242 247 835 1199
487 463 372 202 1222 1599
404 349 260 120 1225 1599
432 279 298 39 824 1199
179 462 373 283 1225 1599
166 347 114 25 1624 1999
301 472 141 254 1620 1999
19 2 291 108 21 399
361 492 105 370 1620 1999
352 369 220 135 832 1199
21 1 350 49 22 399
6 16 138 261 22 399
39 400 208 210 439 799
350 493 181 293 1229 1599
179 51 479 120 1629 1999
471 435 309 228 1629 1999
434 308 169 402 839 1199
428 329 497 24 1624 1999
0 33 322 77 33 399
7 18 355 44 25 399
78 357 349 265 435 799
8 14 252 147 22 399
367 20 58 80 429 799
468 437 419 112 1624 1999
429 153 338 431 1629 1999
158 247 472 184 1221 1599
14 9 195 204 23 399
450 305 148 244 1235 1599
219 243 437 394 829 1199
241 490 82 275 824 1199
110 259 473 265 429 799
353 85 486 330 1220 1599
176 189 360 364 1239 1599
12 10 237 162 22 399
252 131 296 465 1620 1999
13 17 281 118 30 399
156 222 372 379 825 1199
11 10 202 197 21 399
24 16 297 102 40 399
166 390 250 101 1625 1999
161 212 279 467 425 799
254 464 137 210 827 1199
154 223 466 280 1229 1599
180 239 353 443 421 799
167 88 440 193 820 1199
24 22 229 194 821 1199
248 134 432 309 1639 1999
144 69 318 261 832 1199
440 56 202 191 1625 1999
377 18 230 230 439 799
427 28 329 293 1235 1599
0 23 338 61 23 399
172 431 38 187 820 1199
177 197 404 344 424 799
244 349 490 469 1632 1999
446 309 123 258 824 1199
148 277 468 226 427 799
462 258 213 130 1621 1999
290 87 315 439 1221 1599
8 28 68 331 36 399
22 3 209 190 25 399
303 122 33 21 427 799
355 363 289 55 1224 1599
307 52 12 135 1620 1999
359 89 433 389 1224 1599
401 36 260 254 439 799
26 2 72 327 28 399
337 22 186 230 439 799
298 394 107 216 1629 1999
8 20 183 216 28 399
160 242 356 405 839 1199
442 390 249 220 835 1199
17 6 270 129 23 399
354 450 415 152 839 1199
28 5 244 155 33 399
185 269 489 207 1232 1599
320 49 45 133 1239 1599
391 31 149 165 422 799
258 229 32 372 1229 1599
264 452 197 146 1625 1999
146 315 479 270 1620 1999
16 9 355 44 25 399
142 278 391 407 420 799
153 483 300 261 1629 1999
155 205 384 68 1232 1599
7 33 124 275 40 399
220 10 463 138 1627 1999
373 399 314 89 829 1199
427 223 156 311 839 1199
176 241 328 452 1235 1599
17 4 366 33 21 399
445 304 154 217 820 1199
329 255 130 80 1224 1599
24 2 277 122 26 399
24 357 229 188 824 1199
410 118 75 79 1224 1599
211 57 489 145 1232 1599
404 404 180 257 827 1199
124 300 36 14 424 799
49 330 269 484 1624 1999
6 20 127 272 26 399
35 199 302 295 1635 1999
350 27 427 319 429 799
228 204 46 400 1220 1599
305 176 44 293 1620 1999
189 211 16 397 1639 1999
13 20 161 246 824 1199
1 27 149 250 28 399
173 193 370 24 432 799
359 83 478 330 1232 1599
37 376 65 35 429 799
25 351 335 285 422 799
470 302 370 29 825 1199
19 11 119 280 30 399
21 4 328 71 25 399
432 340 131 412 825 1199
2 20 374 15 22 399
356 90 244 354 1222 1599
127 27 414 103 835 1199
355 349 55 412 1635 1999
302 74 374 378 422 799
41 277 208 473 1635 1999
21 7 185 214 28 399
437 243 226 91 1635 1999
88 298 321 155 422 799
85 376 447 392 820 1199
365 416 207 208 832 1199
2 24 249 150 26 399
391 459 148 329 1625 1999
51 236 280 87 1620 1999
412 81 132 167 1632 1999
462 75 352 328 1235 1599
357 296 206 78 1229 1599
201 163 364 378 1220 1599
421 418 211 269 1239 1599
118 307 308 488 427 799
243 210 49 26 820 1199
13 15 316 83 28 399
468 228 163 170 1635 1999
9 19 146 253 28 399
22 29 107 318 824 1199
267 78 428 291 1624 1999
77 226 201 478 1622 1999
186 197 314 443 824 1199
28 458 84 155 1639 1999
164 172 442 257 835 1199
269 84 55 236 832 1199
116 35 334 183 832 1199
109 330 69 11 439 799
5 25 78 321 30 399
185 188 481 111 1225 1599
89 265 446 281 825 1199
409 335 195 190 839 1199
17 349 212 178 432 799
370 20 170 198 420 799
19 11 63 336 30 399
338 37 79 141 435 799
7 202 281 102 824 1199
344 386 281 78 827 1199
0 18 299 92 825 1199
69 349 332 236 422 799
104 317 342 450 427 799
7 14 356 43 21 399
31 343 200 134 1220 1599
159 229 369 393 1224 1599
73 335 210 98 424 799
295 125 71 279 420 799
2 26 300 99 28 399
45 50 197 274 822 1199
2 19 28 371 21 399
201 179 269 482 1627 1999
20 3 139 260 23 399
6 19 248 151 25 399
7 21 264 135 28 399
370 259 128 142 1239 1599
355 359 209 129 1222 1599
171 300 75 27 1229 1599
199 236 426 385 1622 1999
40 363 343 419 439 799
373 267 195 465 1222 1599
35 183 283 306 827 1199
29 4 295 104 33 399
383 179 58 130 1224 1599
355 399 70 308 1222 1599
347 78 260 364 425 799
59 330 297 468 1622 1999
15 7 269 130 22 399
279 94 470 276 425 799
140 37 309 242 1624 1999
24 496 58 154 1222 1599
464 340 148 383 1639 1999
476 212 362 472 1224 1599
0 30 83 316 30 399
457 375 370 103 1639 1999
25 3 288 111 28 399
179 483 499 426 821 1199
264 287 29 148 1624 1999
436 332 371 28 829 1199
201 111 418 257 1635 1999
375 42 447 333 435 799
86 295 291 461 427 799
349 437 179 238 829 1199
286 141 395 403 427 799
480 200 127 224 1621 1999
215 214 453 345 429 799
3 33 143 256 36 399
91 494 317 344 822 1199
190 48 397 219 1220 1599
198 45 159 372 1632 1999
434 395 220 246 1235 1599
255 470 256 97 824 1199
484 174 378 427 839 1199
385 22 225 225 435 799
158 383 404 260 1229 1599
234 484 183 169 1232 1599
380 416 207 216 1625 1999
120 299 385 410 1622 1999
428 143 400 492 1221 1599
288 103 69 247 435 799
83 71 277 246 1629 1999
177 182 323 395 439 799
87 262 367 355 1225 1599
382 174 194 355 1629 1999
4 21 116 283 25 399
255 116 229 461 427 799
316 134 305 496 825 1199
406 56 96 123 821 1199
205 491 48 279 829 1199
290 73 468 258 435 799
121 329 268 103 825 1199
13 27 110 289 40 399
380 386 17 392 829 1199
272 10 146 243 1639 1999
31 388 130 116 427 799
360 229 172 400 1239 1599
76 341 305 193 1221 1599
410 414 136 315 825 1199
287 124 14 222 1227 1599
123 479 247 240 1635 1999
5 18 252 147 23 399
137 110 248 377 820 1199
430 170 87 147 1232 1599
224 443 359 215 1235 1599
124 173 383 280 832 1199
77 30 350 131 824 1199
320 112 463 335 432 799
319 108 16 33 820 1199
11 236 121 485 1239 1599
386 338 190 165 829 1199
21 12 65 334 33 399
20 383 185 171 421 799
187 409 141 77 1220 1599
15 7 300 99 22 399
308 73 448 307 1624 1999
16 17 202 197 33 399
6 16 0 387 22 399
28 61 77 390 1620 1999
52 357 227 159 1225 1599
43 338 169 86 820 1199
277 277 444 479 829 1199
418 97 355 403 1229 1599
344 164 201 380 1639 1999
383 355 166 203 829 1199
262 290 90 477 1639 1999
21 19 299 100 40 399
241 113 137 368 1639 1999
316 89 30 16 439 799
249 140 30 298 421 799
436 234 260 432 1224 1599
16 6 234 165 22 399
149 248 25 497 425 799
299 122 275 475 421 799
288 469 493 300 824 1199
200 184 433 51 1232 1599
10 26 317 82 36 399
93 278 378 192 427 799
333 91 33 17 424 799
325 364 6 307 1622 1999
358 194 175 1 1222 1599
84 321 179 47 1229 1599
182 218 393 56 825 1199
39 1 363 36 40 399
61 341 235 137 420 799
255 194 93 409 1221 1599
23 3 377 22 26 399
345 14 388 330 439 799
283 405 6 305 821 1199
372 327 158 163 1620 1999
333 312 430 36 1225 1599
343 2 201 236 1622 1999
131 291 330 468 422 799
486 257 311 458 822 1199
12 21 194 205 33 399
497 247 185 308 1625 1999
6 378 374 384 424 799
362 474 278 184 1224 1599
129 334 481 310 1622 1999
43 48 111 354 1624 1999
321 403 326 35 825 1199
443 380 319 130 824 1199
287 142 269 493 429 799
312 42 79 178 829 1199
22 1 262 137 23 399
472 267 190 351 1632 1999
26 14 339 60 40 399
330 64 177 285 424 799
215 207 469 329 422 799
139 420 402 324 1239 1599
297 210 135 3 1229 1599
409 15 426 372 424 799
374 219 197 401 1239 1599
141 272 489 247 425 799
327 144 462 378 1229 1599
210 18 467 134 825 1199
165 172 490 131 1632 1999
352 376 318 47 1635 1999
199 140 172 491 820 1199
140 282 367 431 422 799
269 128 58 294 421 799
388 60 92 127 835 1199
4 18 129 270 22 399
369 370 92 471 820 1199
188 232 440 358 420 799
486 264 215 366 825 1199
207 475 195 109 1220 1599
227 151 134 436 420 799
322 98 120 274 420 799
296 77 363 373 435 799
389 452 40 435 1632 1999
227 5 301 302 827 1199
423 154 144 59 1624 1999
1 29 62 337 30 399
261 464 18 341 1632 1999
36 357 83 38 832 1199
389 227 224 29 1635 1999
138 87 468 54 1235 1599
223 174 499 275 1221 1599
102 212 331 65 1222 1599
119 29 451 68 827 1199
110 126 415 192 1627 1999
77 301 404 352 420 799
118 84 108 440 1232 1599
413 298 93 242 1622 1999
131 228 323 54 832 1199
8 15 11 388 23 399
16 6 287 112 22 399
342 355 372 11 824 1199
126 298 312 110 424 799
20 5 6 365 25 399
303 116 387 409 421 799
319 482 437 222 1620 1999
455 160 398 479 1622 1999
361 401 371 48 835 1199
318 308 40 208 1220 1599
174 189 39 417 435 799
2 21 317 82 23 399
64 134 267 308 821 1199
166 184 417 72 835 1199
369 328 433 19 1225 1599
355 111 157 291 1220 1599
65 356 167 95 435 799
134 370 432 449 1621 1999
448 339 160 253 824 1199
486 265 198 353 1622 1999
276 145 228 474 421 799
488 124 134 136 1232 1599
261 166 3 279 427 799
375 320 153 464 1632 1999
241 91 383 322 1625 1999
94 214 316 63 825 1199
77 301 435 321 420 799
208 359 370 145 1622 1999
259 163 41 10 1627 1999
240 169 35 1 425 799
140 235 372 96 427 799
289 89 457 297 1222 1599
102 294 230 56 432 799
304 388 475 188 827 1199
2 34 201 198 36 399
11 70 71 376 832 1199
182 187 67 435 1235 1599
127 87 323 268 821 1199
220 398 227 28 821 1199
470 268 341 19 1220 1599
307 107 370 418 1224 1599
223 209 491 118 839 1199
235 169 473 44 1635 1999
24 12 37 362 36 399
4 22 127 272 26 399
18 8 295 104 26 399
226 478 181 150 825 1199
287 15 145 251 1220 1599
6 30 285 114 36 399
6 20 273 126 26 399
260 473 2 353 820 1199
18 3 298 101 21 399
228 179 90 410 429 799
143 277 301 492 825 1199
135 435 391 314 821 1199
0 28 88 311 28 399
353 471 282 179 835 1199
361 366 52 297 1620 1999
476 327 260 485 1624 1999
14 19 115 284 33 399
217 341 24 168 1232 1599
268 435 289 78 1620 1999
398 37 286 303 820 1199
203 9 493 96 1621 1999
9 12 113 286 21 399
284 260 123 473 1224 1599
197 94 243 426 820 1199
25 398 356 366 435 799
430 373 372 65 832 1199
262 15 73 204 1620 1999
22 11 102 297 33 399
266 92 111 296 1639 1999
443 315 265 496 839 1199
66 325 174 56 421 799
395 381 236 163 821 1199
176 241 368 60 425 799
407 375 113 310 1639 1999
297 431 29 336 835 1199
281 227 19 338 825 1199
71 132 169 410 1622 1999
31 2 383 16 33 399
384 40 451 347 424 799
394 316 291 60 1639 1999
22 18 66 333 40 399
182 350 489 280 1621 1999
1 35 98 301 36 399
297 126 45 7 427 799
44 39 216 233 832 1199
290 76 241 393 432 799
495 113 213 202 1627 1999
32 4 302 97 36 399
255 155 423 365 1220 1599
428 457 250 262 1225 1599
240 141 12 290 421 799
403 9 52 35 1621 1999
237 456 497 357 1239 1599
3 193 361 192 1639 1999
7 19 234 165 26 399
197 370 32 166 1229 1599
10 11 345 54 21 399
10 30 342 3 40 399
423 348 62 361 824 1199
293 365 118 169 827 1199
131 85 452 47 839 1199
262 389 94 179 820 1199
168 56 492 109 1621 1999
176 237 318 468 1225 1599
289 145 50 283 1621 1999
206 209 9 378 832 1199
119 345 379 228 821 1199
10 20 365 6 30 399
292 8 72 166 1220 1599
202 174 413 9 422 799
27 346 175 121 425 799
395 460 196 281 1620 1999
125 158 249 410 822 1199
213 160 327 419 425 799
368 278 93 372 829 1199
284 339 347 24 1620 1999
296 473 363 166 824 1199
149 49 424 147 1625 1999
480 374 299 184 1627 1999
409 331 230 133 821 1199
423 281 96 249 1639 1999
82 362 283 200 1635 1999
5 21 223 176 26 399
468 266 349 8 821 1199
160 315 421 198 820 1199
310 356 70 485 1629 1999
373 52 486 312 425 799
450 253 312 486 1227 1599
68 355 159 75 427 799
234 452 312 167 1635 1999
382 66 224 286 1220 1599
226 312 381 96 1627 1999
373 66 186 238 439 799
67 210 211 439 1225 1599
275 20 72 190 1225 1599
394 408 278 151 825 1199
13 15 215 184 28 399
279 120 356 417 824 1199
255 428 65 252 832 1199
213 388 186 41 1624 1999
216 119 47 319 1229 1599
401 111 88 169 827 1199
248 176 169 471 424 799
321 60 55 157 435 799
4 17 247 152 21 399
241 377 217 25 1222 1599
217 58 186 393 1632 1999
401 25 101 102 821 1199
255 426 332 144 1239 1599
274 172 188 459 825 1199
19 21 156 243 40 399
17 13 252 147 30 399
84 453 194 197 1632 1999
275 107 199 394 1635 1999
282 91 142 324 425 799
1 20 177 222 21 399
353 485 484 257 839 1199
1 21 29 370 22 399
190 221 417 77 427 799
433 333 220 187 839 1199
17 391 313 311 422 799
381 421 385 62 835 1199
2 34 60 339 36 399
129 323 474 352 1224 1599
17 13 166 233 30 399
170 208 309 447 420 799
99 167 253 391 1220 1599
118 447 468 468 1227 1599
354 122 195 337 1224 1599
42 334 269 185 422 799
295 111 478 304 422 799
220 285 104 27 1624 1999
333 33 100 176 1222 1599
486 290 223 404 821 1199
0 22 231 168 22 399
169 320 499 364 824 1199
283 441 25 326 1625 1999
388 416 57 448 835 1199
15 427 168 221 1639 1999
18 5 50 349 23 399
381 154 82 79 824 1199
139 433 377 302 1629 1999
21 174 235 12 1622 1999
391 41 251 267 432 799
352 142 83 244 1627 1999
303 136 37 28 824 1199
111 296 212 20 1221 1599
98 276 328 132 424 799
31 9 180 219 40 399
53 71 199 284 839 1199
271 485 192 198 1232 1599
239 253 490 378 1222 1599
87 315 449 311 1232 1599
119 270 382 159 1624 1999
53 457 392 491 825 1199
251 375 14 249 1635 1999
15 10 384 5 25 399
32 4 190 209 835 1199
109 293 471 289 432 799
95 443 367 356 1639 1999
2 34 241 158 36 399
39 385 133 105 424 799
306 488 276 141 821 1199
165 239 370 410 422 799
257 463 57 304 1639 1999
17 16 132 267 33 399
191 172 472 254 435 799
223 385 253 37 1220 1599
13 207 99 490 1629 1999
264 54 477 212 1627 1999
315 50 6 104 1235 1599
165 266 380 427 1622 1999
283 140 25 39 1239 1599
164 233 3 17 421 799
6 36 46 373 821 1199
463 296 363 27 1229 1599
38 428 163 190 1635 1999
411 252 189 103 1227 1599
17 4 238 161 21 399
84 290 218 50 424 799
162 257 406 386 425 799
21 12 374 25 33 399
21 5 231 168 26 399
15 362 149 119 421 799
13 388 61 65 427 799
14 14 309 90 28 399
20 2 312 87 22 399
5 20 176 223 25 399
330 109 489 309 439 799
10 468 93 188 1635 1999
370 49 61 111 1227 1599
92 315 304 153 1624 1999
16 5 310 89 21 399
27 1 135 264 28 399
325 424 394 116 1221 1599
230 230 478 341 1639 1999
127 312 203 29 439 799
254 50 330 347 1625 1999
155 218 474 272 425 799
25 116 372 92 1227 1599
117 282 369 401 427 799
3 18 260 139 21 399
10 29 225 180 832 1199
421 365 126 447 821 1199
359 402 78 305 820 1199
5 18 268 131 23 399
491 338 449 6 1624 1999
239 192 485 305 439 799
314 487 12 423 1632 1999
27 19 146 271 827 1199
211 259 469 139 1220 1599
36 4 104 295 40 399
11 10 78 321 21 399
14 19 243 156 33 399
293 144 81 308 822 1199
24 2 137 262 26 399
286 486 442 271 1627 1999
369 111 235 346 1629 1999
12 14 20 379 26 399
205 114 423 274 820 1199
330 57 55 159 421 799
2 34 43 356 36 399
29 167 142 425 1627 1999
37 3 274 125 40 399
393 346 100 427 824 1199
114 43 387 146 822 1199
338 61 206 288 1239 1599
155 21 416 137 1621 1999
241 157 110 404 420 799
0 40 193 206 40 399
306 106 204 382 420 799
321 438 389 128 1620 1999
426 192 81 206 1639 1999
385 38 261 283 429 799
218 205 439 353 429 799
20 1 154 245 21 399
399 119 389 475 1232 1599
427 111 403 463 1222 1599
160 162 230 465 1625 1999
327 20 479 234 1632 1999
296 95 11 183 425 799
136 46 430 123 827 1199
372 243 227 29 1239 1599
37 296 288 421 822 1199
223 114 454 246 1235 1599
7 18 324 75 25 399
475 280 127 298 1632 1999
476 373 145 413 1227 1599
139 135 387 14 1629 1999
328 352 388 43 829 1199
256 171 463 7 427 799
438 400 103 376 839 1199
46 222 215 15 1222 1599
144 245 421 149 425 799
245 52 420 255 1620 1999
247 160 180 452 439 799
12 18 229 170 30 399
494 300 306 114 1224 1599
340 57 103 197 421 799
149 262 377 116 824 1199
14 395 163 168 1622 1999
234 69 148 361 820 1199
137 232 268 474 1225 1599
464 314 389 26 835 1199
3 25 178 221 28 399
228 147 167 459 425 799
103 270 439 233 425 799
383 189 219 402 821 1199
131 275 327 456 1621 1999
10 16 359 40 26 399
60 373 273 209 1221 1599
220 170 271 493 424 799
136 240 412 140 422 799
11 359 133 103 420 799
303 474 287 117 1225 1599
317 98 117 269 427 799
223 155 156 466 420 799
11 25 57 342 36 399
13 15 285 114 28 399
110 62 414 127 829 1199
416 54 215 227 1224 1599
125 471 327 310 835 1199
293 131 1 49 424 799
46 43 13 376 832 1199
344 94 155 268 835 1199
157 123 482 70 1220 1599
12 68 310 141 1627 1999
395 472 320 170 1221 1599
50 368 260 201 1621 1999
169 307 254 23 829 1199
370 462 165 308 839 1199
434 315 302 71 822 1199
378 9 220 214 435 799
9 24 139 260 33 399
113 57 260 269 839 1199
377 338 186 163 1632 1999
320 244 158 459 1621 1999
424 330 318 63 1625 1999
295 110 389 387 427 799
150 96 269 346 1629 1999
382 39 174 208 421 799
282 39 127 261 1221 1599
1 22 202 197 23 399
26 391 300 476 1239 1599
163 266 277 11 429 799
19 7 163 236 26 399
1 24 286 113 25 399
337 95 352 446 432 799
306 101 97 251 439 799
325 118 62 226 1227 1599
232 139 221 499 427 799
166 116 44 357 1635 1999
207 232 465 131 439 799
342 48 264 344 424 799
8 28 114 285 36 399
196 383 288 98 1221 1599
103 275 351 405 420 799
222 190 369 409 1232 1599
174 191 482 136 435 799
317 74 430 332 1227 1599
76 335 300 188 427 799
56 23 128 327 1622 1999
7 18 326 73 25 399
126 283 454 331 822 1199
7 114 7 490 822 1199
395 17 460 325 825 1199
7 21 252 147 28 399
99 319 363 429 424 799
56 401 251 227 1229 1599
31 133 311 42 827 1199
27 185 219 371 1220 1599
228 160 369 393 1224 1599
16 6 331 68 22 399
8 17 73 326 25 399
258 174 364 434 432 799
400 272 123 173 1222 1599
232 483 134 208 1225 1599
28 373 167 136 1622 1999
22 6 132 267 28 399
293 254 471 450 824 1199
339 203 148 385 825 1199
125 297 461 257 422 799
7 29 44 355 36 399
204 254 51 474 1625 1999
478 282 307 488 821 1199
497 399 496 41 1639 1999
28 2 210 189 30 399
259 461 290 118 1224 1599
14 26 358 41 40 399
356 279 465 11 1221 1599
374 422 474 163 1639 1999
19 225 248 81 1625 1999
96 346 117 4 835 1199
315 61 101 223 422 799
453 418 199 313 1239 1599
362 31 13 55 425 799
20 8 247 152 28 399
464 271 304 477 832 1199
24 4 146 253 28 399
329 398 34 317 822 1199
304 131 160 350 435 799
324 333 41 426 1622 1999
168 78 126 395 1639 1999
337 90 377 421 427 799
418 217 317 490 1624 1999
402 27 119 113 429 799
91 291 210 44 1232 1599
410 96 107 166 1625 1999
24 392 331 323 422 799
388 71 413 415 1229 1599
11 12 54 345 23 399
461 62 180 155 1624 1999
4 21 282 117 25 399
478 6 407 304 1629 1999
3 22 312 87 25 399
39 1 126 273 40 399
32 180 364 211 1635 1999
20 1 244 155 21 399
243 121 447 288 827 1199
12 21 369 30 33 399
392 324 61 356 835 1199
266 161 11 45 427 799
78 274 380 213 835 1199
226 199 379 419 425 799
85 278 220 50 435 799
327 372 121 202 1622 1999
287 152 163 387 439 799
21 9 296 103 30 399
235 186 336 462 421 799
72 364 160 93 1639 1999
27 3 204 195 30 399
15 21 354 45 36 399
29 147 287 36 1629 1999
136 342 377 470 1629 1999
255 292 171 5 1227 1599
483 290 144 317 1632 1999
201 203 474 293 835 1199
193 156 392 333 1622 1999
321 328 71 447 1229 1599
278 474 28 361 835 1199
71 359 23 41 1232 1599
5 51 237 190 1627 1999
279 301 35 168 1621 1999
13 383 274 496 424 799
393 24 297 297 429 799
326 84 345 439 1224 1599
451 389 154 310 1222 1599
39 32 368 81 1620 1999
248 121 215 457 429 799
11 14 285 114 25 399
130 269 31 5 1235 1599
21 15 337 62 36 399
284 452 314 116 1232 1599
398 378 353 52 827 1199
367 441 156 283 829 1199
190 319 469 239 1239 1599
79 445 343 336 1625 1999
376 447 250 200 1225 1599
305 229 107 397 1232 1599
107 119 439 160 825 1199
132 358 339 194 1627 1999
238 83 297 400 1622 1999
330 488 267 188 1635 1999
3 18 299 100 21 399
119 45 170 357 1635 1999
67 67 2 371 1629 1999
15 7 305 94 22 399
83 226 408 275 824 1199
358 25 169 207 427 799
48 331 384 298 429 799
250 131 339 405 435 799
32 331 241 485 435 799
278 246 491 406 1625 1999
16 386 194 193 827 1199
71 288 321 397 439 799
330 361 159 159 1225 1599
171 172 412 305 1624 1999
13 8 247 152 21 399
231 20 310 307 1632 1999
146 163 455 220 832 1199
152 421 335 233 1227 1599
469 236 197 130 820 1199
86 315 324 177 1622 1999
263 152 62 320 1229 1599
8 15 139 260 23 399
487 215 228 96 1220 1599
138 239 433 157 421 799
16 7 207 192 23 399
357 63 179 263 420 799
309 106 42 215 1622 1999
86 480 287 322 1639 1999
469 405 153 458 1629 1999
21 1 392 7 22 399
280 152 379 419 432 799
399 427 331 124 827 1199
323 336 224 66 1229 1599
41 357 206 144 420 799
128 473 275 247 1225 1599
165 264 459 329 439 799
198 420 103 156 1639 1999
330 109 466 332 439 799
146 265 259 1 421 799
33 204 309 305 1221 1599
69 436 214 207 1624 1999
22 41 158 283 1620 1999
425 209 76 195 1635 1999
269 457 497 309 1222 1599
19 6 21 378 25 399
164 103 437 196 832 1199
304 143 95 312 820 1199
325 141 298 492 1220 1599
320 53 141 250 1622 1999
427 268 289 40 832 1199
186 103 186 469 832 1199
400 380 372 45 1635 1999
228 194 155 497 422 799
453 267 90 281 821 1199
107 150 451 120 824 1199
434 227 257 33 1227 1599
302 113 27 209 1227 1599
374 80 41 54 1639 1999
326 94 42 188 420 799
85 123 423 144 1639 1999
6 34 17 382 40 399
21 4 59 340 25 399
7 219 364 235 1625 1999
235 383 365 144 1629 1999
381 483 90 397 1621 1999
367 384 398 39 822 1199
344 391 117 244 824 1199
126 240 354 102 432 799
1 32 72 327 33 399
241 20 381 249 1229 1599
45 2 311 102 832 1199
66 112 362 187 827 1199
230 7 197 352 1620 1999
40 94 88 417 1627 1999
370 124 207 324 835 1199
227 186 118 436 439 799
377 30 278 300 1229 1599
362 343 83 440 1622 1999
353 440 60 357 1622 1999
10 15 119 280 25 399
114 308 439 349 432 799
304 88 380 378 1232 1599
173 252 51 1 425 799
247 90 377 326 832 1199
205 170 421 27 439 799
338 486 35 420 829 1199
269 109 471 278 1627 1999
306 440 30 339 821 1199
425 79 296 326 1222 1599
86 241 393 308 1624 1999
104 262 216 8 432 799
278 389 1 490 1620 1999
367 388 193 196 832 1199
1 27 179 220 28 399
105 419 282 222 1224 1599
232 226 51 421 1222 1599
372 102 282 371 839 1199
16 9 34 365 25 399
267 395 163 140 839 1199
12 354 265 467 432 799
249 247 374 493 827 1199
88 271 217 41 439 799
266 53 114 264 1235 1599
109 446 307 267 1221 1599
227 258 487 375 1221 1599
4 24 143 256 28 399
452 362 337 100 821 1199
23 10 141 258 33 399
474 294 142 263 835 1199
326 40 307 387 432 799
380 466 46 427 1625 1999
22 282 196 481 825 1199
12 18 374 25 30 399
442 334 112 373 829 1199
112 317 318 480 429 799
1 21 278 121 22 399
6 27 294 105 33 399
114 66 349 190 839 1199
5 31 11 388 36 399
25 11 2 351 36 399
343 477 47 395 1220 1599
174 197 481 261 427 799
9 14 18 381 23 399
195 249 443 372 827 1199
101 52 248 264 1239 1599
306 126 161 347 432 799
14 12 209 190 26 399
271 164 184 450 1225 1599
152 222 384 364 424 799
0 23 190 209 23 399
62 321 215 103 427 799
14 16 73 326 30 399
344 81 162 272 425 799
26 2 7 354 28 399
493 209 143 188 1627 1999
378 340 12 333 825 1199
76 315 235 108 832 1199
320 96 10 32 424 799
183 371 205 22 1627 1999
19 3 201 198 22 399
235 152 412 334 439 799
20 5 181 218 25 399
0 22 353 46 22 399
476 261 218 153 832 1199
322 96 238 383 827 1199
135 232 417 313 435 799
9 24 95 304 33 399
256 163 32 10 421 799
474 302 110 295 1627 1999
489 348 284 176 1221 1599
14 11 319 80 25 399
215 210 491 307 425 799
9 32 263 152 824 1199
250 154 372 408 422 799
151 217 240 487 1639 1999
453 116 332 373 820 1199
19 17 118 281 36 399
115 443 128 79 1621 1999
154 334 498 363 1625 1999
153 129 448 207 1625 1999
54 325 331 425 421 799
470 290 118 273 829 1199
284 448 406 197 825 1199
74 353 195 103 427 799
20 6 114 285 26 399
225 285 399 480 1629 1999
211 209 42 416 422 799
427 173 223 347 1220 1599
0 30 358 41 30 399
35 1 110 289 36 399
88 320 290 492 424 799
117 314 238 62 1225 1599
248 122 383 364 1621 1999
239 323 57 136 1629 1999
109 289 380 182 1220 1599
85 188 319 45 1221 1599
98 314 394 233 821 1199
409 241 179 387 1222 1599
179 410 30 183 1622 1999
322 450 422 187 1635 1999
272 153 220 474 425 799
288 163 239 491 1221 1599
388 141 71 193 1229 1599
337 399 224 136 1222 1599
5 17 99 300 22 399
249 124 84 328 429 799
9 16 355 44 25 399
290 190 41 61 1220 1599
304 431 372 136 1235 1599
20 3 111 288 23 399
304 55 99 209 439 799
12 13 293 106 25 399
154 258 335 451 1224 1599
301 224 11 312 1620 1999
132 256 401 149 422 799
362 390 238 136 1220 1599
317 60 309 430 820 1199
98 393 177 96 1622 1999
52 372 247 193 424 799
13 17 17 382 30 399
55 452 428 457 1620 1999
311 473 476 279 839 1199
428 176 218 9 821 1199
177 236 429 111 1221 1599
9 17 132 267 26 399
132 295 389 181 427 799
434 430 88 413 1635 1999
409 336 77 290 820 1199
341 181 213 424 1627 1999
337 152 297 490 1620 1999
433 287 213 426 1639 1999
161 234 491 273 429 799
5 17 335 64 22 399
81 339 150 34 424 799
4 21 319 80 25 399
403 161 50 167 1639 1999
287 495 301 140 829 1199
142 479 347 308 822 1199
367 355 227 136 839 1199
42 359 414 364 421 799
218 444 196 97 1629 1999
383 425 192 245 827 1199
351 41 147 214 821 1199
318 441 343 93 1225 1599
262 136 17 5 422 799
123 168 483 151 1221 1599
21 19 164 235 40 399
10 11 28 371 21 399
352 32 328 382 424 799
406 69 307 341 1227 1599
118 398 73 80 1635 1999
22 1 176 223 23 399
237 400 303 93 1225 1599
255 123 372 369 835 1199
135 242 451 199 439 799
148 342 434 255 1625 1999
221 199 70 426 420 799
53 320 355 244 820 1199
262 480 202 163 1621 1999
17 13 66 333 30 399
444 272 133 324 835 1199
19 4 343 56 23 399
372 375 168 203 822 1199
186 12 465 102 1629 1999
306 14 317 366 835 1199
269 331 103 131 1232 1599
21 60 391 68 820 1199
294 471 242 157 832 1199
99 372 27 75 1229 1599
295 461 386 189 835 1199
396 30 100 108 1224 1599
181 380 431 493 1235 1599
281 148 125 361 429 799
367 23 336 368 422 799
252 369 350 91 1622 1999
57 155 123 458 829 1199
37 218 176 445 832 1199
458 258 111 274 835 1199
220 85 197 436 1624 1999
24 6 318 81 30 399
304 55 41 151 439 799
53 133 288 267 829 1199
291 87 332 424 420 799
149 271 407 391 1220 1599
8 28 37 362 36 399
351 129 155 309 1222 1599
386 380 264 129 825 1199
494 395 428 98 1235 1599
130 455 377 328 1624 1999
177 90 372 261 1632 1999
466 247 109 238 1632 1999
333 204 477 433 1225 1599
211 299 78 66 1232 1599
54 187 200 419 1620 1999
18 3 179 220 21 399
363 393 72 307 1621 1999
88 432 339 324 839 1199
25 3 333 66 28 399
83 228 276 409 824 1199
269 375 82 186 1222 1599
449 357 121 314 827 1199
131 82 279 310 822 1199
231 69 352 319 827 1199
224 395 398 193 1622 1999
15 10 298 101 25 399
5 16 21 378 21 399
17 6 79 320 23 399
30 3 298 101 33 399
276 143 378 414 425 799
175 385 96 95 1629 1999
270 120 200 428 420 799
23 3 59 340 26 399
83 309 439 289 1222 1599
316 161 265 484 1624 1999
167 418 174 49 1622 1999
106 333 381 249 439 799
442 165 99 145 1235 1599
61 154 318 268 1227 1599
288 36 300 400 1222 1599
168 491 432 377 1620 1999
231 179 402 382 424 799
14 22 351 48 36 399
262 144 415 367 422 799
92 5 227 247 1221 1599
270 176 362 462 1220 1599
31 34 245 198 820 1199
468 297 119 321 1225 1599
99 269 315 419 432 799
420 368 81 338 829 1199
368 495 102 398 1235 1599
262 158 381 410 1627 1999
80 329 153 43 1239 1599
296 98 480 290 422 799
14 344 168 132 432 799
167 217 488 167 1627 1999
5 17 168 231 22 399
489 411 252 274 1224 1599
18 22 266 133 40 399
113 445 359 314 1621 1999
6 17 318 81 23 399
1 35 67 332 36 399
275 172 118 389 824 1199
22 3 216 183 25 399
268 463 163 197 1227 1599
184 237 407 391 421 799
311 70 223 353 427 799
113 212 368 334 1221 1599
38 34 325 106 1639 1999
335 88 152 278 425 799
485 259 318 465 825 1199
415 119 306 376 1232 1599
402 254 187 92 821 1199
312 63 61 175 1235 1599
330 105 132 270 435 799
17 16 18 381 33 399
187 49 385 220 1629 1999
42 204 149 470 825 1199
312 188 94 341 1627 1999
54 423 360 491 1624 1999
13 9 289 110 22 399
382 60 386 415 1639 1999
473 304 366 33 820 1199
29 4 385 14 33 399
340 227 50 311 824 1199
7 29 181 218 36 399
486 115 458 461 824 1199
432 59 209 202 832 1199
200 190 420 348 1220 1599
263 116 416 332 429 799
210 342 81 94 821 1199
392 30 329 343 422 799
427 334 292 91 820 1199
394 3 185 163 1229 1599
341 90 267 379 1235 1599
361 351 227 114 1627 1999
120 259 380 150 1229 1599
49 388 349 451 1235 1599
431 294 162 187 822 1199
396 324 71 370 1627 1999
14 14 7 378 28 399
8 18 340 59 26 399
147 206 396 79 822 1199
374 66 192 261 821 1199
16 28 193 220 1629 1999
22 11 140 259 33 399
20 65 375 57 1235 1599
281 289 158 49 1635 1999
62 124 398 151 1635 1999
225 238 89 476 1624 1999
131 311 213 22 827 1199
175 148 101 450 1622 1999
65 126 377 188 1624 1999
384 239 168 392 1229 1599
456 115 175 30 832 1199
398 15 117 112 1620 1999
203 382 159 63 1235 1599
59 310 0 0 429 799
312 154 37 257 1220 1599
15 10 380 19 25 399
8 13 129 270 21 399
401 366 33 363 1227 1599
445 403 458 57 1639 1999
18 4 282 117 22 399
149 250 493 265 1239 1599
448 294 357 16 829 1199
406 31 362 346 439 799
290 145 113 331 435 799
72 371 423 363 1239 1599
266 163 66 332 429 799
30 2 262 139 829 1199
200 177 438 316 421 799
293 122 104 310 421 799
170 273 22 48 1225 1599
25 1 124 275 26 399
298 422 29 322 829 1199
313 61 286 408 424 799
374 410 165 260 1639 1999
496 382 404 100 1224 1599
196 225 358 429 1632 1999
458 451 173 377 1239 1599
198 241 445 353 439 799
464 57 384 351 1624 1999
121 235 284 39 839 1199
53 40 41 394 832 1199
22 8 284 115 30 399
262 139 482 292 425 799
56 234 189 472 827 1199
438 465 211 319 1225 1599
430 312 254 115 1625 1999
9 16 303 96 25 399
302 130 9 203 432 799
2 34 178 221 36 399
199 228 428 98 1239 1599
4 385 177 189 429 799
272 417 335 106 1624 1999
344 40 9 79 424 799
27 3 6 351 30 399
205 194 35 401 1221 1599
102 74 155 380 1639 1999
19 17 248 151 36 399
51 375 106 53 821 1199
20 1 184 215 21 399
281 72 498 228 1225 1599
160 269 466 216 439 799
23 13 347 52 36 399
12 10 382 3 22 399
300 477 44 357 1622 1999
254 465 95 250 824 1199
447 346 214 206 1225 1599
213 307 155 2 835 1199
372 10 104 101 1639 1999
128 302 403 390 835 1199
220 191 152 496 1225 1599
1 39 17 382 40 399
353 38 271 330 1624 1999
14 8 210 189 22 399
73 313 380 246 1224 1599
277 4 145 248 1622 1999
204 191 69 415 439 799
9 27 126 273 36 399
317 381 458 153 829 1199
53 56 331 149 1227 1599
491 244 282 409 1624 1999
490 338 429 30 829 1199
324 115 360 438 439 799
17 252 293 352 822 1199
425 485 252 287 1627 1999
302 457 223 170 1632 1999
246 121 391 335 439 799
1 20 310 89 21 399
161 156 326 369 1620 1999
162 240 338 40 422 799
328 230 83 98 1621 1999
148 262 333 450 825 1199
479 292 339 66 832 1199
161 213 368 46 424 799
160 218 45 480 821 1199
39 496 174 254 1221 1599
21 350 106 64 427 799
483 189 351 434 821 1199
97 168 54 491 1632 1999
7 14 267 132 21 399
259 401 52 234 1224 1599
424 168 213 3 1222 1599
385 128 61 181 1221 1599
16 335 55 1 1225 1599
4 29 339 60 33 399
227 154 108 411 822 1199
334 389 375 54 822 1199
192 473 334 246 1229 1599
6 69 209 244 820 1199
52 261 266 98 1221 1599
1 22 212 187 23 399
28 8 131 268 36 399
5 31 231 168 36 399
26 10 260 139 36 399
9 16 168 231 25 399
14 7 201 198 21 399
253 167 287 496 835 1199
234 139 257 489 425 799
18 7 144 255 25 399
302 32 407 304 821 1199
77 297 411 257 1224 1599
208 130 216 495 1625 1999
416 451 316 182 1229 1599
348 31 140 200 421 799
291 483 301 122 827 1199
107 30 469 29 1235 1599
174 253 481 317 427 799
181 203 499 259 1224 1599
3 19 287 112 22 399
364 7 299 313 427 799
457 166 215 300 822 1199
357 16 36 64 429 799
265 239 413 21 1232 1599
194 80 242 403 827 1199
232 169 4 24 425 799
102 306 281 493 432 799
270 146 70 312 1232 1599
402 52 176 185 1639 1999
108 314 426 258 1224 1599
467 223 275 38 1621 1999
4 36 68 331 40 399
293 77 376 357 1635 1999
351 27 266 320 420 799
36 109 252 267 1624 1999
55 299 337 391 1224 1599
25 28 310 109 1632 1999
111 284 375 396 1622 1999
473 105 167 45 1232 1599
308 49 206 313 832 1199
19 17 352 47 36 399
13 10 357 42 23 399
14 12 76 323 26 399
117 265 399 173 424 799
165 241 311 13 424 799
260 265 151 1 1225 1599
375 262 243 21 1225 1599
408 404 209 240 835 1199
325 93 214 348 432 799
264 175 150 420 439 799
139 301 409 195 1222 1599
362 402 282 105 821 1199
293 84 462 292 421 799
12 16 42 357 28 399
203 217 314 484 420 799
417 236 236 431 1622 1999
164 242 377 79 422 799
309 173 400 453 1627 1999
3 22 343 56 25 399
394 364 288 94 1222 1599
15 7 200 199 22 399
42 34 197 238 839 1199
5 17 170 229 22 399
377 11 450 314 1222 1599
0 26 249 150 26 399
453 305 306 75 821 1199
26 7 341 58 33 399
485 477 223 368 1627 1999
321 111 87 246 1629 1999
42 405 408 416 1221 1599
19 9 99 300 28 399
333 405 453 152 825 1199
461 138 278 321 1632 1999
493 255 184 195 829 1199
5 17 70 329 22 399
11 25 66 333 36 399
267 183 430 386 1232 1599
392 168 299 444 1629 1999
117 461 444 415 825 1199
301 79 412 344 1222 1599
381 19 201 208 829 1199
327 32 304 368 439 799
78 307 270 140 439 799
27 1 268 131 28 399
98 279 227 37 1227 1599
62 304 420 296 432 799
254 116 3 243 1220 1599
121 267 242 14 424 799
148 458 234 181 835 1199
364 10 23 35 432 799
172 255 385 413 427 799
326 90 414 380 420 799
464 279 352 15 1622 1999
206 233 79 465 439 799
157 226 316 14 427 799
69 299 244 101 825 1199
244 61 414 250 1239 1599
134 232 455 277 432 799
7 33 349 16 40 399
428 314 195 454 1625 1999
406 86 336 387 1627 1999
287 425 46 288 1220 1599
23 2 158 241 25 399
261 185 13 56 1621 1999
141 232 279 467 425 799
35 1 224 175 36 399
162 267 356 442 429 799
104 387 144 54 1225 1599
1 39 337 62 40 399
429 171 266 381 825 1199
278 345 399 90 822 1199
210 28 271 338 1627 1999
307 125 282 471 1627 1999
96 484 428 439 821 1199
47 374 264 218 425 799
2 21 101 298 23 399
223 209 450 348 432 799
358 13 154 180 427 799
1 20 125 274 21 399
11 14 226 173 25 399
431 165 104 123 829 1199
46 62 102 383 821 1199
418 305 479 3 1235 1599
145 276 12 36 425 799
352 17 65 107 421 799
1 20 9 390 21 399
81 348 222 120 429 799
16 12 265 134 28 399
285 349 219 46 829 1199
231 443 173 132 1629 1999
81 26 174 309 822 1199
448 331 248 155 822 1199
2 31 87 312 33 399
175 245 464 334 420 799
98 103 332 245 822 1199
15 10 355 44 25 399
3 27 369 24 30 399
297 455 461 256 835 1199
66 116 274 267 1639 1999
322 69 370 384 1235 1599
382 380 486 121 835 1199
418 408 359 108 1639 1999
27 6 173 226 33 399
155 426 430 338 1235 1599
107 314 42 2 421 799
10 10 38 341 839 1199
193 177 280 456 432 799
11 22 337 62 33 399
342 487 129 324 1622 1999
442 190 301 420 1627 1999
16 9 306 93 25 399
446 130 229 286 825 1199
24 6 226 173 30 399
47 324 279 185 427 799
20 5 268 131 25 399
339 114 33 61 1239 1599
156 484 268 218 1220 1599
267 191 138 433 1627 1999
23 5 362 37 28 399
462 220 267 38 821 1199
190 411 249 99 1227 1599
45 483 355 417 1222 1599
276 148 135 381 424 799
460 352 148 414 1224 1599
353 361 85 258 827 1199
345 426 167 226 820 1199
186 414 424 274 1220 1599
325 69 107 227 422 799
12 10 272 127 22 399
380 416 124 301 827 1199
29 403 108 116 432 799
417 293 180 161 1629 1999
465 343 392 53 835 1199
455 317 363 50 839 1199
165 264 14 56 439 799
49 470 299 351 1229 1599
242 123 194 451 822 1199
25 5 307 92 30 399
462 195 372 476 1227 1599
205 156 442 296 1221 1599
153 259 461 189 420 799
357 9 149 167 432 799
3 360 98 92 435 799
144 336 415 424 1639 1999
50 356 193 121 420 799
350 44 18 85 1625 1999
338 488 298 157 827 1199
204 119 120 406 1227 1599
13 20 49 350 33 399
260 361 451 179 1225 1599
27 476 75 151 1225 1599
78 297 292 142 429 799
333 246 143 419 1235 1599
16 5 383 16 21 399
6 353 97 85 439 799
83 74 450 67 824 1199
335 31 76 138 432 799
352 283 39 329 1239 1599
15 423 346 376 1220 1599
27 6 234 165 33 399
455 348 390 35 820 1199
376 43 318 362 1221 1599
458 51 214 170 1235 1599
6 19 307 92 25 399
294 480 430 253 835 1199
208 116 95 380 821 1199
0 28 298 101 28 399
35 122 263 270 1622 1999
11 15 225 174 26 399
345 351 48 271 821 1199
339 82 191 293 439 799
217 209 338 454 1232 1599
106 400 19 124 1635 1999
414 34 135 118 1635 1999
29 342 273 469 427 799
128 483 233 210 1620 1999
297 469 102 293 1627 1999
449 232 334 493 1622 1999
312 51 49 151 435 799
40 232 314 329 827 1199
25 1 11 360 26 399
349 86 285 385 435 799
13 326 171 115 1229 1599
2 28 332 67 30 399
20 2 294 105 22 399
422 162 166 269 1635 1999
259 448 426 249 832 1199
9 31 310 89 40 399
4 29 240 159 33 399
13 410 238 276 439 799
28 5 282 117 33 399
461 287 298 497 825 1199
19 3 287 112 22 399
214 186 320 458 420 799
278 402 183 134 835 1199
19 363 105 78 1627 1999
91 157 344 273 829 1199
269 108 492 262 421 799
69 337 391 281 420 799
324 71 369 403 421 799
322 54 289 397 422 799
173 252 475 181 1225 1599
462 201 324 429 1632 1999
15 21 179 220 36 399
355 392 173 198 822 1199
262 107 441 287 1239 1599
443 334 357 42 820 1199
224 154 358 398 420 799
92 6 108 349 839 1199
404 231 241 35 1239 1599
139 224 334 56 435 799
359 421 141 263 1222 1599
29 349 72 14 1220 1599
424 341 193 476 832 1199
188 75 384 245 1632 1999
16 14 105 294 30 399
28 26 175 256 821 1199
4 22 312 83 829 1199
18 7 295 104 25 399
51 268 358 330 1229 1599
468 315 391 14 820 1199
263 119 490 270 1220 1599
272 88 64 246 1232 1599
130 72 427 134 839 1199
110 458 27 178 835 1199
222 348 470 477 1621 1999
238 238 434 419 821 1199
470 440 122 422 1232 1599
28 382 310 288 1222 1599
14 16 309 90 30 399
114 302 390 219 1639 1999
78 347 338 234 425 799
21 129 190 323 1635 1999
313 60 425 307 1239 1599
143 244 425 149 421 799
440 160 488 485 825 1199
360 16 106 138 422 799
182 253 433 365 1235 1599
482 445 131 472 1620 1999
241 135 453 299 422 799
483 378 418 65 1620 1999
57 332 182 88 1229 1599
309 16 268 352 1221 1599
282 133 402 382 429 799
36 493 126 207 1622 1999
111 153 465 158 839 1199
196 346 419 496 825 1199
2 24 163 236 26 399
9 13 154 245 22 399
35 5 90 309 40 399
49 498 290 365 824 1199
422 351 225 174 824 1199
76 398 16 87 1627 1999
158 281 417 169 1227 1599
137 290 454 344 427 799
477 397 167 334 1625 1999
17 346 229 195 435 799
23 10 384 15 33 399
376 387 113 272 820 1199
29 11 83 316 40 399
3 33 47 352 36 399
367 369 362 5 1629 1999
163 261 448 172 424 799
9 14 151 248 23 399
284 113 408 366 1221 1599
429 333 75 318 829 1199
461 341 174 423 829 1199
214 300 393 101 1220 1599
444 112 253 294 1625 1999
90 287 450 270 421 799
162 221 403 103 439 799
15 8 105 294 23 399
216 158 1 317 424 799
17 4 272 127 21 399
291 462 468 280 1239 1599
79 350 244 146 429 799
37 365 260 222 432 799
187 260 463 173 1235 1599
12 13 26 373 25 399
1 24 232 167 25 399
144 377 432 463 1624 1999
161 268 488 226 429 799
405 371 211 192 1625 1999
2 26 196 203 28 399
130 132 299 326 1635 1999
15 10 318 81 25 399
291 110 444 331 1624 1999
335 38 206 282 1225 1599
19 14 352 47 33 399
12 13 199 200 25 399
68 361 218 148 435 799
4 17 9 390 21 399
243 184 452 346 427 799
361 73 212 290 1232 1599
329 76 14 124 1235 1599
58 265 209 38 820 1199
253 464 338 175 824 1199
497 314 138 307 832 1199
261 159 238 499 1635 1999
369 162 186 355 1622 1999
127 251 423 333 420 799
462 133 229 3 1235 1599
383 338 426 3 1620 1999
202 235 371 432 832 1199
413 456 143 360 1632 1999
325 367 446 110 1220 1599
187 224 417 357 1235 1599
237 169 170 480 1220 1599
90 346 28 32 1222 1599
166 270 472 335 1627 1999
460 129 411 456 1622 1999
112 103 161 413 1239 1599
22 346 343 384 1639 1999
1 32 247 152 33 399
376 79 391 440 1622 1999
350 51 1 61 439 799
280 118 456 316 424 799
442 364 111 396 1635 1999
162 105 32 348 1225 1599
276 119 249 465 425 799
37 3 292 107 40 399
29 11 56 343 40 399
368 402 129 270 827 1199
293 95 396 365 1625 1999
317 425 32 337 1625 1999
311 82 245 387 1227 1599
257 157 349 439 424 799
138 240 431 160 1625 1999
385 8 306 305 822 1199
305 334 358 21 1632 1999
356 409 341 46 820 1199
370 95 71 167 1227 1599
488 202 206 121 835 1199
362 175 267 456 1622 1999
38 80 382 95 839 1199
351 260 28 217 832 1199
7 26 359 40 33 399
19 347 240 492 432 799
213 291 296 15 1639 1999
32 4 193 206 36 399
273 103 289 463 422 799
8 20 309 90 28 399
58 56 346 141 825 1199
26 340 82 27 1629 1999
8 15 220 179 23 399
60 392 398 428 1224 1599
62 345 392 302 425 799
37 410 59 61 1227 1599
5 18 146 253 23 399
357 42 51 107 427 799
92 283 253 495 425 799
284 442 13 350 835 1199
276 251 498 403 1624 1999
38 2 243 156 40 399
189 43 13 241 1224 1599
23 2 330 69 25 399
7 15 188 211 22 399
366 241 55 176 822 1199
11 10 173 226 21 399
214 60 383 268 821 1199
204 172 62 393 835 1199
72 363 310 494 1229 1599
358 471 197 258 1624 1999
24 16 280 119 40 399
237 105 430 290 1220 1599
247 27 111 269 1220 1599
381 310 114 208 1229 1599
111 190 304 5 1620 1999
370 359 442 57 824 1199
144 182 267 436 1621 1999
2 26 51 348 28 399
335 31 84 146 432 799
434 93 198 228 1227 1599
335 125 396 423 1639 1999
441 208 264 409 1620 1999
103 317 402 238 420 799
334 59 298 386 435 799
124 208 426 147 1635 1999
25 5 352 47 30 399
122 440 438 397 839 1199
361 441 165 274 1635 1999
0 26 341 58 26 399
86 256 235 484 1621 1999
46 367 53 11 435 799
429 2 318 250 1239 1599
80 465 89 101 1225 1599
14 22 101 298 36 399
26 4 287 112 30 399
147 364 75 59 1221 1599
11 15 205 194 26 399
205 173 85 429 422 799
92 331 165 27 1221 1599
396 24 260 265 1621 1999
16 5 3 370 21 399
11 398 244 254 421 799
2 38 213 186 40 399
182 219 491 283 425 799
242 155 381 385 429 799
421 168 227 337 1235 1599
206 216 111 497 422 799
145 275 7 42 827 1199
0 30 60 339 30 399
153 254 452 182 427 799
452 249 160 331 824 1199
228 176 87 409 424 799
350 71 131 229 1221 1599
417 169 174 295 1629 1999
276 295 172 28 1227 1599
175 250 355 57 425 799
19 2 354 45 21 399
401 46 92 100 1235 1599
327 64 113 221 427 799
262 5 256 373 1624 1999
338 48 462 302 420 799
397 14 445 337 427 799
208 189 30 384 425 799
200 102 175 446 829 1199
353 498 74 401 1622 1999
441 67 171 170 825 1199
44 47 180 284 1225 1599
118 337 372 452 1229 1599
461 64 335 301 1235 1599
12 24 298 101 36 399
476 318 107 326 821 1199
92 474 274 283 1625 1999
288 464 57 326 829 1199
275 205 379 470 829 1199
8 354 186 154 420 799
14 8 42 357 22 399
242 498 91 286 835 1199
338 473 426 185 1622 1999
12 21 288 111 33 399
12 28 289 110 40 399
104 297 382 390 1227 1599
23 383 342 324 420 799
267 459 371 190 1625 1999
298 118 99 295 422 799
142 184 339 12 829 1199
364 68 142 212 432 799
59 97 372 147 1635 1999
189 240 344 456 1227 1599
211 189 465 69 424 799
131 294 37 15 425 799
37 404 229 218 1620 1999
286 89 158 334 425 799
36 426 347 478 1635 1999
481 346 125 353 1235 1599
19 6 342 57 25 399
16 14 110 289 30 399
155 222 402 92 421 799
235 142 432 322 421 799
118 45 334 188 1239 1599
16 5 123 276 21 399
26 7 339 60 33 399
269 478 247 123 1221 1599
296 78 142 298 424 799
347 138 364 499 1620 1999
371 290 85 210 832 1199
34 383 39 11 421 799
36 194 151 455 1222 1599
7 257 256 381 825 1199
150 225 268 478 427 799
144 247 391 373 425 799
203 221 353 447 1222 1599
216 213 351 447 429 799
367 456 230 219 824 1199
381 41 462 336 422 799
461 325 263 154 829 1199
11 11 72 327 22 399
432 389 237 208 1622 1999
12 18 35 364 30 399
143 379 437 314 1639 1999
68 459 251 283 1239 1599
99 267 370 370 1224 1599
168 233 2 440 425 799
321 87 297 429 432 799
101 236 419 180 824 1199
17 9 81 318 26 399
411 374 299 108 820 1199
380 357 156 215 832 1199
242 150 87 371 422 799
30 10 132 267 40 399
17 16 146 253 33 399
130 394 307 212 839 1199
141 244 354 86 1227 1599
413 370 156 249 820 1199
378 290 487 23 1222 1599
238 294 425 122 839 1199
24 6 184 215 30 399
316 79 132 272 421 799
418 324 494 31 1629 1999
363 50 270 326 1229 1599
410 350 99 292 829 1199
347 256 8 219 822 1199
89 288 260 494 421 799
121 218 420 288 1229 1599
163 210 347 399 1225 1599
11 14 184 215 25 399
345 127 4 159 825 1199
325 52 211 315 421 799
196 458 480 376 1232 1599
31 9 118 281 40 399
262 171 402 390 439 799
332 27 86 140 439 799
387 331 106 413 1635 1999
3 25 96 303 28 399
12 16 138 261 28 399
121 279 434 335 1629 1999
333 102 38 34 435 799
318 386 321 26 835 1199
2 21 364 35 23 399
13 15 290 109 28 399
222 104 328 369 1627 1999
6 20 160 239 26 399
340 282 24 343 1621 1999
126 252 309 57 420 799
2 26 315 84 28 399
234 187 108 438 421 799
198 292 396 113 1621 1999
99 260 295 423 439 799
398 426 124 327 825 1199
192 361 441 481 1229 1599
383 2 65 50 1632 1999
314 56 322 414 432 799
167 254 433 143 421 799
371 429 367 62 827 1199
359 308 478 51 1622 1999
341 257 41 184 825 1199
24 4 233 166 28 399
230 143 383 363 425 799
391 343 129 452 827 1199
294 83 28 190 425 799
14 26 315 84 40 399
271 124 153 380 824 1199
49 383 154 122 432 799
263 157 486 14 1232 1599
5 17 361 38 22 399
268 151 284 494 439 799
11 19 281 118 30 399
385 314 225 97 1221 1599
481 323 154 273 1621 1999
115 408 426 473 1622 1999
124 273 321 107 435 799
22 1 14 369 23 399
15 11 180 219 26 399
118 473 469 481 1239 1599
24 1 79 320 25 399
3 107 208 275 825 1199
373 301 72 363 835 1199
343 158 174 365 1622 1999
36 474 278 353 1635 1999
71 332 231 115 421 799
210 181 260 494 435 799
11 11 110 289 22 399
176 264 436 147 821 1199
220 157 67 381 421 799
135 50 106 380 1239 1599
310 397 83 250 1624 1999
135 236 457 285 427 799
130 246 387 365 422 799
413 468 201 311 1229 1599
305 416 314 59 1632 1999
50 24 345 98 829 1199
191 294 498 225 822 1199
246 5 192 329 1620 1999
138 58 55 348 1625 1999
127 269 367 395 1232 1599
296 319 92 474 1239 1599
321 49 15 116 825 1199
428 224 219 388 1625 1999
23 10 308 91 33 399
1 20 249 150 21 399
295 46 472 245 1622 1999
310 83 450 320 421 799
131 124 311 313 1229 1599
27 13 240 159 40 399
91 45 402 97 835 1199
433 355 490 35 821 1199
26 10 373 26 36 399
337 56 373 393 425 799
443 231 331 496 821 1199
474 228 174 287 839 1199
213 164 256 498 421 799
17 6 87 312 23 399
406 260 233 57 1222 1599
163 230 289 467 435 799
226 289 75 63 1221 1599
376 444 98 363 839 1199
32 1 154 245 33 399
329 73 152 273 1621 1999
319 147 345 498 821 1199
61 323 314 448 420 799
311 20 100 185 1622 1999
133 476 392 372 1235 1599
144 117 152 468 1239 1599
171 489 475 417 1222 1599
9 12 82 317 21 399
43 322 306 418 439 799
316 465 151 264 1632 1999
234 193 452 346 427 799
313 266 83 395 1239 1599
359 397 103 294 839 1199
218 162 12 325 1629 1999
14 9 93 306 23 399
126 313 416 244 439 799
153 69 124 399 839 1199
65 469 140 173 827 1199
171 100 291 356 1622 1999
311 463 4 393 821 1199
232 214 499 323 1222 1599
5 18 74 325 23 399
437 412 257 219 1225 1599
92 452 397 391 1232 1599
216 319 415 152 832 1199
461 261 132 227 835 1199
395 63 214 260 1220 1599
253 332 2 454 1225 1599
3 33 155 244 36 399
11 8 173 212 832 1199
96 285 398 346 435 799
0 28 272 127 28 399
360 410 212 189 829 1199
109 318 285 121 1225 1599
18 474 332 417 1627 1999
9 21 31 368 30 399
431 360 334 83 824 1199
251 360 441 177 1225 1599
35 362 390 358 439 799
384 35 35 45 439 799
447 290 155 206 822 1199
415 352 269 124 824 1199
428 199 355 497 1227 1599
358 161 283 462 1622 1999
18 451 13 93 1235 1599
362 352 79 264 827 1199
347 384 108 257 832 1199
149 270 6 50 435 799
10 12 196 203 22 399
257 139 178 426 1232 1599
301 425 107 250 829 1199
332 84 357 435 422 799
19 7 313 86 26 399
347 475 457 214 827 1199
1 27 209 190 28 399
308 226 107 58 1629 1999
225 176 159 487 421 799
205 77 133 364 839 1199
264 158 29 17 422 799
188 227 366 32 425 799
348 28 150 206 422 799
21 1 333 66 22 399
35 1 91 308 36 399
18 5 310 89 23 399
354 44 43 106 825 1199
143 202 292 426 1225 1599
134 345 9 93 1221 1599
166 327 491 375 1225 1599
146 323 36 67 832 1199
260 470 96 265 829 1199
174 82 465 10 1635 1999
173 365 142 27 1629 1999
237 466 333 186 822 1199
484 330 177 382 1639 1999
266 219 7 102 1622 1999
319 55 325 423 424 799
2 23 264 135 25 399
45 155 112 451 1635 1999
453 118 210 253 820 1199
310 129 413 385 439 799
204 172 306 446 422 799
7 106 24 463 1624 1999
366 404 79 320 827 1199
405 118 106 185 1632 1999
373 222 220 447 1620 1999
286 497 390 223 1620 1999
464 138 456 489 839 1199
4 36 311 88 40 399
254 415 59 236 1624 1999
146 386 266 143 835 1199
264 304 463 132 1627 1999
323 127 132 314 1220 1599
185 230 68 476 1235 1599
351 10 58 88 1227 1599
257 163 455 343 420 799
338 86 469 329 424 799
285 433 489 274 835 1199
18 5 142 257 23 399
166 256 355 69 422 799
113 277 473 266 1627 1999
5 21 151 248 26 399
91 277 367 187 1232 1599
264 292 86 111 1639 1999
336 404 348 39 821 1199
456 252 271 438 827 1199
187 233 70 492 1222 1599
23 10 251 148 33 399
303 136 229 421 439 799
208 232 438 379 821 1199
93 281 279 469 424 799
324 103 52 4 427 799
59 29 132 322 1232 1599
5 479 349 457 1232 1599
351 434 15 472 1624 1999
342 81 66 174 1229 1599
279 270 7 361 1235 1599
54 322 408 334 432 799
401 414 234 210 1227 1599
269 211 438 17 1635 1999
259 474 429 268 1622 1999
391 379 397 14 827 1199
256 148 207 477 420 799
225 381 230 17 829 1199
15 15 238 161 30 399
227 209 380 425 1629 1999
99 296 195 15 421 799
342 80 68 179 825 1199
24 381 119 113 435 799
294 23 296 392 1227 1599
163 214 465 147 1229 1599
149 229 409 111 420 799
277 497 310 167 835 1199
22 18 288 111 40 399
12 18 269 130 30 399
10 20 257 142 30 399
350 275 63 203 1239 1599
432 353 232 190 1235 1599
104 380 474 379 827 1199
126 116 445 62 825 1199
7 19 56 343 26 399
167 193 428 306 1224 1599
195 95 333 328 827 1199
345 349 104 224 1232 1599
90 240 419 280 1629 1999
378 395 99 300 824 1199
445 186 204 50 1221 1599
36 349 375 317 427 799
416 418 494 137 1639 1999
165 229 358 56 432 799
298 131 338 460 429 799
188 247 16 56 435 799
237 369 314 80 1232 1599
45 304 336 386 1225 1599
109 0 451 36 1620 1999
6 19 338 61 25 399
203 224 95 479 435 799
466 168 357 433 1224 1599
376 31 30 6 427 799
232 169 451 11 421 799
24 16 261 138 40 399
78 164 363 256 1621 1999
223 198 12 46 435 799
387 396 156 249 1620 1999
225 144 60 355 1622 1999
132 290 270 52 422 799
352 63 18 23 1624 1999
332 458 10 499 1635 1999
453 293 149 366 1621 1999
232 137 21 295 429 799
390 151 150 25 1632 1999
240 466 287 142 1627 1999
391 101 282 358 1232 1599
18 4 245 154 22 399
332 218 97 77 1222 1599
132 375 28 102 1221 1599
181 100 399 258 1622 1999
12 19 266 143 820 1199
1 27 209 190 28 399
244 448 142 179 1627 1999
5 20 240 159 25 399
238 139 273 481 421 799
96 194 345 322 821 1199
65 303 224 89 1625 1999
89 71 300 236 1222 1599
297 426 139 208 822 1199
427 357 144 264 1222 1599
66 15 407 40 832 1199
308 302 204 33 1625 1999
9 12 381 6 21 399
142 169 432 248 1229 1599
66 287 282 447 1622 1999
19 11 340 59 30 399
71 37 264 207 835 1199
191 454 259 148 824 1199
9 14 167 232 23 399
3 363 17 3 424 799
65 448 258 263 1620 1999
152 147 315 355 1227 1599
227 193 381 417 420 799
245 474 30 323 832 1199
338 296 458 43 825 1199
2 12 336 41 835 1199
25 15 126 273 40 399
334 438 269 134 829 1199
12 14 354 45 26 399
18 22 353 46 40 399
319 179 136 365 1629 1999
133 303 341 135 1222 1599
12 18 335 64 30 399
21 345 346 304 432 799
23 5 307 92 28 399
243 13 244 390 1220 1599
184 275 347 486 824 1199
210 416 440 269 821 1199
71 375 385 320 829 1199
325 481 106 326 1224 1599
353 130 283 429 1229 1599
152 419 22 175 1624 1999
345 90 321 429 435 799
188 234 492 306 422 799
215 211 454 76 1224 1599
394 179 183 337 1229 1599
128 355 478 346 1239 1599
459 38 437 382 1632 1999
68 303 354 226 435 799
167 107 450 17 1625 1999
245 134 68 326 429 799
108 281 406 349 832 1199
186 230 333 14 1635 1999
435 293 156 377 835 1199
167 277 438 372 1232 1599
23 10 337 62 33 399
366 48 447 340 825 1199
188 429 372 239 1624 1999
17 5 228 171 22 399
350 391 14 364 1235 1599
496 296 286 459 825 1199
290 47 265 399 1221 1599
96 182 15 472 1627 1999
248 214 389 436 1635 1999
347 88 140 244 435 799
315 87 288 433 825 1199
253 311 112 78 1224 1599
317 411 0 453 839 1199
67 312 320 436 421 799
214 149 229 497 435 799
276 174 452 369 827 1199
384 48 163 193 432 799
50 211 225 414 1620 1999
13 9 288 111 22 399
1 25 262 137 26 399
43 381 138 102 424 799
400 391 158 259 824 1199
403 397 312 115 1625 1999
3 22 141 258 25 399
17 13 154 245 30 399
455 237 327 6 839 1199
22 11 267 132 33 399
339 229 38 294 1232 1599
20 1 216 183 21 399
338 39 63 137 425 799
428 374 66 373 1635 1999
116 38 312 211 829 1199
4 17 58 341 21 399
19 11 136 263 30 399
180 112 261 402 827 1199
269 420 30 293 1632 1999
292 472 54 341 1629 1999
475 195 289 15 1232 1599
118 326 255 92 1627 1999
14 26 287 112 40 399
197 242 364 434 439 799
210 208 12 40 432 799
383 413 411 78 1635 1999
290 405 4 315 822 1199
123 257 410 336 432 799
352 401 293 86 824 1199
44 362 397 337 1220 1599
156 190 308 414 1222 1599
33 7 253 146 40 399
430 208 177 333 1220 1599
0 364 121 111 1224 1599
46 332 330 239 821 1199
267 150 366 428 1221 1599
20 1 395 4 21 399
174 203 264 490 421 799
293 129 36 20 432 799
184 224 79 478 1639 1999
59 370 326 268 429 799
49 372 340 294 429 799
329 474 113 324 1632 1999
31 479 153 235 1232 1599
421 355 82 325 829 1199
20 357 328 292 425 799
175 194 478 138 439 799
9 24 204 195 33 399
124 137 479 156 824 1199
130 421 347 264 1624 1999
426 177 236 1 1632 1999
431 294 315 39 1227 1599
200 433 492 352 1225 1599
328 349 75 236 1632 1999
139 474 419 381 1225 1599
186 44 453 148 827 1199
13 17 90 309 30 399
27 1 279 120 28 399
5 23 249 150 28 399
419 261 90 216 1224 1599
381 39 240 274 422 799
96 293 203 23 421 799
325 69 314 429 1627 1999
297 132 84 288 429 799
184 175 458 260 439 799
241 176 108 412 429 799
23 3 153 246 26 399
134 249 262 6 1227 1599
480 150 140 131 1639 1999
8 365 96 80 425 799
175 139 42 375 829 1199
407 367 313 84 821 1199
267 146 57 313 421 799
111 376 292 180 1221 1599
342 211 30 160 1235 1599
2 26 352 5 28 399
5 20 301 98 25 399
4 24 370 29 28 399
283 204 455 13 1235 1599
213 399 448 260 1224 1599
28 28 72 361 1621 1999
367 446 133 304 1622 1999
393 270 277 13 1225 1599
119 219 397 304 835 1199
308 112 38 218 422 799
475 30 269 202 1620 1999
415 198 116 123 1624 1999
255 39 174 324 1232 1599
76 254 434 269 1625 1999
212 154 325 407 432 799
14 26 148 251 40 399
218 378 493 276 821 1199
442 494 215 347 1224 1599
19 7 292 107 26 399
324 74 92 220 1220 1599
25 15 147 252 40 399
298 79 434 320 421 799
75 193 285 34 1629 1999
289 487 73 334 829 1199
80 334 338 452 422 799
224 304 373 84 1629 1999
0 40 259 140 40 399
364 23 276 306 427 799
158 205 472 254 435 799
490 307 223 414 824 1199
109 486 12 207 822 1199
281 144 241 473 429 799
31 375 179 145 420 799
10 389 115 118 1622 1999
248 195 404 398 1239 1599
321 287 32 367 1629 1999
329 408 171 197 1229 1599
20 10 182 217 30 399
326 423 188 192 1229 1599
418 135 230 321 824 1199
466 98 136 131 1635 1999
237 132 115 373 1235 1599
18 18 158 241 36 399
228 131 44 310 1235 1599
162 223 11 441 1229 1599
138 45 22 300 1227 1599
357 428 171 241 1225 1599
310 173 398 463 1620 1999
16 24 1 368 40 399
238 189 116 438 427 799
72 121 370 53 1632 1999
131 275 267 52 1639 1999
280 243 407 492 822 1199
340 350 394 27 1621 1999
365 291 199 98 839 1199
12 14 154 245 26 399
326 66 181 297 1222 1599
437 269 140 189 1621 1999
17 5 50 349 22 399
135 294 326 472 429 799
347 431 448 163 829 1199
137 297 461 349 1222 1599
424 197 107 141 1225 1599
188 181 497 241 429 799
137 287 5 60 839 1199
102 311 401 233 421 799
460 171 282 369 1622 1999
195 288 307 23 1221 1599
212 404 382 201 1625 1999
57 126 304 2 1227 1599
133 244 396 130 421 799
13 10 302 97 23 399
48 321 203 107 429 799
307 303 172 65 1625 1999
39 423 325 333 1222 1599
144 228 258 477 1635 1999
13 23 67 332 36 399
415 499 73 465 1222 1599
3 20 249 150 23 399
91 280 359 383 427 799
10 13 213 186 23 399
390 381 117 467 1239 1599
73 398 323 271 1221 1599
181 443 220 108 1224 1599
6 30 190 209 36 399
460 165 355 434 1624 1999
120 59 302 251 824 1199
162 219 376 368 435 799
114 309 32 28 1235 1599
409 66 484 362 1227 1599
70 415 325 311 1239 1599
298 176 462 388 1222 1599
74 185 9 493 1225 1599
77 339 144 32 424 799
310 58 358 379 829 1199
454 378 84 377 1627 1999
8 17 247 152 25 399
258 164 17 299 422 799
391 155 130 42 1224 1599
418 338 249 138 829 1199
4 311 101 32 1622 1999
1 32 77 322 33 399
444 402 489 84 1635 1999
356 257 61 340 1620 1999
458 318 292 106 1220 1599
100 122 426 71 1621 1999
137 229 35 493 432 799
265 112 407 333 435 799
155 247 468 310 1222 1599
15 6 45 354 21 399
79 96 354 199 1620 1999
87 266 266 71 1624 1999
102 409 389 485 1235 1599
201 51 247 374 829 1199
108 56 253 284 825 1199
4 18 108 291 22 399
10 18 253 146 28 399
186 191 376 378 421 799
84 335 286 159 820 1199
408 72 67 37 1222 1599
31 311 252 449 1639 1999
454 49 326 295 824 1199
305 467 130 269 825 1199
10 13 143 256 23 399
449 302 219 158 1624 1999
472 195 251 340 1632 1999
366 51 171 215 439 799
164 292 454 204 1220 1599
81 297 336 420 420 799
48 351 274 488 1235 1599
302 119 265 459 421 799
4 21 303 96 25 399
108 380 369 488 1629 1999
2 20 341 58 22 399
61 317 328 426 422 799
16 9 331 68 25 399
10 12 360 39 22 399
277 147 414 387 1621 1999
296 446 328 119 839 1199
312 110 5 179 422 799
10 88 257 214 825 1199
36 72 59 418 829 1199
17 8 222 177 25 399
105 488 180 187 1622 1999
418 282 138 203 839 1199
263 246 40 401 1620 1999
32 8 41 358 40 399
87 136 318 271 832 1199
107 445 273 237 1224 1599
308 112 273 455 420 799
141 194 343 25 1227 1599
8 13 288 111 21 399
242 117 391 327 439 799
214 181 300 466 427 799
447 31 375 337 1220 1599
291 141 411 380 1639 1999
20 13 352 47 33 399
17 4 170 229 21 399
115 461 251 224 1625 1999
273 166 1 253 439 799
241 145 436 328 420 799
359 438 29 399 1229 1599
20 1 309 90 21 399
73 223 290 63 1621 1999
316 416 43 318 827 1199
337 112 262 406 1229 1599
13 10 147 252 23 399
62 343 320 462 421 799
469 227 352 484 1224 1599
454 364 140 413 1635 1999
111 304 473 305 435 799
302 356 38 455 1635 1999
353 434 386 101 832 1199
322 70 98 217 827 1199
375 443 135 310 825 1199
5 17 239 160 22 399
2 21 372 27 23 399
81 478 192 215 1624 1999
278 392 107 187 1222 1599
44 227 211 429 1229 1599
437 268 112 215 820 1199
116 188 273 409 1220 1599
5 16 270 129 21 399
325 248 59 137 1221 1599
117 34 388 141 820 1199
374 392 197 198 827 1199
5 16 363 36 21 399
185 184 429 59 429 799
111 222 406 144 1225 1599
18 18 54 345 36 399
496 277 290 105 820 1199
304 69 17 155 425 799
467 186 410 498 1229 1599
7 14 320 79 21 399
123 179 387 289 1224 1599
455 215 215 338 835 1199
3 19 96 303 22 399
7 18 114 285 25 399
246 117 61 295 435 799
339 27 219 273 432 799
209 188 12 12 1225 1599
13 15 222 177 28 399
10 23 317 82 33 399
324 72 377 393 424 799
120 442 457 482 1621 1999
4 24 313 86 28 399
167 14 371 186 1622 1999
201 172 449 298 1624 1999
182 104 67 366 821 1199
48 362 2 32 1222 1599
315 492 359 170 832 1199
39 1 177 222 40 399
44 178 113 482 1625 1999
88 341 434 364 429 799
16 366 371 389 1220 1599
488 322 324 127 839 1199
44 359 167 109 1225 1599
145 275 289 41 420 799
426 342 484 31 829 1199
452 297 332 40 1221 1599
178 224 478 148 1222 1599
2 23 24 375 25 399
408 35 290 294 1221 1599
445 149 110 173 1639 1999
382 348 212 152 1232 1599
231 169 448 23 1635 1999
429 293 146 199 1621 1999
70 119 171 392 824 1199
93 332 167 47 439 799
38 206 154 449 1639 1999
379 21 10 30 1220 1599
264 113 90 316 421 799
260 204 79 14 1627 1999
44 325 108 26 435 799
200 181 344 415 820 1199
4 26 176 223 30 399
19 2 333 66 21 399
18 8 133 266 26 399
355 22 120 164 421 799
252 449 89 236 1622 1999
428 298 117 350 1635 1999
50 0 189 234 1625 1999
140 255 295 466 1632 1999
288 436 441 218 827 1199
109 487 313 315 1222 1599
47 113 374 149 1635 1999
170 492 343 292 825 1199
294 77 414 328 427 799
354 470 184 271 829 1199
22 1 310 89 23 399
39 393 378 420 432 799
73 296 284 454 429 799
288 336 408 79 1621 1999
292 436 187 178 1635 1999
111 418 475 406 822 1199
456 54 248 223 1621 1999
244 186 31 339 432 799
151 281 392 406 432 799
405 32 116 114 1227 1599
144 383 70 88 1229 1599
345 409 359 46 821 1199
34 6 174 225 40 399
149 233 419 329 432 799
419 303 49 300 825 1199
453 311 280 106 1220 1599
450 280 127 330 825 1199
147 325 353 168 835 1199
19 33 170 259 821 1199
262 119 271 473 435 799
1 32 224 175 33 399
338 39 215 293 421 799
246 179 107 413 425 799
6 30 115 284 36 399
413 185 256 387 839 1199
335 126 281 448 1622 1999
68 367 317 253 435 799
61 333 342 411 1639 1999
31 17 143 264 1639 1999
19 17 362 37 36 399
301 322 474 136 1239 1599
442 135 228 287 1632 1999
187 347 144 19 827 1199
71 302 323 185 429 799
187 224 359 22 824 1199
296 75 432 310 427 799
140 85 94 412 1225 1599
26 10 224 175 36 399
17 6 235 164 23 399
157 214 33 461 427 799
154 473 50 203 824 1199
3 37 17 382 40 399
413 38 138 132 1229 1599
349 22 383 359 427 799
46 33 131 326 820 1199
364 455 420 133 1620 1999
376 204 11 196 1625 1999
17 9 63 336 26 399
117 201 208 473 835 1199
235 423 499 314 1625 1999
432 294 182 403 1639 1999
214 452 460 327 827 1199
442 261 225 420 822 1199
0 33 320 79 33 399
82 49 171 338 1620 1999
41 367 16 29 1635 1999
4 18 222 177 22 399
34 15 393 30 1624 1999
318 16 2 63 835 1199
419 185 194 36 1224 1599
110 277 447 299 439 799
190 493 410 340 1225 1599
259 219 416 7 1629 1999
402 23 103 97 425 799
415 308 50 319 1622 1999
292 124 421 369 1224 1599
9 14 70 329 23 399
304 121 171 361 425 799
316 478 377 166 1625 1999
206 365 296 79 822 1199
242 183 125 439 425 799
68 140 293 288 1625 1999
450 123 98 104 1227 1599
8 14 320 79 22 399
99 220 442 187 822 1199
70 303 268 474 1229 1599
374 22 256 270 432 799
7 15 266 133 22 399
50 120 382 166 1220 1599
411 24 477 321 435 799
397 207 127 315 1220 1599
394 89 58 129 822 1199
365 60 217 285 425 799
274 102 408 344 422 799
46 201 277 336 832 1199
2 21 359 2 23 399
461 389 174 302 1224 1599
19 4 35 364 23 399
5 25 232 167 30 399
421 387 366 69 825 1199
10 23 108 291 33 399
53 193 251 358 1635 1999
170 393 409 258 824 1199
230 152 410 348 422 799
97 41 240 261 1635 1999
142 464 413 357 1220 1599
210 122 146 427 1629 1999
84 402 337 296 839 1199
8 13 151 248 21 399
309 411 128 219 1625 1999
307 300 451 75 1229 1599
387 92 97 9 1225 1599
20 1 363 36 21 399
357 51 126 198 420 799
463 223 324 461 1621 1999
381 429 93 358 1639 1999
4 18 310 89 22 399
21 9 287 112 30 399
155 182 478 222 1235 1599
263 460 256 89 1620 1999
362 97 222 333 1622 1999
266 407 246 51 822 1199
434 313 301 70 822 1199
395 426 437 92 822 1199
314 118 250 413 839 1199
84 291 368 385 1620 1999
493 418 393 149 1229 1599
14 9 30 369 23 399
409 122 310 401 1620 1999
189 231 336 462 1220 1599
102 273 8 8 439 799
26 7 145 254 33 399
1 20 247 152 21 399
268 148 10 264 424 799
412 236 191 88 1629 1999
74 110 234 321 1627 1999
288 90 178 358 420 799
104 155 136 482 1239 1599
132 324 253 67 1220 1599
13 10 173 226 23 399
407 272 197 109 1225 1599
411 123 217 288 1639 1999
4 24 204 195 28 399
198 374 423 225 1224 1599
497 243 172 291 1625 1999
159 79 496 113 1627 1999
163 97 421 212 1625 1999
8 66 53 390 1629 1999
334 406 79 292 1629 1999
225 384 499 469 1239 1599
68 177 415 196 832 1199
347 78 104 208 425 799
24 1 126 273 25 399
13 10 56 343 23 399
342 414 494 195 1627 1999
186 480 495 415 1224 1599
25 72 277 183 1235 1599
14 19 238 161 33 399
21 381 54 36 420 799
178 472 436 371 839 1199
6 17 162 237 23 399
216 156 153 452 1639 1999
342 45 296 372 425 799
136 248 498 264 420 799
324 98 143 293 422 799
198 480 74 228 1222 1599
290 482 84 311 821 1199
196 199 50 430 421 799
345 80 101 209 425 799
426 279 180 409 1622 1999
136 91 471 60 1632 1999
85 206 386 276 1227 1599
60 304 281 152 1625 1999
77 359 122 27 821 1199
325 60 145 253 425 799
3 19 118 281 22 399
496 367 232 255 1622 1999
340 248 119 400 825 1199
104 72 349 186 1639 1999
42 252 202 451 1639 1999
229 206 32 40 435 799
360 354 412 33 1625 1999
29 1 89 310 30 399
93 328 287 145 421 799
348 23 16 62 427 799
19 10 211 194 822 1199
361 92 132 226 1235 1599
181 236 37 463 427 799
280 159 151 401 1227 1599
78 398 232 175 821 1199
8 25 343 56 33 399
7 26 292 107 33 399
37 423 91 118 1639 1999
333 77 9 35 432 799
412 346 94 290 1224 1599
474 127 121 148 1624 1999
16 7 130 269 23 399
202 215 340 450 425 799
354 296 479 62 1639 1999
121 70 288 281 820 1199
32 63 171 302 1620 1999
137 293 488 271 825 1199
491 272 345 44 824 1199
133 251 414 348 420 799
190 270 444 150 1224 1599
9 31 184 215 40 399
33 7 109 290 40 399
313 464 5 396 822 1199
244 86 32 247 1625 1999
282 210 71 62 839 1199
323 473 74 351 1627 1999
5 17 306 93 22 399
342 17 16 62 1227 1599
96 150 62 485 1629 1999
304 499 391 212 1624 1999
178 246 426 372 424 799
482 475 493 110 1622 1999
1 24 59 340 25 399
366 279 198 73 1624 1999
244 180 47 357 424 799
217 246 22 422 1227 1599
186 220 441 339 424 799
349 185 152 9 825 1199
251 159 153 430 829 1199
334 442 191 214 827 1199
96 319 246 92 1221 1599
135 285 367 431 420 799
3 27 369 24 30 399
82 337 343 453 421 799
344 16 74 115 829 1199
319 105 348 450 424 799
33 51 344 117 1621 1999
317 416 39 335 1239 1599
414 25 181 155 1235 1599
128 261 474 236 1227 1599
385 24 109 121 1225 1599
155 115 400 241 827 1199
41 372 325 459 1227 1599
16 14 88 311 30 399
11 12 91 308 23 399
11 10 126 273 21 399
3 30 137 262 33 399
12 14 305 94 26 399
157 175 308 398 1224 1599
424 386 290 143 821 1199
98 123 352 1 1622 1999
259 368 477 212 1624 1999
145 279 415 175 424 799
234 125 153 403 439 799
432 165 196 38 1235 1599
349 117 210 341 835 1199
328 55 199 304 1620 1999
226 207 469 73 1221 1599
206 332 413 163 1222 1599
18 8 151 248 26 399
248 129 10 268 421 799
285 103 316 446 424 799
449 482 369 193 1229 1599
13 254 325 320 1620 1999
83 405 165 111 1222 1599
225 193 380 404 432 799
460 316 314 89 825 1199
1 39 112 287 40 399
293 307 30 417 825 1199
135 244 340 90 439 799
110 479 230 233 1632 1999
138 301 211 15 439 799
17 8 52 347 25 399
392 244 242 25 1629 1999
359 68 428 358 439 799
43 245 393 236 839 1199
473 265 171 193 1224 1599
104 335 439 311 439 799
87 345 274 166 432 799
399 361 472 63 827 1199
159 244 479 295 427 799
32 1 390 9 33 399
254 117 7 1 435 799
205 186 262 498 1229 1599
12 28 367 32 40 399
295 53 382 344 1220 1599
43 323 102 16 432 799
174 203 37 444 820 1199
300 276 427 27 1222 1599
120 289 277 69 421 799
432 240 215 386 835 1199
128 274 318 88 422 799
258 468 387 231 1232 1599
388 110 170 263 1627 1999
457 350 380 61 832 1199
424 148 284 367 1639 1999
1 27 312 87 28 399
274 91 169 352 1632 1999
177 176 456 79 1622 1999
349 420 171 222 822 1199
187 198 364 16 1239 1599
498 258 317 440 835 1199
340 381 156 199 1632 1999
453 352 243 186 822 1199
262 167 43 317 429 799
41 36 189 254 832 1199
375 159 257 400 1639 1999
399 363 135 253 1224 1599
148 272 445 353 420 799
270 317 366 44 1229 1599
198 306 93 34 821 1199
46 375 240 193 1622 1999
5 25 51 348 30 399
10 15 245 154 25 399
403 304 176 155 822 1199
447 385 433 40 839 1199
308 441 7 364 820 1199
214 16 347 252 1629 1999
368 56 151 213 424 799
54 238 185 484 821 1199
134 400 381 278 1629 1999
16 17 108 291 33 399
0 36 176 223 36 399
60 360 27 15 420 799
321 478 161 264 824 1199
268 162 32 32 432 799
34 6 308 91 40 399
14 9 150 249 23 399
120 93 302 280 1229 1599
436 191 368 486 1235 1599
202 216 427 65 1222 1599
29 7 370 29 36 399
12 18 316 83 30 399
465 288 116 278 1239 1599
21 7 314 85 28 399
217 235 332 496 1222 1599
332 466 175 254 1629 1999
213 467 243 120 821 1199
272 256 446 459 821 1199
5 21 43 356 26 399
281 319 180 54 1232 1599
88 442 230 225 1639 1999
160 327 51 60 822 1199
74 249 351 345 1225 1599
220 334 142 49 1635 1999
323 40 90 170 435 799
0 40 157 242 40 399
6 34 228 171 40 399
6 15 18 381 21 399
85 165 182 437 829 1199
156 363 83 62 824 1199
8 25 144 255 33 399
215 45 74 275 827 1199
99 305 308 140 424 799
453 317 370 23 821 1199
137 222 450 268 439 799
18 7 129 270 25 399
152 269 404 144 421 799
24 354 183 135 420 799
283 86 200 372 429 799
99 394 9 118 1632 1999
249 150 463 305 429 799
326 37 46 120 1235 1599
160 235 411 109 421 799
3 37 284 115 40 399
7 135 58 461 1621 1999
203 241 376 40 1224 1599
191 463 189 106 839 1199
149 283 259 27 1232 1599
285 354 41 483 1225 1599
348 380 396 51 821 1199
131 190 295 392 1632 1999
266 153 71 331 425 799
385 429 438 105 821 1199
27 71 262 202 1232 1599
397 83 131 194 1621 1999
10 12 383 16 22 399
120 263 344 412 1225 1599
14 12 319 80 26 399
14 16 166 233 30 399
324 87 221 355 1227 1599
42 332 221 137 424 799
485 261 179 208 1639 1999
24 2 140 259 26 399
243 139 100 374 420 799
333 36 475 253 1239 1599
191 197 77 449 432 799
141 108 358 267 1622 1999
3 20 120 279 23 399
83 290 358 388 425 799
7 19 93 306 26 399
10 16 104 295 26 399
476 259 334 493 822 1199
281 110 149 355 421 799
216 176 340 426 424 799
0 22 114 285 22 399
203 212 471 107 425 799
133 285 315 93 1224 1599
235 422 148 150 1239 1599
351 60 162 248 421 799
75 44 269 221 1227 1599
367 357 254 101 1629 1999
5 23 160 239 28 399
200 45 161 372 1632 1999
192 37 359 247 1221 1599
22 341 310 256 1225 1599
282 161 440 380 1221 1599
313 199 166 430 1220 1599
105 320 356 198 425 799
180 230 335 9 1222 1599
150 314 463 375 1224 1599
96 83 109 429 1239 1599
470 182 314 392 1232 1599
38 250 378 287 1621 1999
113 366 2 101 1622 1999
0 21 274 125 21 399
7 33 139 260 40 399
5 28 147 252 33 399
0 26 137 262 26 399
14 9 386 13 23 399
496 326 403 48 1627 1999
34 189 395 172 820 1199
9 14 332 67 23 399
9 13 208 191 22 399
31 2 224 175 33 399
354 9 36 54 435 799
218 102 230 466 1222 1599
6 22 63 336 28 399
132 397 95 57 1221 1599
10 23 309 90 33 399
440 35 344 298 1239 1599
135 110 472 70 1221 1599
452 21 135 73 1229 1599
335 38 318 384 1235 1599
363 417 87 334 839 1199
31 336 99 45 1239 1599
13 10 184 215 23 399
16 7 117 282 23 399
67 334 272 170 429 799
236 489 371 248 822 1199
55 314 122 12 429 799
5 23 232 167 28 399
454 202 164 271 1639 1999
118 256 339 103 424 799
79 312 373 387 429 799
192 429 150 112 1239 1599
228 6 440 163 1629 1999
148 444 148 73 1627 1999
453 369 233 230 1639 1999
182 209 415 347 427 799
14 9 289 110 23 399
23 2 131 268 25 399
40 7 82 343 820 1199
4 19 58 341 23 399
474 321 399 18 820 1199
169 207 499 161 422 799
322 84 324 456 424 799
170 322 423 212 1635 1999
279 95 102 292 424 799
188 375 382 193 822 1199
175 144 218 460 1239 1599
4 24 154 245 28 399
77 362 159 85 439 799
395 91 102 11 825 1199
432 355 96 395 822 1199
308 189 72 324 1227 1599
188 196 492 126 424 799
444 286 227 144 1639 1999
273 58 415 285 1229 1599
7 26 280 119 33 399
112 255 294 78 439 799
0 36 358 31 36 399
26 2 295 104 28 399
114 351 397 427 1239 1599
126 276 343 120 825 1199
380 440 84 373 835 1199
173 311 15 106 1635 1999
389 178 198 364 1221 1599
114 86 395 8 839 1199
57 476 364 409 824 1199
138 294 435 225 432 799
296 440 337 104 821 1199
158 164 493 188 839 1199
2 19 65 334 21 399
341 381 169 190 835 1199
8 17 228 171 25 399
269 162 53 2 822 1199
185 218 441 101 425 799
13 13 121 278 26 399
19 9 209 190 28 399
245 198 440 34 1239 1599
0 30 230 169 30 399
7 21 233 166 28 399
34 332 322 254 432 799
395 27 212 210 432 799
13 13 259 140 26 399
180 234 344 447 1621 1999
29 7 350 49 36 399
203 214 451 85 421 799
457 58 389 356 832 1199
1 39 128 271 40 399
471 286 380 8 1229 1599
28 5 226 173 33 399
10 397 321 463 421 799
409 142 185 294 1622 1999
176 453 367 267 1221 1599
32 19 198 222 1229 1599
20 13 262 137 33 399
22 351 190 150 429 799
249 394 154 112 1221 1599
109 267 421 331 422 799
282 497 422 263 824 1199
0 30 199 200 30 399
92 33 286 215 1622 1999
51 314 381 347 435 799
268 171 6 278 1229 1599
325 437 70 315 1621 1999
257 143 5 17 1220 1599
343 84 204 316 427 799
5 35 22 377 40 399
17 16 112 287 33 399
189 332 120 25 1622 1999
225 388 380 177 1632 1999
197 290 452 171 824 1199
133 324 477 291 1221 1599
308 383 233 95 1235 1599
31 2 115 284 33 399
374 162 30 128 1220 1599
498 236 305 402 1639 1999
383 391 180 231 835 1199
351 389 176 205 839 1199
13 12 57 342 25 399
236 469 24 303 820 1199
106 25 334 170 1225 1599
291 394 132 180 1225 1599
465 33 404 350 1220 1599
431 311 170 195 1621 1999
35 1 241 158 36 399
127 111 250 365 1621 1999
56 56 205 270 1635 1999
58 442 291 297 1220 1599
209 213 17 29 422 799
232 141 426 320 425 799
19 6 388 11 25 399
117 312 474 324 429 799
261 246 74 55 1620 1999
424 201 174 329 1620 1999
100 321 312 156 421 799
320 70 318 442 1224 1599
292 483 313 130 824 1199
211 219 6 377 835 1199
374 430 303 128 1625 1999
158 264 377 107 422 799
34 395 125 117 429 799
216 339 160 17 1620 1999
25 1 359 40 26 399
188 420 432 291 1625 1999
238 234 11 92 1629 1999
395 30 405 393 425 799
178 244 481 171 422 799
119 155 162 481 1629 1999
283 366 342 52 1225 1599
333 436 337 67 1225 1599
10 23 319 80 33 399
26 166 175 380 1635 1999
27 1 385 14 28 399
0 28 295 104 28 399
420 329 282 101 832 1199
85 282 244 486 435 799
194 354 67 112 829 1199
151 288 381 417 439 799
243 451 115 202 821 1199
322 458 70 334 1222 1599
298 65 11 141 435 799
19 2 91 308 21 399
15 25 7 376 40 399
120 405 390 301 824 1199
361 469 17 450 1635 1999
116 64 213 340 1625 1999
423 349 287 122 1635 1999
456 368 350 103 1627 1999
100 271 415 215 427 799
11 15 336 63 26 399
62 85 289 232 824 1199
4 349 150 119 1622 1999
362 415 481 168 1632 1999
295 109 256 444 424 799
303 427 245 109 1222 1599
272 493 60 327 1620 1999
18 22 256 143 40 399
12 298 354 267 1625 1999
9 21 9 390 30 399
264 20 423 220 1639 1999
94 326 212 66 1220 1599
155 204 390 65 824 1199
178 214 337 433 1220 1599
150 209 266 452 439 799
185 474 175 110 1624 1999
457 357 328 127 839 1199
285 100 124 302 435 799
258 336 7 454 829 1199
128 366 69 54 1627 1999
31 9 345 54 40 399
127 246 326 72 425 799
265 130 375 389 429 799
204 157 371 356 1632 1999
455 103 87 100 1627 1999
18 18 79 320 36 399
33 23 380 53 821 1199
91 181 5 469 1224 1599
467 434 433 99 1229 1599
54 28 202 257 821 1199
16 370 319 297 1222 1599
89 152 180 438 1221 1599
424 353 160 241 822 1199
354 396 157 220 1625 1999
306 15 341 356 1622 1999
376 55 286 328 435 799
268 5 134 237 1632 1999
129 364 428 441 822 1199
412 123 201 288 1622 1999
83 380 253 177 1225 1599
225 366 413 183 1227 1599
400 2 42 20 422 799
236 192 60 382 432 799
89 289 298 456 1222 1599
362 268 79 354 829 1199
11 14 107 292 25 399
380 404 200 211 1625 1999
29 306 292 416 1225 1599
105 322 427 273 427 799
482 441 258 287 1620 1999
203 204 348 422 1235 1599
28 2 296 103 30 399
347 349 261 64 1627 1999
10 15 360 39 25 399
72 436 232 225 827 1199
7 33 192 207 40 399
12 16 201 198 28 399
165 257 495 211 422 799
448 364 309 140 1635 1999
260 10 229 350 827 1199
143 278 329 465 425 799
378 43 486 312 421 799
309 487 91 328 1621 1999
363 22 405 343 1235 1599
148 99 403 222 820 1199
3 18 302 97 21 399
267 354 13 239 1229 1599
263 257 465 81 1220 1599
266 161 1 267 427 799
142 153 258 411 1624 1999
455 273 183 370 1629 1999
454 308 114 331 835 1199
416 228 311 499 1222 1599
121 306 314 128 1227 1599
394 312 57 290 839 1199
7 23 79 320 30 399
14 12 356 43 26 399
2 21 302 97 23 399
429 292 342 5 824 1199
378 388 11 382 825 1199
263 160 439 362 1620 1999
388 341 308 45 822 1199
277 432 474 253 822 1199
249 178 52 4 427 799
362 473 409 142 1620 1999
22 14 53 346 36 399
317 478 425 208 820 1199
258 484 31 338 825 1199
40 351 122 56 1221 1599
435 332 275 118 824 1199
19 14 106 293 33 399
4 22 250 149 26 399
20 5 256 143 25 399
276 497 80 327 832 1199
117 314 311 135 1225 1599
2 26 327 72 28 399
292 67 129 263 439 799
95 446 201 175 1221 1599
125 248 431 181 425 799
110 297 311 129 429 799
18 22 106 293 40 399
8 14 383 12 22 399
0 28 59 340 28 399
462 272 180 183 827 1199
312 227 150 16 1225 1599
19 9 196 203 28 399
376 397 285 110 820 1199
363 3 368 364 1232 1599
351 461 318 125 829 1199
323 111 17 181 1222 1599
9 16 373 26 25 399
12 11 83 316 23 399
25 15 212 187 40 399
43 492 228 311 1632 1999
352 60 54 139 1621 1999
430 53 362 361 1622 1999
340 29 113 179 421 799
3 22 335 64 25 399
349 122 190 329 1632 1999
411 367 175 226 1621 1999
448 321 217 464 1624 1999
385 54 228 256 439 799
204 396 334 149 1621 1999
72 143 153 431 1229 1599
183 299 369 491 1220 1599
13 17 71 328 30 399
361 326 41 280 1632 1999
19 3 72 327 22 399
8 17 230 169 25 399
16 7 29 370 23 399
7 29 211 188 36 399
265 295 452 109 825 1199
22 11 63 336 33 399
21 4 61 338 25 399
184 375 490 305 822 1199
157 272 35 25 429 799
21 371 162 134 420 799
116 297 354 158 421 799
240 230 126 494 1220 1599
36 386 275 249 422 799
16 20 36 363 36 399
9 24 161 238 33 399
473 284 156 227 824 1199
179 358 441 470 1624 1999
405 42 308 316 1227 1599
18 8 28 371 26 399
76 327 321 209 435 799
35 56 150 319 820 1199
213 292 373 498 1632 1999
197 198 37 407 429 799
434 310 242 491 825 1199
166 258 24 490 424 799
452 278 103 295 1232 1599
442 49 139 122 822 1199
474 53 152 108 1221 1599
15 13 280 119 28 399
193 176 491 105 429 799
2 23 288 111 25 399
331 142 205 385 1229 1599
280 192 45 328 1627 1999
27 6 215 184 33 399
219 175 478 290 424 799
247 290 409 75 1221 1599
108 258 289 443 432 799
76 424 355 330 825 1199
109 98 322 261 1622 1999
271 296 490 156 1239 1599
86 336 389 265 424 799
253 90 468 249 824 1199
498 230 233 342 821 1199
6 27 316 83 33 399
279 485 177 228 839 1199
143 422 139 55 1227 1599
325 120 42 30 1225 1599
37 113 197 324 827 1199
9 14 22 377 23 399
362 23 336 368 427 799
13 13 382 9 26 399
2 19 222 177 21 399
234 152 177 472 821 1199
170 312 462 379 839 1199
134 254 376 386 424 799
19 4 70 329 23 399
75 337 258 144 1222 1599
15 324 370 320 1239 1599
25 11 381 4 36 399
422 50 278 272 1232 1599
10 15 120 279 25 399
470 315 336 78 1227 1599
72 347 330 234 427 799
459 261 200 375 825 1199
401 93 169 232 1627 1999
262 327 399 90 824 1199
51 1 242 176 1232 1599
117 250 422 321 822 1199
475 283 179 346 839 1199
2 26 210 189 28 399
408 115 394 467 832 1199
468 306 253 152 829 1199
61 459 291 323 1232 1599
357 68 0 84 425 799
229 285 360 43 1625 1999
95 281 463 289 422 799
371 96 223 307 1239 1599
30 433 194 231 832 1199
245 153 282 494 420 799
60 335 227 139 435 799
162 165 65 444 1622 1999
282 129 99 320 1624 1999
185 114 145 440 1632 1999
168 44 495 90 825 1199
264 77 184 370 1225 1599
270 152 407 391 422 799
135 236 372 110 1235 1599
328 251 476 25 1624 1999
371 166 80 241 832 1199
289 481 220 181 829 1199
256 185 490 43 1622 1999
417 347 162 229 1625 1999
12 16 226 173 28 399
24 4 244 155 28 399
227 357 103 122 1639 1999
104 211 330 63 824 1199
20 365 87 73 439 799
467 326 212 445 824 1199
107 189 265 402 827 1199
220 202 456 62 422 799
282 117 57 265 425 799
334 90 146 276 424 799
99 485 115 138 1635 1999
42 174 144 435 1635 1999
307 71 64 206 420 799
10 13 252 147 23 399
103 99 189 384 1627 1999
1 20 288 111 21 399
2 24 263 136 26 399
258 116 72 304 424 799
382 27 105 127 421 799
296 150 26 253 1625 1999
378 281 229 498 1632 1999
212 188 20 3 821 1199
183 299 285 30 827 1199
261 469 142 215 825 1199
340 87 384 416 1225 1599
94 335 386 412 429 799
335 405 423 134 839 1199
499 398 311 208 1620 1999
270 444 138 217 839 1199
279 386 440 176 1227 1599
451 285 312 53 1627 1999
15 15 255 144 30 399
315 479 424 219 829 1199
17 9 227 172 26 399
148 268 306 60 1232 1599
25 3 109 290 28 399
10 23 231 168 33 399
248 14 425 214 1621 1999
136 260 373 399 422 799
117 373 380 262 1224 1599
6 22 61 338 28 399
8 32 313 86 40 399
412 320 81 274 821 1199
454 291 297 72 822 1199
162 273 24 48 435 799
2 34 62 337 36 399
0 28 357 14 28 399
18 10 182 217 28 399
290 137 378 420 427 799
443 292 222 139 1624 1999
298 188 104 19 1635 1999
9 14 221 178 23 399
344 51 69 142 832 1199
23 5 374 25 28 399
248 134 380 378 422 799
21 4 75 324 25 399
229 116 343 376 824 1199
103 322 401 243 1221 1599
195 461 442 330 1220 1599
318 470 246 164 1220 1599
200 198 340 429 1627 1999
23 5 234 165 28 399
8 17 138 261 25 399
6 19 305 94 25 399
25 8 387 4 33 399
252 138 230 494 420 799
258 449 164 170 1225 1599
244 152 371 399 424 799
160 116 22 355 1621 1999
469 127 254 289 821 1199
117 162 302 351 1624 1999
322 451 417 172 824 1199
21 5 353 46 26 399
210 384 2 233 1639 1999
34 127 129 391 1239 1599
449 269 235 428 825 1199
41 330 223 141 427 799
382 413 210 216 1229 1599
154 270 472 214 424 799
372 36 255 288 829 1199
345 417 359 58 1625 1999
51 376 304 494 427 799
6 16 263 136 22 399
122 302 470 276 424 799
5 23 94 305 28 399
250 428 118 186 1224 1599
19 11 272 127 30 399
252 130 61 315 422 799
398 247 130 350 1227 1599
50 385 236 208 435 799
250 141 169 429 429 799
383 299 144 434 1224 1599
12 9 31 368 21 399
369 253 201 58 835 1199
54 64 72 405 839 1199
352 32 399 363 420 799
393 330 98 259 832 1199
22 6 137 262 28 399
260 113 93 319 425 799
255 117 331 415 1224 1599
276 445 174 173 824 1199
5 415 68 119 839 1199
415 459 383 132 1639 1999
461 86 222 225 1620 1999
442 315 182 209 832 1199
70 307 409 334 832 1199
175 206 295 459 425 799
3 19 112 287 22 399
97 90 248 313 1624 1999
12 10 369 30 22 399
200 197 71 444 1622 1999
219 493 188 147 821 1199
48 313 171 77 1239 1599
214 159 33 341 435 799
25 8 208 191 33 399
95 337 138 14 432 799
52 397 18 57 824 1199
329 124 22 188 1227 1599
335 433 320 71 821 1199
69 456 335 348 1624 1999
493 224 167 276 820 1199
141 294 72 0 435 799
321 87 234 369 829 1199
285 115 238 444 422 799
180 71 247 375 1227 1599
109 419 11 144 825 1199
8 13 302 97 21 399
0 26 19 380 26 399
109 274 226 22 1229 1599
329 447 434 183 1629 1999
332 17 68 129 1622 1999
166 213 363 39 1227 1599
44 383 33 23 427 799
36 380 381 359 1232 1599
33 176 106 477 1624 1999
373 36 80 120 421 799
90 201 429 162 820 1199
276 128 32 260 422 799
188 462 340 237 821 1199
21 5 294 105 26 399
19 2 56 343 21 399
8 28 81 318 36 399
26 201 389 214 1622 1999
372 429 194 229 820 1199
12 302 374 314 1224 1599
160 269 405 145 429 799
18 18 380 19 36 399
413 201 131 106 1621 1999
17 168 340 113 820 1199
25 107 130 365 835 1199
250 140 396 365 1627 1999
233 424 113 171 1225 1599
444 145 330 408 1221 1599
39 366 301 467 435 799
193 432 68 179 1620 1999
372 360 140 219 1625 1999
7 26 367 32 33 399
309 409 282 59 1621 1999
91 157 335 284 827 1199
306 105 200 368 429 799
11 100 24 461 1624 1999
29 7 366 33 36 399
466 103 168 42 1239 1599
400 378 299 106 825 1199
2 20 167 232 22 399
235 187 494 304 422 799
276 357 430 137 824 1199
18 12 289 110 30 399
165 372 2 159 1622 1999
269 453 458 266 1222 1599
14 390 114 112 1220 1599
24 12 169 230 36 399
148 277 437 359 427 799
7 166 209 335 1227 1599
33 3 151 248 36 399
255 241 388 485 1621 1999
15 6 277 122 21 399
60 325 172 60 421 799
369 53 345 405 422 799
41 210 199 425 1225 1599
133 8 449 66 1624 1999
4 32 114 285 36 399
407 171 310 447 825 1199
25 15 121 278 40 399
365 68 176 256 1221 1599
48 55 109 360 1632 1999
451 286 290 496 1227 1599
186 241 56 482 427 799
97 205 416 245 1639 1999
22 414 174 190 1222 1599
27 1 263 136 28 399
9 27 25 374 36 399
478 436 160 481 1635 1999
292 442 174 183 821 1199
96 212 280 19 821 1199
53 313 220 114 432 799
301 128 254 450 429 799
0 23 314 85 23 399
467 80 345 335 1221 1599
372 38 293 337 1220 1599
457 18 193 120 1632 1999
29 11 276 123 40 399
15 16 119 286 824 1199
20 1 60 339 21 399
32 323 154 79 1632 1999
167 199 255 477 432 799
178 178 430 300 1224 1599
151 274 438 188 425 799
174 212 414 350 1220 1599
202 23 461 133 1229 1599
392 385 59 426 824 1199
184 234 330 6 424 799
379 30 100 128 421 799
9 17 137 262 26 399
319 328 428 59 1620 1999
18 5 259 140 23 399
384 396 338 71 827 1199
392 199 309 487 1227 1599
314 63 346 408 421 799
230 177 118 428 435 799
338 118 5 158 1625 1999
2 34 287 112 36 399
460 452 223 316 1625 1999
289 484 164 233 822 1199
386 26 398 392 420 799
11 29 41 358 40 399
25 346 346 396 427 799
14 11 178 221 25 399
163 257 341 57 420 799
317 377 316 19 1639 1999
392 366 70 329 839 1199
25 382 114 98 425 799
462 230 283 410 839 1199
419 462 76 485 1632 1999
61 411 421 422 827 1199
84 382 239 171 1232 1599
133 160 469 200 1622 1999
157 249 472 188 1222 1599
173 275 432 175 839 1199
73 431 32 96 1222 1599
453 75 303 303 1220 1599
401 305 106 241 839 1199
12 14 304 95 26 399
427 369 496 65 825 1199
215 37 79 274 825 1199
220 155 465 24 1622 1999
327 47 455 293 424 799
480 455 341 220 1624 1999
448 296 179 390 835 1199
297 132 228 432 429 799
310 101 433 349 427 799
23 7 213 186 30 399
13 10 300 99 23 399
14 26 182 217 40 399
104 281 435 309 1239 1599
366 388 366 29 839 1199
379 203 180 378 1224 1599
162 361 254 76 1221 1599
477 318 153 370 822 1199
17 13 137 262 30 399
414 283 136 379 824 1199
211 269 59 58 1635 1999
9 19 136 263 28 399
381 1 71 67 422 799
222 41 83 278 822 1199
3 142 114 409 820 1199
253 427 170 132 1220 1599
26 451 258 312 1227 1599
487 385 260 253 1639 1999
428 339 333 56 1620 1999
196 182 304 452 420 799
166 426 409 306 835 1199
237 197 369 439 1224 1599
303 457 340 135 1639 1999
320 291 207 30 1624 1999
137 484 14 238 1229 1599
167 192 473 245 439 799
381 443 53 398 825 1199
497 344 230 451 1624 1999
422 100 80 83 839 1199
82 292 418 330 424 799
212 202 458 332 422 799
367 48 200 254 425 799
220 102 11 267 1224 1599
299 436 211 148 822 1199
8 15 61 338 23 399
160 157 474 102 1229 1599
93 278 412 330 427 799
7 14 257 142 21 399
340 270 459 23 1232 1599
85 458 392 389 1622 1999
294 62 35 169 1232 1599
11 19 262 137 30 399
106 64 272 271 825 1199
190 233 465 131 1221 1599
157 427 358 259 829 1199
1 39 324 75 40 399
397 133 257 369 1222 1599
255 460 356 185 822 1199
169 19 490 67 829 1199
1 39 132 267 40 399
78 465 234 243 1620 1999
85 307 412 268 432 799
392 97 170 241 832 1199
331 40 174 260 1221 1599
231 48 455 202 1620 1999
21 5 139 260 26 399
255 155 409 367 432 799
210 300 289 16 835 1199
114 122 193 406 835 1199
409 113 313 383 1232 1599
154 242 299 473 422 799
288 488 349 172 821 1199
453 338 250 175 832 1199
11 36 130 283 832 1199
25 257 372 287 821 1199
146 289 301 497 435 799
494 344 270 479 839 1199
32 1 82 317 33 399
23 7 214 185 30 399
230 146 75 360 1629 1999
320 6 12 75 1621 1999
200 275 409 444 820 1199
309 241 482 55 1639 1999
94 112 293 286 1625 1999
243 343 34 186 1232 1599
210 269 54 62 1235 1599
392 147 282 408 1227 1599
105 266 263 53 427 799
52 171 282 307 1632 1999
0 22 19 380 22 399
9 27 277 122 36 399
275 164 199 447 439 799
287 166 360 466 1225 1599
88 315 28 4 1227 1599
419 104 73 132 1624 1999
19 6 298 101 25 399
76 180 416 213 825 1199
390 385 280 126 1229 1599
310 210 390 496 1232 1599
321 395 89 268 1639 1999
264 117 63 279 1235 1599
471 2 238 142 1225 1599
251 410 291 87 1235 1599
297 409 155 192 1639 1999
40 338 367 287 420 799
358 71 53 7 429 799
149 358 352 190 1227 1599
404 100 36 106 1224 1599
356 380 54 311 1627 1999
467 327 202 435 825 1199
132 303 0 72 435 799
7 29 270 129 36 399
30 3 80 319 33 399
327 52 266 354 435 799
30 201 121 481 1227 1599
5 31 115 284 36 399
14 7 383 16 21 399
383 408 30 383 820 1199
323 324 157 124 1632 1999
18 18 258 141 36 399
20 2 119 280 22 399
236 492 459 342 825 1199
410 15 227 191 439 799
209 496 401 325 1235 1599
118 260 431 195 420 799
296 162 32 261 1635 1999
8 20 311 88 28 399
270 414 487 260 827 1199
485 234 161 187 1227 1599
39 359 166 110 422 799
471 110 424 429 1632 1999
435 471 124 409 1625 1999
136 257 6 24 435 799
20 8 381 18 28 399
82 339 190 78 1229 1599
150 303 71 9 1225 1599
93 276 357 169 1227 1599
17 19 355 44 36 399
283 132 421 353 1239 1599
21 12 121 278 33 399
2 28 169 230 30 399
2 28 47 352 30 399
462 284 370 7 829 1199
397 388 215 211 1239 1599
76 108 267 283 1232 1599
398 120 277 358 1639 1999
8 94 123 338 839 1199
13 17 146 253 30 399
68 435 67 77 1239 1599
33 344 335 401 439 799
303 415 474 213 1625 1999
19 11 330 69 30 399
343 328 438 60 1235 1599
312 472 422 211 827 1199
450 39 445 405 1227 1599
243 144 292 468 425 799
285 83 7 2 1639 1999
360 210 206 429 1625 1999
358 356 140 203 827 1199
10 11 384 7 21 399
4 19 360 39 23 399
66 359 276 196 425 799
274 491 207 180 820 1199
37 3 325 74 40 399
117 310 264 88 1229 1599
154 210 368 362 1232 1599
228 142 407 332 829 1199
481 391 379 116 1621 1999
18 8 135 264 26 399
391 22 88 88 429 799
0 33 302 97 33 399
4 24 200 199 28 399
420 406 298 157 827 1199
157 242 45 489 439 799
67 173 426 191 1621 1999
242 391 461 241 1229 1599
33 279 342 211 1621 1999
79 31 232 241 1635 1999
199 470 469 363 1221 1599
79 157 378 217 1639 1999
184 399 324 180 1239 1599
281 473 486 301 821 1199
66 192 232 395 1629 1999
151 112 267 372 822 1199
10 11 10 389 21 399
8 18 17 382 26 399
22 8 85 314 30 399
372 292 235 58 827 1199
456 130 299 347 1224 1599
398 133 195 303 1225 1599
292 147 264 478 439 799
6 22 58 341 28 399
9 19 84 315 28 399
16 5 194 205 21 399
232 60 472 191 1627 1999
182 447 477 373 1229 1599
241 142 372 384 1225 1599
219 17 239 374 821 1199
162 201 244 482 435 799
374 58 77 127 432 799
9 21 201 198 30 399
288 127 165 373 429 799
16 10 301 98 26 399
490 149 343 368 1632 1999
287 104 388 380 421 799
10 23 337 62 33 399
427 337 129 410 827 1199
298 486 409 231 1232 1599
356 172 137 326 825 1199
435 255 200 398 1220 1599
95 348 400 406 1235 1599
214 215 299 499 429 799
18 8 312 87 26 399
125 234 245 488 824 1199
329 467 390 165 1635 1999
18 7 213 186 25 399
357 387 32 349 835 1199
388 178 490 454 1220 1599
173 349 113 46 1635 1999
102 3 4 274 1229 1599
171 77 259 358 1629 1999
338 75 53 159 429 799
389 409 272 155 827 1199
14 16 9 380 30 399
392 140 333 440 1639 1999
343 74 132 226 435 799
341 482 456 231 832 1199
138 234 386 104 1220 1599
477 233 113 224 825 1199
438 382 389 54 821 1199
70 301 264 478 427 799
282 147 135 359 439 799
353 467 463 218 839 1199
90 205 432 240 1221 1599
118 181 376 289 832 1199
121 281 469 307 424 799
338 266 21 220 835 1199
424 309 238 499 822 1199
78 336 235 115 420 799
197 242 445 131 439 799
26 4 327 72 30 399
473 140 172 75 1632 1999
161 416 84 115 820 1199
406 106 236 305 829 1199
392 377 305 93 1227 1599
27 485 378 465 827 1199
161 219 448 303 827 1199
26 10 88 311 36 399
120 307 302 118 427 799
138 89 370 235 1620 1999
0 30 201 198 30 399
202 174 330 420 424 799
24 1 193 206 25 399
402 324 82 363 1639 1999
238 156 43 337 422 799
385 462 333 148 1632 1999
236 87 69 296 1622 1999
479 248 355 498 824 1199
377 492 466 210 1227 1599
426 200 307 440 1639 1999
342 36 59 131 420 799
34 2 181 218 36 399
17 8 158 241 25 399
336 207 100 337 832 1199
170 217 35 453 427 799
12 14 88 311 26 399
272 22 339 324 1629 1999
480 339 177 402 832 1199
318 268 110 436 1222 1599
313 393 76 271 1639 1999
26 14 263 136 40 399
269 156 410 388 425 799
54 71 126 377 820 1199
234 156 188 476 1232 1599
19 21 112 287 40 399
329 54 114 202 1235 1599
8 18 324 75 26 399
165 195 6 402 1232 1599
20 6 202 197 26 399
28 338 177 121 432 799
17 5 44 355 22 399
25 366 369 341 429 799
351 338 42 269 820 1199
17 4 227 172 21 399
400 340 448 29 839 1199
110 274 21 0 835 1199
233 245 92 475 827 1199
262 190 372 443 835 1199
152 117 152 488 1227 1599
152 467 448 385 1620 1999
13 15 372 27 28 399
367 45 232 286 422 799
494 123 298 301 824 1199
23 10 81 318 33 399
7 15 219 180 22 399
277 382 277 4 820 1199
349 154 158 326 1235 1599
334 486 203 240 821 1199
36 4 137 262 40 399
202 426 371 226 1629 1999
298 319 356 3 1624 1999
295 467 475 281 1232 1599
70 365 5 67 435 799
4 18 246 153 22 399
362 33 21 51 1239 1599
281 341 192 64 1232 1599
442 438 410 96 1224 1599
104 270 401 193 424 799
122 251 380 146 1235 1599
8 14 239 160 22 399
0 23 51 348 23 399
275 110 159 363 1229 1599
100 193 278 391 1622 1999
151 347 195 20 827 1199
322 352 287 14 1625 1999
465 207 308 423 1625 1999
326 206 129 387 1220 1599
410 298 248 97 835 1199
262 78 52 234 1232 1599
82 277 253 89 439 799
155 320 483 271 1221 1599
152 202 359 373 1220 1599
323 5 65 121 1224 1599
392 30 69 85 1220 1599
279 91 445 291 432 799
14 14 145 254 827 1199
248 132 352 397 829 1199
273 154 186 438 427 799
215 284 24 109 1632 1999
16 12 339 60 28 399
91 133 313 282 827 1199
353 20 133 173 425 799
321 415 113 250 825 1199
133 207 322 394 1222 1599
327 93 274 418 420 799
26 10 316 83 36 399
14 26 64 335 40 399
93 157 202 407 839 1199
366 31 59 83 439 799
437 387 363 88 825 1199
27 3 48 351 30 399
333 33 22 88 432 799
18 8 336 63 26 399
394 400 449 92 1635 1999
256 110 128 348 432 799
9 24 89 310 33 399
226 213 85 431 439 799
74 442 375 366 821 1199
12 28 164 235 40 399
134 260 375 395 422 799
14 14 304 95 28 399
6 17 59 340 23 399
6 34 193 206 40 399
227 411 260 85 1639 1999
225 275 43 462 829 1199
479 328 182 254 1227 1599
183 407 314 169 829 1199
310 408 7 482 821 1199
26 371 354 416 1225 1599
358 466 250 201 825 1199
314 385 333 41 1235 1599
320 71 479 281 429 799
469 265 279 448 825 1199
15 18 283 116 33 399
28 335 78 22 435 799
10 30 44 355 40 399
349 153 413 467 1220 1599
57 333 261 161 422 799
18 5 366 33 23 399
300 496 478 297 821 1199
19 11 88 311 30 399
4 19 249 150 23 399
465 313 247 154 821 1199
271 160 31 31 1229 1599
237 84 127 345 1227 1599
3 18 304 95 21 399
7 29 185 214 36 399
413 404 60 383 824 1199
243 87 403 286 1639 1999
59 239 218 456 1222 1599
3 27 301 98 30 399
457 234 281 424 1632 1999
327 445 363 118 835 1199
321 455 318 81 1621 1999
14 7 285 114 21 399
22 1 144 255 23 399
177 199 468 284 422 799
33 391 88 72 424 799
477 15 229 144 1621 1999
62 12 59 383 1224 1599
1 24 331 68 25 399
463 264 241 416 824 1199
476 217 194 125 824 1199
356 26 79 125 422 799
159 438 165 75 1229 1599
122 485 416 420 1239 1599
22 4 204 195 26 399
9 19 162 237 28 399
214 206 365 433 420 799
7 29 150 249 36 399
80 245 212 1 1622 1999
412 289 301 26 824 1199
273 356 58 212 1239 1599
218 263 461 132 1624 1999
378 388 97 476 829 1199
0 36 134 265 36 399
212 215 429 369 427 799
1 32 264 135 33 399
17 6 309 90 23 399
11 11 39 360 22 399
329 286 66 178 1227 1599
218 151 163 465 429 799
293 84 342 412 1221 1599
40 42 240 216 1224 1599
269 212 129 438 1632 1999
3 18 271 128 21 399
477 125 335 356 825 1199
100 335 203 79 1239 1599
8 17 166 233 25 399
341 1 82 101 1639 1999
25 1 151 248 26 399
387 421 209 228 1627 1999
285 144 45 273 429 799
455 183 201 64 825 1199
19 17 60 349 1625 1999
256 339 315 24 1624 1999
298 107 117 297 427 799
5 18 226 173 23 399
4 17 286 113 21 399
338 460 115 309 1224 1599
224 188 151 478 1635 1999
184 343 224 10 1225 1599
355 80 81 172 832 1199
230 101 374 316 1239 1599
41 481 40 105 1621 1999
31 45 400 43 827 1199
133 425 48 139 827 1199
455 155 198 269 827 1199
339 63 201 301 422 799
55 476 2 153 822 1199
242 129 325 417 427 799
376 179 202 371 832 1199
248 421 321 118 1622 1999
328 111 488 310 439 799
327 463 93 324 1625 1999
148 149 403 41 1235 1599
350 303 65 384 1632 1999
321 278 455 35 1221 1599
199 491 28 289 1625 1999
241 441 140 168 1224 1599
340 78 49 146 839 1199
48 315 313 423 1225 1599
229 462 176 141 1624 1999
191 325 389 498 1627 1999
131 232 395 331 435 799
162 209 373 361 435 799
261 132 438 331 1622 1999
451 51 249 222 1625 1999
168 170 371 0 1625 1999
404 485 318 197 1624 1999
57 319 226 112 422 799
429 237 139 318 1627 1999
356 472 449 196 829 1199
13 8 254 145 21 399
12 10 21 378 22 399
17 4 35 364 21 399
373 241 114 131 1629 1999
235 131 294 438 432 799
108 395 382 291 820 1199
219 180 420 356 421 799
123 259 308 70 424 799
87 340 365 247 427 799
285 86 4 176 427 799
13 20 200 199 33 399
60 124 336 34 1232 1599
487 383 396 101 1625 1999
242 160 69 363 1222 1599
136 191 393 300 832 1199
318 111 394 404 429 799
380 41 91 130 1620 1999
30 357 89 47 1229 1599
137 38 432 116 1225 1599
235 150 77 355 435 799
97 303 240 77 1629 1999
56 440 79 89 1224 1599
246 395 41 227 1225 1599
462 251 262 424 1225 1599
5 20 137 262 25 399
123 348 281 143 1235 1599
44 327 366 376 427 799
257 414 293 91 1239 1599
356 296 479 60 1639 1999
126 265 480 284 425 799
211 152 446 276 439 799
266 103 230 436 429 799
21 4 85 314 25 399
12 24 49 350 36 399
3 20 184 215 23 399
15 6 145 254 21 399
19 7 232 167 26 399
9 21 258 141 30 399
13 10 237 162 23 399
480 310 255 164 1627 1999
218 197 465 67 1221 1599
140 265 454 206 425 799
301 339 61 477 1220 1599
31 348 141 99 439 799
363 385 342 29 821 1199
424 37 165 151 1225 1599
163 334 392 197 1632 1999
451 309 288 109 835 1199
63 315 277 475 1224 1599
168 153 71 430 1624 1999
143 294 8 60 1229 1599
467 243 315 454 835 1199
406 372 371 41 1232 1599
180 244 396 86 424 799
113 141 333 292 827 1199
158 263 466 194 421 799
293 301 8 385 829 1199
15 6 153 246 21 399
0 22 302 97 22 399
278 488 16 381 1629 1999
322 474 1 422 1625 1999
68 252 306 391 1621 1999
448 333 119 375 1227 1599
170 199 301 437 429 799
57 7 116 319 827 1199
161 304 486 258 1227 1599
48 28 199 236 1639 1999
441 245 246 416 1232 1599
19 7 273 126 26 399
306 311 37 203 1221 1599
482 134 137 167 1220 1599
135 45 463 94 821 1199
142 219 281 439 439 799
387 203 261 440 1635 1999
374 430 60 493 1621 1999
60 73 256 246 1229 1599
489 342 149 368 832 1199
322 239 46 156 1239 1599
275 4 479 176 1622 1999
233 188 1 43 421 799
158 201 307 411 439 799
90 170 327 34 1625 1999
26 32 350 79 827 1199
348 79 488 317 1620 1999
91 417 194 147 825 1199
75 386 143 85 1229 1599
378 376 422 49 827 1199
8 28 56 343 36 399
26 14 102 297 40 399
254 166 319 478 821 1199
322 485 394 179 1620 1999
54 157 317 57 1235 1599
15 356 363 385 1221 1599
375 101 334 423 1635 1999
204 458 374 251 821 1199
25 8 159 240 33 399
25 205 361 240 827 1199
330 147 130 318 1227 1599
354 366 383 17 1220 1599
7 18 313 86 25 399
268 270 31 392 1639 1999
430 292 254 493 1621 1999
377 105 493 352 1635 1999
19 411 350 376 432 799
425 93 339 378 1627 1999
210 251 437 101 1221 1599
246 169 8 304 425 799
9 12 98 301 21 399
276 112 25 237 422 799
92 329 414 384 421 799
105 336 225 80 1622 1999
25 1 355 44 26 399
19 6 94 305 25 399
26 14 292 107 40 399
18 3 33 366 21 399
59 370 375 423 429 799
427 168 329 439 1229 1599
340 441 170 252 1239 1599
25 11 36 363 36 399
458 40 311 262 829 1199
121 386 325 213 1221 1599
9 16 147 252 25 399
417 461 75 437 1232 1599
14 12 190 209 26 399
269 79 465 246 1635 1999
27 24 191 226 832 1199
34 344 154 88 422 799
388 267 80 325 1632 1999
337 32 90 154 429 799
187 173 22 381 1625 1999
115 364 153 25 1221 1599
403 368 298 110 1235 1599
285 93 263 449 420 799
3 20 9 390 23 399
30 19 285 140 1622 1999
22 4 57 342 26 399
423 188 349 491 1221 1599
384 38 33 56 829 1199
0 28 224 175 28 399
20 105 88 413 1622 1999
21 15 136 263 36 399
354 340 396 23 839 1199
4 17 278 121 21 399
474 277 154 223 824 1199
168 90 17 298 1639 1999
315 460 406 173 820 1199
467 13 373 296 1621 1999
22 4 11 366 26 399
395 2 70 46 429 799
222 149 446 299 1624 1999
18 3 54 345 21 399
304 456 332 107 821 1199
250 434 420 227 821 1199
341 442 104 303 822 1199
122 289 364 154 421 799
314 80 339 433 420 799
7 14 4 389 21 399
127 14 298 202 1239 1599
264 160 17 287 424 799
262 370 496 228 1222 1599
122 13 334 170 1229 1599
334 192 27 262 1621 1999
423 364 55 365 1229 1599
167 256 496 212 425 799
216 267 342 19 1624 1999
218 217 35 41 1239 1599
142 292 359 150 1639 1999
124 366 296 172 1232 1599
92 321 12 42 439 799
20 24 205 212 825 1199
411 203 217 20 1621 1999
257 311 138 57 1625 1999
79 99 279 275 1222 1599
112 317 348 458 1221 1599
388 15 126 129 1622 1999
103 233 440 196 1224 1599
435 78 179 200 1620 1999
250 178 116 422 1220 1599
102 299 415 239 425 799
43 69 281 190 839 1199
134 409 257 156 1622 1999
224 200 470 72 424 799
482 319 188 237 822 1199
33 384 124 112 435 799
144 278 293 50 821 1199
104 317 352 446 421 799
24 4 357 42 28 399
11 17 29 370 28 399
216 178 385 385 422 799
483 487 283 310 1621 1999
2 415 73 123 435 799
455 321 387 12 821 1199
222 488 295 192 1629 1999
24 393 48 46 427 799
11 22 88 311 33 399
237 47 362 285 1635 1999
215 210 330 468 425 799
330 203 166 412 1225 1599
2 20 27 372 22 399
141 235 475 267 432 799
370 81 83 165 1227 1599
470 471 154 410 1221 1599
10 26 100 299 36 399
22 3 249 150 25 399
138 160 489 186 821 1199
153 276 420 378 429 799
108 329 340 195 1632 1999
1 20 329 70 21 399
215 193 1 355 422 799
407 478 343 166 1622 1999
27 9 353 46 36 399
29 7 250 149 36 399
20 2 141 258 22 399
18 10 160 239 28 399
261 454 185 152 820 1199
149 272 468 218 425 799
136 269 448 326 429 799
453 27 204 154 1222 1599
280 140 17 25 420 799
11 41 131 298 821 1199
414 428 494 139 1629 1999
332 114 311 459 1232 1599
74 302 163 15 422 799
449 8 98 16 1239 1599
30 3 320 79 33 399
460 40 317 274 1621 1999
406 73 210 240 1235 1599
220 204 57 415 424 799
9 17 228 171 26 399
355 66 74 156 427 799
399 160 202 341 820 1199
198 20 406 175 1635 1999
489 112 392 381 832 1199
64 342 176 80 424 799
43 359 91 29 420 799
360 197 58 271 822 1199
59 207 159 480 1625 1999
306 63 90 210 435 799
45 332 376 378 421 799
11 17 80 317 829 1199
17 5 114 285 22 399
436 78 97 102 1635 1999
18 5 386 13 23 399
397 284 138 399 1624 1999
425 345 273 124 825 1199
8 15 193 206 23 399
369 430 319 106 824 1199
413 127 103 71 1232 1599
261 398 447 210 824 1199
19 4 121 278 23 399
299 105 46 230 1220 1599
320 264 150 63 827 1199
10 12 238 161 22 399
185 465 11 276 1635 1999
142 280 328 90 1222 1599
284 62 166 322 1220 1599
62 162 276 13 835 1199
318 65 416 341 824 1199
10 15 197 202 25 399
343 438 165 242 824 1199
348 155 204 382 1227 1599
96 395 285 213 1227 1599
78 95 301 250 820 1199
91 293 209 37 424 799
202 210 77 461 422 799
336 463 190 231 820 1199
220 402 211 37 1224 1599
16 362 369 337 420 799
277 288 29 159 1221 1599
15 10 309 90 25 399
368 267 216 478 1235 1599
461 230 202 123 1632 1999
306 121 310 488 427 799
264 133 162 402 427 799
172 235 381 399 425 799
193 42 387 224 1622 1999
217 492 97 238 824 1199
352 44 119 187 1222 1599
193 226 436 354 427 799
216 193 399 17 1239 1599
345 263 137 428 1625 1999
34 33 149 292 824 1199
53 316 392 286 429 799
372 447 94 349 1622 1999
24 9 132 267 33 399
1 22 257 142 23 399
139 220 459 181 439 799
11 29 297 102 40 399
5 31 134 265 36 399
420 286 113 338 839 1199
69 55 290 210 1222 1599
283 224 88 407 1620 1999
439 279 298 42 1220 1599
99 149 369 256 821 1199
166 270 387 120 827 1199
166 170 396 37 835 1199
20 16 70 329 36 399
300 182 26 79 1621 1999
474 56 310 261 829 1199
2 20 224 175 22 399
18 4 359 40 22 399
377 426 36 451 1632 1999
436 366 70 355 821 1199
103 39 295 221 1224 1599
18 12 251 148 30 399
5 18 329 70 23 399
327 421 476 197 1625 1999
6 16 223 176 22 399
60 297 352 368 1235 1599
1 337 306 283 1639 1999
377 343 135 212 1625 1999
84 300 409 348 825 1199
13 368 65 61 1239 1599
213 226 474 324 439 799
361 202 278 497 1620 1999
38 2 102 297 40 399
315 30 135 219 1229 1599
487 399 464 51 1627 1999
49 267 257 435 1222 1599
5 21 311 88 26 399
97 332 358 440 429 799
389 50 85 105 439 799
147 212 312 410 1235 1599
396 224 138 119 835 1199
88 498 441 480 1627 1999
48 241 216 33 1622 1999
10 12 276 123 22 399
18 12 313 86 30 399
298 137 36 36 435 799
96 480 131 139 1222 1599
19 384 183 185 435 799
471 44 350 297 1624 1999
118 278 308 466 1220 1599
396 379 88 447 822 1199
3 27 114 285 30 399
164 213 388 60 421 799
457 336 374 45 1624 1999
141 268 435 186 822 1199
470 301 330 63 1620 1999
295 482 358 167 820 1199
180 324 488 387 1627 1999
253 149 46 316 424 799
19 7 102 297 26 399
243 434 152 156 1229 1599
62 251 291 114 1632 1999
201 142 158 472 1225 1599
376 228 49 192 1635 1999
487 458 148 424 1225 1599
86 419 220 190 1235 1599
159 262 435 363 421 799
88 286 270 94 424 799
270 224 11 324 1639 1999
295 127 206 414 422 799
145 244 396 366 425 799
397 31 292 285 839 1199
353 79 63 155 432 799
377 342 13 354 822 1199
362 420 80 333 829 1199
341 22 29 73 435 799
297 72 443 295 429 799
13 26 144 264 1229 1599
420 16 70 37 1627 1999
258 113 288 454 427 799
15 10 230 169 25 399
22 33 104 317 832 1199
494 207 160 164 1221 1599
360 392 2 411 821 1199
256 192 97 392 1639 1999
125 278 332 122 435 799
352 106 448 373 835 1199
123 306 407 391 429 799
33 349 261 487 432 799
264 36 414 263 821 1199
172 187 413 315 1229 1599
59 149 320 266 1220 1599
475 356 161 296 1624 1999
163 36 232 345 820 1199
12 16 195 204 28 399
12 10 322 77 22 399
7 16 368 31 23 399
108 177 366 66 1229 1599
20 6 139 260 26 399
407 361 303 102 835 1199
21 1 378 21 22 399
277 24 2 115 832 1199
56 250 286 114 1232 1599
119 371 242 121 1625 1999
3 30 239 160 33 399
32 312 102 23 839 1199
281 53 60 203 1627 1999
469 364 107 380 1620 1999
183 244 305 493 427 799
17 23 173 226 40 399
50 168 345 100 1635 1999
303 76 436 320 421 799
197 215 423 365 422 799
448 126 250 302 1224 1599
32 1 344 55 33 399
351 37 21 85 420 799
47 92 352 153 832 1199
279 97 346 406 422 799
351 70 39 5 1221 1599
82 238 418 273 827 1199
360 26 86 130 1220 1599
46 171 127 463 1225 1599
287 463 377 182 1627 1999
210 168 433 25 432 799
10 13 129 270 23 399
152 237 493 273 421 799
446 309 117 354 1624 1999
76 341 285 173 421 799
117 413 439 362 1625 1999
252 220 66 408 1224 1599
3 23 185 214 26 399
354 283 121 428 820 1199
190 252 44 29 1629 1999
326 163 51 266 1620 1999
1 35 210 189 36 399
8 312 291 405 1222 1599
155 435 349 258 827 1199
33 371 254 214 420 799
32 8 169 230 40 399
3 363 364 358 432 799
339 55 305 395 424 799
113 342 428 284 1225 1599
448 326 293 105 1222 1599
56 238 205 28 839 1199
119 244 301 63 435 799
362 427 178 237 1624 1999
183 4 355 195 1235 1599
91 348 418 380 439 799
443 325 242 152 1224 1599
279 99 488 268 420 799
418 395 125 310 820 1199
39 339 294 462 420 799
245 170 319 469 1225 1599
266 331 496 183 1620 1999
51 345 197 113 420 799
151 249 496 282 420 799
278 358 45 228 1635 1999
322 29 33 103 1235 1599
398 104 491 385 1224 1599
418 187 490 481 832 1199
1 20 320 79 21 399
30 10 93 306 40 399
371 95 191 284 1629 1999
114 195 300 15 1632 1999
5 17 380 15 22 399
8 219 225 373 1227 1599
94 277 268 474 427 799
186 347 82 82 1229 1599
6 22 19 380 28 399
