500 500 200 10000 34 2000
6 36 20 59 0 2000
53 23 70 3 0 2000
127 13 133 44 0 2000
74 74 104 68 0 2000
205 135 171 136 0 2000
17 38 20 4 0 2000
19 1 46 9 0 2000
149 28 126 16 0 2000
52 95 83 101 0 2000
71 80 45 70 0 2000
185 120 196 146 0 2000
23 55 37 32 0 2000
127 112 147 95 0 2000
155 125 178 111 0 2000
42 54 50 83 0 2000
97 107 101 74 0 2000
1 96 23 111 0 2000
157 233 168 208 0 2000
16 80 36 96 0 2000
57 82 55 47 0 2000
285 70 293 98 0 2000
142 26 114 34 0 2000
47 69 73 58 0 2000
194 83 219 93 0 2000
110 92 117 62 0 2000
17 63 51 60 0 2000
97 27 122 39 0 2000
82 159 59 145 0 2000
51 21 32 3 0 2000
117 126 88 119 0 2000
26 33 52 23 0 2000
0 3 33 6 0 2000
2 1 10 29 0 2000
46 88 26 104 0 2000
169 169 175 138 0 2000
176 69 151 79 0 2000
37 13 39 46 0 2000
135 92 108 82 0 2000
57 118 24 114 0 2000
103 198 71 203 0 2000
63 161 33 168 0 2000
33 170 33 207 0 2000
126 81 131 113 0 2000
54 188 70 208 0 2000
173 15 168 47 0 2000
101 127 101 90 0 2000
133 80 159 91 0 2000
68 92 66 57 0 2000
38 92 57 110 0 2000
54 61 39 40 0 2000
19 18 38 36 0 2000
132 69 150 51 0 2000
125 64 136 90 0 2000
73 36 109 37 0 2000
48 321 66 303 0 2000
200 122 216 102 0 2000
75 91 96 76 0 2000
65 115 72 85 0 2000
27 6 10 25 0 2000
57 174 91 176 0 2000
121 86 141 102 0 2000
110 63 80 70 0 2000
164 125 178 148 0 2000
184 159 174 186 0 2000
2 6 18 27 0 2000
83 241 98 261 0 2000
78 298 111 302 0 2000
134 81 139 113 0 2000
140 114 118 99 0 2000
57 67 55 101 0 2000
158 21 128 14 0 2000
106 28 123 9 0 2000
143 31 157 54 0 2000
118 135 116 101 0 2000
144 141 113 145 0 2000
212 47 234 32 0 2000
210 65 239 58 0 2000
58 53 53 85 0 2000
58 237 84 248 0 2000
79 32 85 63 0 2000
163 124 148 102 0 2000
56 3 52 36 0 2000
179 138 192 114 0 2000
52 65 61 37 0 2000
62 38 62 1 0 2000
202 4 194 33 0 2000
26 154 25 118 0 2000
190 80 172 62 0 2000
136 39 159 25 0 2000
15 12 15 48 0 2000
270 160 235 161 0 2000
143 74 157 51 0 2000
137 144 126 118 0 2000
92 81 100 110 0 2000
65 53 42 67 0 2000
75 69 101 78 0 2000
90 231 92 197 0 2000
149 37 135 15 0 2000
58 112 80 97 0 2000
38 84 27 110 0 2000
39 96 45 127 0 2000
64 206 51 228 0 2000
166 197 155 223 0 2000
20 14 51 19 0 2000
64 23 49 44 0 2000
122 469 146 456 0 2000
111 31 90 15 0 2000
23 67 35 42 0 2000
93 53 74 71 0 2000
27 22 8 39 0 2000
105 67 105 104 0 2000
83 31 68 9 0 2000
10 173 22 148 0 2000
72 82 98 72 0 2000
158 210 126 205 0 2000
125 130 136 105 0 2000
151 141 184 143 0 2000
76 36 41 34 0 2000
85 28 120 26 0 2000
65 212 72 182 0 2000
164 152 185 137 0 2000
34 46 42 73 0 2000
21 30 53 26 0 2000
7 33 22 55 0 2000
145 73 175 66 0 2000
17 63 3 40 0 2000
133 16 147 38 0 2000
136 176 166 170 0 2000
48 136 38 163 0 2000
177 116 208 121 0 2000
178 258 184 227 0 2000
40 39 33 68 0 2000
67 43 79 68 0 2000
169 94 189 78 0 2000
26 92 23 58 0 2000
207 63 228 48 0 2000
82 57 50 61 0 2000
24 307 34 280 0 2000
16 43 42 53 0 2000
44 52 34 78 0 2000
134 120 162 111 0 2000
0 174 11 200 0 2000
144 51 155 76 0 2000
181 97 203 111 0 2000
25 46 49 59 0 2000
8 43 28 58 0 2000
117 87 103 64 0 2000
319 91 337 74 0 2000
94 89 86 60 0 2000
137 242 115 227 0 2000
1 2 21 18 0 2000
145 144 178 147 0 2000
28 91 43 112 0 2000
92 27 79 50 0 2000
33 43 39 12 0 2000
64 224 58 254 0 2000
74 78 94 61 0 2000
49 55 41 83 0 2000
5 12 3 47 0 2000
113 17 138 27 0 2000
119 57 116 89 0 2000
79 5 97 24 0 2000
73 104 103 98 0 2000
35 6 39 39 0 2000
210 131 179 137 0 2000
86 95 61 107 0 2000
27 11 50 24 0 2000
264 80 268 47 0 2000
14 27 41 17 0 2000
128 133 106 147 0 2000
119 277 123 244 0 2000
258 230 235 216 0 2000
90 130 104 109 0 2000
41 115 46 147 0 2000
96 233 70 244 0 2000
54 142 53 178 0 2000
20 60 11 32 0 2000
31 322 8 308 0 2000
50 90 35 112 0 2000
57 94 57 58 0 2000
32 84 6 95 0 2000
244 88 236 116 0 2000
176 44 157 62 0 2000
18 96 13 126 0 2000
10 128 34 140 0 2000
65 12 48 32 0 2000
35 172 42 201 0 2000
205 177 222 157 0 2000
111 23 107 56 0 2000
37 204 24 228 0 2000
80 60 72 89 0 2000
51 149 79 158 0 2000
57 83 53 50 0 2000
63 100 40 86 0 2000
173 245 150 259 0 2000
57 17 69 42 0 2000
24 209 37 232 0 2000
30 34 45 13 0 2000
107 52 100 82 0 2000
46 47 74 56 0 2000
288 57 287 21 0 2000
75 65 60 87 0 2000
60 76 33 86 0 2000
85 160 85 123 0 2000
126 175 142 196 0 2000
35 73 22 50 0 2000
85 50 59 61 0 2000
63 40 48 61 0 2000
145 37 172 46 0 2000
87 87 114 97 0 2000
33 42 25 70 0 2000
242 220 275 224 0 2000
162 46 148 23 0 2000
147 24 152 56 0 2000
29 90 65 91 0 2000
147 26 163 5 0 2000
29 54 61 59 0 2000
40 119 21 101 0 2000
412 116 442 122 0 2000
68 93 99 99 0 2000
176 66 205 58 0 2000
154 41 141 64 0 2000
106 114 98 143 0 2000
181 158 197 178 0 2000
188 35 199 60 0 2000
49 66 36 42 0 2000
71 101 86 122 0 2000
55 70 38 89 0 2000
0 4 11 28 0 2000
55 55 42 78 0 2000
131 82 128 114 0 2000
146 471 176 477 0 2000
143 174 115 165 0 2000
127 7 108 24 0 2000
35 140 18 160 0 2000
239 52 245 21 0 2000
28 9 33 41 0 2000
151 156 174 142 0 2000
226 32 249 18 0 2000
50 1 71 17 0 2000
188 51 208 34 0 2000
36 6 60 18 0 2000
45 100 55 73 0 2000
79 52 48 58 0 2000
82 1 51 6 0 2000
160 158 142 175 0 2000
196 120 196 156 0 2000
66 56 50 37 0 2000
17 68 31 46 0 2000
75 309 92 329 0 2000
12 31 31 49 0 2000
35 2 68 6 0 2000
23 146 20 179 0 2000
45 182 52 211 0 2000
165 121 134 126 0 2000
152 163 137 141 0 2000
81 71 99 52 0 2000
163 264 197 262 0 2000
23 62 17 93 0 2000
125 102 103 87 0 2000
24 119 5 137 0 2000
191 171 207 152 0 2000
45 86 25 102 0 2000
130 89 158 80 0 2000
25 90 48 102 0 2000
7 127 25 108 0 2000
157 84 158 120 0 2000
101 98 125 110 0 2000
96 59 118 74 0 2000
141 134 144 166 0 2000
93 51 100 80 0 2000
43 27 64 43 0 2000
18 56 10 84 0 2000
75 10 93 28 0 2000
3 106 22 122 0 2000
58 211 87 204 0 2000
36 13 24 38 0 2000
52 24 39 48 0 2000
67 173 70 206 0 2000
149 62 185 63 0 2000
0 2 36 1 0 2000
238 179 233 211 0 2000
48 75 24 88 0 2000
125 48 142 68 0 2000
40 126 12 117 0 2000
78 29 94 49 0 2000
148 94 131 114 0 2000
69 69 69 106 0 2000
84 89 73 115 0 2000
42 61 21 76 0 2000
146 50 181 52 0 2000
77 46 96 64 0 2000
42 123 19 137 0 2000
154 127 187 123 0 2000
57 66 78 50 0 2000
3 32 32 26 0 2000
51 224 47 192 0 2000
137 155 143 126 0 2000
120 401 155 403 0 2000
169 34 165 3 0 2000
170 43 150 59 0 2000
192 63 157 65 0 2000
51 58 51 93 0 2000
82 112 67 91 0 2000
31 44 50 60 0 2000
21 66 49 75 0 2000
42 286 26 306 0 2000
59 55 37 41 0 2000
79 112 95 133 0 2000
15 12 19 44 0 2000
87 86 59 94 0 2000
34 182 10 194 0 2000
42 120 72 114 0 2000
39 177 58 195 0 2000
111 108 76 107 0 2000
109 92 92 112 0 2000
85 68 83 102 0 2000
30 69 59 77 0 2000
102 143 124 128 0 2000
93 51 110 71 0 2000
74 149 49 137 0 2000
78 96 89 122 0 2000
200 55 220 72 0 2000
64 63 50 40 0 2000
60 97 71 71 0 2000
66 41 60 71 0 2000
35 285 13 270 0 2000
51 6 20 1 0 2000
170 160 138 155 0 2000
104 195 87 177 0 2000
34 86 28 55 0 2000
68 35 86 16 0 2000
100 16 89 42 0 2000
138 71 149 97 0 2000
54 104 19 106 0 2000
70 46 102 51 0 2000
54 59 85 63 0 2000
0 2 29 10 0 2000
36 115 20 94 0 2000
42 199 77 201 0 2000
32 116 12 99 0 2000
82 197 99 217 0 2000
62 162 66 130 0 2000
12 53 28 32 0 2000
195 50 160 51 0 2000
38 153 34 185 0 2000
14 78 1 102 0 2000
98 198 80 179 0 2000
13 87 44 83 0 2000
204 34 182 19 0 2000
40 7 39 43 0 2000
60 48 94 49 0 2000
150 3 177 13 0 2000
54 27 76 12 0 2000
25 50 23 15 0 2000
62 82 38 69 0 2000
75 89 98 75 0 2000
51 158 49 192 0 2000
117 37 100 17 0 2000
140 101 146 71 0 2000
67 181 68 147 0 2000
25 26 3 41 0 2000
120 65 143 53 0 2000
99 214 110 189 0 2000
114 67 111 33 0 2000
105 67 100 99 0 2000
136 179 107 171 0 2000
97 293 68 285 0 2000
18 36 54 35 0 2000
30 154 61 159 0 2000
42 158 27 180 0 2000
296 200 305 173 0 2000
210 15 211 51 0 2000
208 75 216 104 0 2000
91 85 122 91 0 2000
217 278 194 291 0 2000
106 107 120 86 0 2000
40 97 44 128 0 2000
43 43 37 13 0 2000
47 27 74 36 0 2000
59 313 30 321 0 2000
158 135 136 121 0 2000
166 24 135 30 0 2000
66 21 50 41 0 2000
42 33 13 26 0 2000
72 13 62 39 0 2000
1 2 3 36 0 2000
13 117 31 98 0 2000
75 33 82 4 0 2000
85 29 93 58 0 2000
39 32 31 61 0 2000
42 137 64 150 0 2000
40 86 57 106 0 2000
76 101 63 78 0 2000
24 85 43 103 0 2000
41 110 24 129 0 2000
150 118 159 91 0 2000
31 292 52 308 0 2000
51 189 36 168 0 2000
111 220 132 236 0 2000
6 33 19 57 0 2000
132 241 129 275 0 2000
74 39 61 15 0 2000
111 429 119 400 0 2000
83 86 78 117 0 2000
99 52 130 58 0 2000
33 4 32 40 0 2000
9 44 43 42 0 2000
14 45 49 43 0 2000
15 36 31 15 0 2000
31 18 65 16 0 2000
64 156 35 164 0 2000
172 59 208 60 0 2000
22 53 33 28 0 2000
1 35 5 2 0 2000
151 41 133 23 0 2000
27 15 59 19 0 2000
49 24 68 7 0 2000
58 51 71 75 0 2000
21 57 17 25 0 2000
7 53 37 59 0 2000
113 109 139 118 0 2000
244 200 266 215 0 2000
69 46 95 57 0 2000
45 82 63 100 0 2000
120 44 94 55 0 2000
330 230 352 216 0 2000
128 187 96 192 0 2000
74 164 45 171 0 2000
203 49 216 25 0 2000
15 36 38 23 0 2000
82 64 76 93 0 2000
17 175 3 198 0 2000
8 59 9 94 0 2000
198 25 202 57 0 2000
18 110 49 114 0 2000
74 341 43 346 0 2000
49 266 71 281 0 2000
34 173 24 198 0 2000
71 145 63 117 0 2000
202 285 218 306 0 2000
123 127 87 126 0 2000
94 106 127 102 0 2000
173 181 206 185 0 2000
227 18 203 31 0 2000
43 37 76 39 0 2000
16 40 48 36 0 2000
78 26 63 4 0 2000
84 63 96 88 0 2000
86 67 67 50 0 2000
85 198 85 162 0 2000
16 132 12 99 0 2000
62 159 92 165 0 2000
25 82 39 105 0 2000
26 226 61 228 0 2000
140 154 145 123 0 2000
94 86 89 118 0 2000
92 96 82 69 0 2000
37 129 33 96 0 2000
33 135 56 148 0 2000
56 146 53 112 0 2000
49 201 71 186 0 2000
1 1 11 28 0 2000
106 41 83 55 0 2000
51 209 72 225 0 2000
208 84 187 70 0 2000
0 6 2 41 0 2000
39 45 47 74 0 2000
200 221 174 231 0 2000
26 11 4 26 0 2000
101 57 71 50 0 2000
115 51 125 25 0 2000
124 24 156 29 0 2000
102 71 131 63 0 2000
144 118 159 139 0 2000
189 50 199 76 0 2000
103 62 103 99 0 2000
100 73 97 105 0 2000
52 109 60 80 0 2000
42 39 54 63 0 2000
128 26 159 22 0 2000
162 51 188 41 0 2000
52 105 19 101 0 2000
163 166 162 202 0 2000
39 159 50 133 0 2000
147 52 173 43 0 2000
144 18 140 51 0 2000
20 168 55 169 0 2000
74 54 98 66 0 2000
141 43 106 45 0 2000
200 40 185 62 0 2000
110 56 91 39 0 2000
194 62 182 37 0 2000
253 103 251 138 0 2000
72 5 105 9 0 2000
112 34 85 24 0 2000
133 104 109 91 0 2000
153 108 168 129 0 2000
57 115 73 94 0 2000
150 140 138 164 0 2000
57 25 86 17 0 2000
31 17 49 35 0 2000
72 27 90 9 0 2000
85 38 78 68 0 2000
34 42 59 32 0 2000
58 35 53 5 0 2000
25 13 3 27 0 2000
32 55 1 50 0 2000
116 59 142 68 0 2000
36 56 43 86 0 2000
86 139 79 110 0 2000
11 191 37 180 0 2000
109 51 82 41 0 2000
79 25 71 53 0 2000
30 58 24 87 0 2000
10 53 1 25 0 2000
53 97 88 99 0 2000
86 98 74 74 0 2000
164 3 189 14 0 2000
98 64 84 87 0 2000
19 106 44 118 0 2000
4 118 28 105 0 2000
52 47 67 68 0 2000
66 181 66 144 0 2000
104 120 85 103 0 2000
5 1 14 27 0 2000
53 58 65 33 0 2000
89 108 89 145 0 2000
280 176 277 210 0 2000
25 93 23 128 0 2000
232 12 261 19 0 2000
123 93 107 73 0 2000
148 154 135 178 0 2000
75 5 67 33 0 2000
55 75 55 38 0 2000
32 47 51 65 0 2000
222 90 196 79 0 2000
87 96 72 118 0 2000
162 191 142 208 0 2000
95 19 100 50 0 2000
64 74 88 61 0 2000
55 114 69 92 0 2000
267 109 272 77 0 2000
66 42 51 64 0 2000
178 39 170 12 0 2000
302 119 279 133 0 2000
151 46 147 78 0 2000
41 27 12 21 0 2000
234 146 226 174 0 2000
442 37 423 55 0 2000
76 68 84 96 0 2000
30 77 2 68 0 2000
164 167 184 183 0 2000
22 43 51 36 0 2000
63 54 87 67 0 2000
220 76 243 89 0 2000
59 148 51 176 0 2000
264 137 234 143 0 2000
102 67 127 77 0 2000
120 63 152 68 0 2000
136 49 154 68 0 2000
0 2 18 21 0 2000
167 152 132 154 0 2000
73 2 49 15 0 2000
25 99 31 129 0 2000
3 139 33 145 0 2000
199 174 232 177 0 2000
23 92 0 78 0 2000
135 218 118 237 0 2000
147 76 144 110 0 2000
35 98 43 127 0 2000
89 121 57 125 0 2000
97 24 102 56 0 2000
94 85 72 72 0 2000
21 16 53 11 0 2000
59 35 79 18 0 2000
71 105 83 80 0 2000
56 4 39 24 0 2000
103 203 103 240 0 2000
45 61 52 89 0 2000
78 195 59 213 0 2000
200 140 215 162 0 2000
17 75 29 100 0 2000
163 24 163 60 0 2000
35 100 69 98 0 2000
272 273 259 297 0 2000
69 136 77 108 0 2000
77 106 89 131 0 2000
89 129 57 124 0 2000
67 65 50 45 0 2000
32 101 31 66 0 2000
90 41 111 25 0 2000
157 52 172 74 0 2000
48 61 52 94 0 2000
90 48 66 35 0 2000
45 27 51 57 0 2000
50 90 81 96 0 2000
48 69 78 76 0 2000
11 75 45 72 0 2000
86 128 106 112 0 2000
95 59 69 70 0 2000
20 19 55 21 0 2000
15 171 48 175 0 2000
90 21 107 39 0 2000
198 81 199 117 0 2000
143 42 144 6 0 2000
73 98 82 71 0 2000
58 74 58 37 0 2000
17 41 48 36 0 2000
113 140 113 104 0 2000
70 68 34 67 0 2000
22 41 18 8 0 2000
82 223 95 247 0 2000
24 39 56 34 0 2000
59 65 50 37 0 2000
23 73 47 86 0 2000
15 30 0 52 0 2000
103 210 82 225 0 2000
14 201 41 210 0 2000
130 47 112 28 0 2000
96 77 104 48 0 2000
49 221 70 237 0 2000
62 63 90 55 0 2000
28 16 48 32 0 2000
86 138 62 125 0 2000
103 99 71 103 0 2000
77 113 54 127 0 2000
171 129 138 133 0 2000
1 1 2 37 0 2000
104 67 90 44 0 2000
143 145 119 158 0 2000
64 218 59 250 0 2000
144 4 131 28 0 2000
83 132 94 107 0 2000
114 73 120 43 0 2000
1 1 26 13 0 2000
101 59 127 70 0 2000
36 43 6 50 0 2000
18 77 5 54 0 2000
6 55 22 76 0 2000
51 52 41 26 0 2000
13 272 34 288 0 2000
9 7 7 42 0 2000
109 128 123 151 0 2000
122 152 122 115 0 2000
122 113 125 79 0 2000
1 2 19 20 0 2000
91 18 89 53 0 2000
55 46 89 48 0 2000
82 99 97 120 0 2000
108 91 100 62 0 2000
10 26 18 54 0 2000
18 52 51 48 0 2000
174 188 200 199 0 2000
63 36 41 23 0 2000
63 48 75 73 0 2000
64 124 46 142 0 2000
123 31 118 1 0 2000
86 81 101 60 0 2000
63 17 67 50 0 2000
30 14 30 51 0 2000
31 94 67 93 0 2000
58 70 87 78 0 2000
59 37 79 54 0 2000
51 0 49 35 0 2000
71 52 37 55 0 2000
31 148 1 155 0 2000
48 46 16 51 0 2000
48 94 52 61 0 2000
28 48 53 37 0 2000
46 140 28 121 0 2000
17 152 53 153 0 2000
142 248 132 222 0 2000
58 34 37 50 0 2000
81 143 110 151 0 2000
22 66 31 40 0 2000
203 56 206 90 0 2000
71 51 65 82 0 2000
142 70 131 44 0 2000
29 134 42 110 0 2000
38 18 19 0 0 2000
139 319 152 295 0 2000
29 7 16 30 0 2000
39 122 26 146 0 2000
33 32 57 19 0 2000
63 126 90 117 0 2000
63 59 40 45 0 2000
126 23 91 22 0 2000
37 38 28 10 0 2000
131 115 158 125 0 2000
190 129 224 126 0 2000
114 34 116 0 0 2000
131 50 121 77 0 2000
60 35 47 11 0 2000
213 53 239 62 0 2000
81 43 98 62 0 2000
210 143 218 114 0 2000
158 37 187 29 0 2000
3 1 28 11 0 2000
22 37 18 6 0 2000
223 226 239 247 0 2000
51 89 46 120 0 2000
94 93 112 112 0 2000
59 93 64 62 0 2000
11 50 37 60 0 2000
35 61 45 35 0 2000
57 66 76 48 0 2000
29 46 4 34 0 2000
55 36 80 24 0 2000
119 108 118 144 0 2000
2 169 24 155 0 2000
38 155 39 190 0 2000
131 68 134 102 0 2000
92 56 81 30 0 2000
84 155 100 176 0 2000
224 167 222 202 0 2000
71 35 53 16 0 2000
53 18 58 50 0 2000
36 130 51 152 0 2000
90 189 112 175 0 2000
22 52 19 86 0 2000
100 146 120 129 0 2000
111 101 134 115 0 2000
20 77 15 45 0 2000
29 106 60 101 0 2000
37 40 7 33 0 2000
135 84 149 62 0 2000
185 65 166 83 0 2000
149 100 149 64 0 2000
187 264 157 271 0 2000
2 37 23 21 0 2000
146 104 142 136 0 2000
137 244 163 233 0 2000
99 102 107 74 0 2000
88 23 111 10 0 2000
56 71 84 80 0 2000
60 110 78 91 0 2000
36 170 35 206 0 2000
207 58 216 31 0 2000
217 34 232 54 0 2000
27 63 27 100 0 2000
100 162 76 175 0 2000
183 35 150 32 0 2000
111 45 111 81 0 2000
229 153 265 152 0 2000
62 163 60 128 0 2000
193 87 178 65 0 2000
16 156 29 132 0 2000
91 28 99 1 0 2000
84 30 108 18 0 2000
0 2 26 13 0 2000
77 176 56 192 0 2000
47 15 29 34 0 2000
184 185 214 178 0 2000
81 91 61 74 0 2000
114 27 118 60 0 2000
52 54 76 41 0 2000
83 69 83 32 0 2000
51 145 22 152 0 2000
175 236 195 219 0 2000
262 182 233 188 0 2000
83 74 57 85 0 2000
123 54 112 29 0 2000
45 106 28 126 0 2000
58 82 28 87 0 2000
109 130 98 104 0 2000
53 31 47 62 0 2000
44 94 70 83 0 2000
7 56 42 58 0 2000
37 27 32 59 0 2000
155 190 151 222 0 2000
36 1 25 27 0 2000
67 179 34 183 0 2000
61 5 73 30 0 2000
12 33 7 65 0 2000
86 144 84 178 0 2000
192 52 169 39 0 2000
129 127 101 119 0 2000
101 103 113 78 0 2000
101 35 122 19 0 2000
60 9 34 20 0 2000
32 28 56 16 0 2000
64 49 99 50 0 2000
24 187 56 192 0 2000
179 99 195 120 0 2000
41 47 7 44 0 2000
99 51 118 69 0 2000
134 192 132 158 0 2000
26 207 13 231 0 2000
4 76 31 66 0 2000
25 69 59 67 0 2000
44 66 79 67 0 2000
111 13 118 42 0 2000
169 61 162 31 0 2000
50 22 42 51 0 2000
164 41 157 13 0 2000
158 14 132 25 0 2000
50 82 45 52 0 2000
146 48 172 59 0 2000
172 61 167 93 0 2000
102 60 76 50 0 2000
63 46 59 78 0 2000
214 80 236 95 0 2000
24 45 55 50 0 2000
21 27 45 14 0 2000
32 29 51 47 0 2000
53 51 84 56 0 2000
10 29 29 11 0 2000
186 56 158 65 0 2000
93 51 57 52 0 2000
90 122 121 116 0 2000
10 37 6 5 0 2000
159 165 178 148 0 2000
34 7 46 32 0 2000
22 83 34 108 0 2000
148 248 115 251 0 2000
47 86 47 49 0 2000
29 88 63 91 0 2000
36 82 69 78 0 2000
73 63 68 31 0 2000
179 108 193 87 0 2000
115 181 110 150 0 2000
132 129 129 162 0 2000
117 54 117 17 0 2000
22 80 31 108 0 2000
74 14 41 18 0 2000
182 137 210 129 0 2000
374 61 368 91 0 2000
102 276 137 278 0 2000
91 133 79 109 0 2000
172 142 199 132 0 2000
70 267 36 270 0 2000
99 5 124 17 0 2000
24 55 7 35 0 2000
274 150 267 178 0 2000
99 146 72 156 0 2000
43 14 30 37 0 2000
119 39 152 35 0 2000
110 148 91 130 0 2000
52 112 72 129 0 2000
29 223 40 249 0 2000
287 217 312 205 0 2000
316 252 280 253 0 2000
98 25 98 62 0 2000
218 91 235 110 0 2000
57 66 87 59 0 2000
51 30 87 31 0 2000
91 238 55 237 0 2000
68 50 34 48 0 2000
88 97 71 77 0 2000
89 44 58 50 0 2000
95 131 69 120 0 2000
222 79 256 82 0 2000
108 94 97 120 0 2000
77 51 102 39 0 2000
27 47 52 35 0 2000
175 111 149 122 0 2000
101 49 92 75 0 2000
0 2 20 19 0 2000
26 33 58 36 0 2000
106 170 125 188 0 2000
49 33 29 18 0 2000
71 181 101 174 0 2000
232 100 209 113 0 2000
32 3 27 35 0 2000
233 128 240 98 0 2000
134 50 107 42 0 2000
38 148 22 127 0 2000
96 18 130 16 0 2000
114 73 102 98 0 2000
64 106 84 90 0 2000
63 52 56 82 0 2000
190 129 186 97 0 2000
1 1 23 16 0 2000
191 75 201 102 0 2000
55 59 80 47 0 2000
5 66 37 63 0 2000
187 68 201 45 0 2000
17 105 47 111 0 2000
29 90 35 59 0 2000
37 45 22 25 0 2000
57 102 90 99 0 2000
31 11 30 47 0 2000
46 243 46 280 0 2000
74 131 59 110 0 2000
196 26 176 10 0 2000
21 36 47 26 0 2000
39 82 19 65 0 2000
1 35 16 56 0 2000
49 185 30 167 0 2000
121 173 113 201 0 2000
114 22 121 52 0 2000
149 171 165 150 0 2000
74 210 108 207 0 2000
47 20 14 24 0 2000
28 19 19 45 0 2000
91 19 74 38 0 2000
63 107 84 92 0 2000
58 60 83 72 0 2000
123 21 142 38 0 2000
177 212 181 179 0 2000
140 151 124 132 0 2000
195 98 189 67 0 2000
95 54 115 38 0 2000
38 157 63 169 0 2000
87 137 85 172 0 2000
186 304 190 271 0 2000
179 169 172 140 0 2000
12 224 35 238 0 2000
33 40 12 55 0 2000
153 277 148 245 0 2000
93 113 110 93 0 2000
240 205 275 203 0 2000
50 39 25 27 0 2000
31 55 24 85 0 2000
24 87 22 52 0 2000
290 222 282 251 0 2000
37 26 71 24 0 2000
56 47 78 32 0 2000
23 52 52 45 0 2000
107 106 108 70 0 2000
8 93 39 97 0 2000
82 50 117 52 0 2000
158 133 131 123 0 2000
21 61 5 40 0 2000
153 126 140 104 0 2000
174 49 173 85 0 2000
31 45 58 36 0 2000
58 34 46 59 0 2000
62 38 85 24 0 2000
56 34 78 47 0 2000
94 101 102 72 0 2000
134 160 119 180 0 2000
147 70 112 68 0 2000
99 33 89 6 0 2000
68 66 104 67 0 2000
89 252 94 284 0 2000
69 296 93 309 0 2000
97 103 101 136 0 2000
16 77 39 91 0 2000
161 80 146 101 0 2000
55 28 78 42 0 2000
58 93 31 85 0 2000
135 19 118 38 0 2000
56 45 74 26 0 2000
67 55 48 72 0 2000
192 269 173 251 0 2000
42 12 11 17 0 2000
88 82 73 60 0 2000
20 3 9 28 0 2000
69 95 37 99 0 2000
23 12 20 44 0 2000
61 44 61 81 0 2000
108 373 103 404 0 2000
63 261 83 278 0 2000
149 18 184 16 0 2000
258 145 249 173 0 2000
161 100 197 99 0 2000
187 152 204 172 0 2000
136 169 131 137 0 2000
28 61 58 68 0 2000
63 39 31 44 0 2000
30 108 40 135 0 2000
145 248 119 259 0 2000
0 2 33 6 0 2000
17 135 43 145 0 2000
133 12 104 20 0 2000
10 82 30 98 0 2000
41 44 31 71 0 2000
16 47 14 12 0 2000
24 81 13 56 0 2000
0 39 19 57 0 2000
23 181 29 212 0 2000
33 67 67 70 0 2000
79 72 64 94 0 2000
15 62 12 96 0 2000
63 87 67 55 0 2000
31 152 64 148 0 2000
64 150 51 126 0 2000
229 158 218 184 0 2000
55 83 87 80 0 2000
50 37 41 9 0 2000
62 51 49 73 0 2000
36 34 49 11 0 2000
11 48 30 31 0 2000
41 36 44 2 0 2000
64 138 37 130 0 2000
91 1 76 23 0 2000
23 20 47 31 0 2000
143 108 143 143 0 2000
46 114 55 86 0 2000
55 84 55 121 0 2000
13 78 35 63 0 2000
107 26 73 23 0 2000
47 226 19 234 0 2000
201 105 234 108 0 2000
50 111 84 109 0 2000
93 127 93 91 0 2000
44 16 11 18 0 2000
190 260 203 284 0 2000
0 2 33 6 0 2000
104 63 113 90 0 2000
21 150 34 127 0 2000
25 158 33 129 0 2000
161 130 197 129 0 2000
64 1 79 21 0 2000
82 73 111 66 0 2000
91 50 107 71 0 2000
15 40 9 71 0 2000
103 29 107 61 0 2000
123 110 134 134 0 2000
104 55 103 19 0 2000
63 280 89 269 0 2000
130 81 161 75 0 2000
101 76 68 80 0 2000
27 142 0 152 0 2000
0 2 3 36 0 2000
15 68 47 73 0 2000
200 114 178 129 0 2000
202 175 170 170 0 2000
124 29 89 31 0 2000
224 13 241 33 0 2000
30 97 25 65 0 2000
132 53 104 44 0 2000
95 92 85 65 0 2000
102 43 74 35 0 2000
29 12 46 32 0 2000
75 92 39 93 0 2000
75 121 99 133 0 2000
7 7 10 41 0 2000
150 246 117 242 0 2000
111 21 83 12 0 2000
169 141 178 169 0 2000
86 41 86 78 0 2000
98 53 125 43 0 2000
17 72 35 54 0 2000
114 79 130 58 0 2000
71 72 64 43 0 2000
58 146 38 163 0 2000
66 4 77 28 0 2000
89 74 89 111 0 2000
166 62 143 76 0 2000
12 38 27 16 0 2000
76 220 78 186 0 2000
7 34 34 44 0 2000
40 46 37 80 0 2000
34 1 56 16 0 2000
33 115 48 137 0 2000
248 50 244 17 0 2000
100 21 80 38 0 2000
59 44 51 15 0 2000
276 204 294 185 0 2000
11 196 1 169 0 2000
37 40 31 10 0 2000
137 304 102 305 0 2000
137 120 121 100 0 2000
43 93 15 102 0 2000
57 102 69 127 0 2000
23 63 45 78 0 2000
10 19 37 10 0 2000
44 144 12 149 0 2000
232 139 228 172 0 2000
10 122 35 134 0 2000
121 72 103 53 0 2000
26 65 16 38 0 2000
23 16 13 41 0 2000
129 33 97 38 0 2000
180 161 212 165 0 2000
115 99 125 73 0 2000
1 2 19 20 0 2000
9 204 5 237 0 2000
57 240 80 226 0 2000
60 49 28 46 0 2000
31 99 58 90 0 2000
150 100 164 79 0 2000
60 174 82 188 0 2000
35 16 17 33 0 2000
75 162 85 187 0 2000
76 63 47 71 0 2000
134 168 169 166 0 2000
167 128 145 143 0 2000
20 22 24 54 0 2000
57 100 25 105 0 2000
4 90 20 69 0 2000
80 75 93 51 0 2000
52 55 29 43 0 2000
85 173 66 155 0 2000
123 167 145 152 0 2000
143 113 121 98 0 2000
90 121 117 111 0 2000
37 47 38 83 0 2000
35 77 55 61 0 2000
67 110 62 78 0 2000
102 279 138 278 0 2000
138 276 129 304 0 2000
40 54 19 69 0 2000
78 162 111 158 0 2000
36 135 18 154 0 2000
69 262 82 239 0 2000
68 82 49 64 0 2000
100 204 111 178 0 2000
94 68 106 44 0 2000
20 57 8 82 0 2000
0 69 3 102 0 2000
145 47 175 54 0 2000
231 75 242 50 0 2000
85 7 56 0 0 2000
48 3 65 23 0 2000
127 79 118 106 0 2000
145 52 129 31 0 2000
178 15 178 51 0 2000
0 2 7 32 0 2000
30 10 21 38 0 2000
22 14 22 50 0 2000
92 36 98 65 0 2000
111 59 81 52 0 2000
219 34 219 71 0 2000
76 25 57 7 0 2000
146 167 116 173 0 2000
104 68 84 84 0 2000
50 193 52 158 0 2000
130 49 125 18 0 2000
35 53 27 82 0 2000
41 97 46 129 0 2000
40 33 51 7 0 2000
96 108 111 128 0 2000
78 70 94 49 0 2000
203 53 195 24 0 2000
34 96 62 105 0 2000
124 16 95 9 0 2000
93 8 114 23 0 2000
153 96 123 89 0 2000
31 181 7 194 0 2000
12 17 27 39 0 2000
81 142 58 129 0 2000
40 85 59 103 0 2000
72 11 75 45 0 2000
39 95 22 115 0 2000
72 74 52 57 0 2000
32 51 9 38 0 2000
36 74 10 85 0 2000
213 6 193 22 0 2000
54 7 64 34 0 2000
3 1 18 21 0 2000
71 31 80 4 0 2000
228 70 244 91 0 2000
79 6 56 20 0 2000
205 157 232 166 0 2000
128 11 118 37 0 2000
253 148 280 138 0 2000
1 1 36 3 0 2000
36 6 36 42 0 2000
50 27 32 8 0 2000
133 167 146 144 0 2000
35 46 61 56 0 2000
35 50 32 18 0 2000
37 44 27 18 0 2000
123 17 141 35 0 2000
99 101 74 90 0 2000
71 43 95 31 0 2000
121 322 91 329 0 2000
153 70 183 76 0 2000
46 103 61 82 0 2000
58 35 28 42 0 2000
136 98 157 82 0 2000
42 78 27 100 0 2000
92 62 103 88 0 2000
26 58 61 57 0 2000
22 25 49 35 0 2000
426 70 396 75 0 2000
43 38 60 19 0 2000
18 33 38 17 0 2000
88 148 116 156 0 2000
6 53 25 35 0 2000
44 103 47 137 0 2000
186 17 218 13 0 2000
227 18 224 52 0 2000
14 38 44 32 0 2000
23 199 10 175 0 2000
26 85 16 58 0 2000
140 56 113 46 0 2000
86 84 118 79 0 2000
0 77 25 67 0 2000
67 56 47 39 0 2000
72 226 77 194 0 2000
161 91 178 111 0 2000
164 197 156 168 0 2000
82 126 98 106 0 2000
169 312 136 309 0 2000
121 394 154 390 0 2000
158 63 175 43 0 2000
16 76 28 99 0 2000
83 57 80 23 0 2000
98 55 131 51 0 2000
61 129 61 92 0 2000
103 99 102 63 0 2000
1 1 33 6 0 2000
120 148 110 123 0 2000
62 68 91 60 0 2000
51 137 22 144 0 2000
267 176 273 207 0 2000
60 16 83 2 0 2000
98 231 69 239 0 2000
116 111 105 137 0 2000
60 101 68 74 0 2000
168 435 161 465 0 2000
24 66 10 89 0 2000
10 91 28 72 0 2000
384 84 357 75 0 2000
56 199 51 167 0 2000
77 142 113 141 0 2000
216 50 225 22 0 2000
104 10 137 6 0 2000
89 86 103 64 0 2000
118 53 151 56 0 2000
11 57 4 27 0 2000
89 91 116 81 0 2000
90 159 55 157 0 2000
27 66 36 38 0 2000
93 37 96 70 0 2000
98 69 112 47 0 2000
23 59 58 61 0 2000
69 78 77 107 0 2000
187 119 222 120 0 2000
177 94 149 103 0 2000
218 147 204 125 0 2000
74 86 103 94 0 2000
294 210 292 244 0 2000
31 4 26 36 0 2000
70 76 51 92 0 2000
101 143 132 147 0 2000
30 123 30 159 0 2000
108 153 83 142 0 2000
82 101 71 127 0 2000
155 220 131 207 0 2000
75 194 87 169 0 2000
101 193 94 221 0 2000
136 87 168 83 0 2000
139 141 164 153 0 2000
71 74 56 52 0 2000
202 132 203 168 0 2000
31 33 21 6 0 2000
24 162 39 140 0 2000
41 81 30 55 0 2000
130 24 95 22 0 2000
58 258 76 240 0 2000
27 65 18 38 0 2000
89 82 81 54 0 2000
69 241 56 265 0 2000
45 68 49 36 0 2000
178 11 188 38 0 2000
13 45 32 63 0 2000
107 35 127 52 0 2000
66 140 63 106 0 2000
28 15 51 29 0 2000
25 3 60 5 0 2000
30 86 36 117 0 2000
10 73 35 61 0 2000
1 1 30 9 0 2000
106 14 135 22 0 2000
62 159 80 140 0 2000
32 24 15 4 0 2000
119 103 94 115 0 2000
120 231 100 216 0 2000
195 96 203 124 0 2000
114 19 113 54 0 2000
21 23 44 37 0 2000
74 167 77 133 0 2000
88 80 95 110 0 2000
51 46 16 45 0 2000
118 188 111 218 0 2000
76 28 54 13 0 2000
317 184 321 217 0 2000
65 94 64 130 0 2000
65 81 61 48 0 2000
127 67 107 83 0 2000
35 79 63 88 0 2000
33 94 3 99 0 2000
20 28 51 34 0 2000
1 17 22 1 0 2000
167 15 167 51 0 2000
18 113 50 109 0 2000
84 78 109 66 0 2000
144 32 162 14 0 2000
11 152 29 169 0 2000
27 24 14 48 0 2000
55 34 34 50 0 2000
133 6 167 3 0 2000
254 96 254 60 0 2000
10 27 17 57 0 2000
156 61 184 69 0 2000
101 207 104 241 0 2000
171 45 159 20 0 2000
2 51 13 25 0 2000
29 100 28 135 0 2000
154 153 185 158 0 2000
116 221 122 191 0 2000
127 34 140 57 0 2000
80 55 84 87 0 2000
3 133 33 126 0 2000
166 222 162 189 0 2000
73 217 86 241 0 2000
48 20 59 46 0 2000
130 274 162 279 0 2000
90 43 60 37 0 2000
160 144 142 162 0 2000
30 94 13 75 0 2000
73 56 89 77 0 2000
160 145 166 114 0 2000
92 44 97 12 0 2000
56 91 88 96 0 2000
62 85 59 51 0 2000
35 155 18 136 0 2000
165 52 148 71 0 2000
38 150 45 120 0 2000
153 167 123 173 0 2000
85 63 87 98 0 2000
182 219 202 202 0 2000
53 45 27 34 0 2000
85 29 111 40 0 2000
57 83 40 65 0 2000
7 12 16 40 0 2000
125 37 141 58 0 2000
32 115 44 92 0 2000
48 68 51 36 0 2000
82 5 69 28 0 2000
59 129 57 95 0 2000
57 13 86 5 0 2000
38 15 7 9 0 2000
88 177 92 208 0 2000
102 18 102 54 0 2000
9 69 32 83 0 2000
210 148 206 116 0 2000
108 115 132 126 0 2000
21 29 25 61 0 2000
150 188 153 154 0 2000
9 50 25 30 0 2000
48 95 60 120 0 2000
45 90 11 93 0 2000
65 261 90 251 0 2000
0 22 14 1 0 2000
169 168 148 152 0 2000
144 117 175 123 0 2000
43 101 76 98 0 2000
273 105 259 82 0 2000
130 86 141 111 0 2000
53 6 70 26 0 2000
58 47 61 80 0 2000
58 66 49 38 0 2000
55 18 73 36 0 2000
1 1 28 11 0 2000
27 12 40 36 0 2000
233 55 259 44 0 2000
71 63 69 98 0 2000
61 20 50 46 0 2000
74 94 109 93 0 2000
68 31 73 63 0 2000
95 63 110 42 0 2000
37 11 65 2 0 2000
187 40 181 9 0 2000
125 228 90 230 0 2000
57 49 23 52 0 2000
42 68 34 96 0 2000
166 100 198 96 0 2000
53 431 28 442 0 2000
60 96 77 77 0 2000
44 155 50 184 0 2000
70 56 102 61 0 2000
14 150 38 138 0 2000
54 391 28 380 0 2000
48 110 20 119 0 2000
64 221 41 235 0 2000
109 82 106 48 0 2000
240 77 208 73 0 2000
55 89 74 107 0 2000
142 83 157 61 0 2000
75 29 40 27 0 2000
42 184 34 213 0 2000
70 175 86 196 0 2000
40 27 48 56 0 2000
17 59 52 61 0 2000
107 92 143 93 0 2000
44 68 45 33 0 2000
41 30 28 7 0 2000
46 109 53 139 0 2000
36 118 51 140 0 2000
48 35 79 30 0 2000
142 35 134 7 0 2000
40 64 70 71 0 2000
110 24 139 16 0 2000
8 2 41 0 0 2000
175 107 163 132 0 2000
32 81 28 114 0 2000
1 1 36 3 0 2000
5 32 22 52 0 2000
60 53 94 52 0 2000
98 16 108 43 0 2000
68 65 63 95 0 2000
60 77 50 51 0 2000
129 194 93 193 0 2000
2 1 22 17 0 2000
61 80 83 95 0 2000
19 229 16 262 0 2000
124 54 146 39 0 2000
131 58 100 64 0 2000
41 95 28 118 0 2000
61 207 81 224 0 2000
71 126 49 113 0 2000
118 38 148 31 0 2000
62 2 31 7 0 2000
106 208 80 198 0 2000
64 1 50 22 0 2000
120 248 91 241 0 2000
62 96 51 70 0 2000
112 29 130 48 0 2000
52 121 54 156 0 2000
128 73 144 93 0 2000
27 98 6 82 0 2000
66 3 78 27 0 2000
43 55 22 40 0 2000
48 110 22 99 0 2000
111 70 120 42 0 2000
49 50 44 81 0 2000
191 68 176 46 0 2000
104 104 83 88 0 2000
39 227 28 201 0 2000
192 35 184 7 0 2000
149 179 116 183 0 2000
1 1 35 4 0 2000
103 18 125 32 0 2000
35 9 19 28 0 2000
68 23 78 49 0 2000
49 59 81 64 0 2000
85 148 111 159 0 2000
107 134 95 110 0 2000
89 119 108 136 0 2000
25 14 0 26 0 2000
131 124 108 136 0 2000
203 196 219 217 0 2000
104 171 104 208 0 2000
90 61 86 28 0 2000
232 51 241 78 0 2000
63 45 91 54 0 2000
35 67 27 38 0 2000
27 13 56 6 0 2000
39 208 31 179 0 2000
96 69 95 105 0 2000
29 18 62 22 0 2000
71 55 97 66 0 2000
57 14 59 48 0 2000
42 26 67 37 0 2000
37 49 50 26 0 2000
37 38 40 5 0 2000
117 115 152 113 0 2000
24 17 51 25 0 2000
138 116 112 105 0 2000
58 108 68 134 0 2000
157 79 177 95 0 2000
34 63 7 53 0 2000
38 94 57 110 0 2000
84 98 113 106 0 2000
145 144 167 158 0 2000
124 42 132 13 0 2000
87 69 106 52 0 2000
1 1 12 27 0 2000
74 181 75 145 0 2000
63 92 34 100 0 2000
182 218 204 204 0 2000
105 94 104 130 0 2000
166 165 171 133 0 2000
62 181 90 189 0 2000
40 68 73 65 0 2000
113 186 84 194 0 2000
77 18 94 38 0 2000
121 147 135 170 0 2000
64 177 51 199 0 2000
124 140 128 173 0 2000
189 227 157 223 0 2000
80 101 57 113 0 2000
114 75 141 85 0 2000
14 265 49 264 0 2000
217 214 240 200 0 2000
160 126 154 95 0 2000
18 23 21 57 0 2000
87 123 61 113 0 2000
0 3 7 32 0 2000
24 63 48 74 0 2000
68 372 48 357 0 2000
51 44 36 64 0 2000
50 68 51 32 0 2000
61 4 87 14 0 2000
152 114 145 84 0 2000
12 385 40 377 0 2000
132 21 124 49 0 2000
18 4 37 20 0 2000
57 25 53 58 0 2000
25 181 35 207 0 2000
50 72 66 51 0 2000
71 37 89 18 0 2000
1 87 32 93 0 2000
157 112 150 142 0 2000
19 23 42 10 0 2000
87 20 107 37 0 2000
47 147 70 133 0 2000
13 29 41 37 0 2000
27 205 44 185 0 2000
62 79 95 75 0 2000
36 6 70 9 0 2000
50 54 23 44 0 2000
152 51 161 23 0 2000
204 170 236 165 0 2000
118 61 124 30 0 2000
65 10 69 41 0 2000
156 14 144 39 0 2000
193 288 220 297 0 2000
161 128 178 147 0 2000
130 154 159 146 0 2000
204 76 177 85 0 2000
36 7 43 35 0 2000
225 160 202 173 0 2000
50 120 44 151 0 2000
88 20 88 56 0 2000
23 151 53 157 0 2000
93 6 114 20 0 2000
34 142 67 138 0 2000
59 114 61 79 0 2000
64 86 42 101 0 2000
153 280 134 262 0 2000
63 102 97 105 0 2000
78 27 56 42 0 2000
89 116 64 104 0 2000
180 53 149 47 0 2000
6 30 18 54 0 2000
83 189 103 205 0 2000
142 23 150 51 0 2000
115 244 124 272 0 2000
74 79 67 107 0 2000
66 24 101 22 0 2000
7 35 24 16 0 2000
20 34 32 9 0 2000
65 278 94 271 0 2000
105 32 101 64 0 2000
57 177 23 179 0 2000
1 1 4 35 0 2000
35 78 4 83 0 2000
219 37 240 53 0 2000
14 33 46 28 0 2000
164 267 182 250 0 2000
42 22 50 51 0 2000
169 280 140 286 0 2000
101 217 125 230 0 2000
92 52 124 56 0 2000
45 113 70 124 0 2000
35 123 0 121 0 2000
51 42 69 59 0 2000
38 123 52 101 0 2000
50 103 69 85 0 2000
142 98 177 96 0 2000
54 97 73 115 0 2000
45 48 50 80 0 2000
50 78 71 94 0 2000
61 183 27 180 0 2000
48 71 41 100 0 2000
58 30 56 65 0 2000
154 70 166 45 0 2000
103 239 138 241 0 2000
66 94 49 114 0 2000
95 117 96 81 0 2000
37 139 46 167 0 2000
66 32 44 17 0 2000
47 84 19 93 0 2000
41 42 65 55 0 2000
135 53 100 51 0 2000
49 79 44 47 0 2000
54 164 81 154 0 2000
130 14 115 36 0 2000
297 33 297 68 0 2000
79 207 109 214 0 2000
38 49 51 25 0 2000
141 58 155 36 0 2000
4 239 8 207 0 2000
79 235 80 271 0 2000
161 104 153 133 0 2000
30 47 9 31 0 2000
51 34 72 18 0 2000
287 128 307 145 0 2000
42 69 7 70 0 2000
51 204 22 196 0 2000
21 246 30 218 0 2000
108 169 135 160 0 2000
113 95 146 91 0 2000
33 175 60 184 0 2000
120 58 154 60 0 2000
74 65 63 40 0 2000
34 101 32 136 0 2000
59 36 39 19 0 2000
246 100 249 133 0 2000
124 39 158 37 0 2000
20 3 41 19 0 2000
99 67 80 49 0 2000
96 99 77 83 0 2000
34 125 20 102 0 2000
72 3 46 14 0 2000
1 56 18 76 0 2000
80 57 80 93 0 2000
101 179 68 176 0 2000
127 99 149 114 0 2000
144 215 155 241 0 2000
27 64 34 35 0 2000
21 21 10 46 0 2000
25 53 11 30 0 2000
113 40 121 11 0 2000
198 28 212 50 0 2000
51 46 35 67 0 2000
57 211 37 194 0 2000
19 94 45 105 0 2000
52 125 49 159 0 2000
36 17 50 40 0 2000
168 164 168 201 0 2000
7 89 34 79 0 2000
39 63 13 53 0 2000
95 59 96 94 0 2000
211 44 197 22 0 2000
52 59 44 88 0 2000
148 104 134 81 0 2000
193 73 229 72 0 2000
94 49 87 19 0 2000
58 122 80 136 0 2000
80 96 95 118 0 2000
138 29 103 27 0 2000
78 45 103 57 0 2000
55 38 58 72 0 2000
32 60 67 62 0 2000
203 94 173 99 0 2000
66 73 90 86 0 2000
186 6 217 11 0 2000
37 43 40 9 0 2000
11 25 28 45 0 2000
87 24 121 21 0 2000
38 33 54 12 0 2000
61 37 54 7 0 2000
65 106 66 141 0 2000
134 67 153 49 0 2000
183 53 176 83 0 2000
202 47 180 61 0 2000
150 111 130 128 0 2000
66 140 92 150 0 2000
72 172 44 165 0 2000
18 51 29 26 0 2000
37 41 69 45 0 2000
0 2 27 12 0 2000
0 42 5 73 0 2000
80 82 94 59 0 2000
41 79 73 83 0 2000
73 81 71 116 0 2000
58 109 42 88 0 2000
132 109 98 106 0 2000
95 98 75 83 0 2000
26 44 37 19 0 2000
65 82 34 87 0 2000
68 145 57 171 0 2000
152 57 154 92 0 2000
149 28 113 29 0 2000
109 167 128 185 0 2000
103 112 123 129 0 2000
14 165 38 152 0 2000
200 2 224 15 0 2000
224 18 197 27 0 2000
93 307 87 276 0 2000
63 3 81 21 0 2000
87 33 68 15 0 2000
5 18 18 42 0 2000
42 127 48 96 0 2000
32 30 25 1 0 2000
49 19 37 43 0 2000
53 55 80 64 0 2000
205 19 172 23 0 2000
1 100 0 134 0 2000
84 114 76 143 0 2000
24 39 0 28 0 2000
73 4 101 13 0 2000
87 124 101 101 0 2000
195 202 195 165 0 2000
6 39 21 17 0 2000
56 90 49 60 0 2000
188 37 212 50 0 2000
45 53 61 74 0 2000
68 137 54 160 0 2000
82 179 104 194 0 2000
202 137 215 159 0 2000
0 2 13 26 0 2000
9 78 33 90 0 2000
85 8 51 5 0 2000
207 150 181 161 0 2000
78 286 67 261 0 2000
42 113 38 146 0 2000
58 153 79 169 0 2000
55 20 67 44 0 2000
20 98 41 83 0 2000
68 55 97 63 0 2000
29 73 40 49 0 2000
17 120 12 89 0 2000
154 138 164 111 0 2000
154 100 134 116 0 2000
26 23 61 24 0 2000
151 236 129 251 0 2000
34 8 10 20 0 2000
36 75 53 94 0 2000
131 199 136 167 0 2000
44 83 37 113 0 2000
252 175 237 153 0 2000
81 142 91 169 0 2000
272 191 269 158 0 2000
67 45 60 74 0 2000
17 29 51 26 0 2000
61 56 27 54 0 2000
22 62 51 69 0 2000
48 139 51 173 0 2000
151 68 170 86 0 2000
69 144 72 177 0 2000
79 19 48 24 0 2000
71 14 37 16 0 2000
100 189 103 155 0 2000
60 122 36 135 0 2000
230 116 205 126 0 2000
80 139 91 165 0 2000
51 18 75 30 0 2000
76 140 51 152 0 2000
96 110 130 107 0 2000
129 146 150 130 0 2000
231 181 231 218 0 2000
104 176 85 158 0 2000
253 130 274 146 0 2000
104 22 137 26 0 2000
156 127 128 136 0 2000
349 200 325 187 0 2000
33 181 17 161 0 2000
46 14 20 4 0 2000
39 39 71 34 0 2000
72 47 86 70 0 2000
159 117 188 110 0 2000
85 73 85 36 0 2000
169 95 205 96 0 2000
291 258 287 225 0 2000
160 242 164 209 0 2000
59 315 64 284 0 2000
141 228 146 197 0 2000
286 197 265 181 0 2000
49 317 62 294 0 2000
101 82 101 45 0 2000
41 62 64 76 0 2000
32 133 27 165 0 2000
20 181 9 206 0 2000
113 132 97 111 0 2000
48 59 52 92 0 2000
31 4 37 35 0 2000
54 79 39 58 0 2000
35 166 2 170 0 2000
25 63 3 48 0 2000
41 143 56 164 0 2000
150 38 142 9 0 2000
94 21 101 51 0 2000
82 90 79 124 0 2000
178 64 206 55 0 2000
40 56 13 47 0 2000
157 61 171 83 0 2000
107 114 107 78 0 2000
271 27 265 56 0 2000
55 126 58 92 0 2000
20 121 14 152 0 2000
106 184 108 149 0 2000
98 98 98 61 0 2000
43 31 37 1 0 2000
26 122 28 89 0 2000
138 154 150 179 0 2000
147 105 128 123 0 2000
124 166 150 155 0 2000
43 33 78 31 0 2000
74 52 74 16 0 2000
74 90 85 64 0 2000
51 84 57 115 0 2000
49 12 19 18 0 2000
109 93 107 58 0 2000
0 2 6 33 0 2000
64 62 75 87 0 2000
41 23 44 56 0 2000
152 14 159 44 0 2000
102 230 107 198 0 2000
68 39 68 2 0 2000
101 44 75 55 0 2000
24 107 34 133 0 2000
175 50 162 73 0 2000
11 95 41 102 0 2000
34 215 38 182 0 2000
240 37 268 46 0 2000
298 231 330 227 0 2000
133 209 97 208 0 2000
47 73 75 64 0 2000
2 19 15 43 0 2000
83 34 74 61 0 2000
66 10 100 7 0 2000
74 179 57 198 0 2000
5 27 20 5 0 2000
0 2 23 16 0 2000
19 72 48 64 0 2000
19 157 52 159 0 2000
9 48 37 40 0 2000
79 52 107 43 0 2000
0 4 10 29 0 2000
88 64 56 69 0 2000
34 53 65 47 0 2000
69 17 78 44 0 2000
72 193 47 182 0 2000
55 54 47 82 0 2000
142 173 119 187 0 2000
89 143 99 170 0 2000
42 9 73 4 0 2000
1 38 26 26 0 2000
57 37 67 63 0 2000
77 41 72 72 0 2000
2 1 7 32 0 2000
158 48 179 63 0 2000
55 68 62 98 0 2000
109 73 140 68 0 2000
156 134 121 136 0 2000
82 37 65 57 0 2000
24 105 30 135 0 2000
52 34 20 39 0 2000
298 81 313 59 0 2000
151 258 134 278 0 2000
318 108 286 112 0 2000
99 118 100 82 0 2000
114 66 115 100 0 2000
61 113 57 81 0 2000
129 37 138 11 0 2000
53 48 19 51 0 2000
49 26 72 13 0 2000
27 30 51 42 0 2000
68 28 90 42 0 2000
8 55 17 82 0 2000
16 131 11 99 0 2000
55 64 24 59 0 2000
39 76 17 91 0 2000
46 51 14 56 0 2000
66 46 39 56 0 2000
45 86 41 119 0 2000
68 9 100 14 0 2000
106 76 83 64 0 2000
44 34 64 17 0 2000
18 43 30 18 0 2000
113 68 104 40 0 2000
139 86 128 111 0 2000
40 20 60 37 0 2000
127 40 158 45 0 2000
30 60 8 75 0 2000
303 53 325 38 0 2000
58 27 24 25 0 2000
65 184 80 164 0 2000
70 56 102 51 0 2000
63 32 76 8 0 2000
361 43 369 14 0 2000
84 234 65 251 0 2000
233 39 211 53 0 2000
66 70 76 44 0 2000
92 35 82 62 0 2000
83 45 94 70 0 2000
38 27 8 32 0 2000
4 30 32 21 0 2000
83 121 105 136 0 2000
173 41 185 16 0 2000
147 151 124 165 0 2000
267 96 302 94 0 2000
76 7 53 21 0 2000
65 45 32 49 0 2000
180 128 160 145 0 2000
266 47 248 65 0 2000
130 10 143 33 0 2000
0 2 24 15 0 2000
23 80 54 74 0 2000
45 232 61 252 0 2000
23 36 58 34 0 2000
143 9 167 21 0 2000
59 175 27 180 0 2000
53 83 89 84 0 2000
15 71 26 47 0 2000
5 32 4 68 0 2000
206 125 222 104 0 2000
8 18 44 17 0 2000
40 2 15 13 0 2000
74 3 74 39 0 2000
104 20 94 47 0 2000
25 117 36 91 0 2000
150 147 140 120 0 2000
173 132 145 141 0 2000
37 51 4 47 0 2000
72 74 42 81 0 2000
16 46 49 42 0 2000
87 171 74 195 0 2000
109 303 102 274 0 2000
61 64 25 65 0 2000
0 2 30 9 0 2000
51 36 85 39 0 2000
1 1 21 18 0 2000
162 24 165 58 0 2000
112 101 78 104 0 2000
136 103 170 101 0 2000
61 23 67 54 0 2000
57 68 92 70 0 2000
42 204 64 219 0 2000
81 56 66 34 0 2000
66 37 40 27 0 2000
157 45 122 46 0 2000
106 32 128 46 0 2000
56 72 30 62 0 2000
56 31 85 24 0 2000
76 243 99 230 0 2000
57 77 69 53 0 2000
80 5 107 14 0 2000
179 84 183 116 0 2000
33 8 19 31 0 2000
53 127 77 140 0 2000
180 90 192 115 0 2000
67 297 37 290 0 2000
107 39 141 36 0 2000
196 86 212 107 0 2000
73 30 47 41 0 2000
18 22 46 30 0 2000
70 40 44 51 0 2000
1 1 3 36 0 2000
312 31 278 34 0 2000
122 39 125 72 0 2000
129 6 151 21 0 2000
183 18 173 45 0 2000
38 60 26 85 0 2000
18 133 46 141 0 2000
89 61 98 89 0 2000
101 78 110 52 0 2000
75 50 109 48 0 2000
58 110 80 125 0 2000
79 127 91 151 0 2000
126 79 110 60 0 2000
4 44 36 48 0 2000
39 209 19 226 0 2000
158 49 175 68 0 2000
1 1 7 32 0 2000
69 40 83 63 0 2000
151 248 149 214 0 2000
193 21 157 22 0 2000
56 235 40 215 0 2000
90 137 107 117 0 2000
0 3 4 35 0 2000
37 230 35 195 0 2000
51 96 82 92 0 2000
198 61 210 86 0 2000
32 48 36 15 0 2000
45 28 21 16 0 2000
25 39 61 38 0 2000
149 168 174 180 0 2000
331 120 329 85 0 2000
158 122 184 133 0 2000
62 2 89 12 0 2000
29 116 64 117 0 2000
25 128 55 135 0 2000
37 37 43 6 0 2000
76 81 57 64 0 2000
142 59 154 34 0 2000
64 40 81 59 0 2000
35 50 32 17 0 2000
112 130 76 131 0 2000
76 128 79 161 0 2000
17 93 8 65 0 2000
113 159 89 147 0 2000
8 75 21 98 0 2000
13 39 46 43 0 2000
91 250 71 266 0 2000
28 9 31 43 0 2000
76 89 111 88 0 2000
85 158 107 143 0 2000
58 16 27 20 0 2000
53 91 66 67 0 2000
125 303 135 330 0 2000
177 181 183 151 0 2000
103 194 121 176 0 2000
134 247 154 232 0 2000
143 121 158 141 0 2000
83 127 107 116 0 2000
94 178 72 164 0 2000
20 23 52 26 0 2000
249 157 250 121 0 2000
99 39 99 3 0 2000
169 64 172 97 0 2000
95 145 118 132 0 2000
263 119 227 118 0 2000
88 119 81 90 0 2000
18 149 44 159 0 2000
51 27 59 56 0 2000
82 97 71 73 0 2000
113 92 130 74 0 2000
71 58 99 49 0 2000
206 57 223 77 0 2000
231 39 254 52 0 2000
50 72 43 102 0 2000
16 62 36 45 0 2000
289 187 309 172 0 2000
31 93 7 105 0 2000
49 20 84 18 0 2000
58 57 38 74 0 2000
48 1 76 10 0 2000
28 42 20 70 0 2000
192 246 182 221 0 2000
69 26 69 63 0 2000
65 36 86 21 0 2000
149 124 122 114 0 2000
61 74 35 84 0 2000
132 82 127 114 0 2000
127 116 136 144 0 2000
326 146 298 154 0 2000
15 50 37 36 0 2000
181 71 198 53 0 2000
96 36 95 72 0 2000
166 168 140 157 0 2000
119 41 121 74 0 2000
0 24 6 55 0 2000
95 68 118 82 0 2000
8 49 1 19 0 2000
136 74 109 83 0 2000
43 77 61 95 0 2000
46 34 54 5 0 2000
52 21 44 49 0 2000
37 292 50 316 0 2000
27 33 39 58 0 2000
80 129 95 107 0 2000
34 120 17 101 0 2000
17 41 27 14 0 2000
94 128 127 124 0 2000
151 101 133 119 0 2000
202 77 206 110 0 2000
235 125 265 131 0 2000
66 89 100 88 0 2000
33 80 54 95 0 2000
19 45 17 80 0 2000
44 20 75 15 0 2000
54 382 30 369 0 2000
49 115 41 86 0 2000
89 86 88 122 0 2000
75 32 99 19 0 2000
36 207 67 212 0 2000
60 125 59 90 0 2000
152 29 158 60 0 2000
12 47 36 58 0 2000
160 40 195 41 0 2000
6 30 7 65 0 2000
37 51 2 52 0 2000
30 7 0 0 0 2000
141 152 154 129 0 2000
116 26 146 33 0 2000
7 72 39 77 0 2000
60 127 73 151 0 2000
194 264 192 229 0 2000
22 112 28 143 0 2000
41 89 24 108 0 2000
108 228 135 238 0 2000
69 72 103 69 0 2000
46 118 77 112 0 2000
103 42 117 65 0 2000
48 189 68 204 0 2000
1 1 18 21 0 2000
44 140 78 143 0 2000
144 208 143 172 0 2000
235 24 223 49 0 2000
60 168 72 143 0 2000
189 36 154 38 0 2000
140 158 174 161 0 2000
24 48 11 24 0 2000
65 92 35 99 0 2000
11 97 40 90 0 2000
4 153 29 142 0 2000
10 27 43 23 0 2000
84 250 69 272 0 2000
69 90 37 85 0 2000
26 67 26 32 0 2000
84 363 85 327 0 2000
51 40 50 76 0 2000
170 82 141 89 0 2000
144 39 111 43 0 2000
9 6 26 25 0 2000
119 212 88 206 0 2000
22 67 54 72 0 2000
1 2 3 36 0 2000
93 29 110 9 0 2000
8 14 42 17 0 2000
42 12 13 4 0 2000
206 116 235 124 0 2000
110 69 118 40 0 2000
35 80 21 57 0 2000
194 475 206 498 0 2000
211 245 183 254 0 2000
200 465 203 433 0 2000
223 50 254 55 0 2000
155 300 168 278 0 2000
131 23 132 57 0 2000
28 119 62 121 0 2000
145 81 151 51 0 2000
117 9 106 35 0 2000
141 141 171 136 0 2000
37 58 48 32 0 2000
42 65 30 41 0 2000
214 188 198 168 0 2000
88 96 70 77 0 2000
124 111 124 74 0 2000
67 59 83 79 0 2000
242 102 233 74 0 2000
121 83 127 114 0 2000
105 50 90 28 0 2000
48 218 46 184 0 2000
16 93 43 83 0 2000
67 10 68 46 0 2000
192 111 177 132 0 2000
105 195 99 164 0 2000
134 50 154 66 0 2000
234 36 234 72 0 2000
323 104 358 103 0 2000
254 9 267 33 0 2000
102 105 132 112 0 2000
230 165 214 185 0 2000
40 20 30 47 0 2000
128 113 160 118 0 2000
113 58 119 89 0 2000
100 310 78 296 0 2000
79 66 79 29 0 2000
109 81 109 117 0 2000
131 116 131 153 0 2000
0 2 12 27 0 2000
103 165 121 146 0 2000
176 224 165 198 0 2000
59 57 67 29 0 2000
157 168 172 189 0 2000
211 54 225 31 0 2000
87 99 76 124 0 2000
91 90 68 77 0 2000
15 26 50 24 0 2000
57 56 46 30 0 2000
45 174 78 177 0 2000
26 55 4 41 0 2000
55 70 27 78 0 2000
178 196 185 225 0 2000
125 57 143 40 0 2000
0 195 25 206 0 2000
166 39 155 13 0 2000
78 305 82 338 0 2000
60 101 72 76 0 2000
57 17 27 22 0 2000
0 2 0 39 0 2000
129 69 104 57 0 2000
231 130 254 117 0 2000
54 59 54 95 0 2000
124 30 124 66 0 2000
97 93 84 69 0 2000
76 34 45 40 0 2000
93 132 64 124 0 2000
6 69 37 74 0 2000
43 31 53 58 0 2000
204 30 228 17 0 2000
14 42 31 22 0 2000
101 29 96 61 0 2000
76 111 76 146 0 2000
45 101 25 84 0 2000
22 18 32 44 0 2000
106 65 96 91 0 2000
39 65 14 76 0 2000
12 78 27 58 0 2000
68 23 82 2 0 2000
15 26 40 14 0 2000
138 162 113 150 0 2000
78 178 82 211 0 2000
37 63 10 72 0 2000
63 49 70 78 0 2000
28 79 59 84 0 2000
42 42 19 28 0 2000
19 32 36 14 0 2000
38 15 9 22 0 2000
58 48 46 71 0 2000
66 81 65 45 0 2000
114 16 80 17 0 2000
75 108 95 125 0 2000
92 104 71 120 0 2000
88 105 75 129 0 2000
15 82 34 100 0 2000
86 28 53 25 0 2000
55 23 26 31 0 2000
53 67 27 57 0 2000
65 68 65 105 0 2000
87 112 103 132 0 2000
29 32 49 49 0 2000
148 165 148 202 0 2000
182 8 205 21 0 2000
87 98 101 121 0 2000
116 103 150 100 0 2000
22 140 2 157 0 2000
42 11 26 32 0 2000
1 1 33 6 0 2000
101 71 137 72 0 2000
241 49 261 32 0 2000
104 102 140 103 0 2000
33 43 62 36 0 2000
105 102 74 107 0 2000
96 30 107 56 0 2000
125 44 94 50 0 2000
71 165 65 135 0 2000
78 41 63 61 0 2000
171 134 155 155 0 2000
31 68 40 96 0 2000
62 58 73 32 0 2000
48 98 16 103 0 2000
118 17 123 48 0 2000
110 11 83 1 0 2000
40 10 46 40 0 2000
60 23 61 59 0 2000
101 33 106 64 0 2000
98 129 123 141 0 2000
32 139 65 143 0 2000
68 302 96 294 0 2000
64 58 81 78 0 2000
133 101 97 102 0 2000
165 115 131 118 0 2000
84 79 115 73 0 2000
110 140 91 123 0 2000
16 46 38 32 0 2000
51 94 27 81 0 2000
87 26 62 14 0 2000
197 90 222 78 0 2000
50 13 36 35 0 2000
9 155 20 180 0 2000
5 37 7 71 0 2000
358 74 364 105 0 2000
38 26 44 56 0 2000
98 166 128 172 0 2000
30 140 48 122 0 2000
14 18 45 24 0 2000
0 2 29 10 0 2000
145 121 126 103 0 2000
43 94 59 114 0 2000
146 58 130 79 0 2000
172 46 185 69 0 2000
243 59 256 83 0 2000
163 16 134 24 0 2000
19 105 47 113 0 2000
95 24 69 13 0 2000
67 103 58 75 0 2000
121 5 121 41 0 2000
4 98 26 112 0 2000
263 53 236 62 0 2000
36 28 35 64 0 2000
35 62 11 49 0 2000
50 71 70 88 0 2000
15 78 31 99 0 2000
48 61 69 77 0 2000
45 64 47 99 0 2000
12 80 30 61 0 2000
137 276 125 301 0 2000
79 163 59 146 0 2000
241 89 223 108 0 2000
39 66 62 52 0 2000
83 103 93 130 0 2000
183 19 208 30 0 2000
128 162 149 146 0 2000
81 99 60 115 0 2000
160 116 177 136 0 2000
54 138 69 116 0 2000
146 11 130 31 0 2000
64 83 51 59 0 2000
56 152 77 166 0 2000
64 8 73 36 0 2000
82 29 48 28 0 2000
13 111 33 95 0 2000
180 195 180 231 0 2000
225 179 225 144 0 2000
112 45 145 49 0 2000
82 79 94 104 0 2000
144 196 173 189 0 2000
168 57 154 80 0 2000
216 35 194 20 0 2000
85 191 105 175 0 2000
155 21 144 46 0 2000
24 52 52 43 0 2000
34 73 48 96 0 2000
69 48 45 35 0 2000
23 25 55 29 0 2000
205 131 188 151 0 2000
49 101 50 65 0 2000
79 32 79 69 0 2000
107 226 107 263 0 2000
37 94 65 102 0 2000
215 144 217 109 0 2000
98 195 94 228 0 2000
32 95 66 92 0 2000
170 130 170 165 0 2000
21 199 56 197 0 2000
161 20 161 56 0 2000
116 232 135 250 0 2000
0 2 25 14 0 2000
91 166 67 177 0 2000
2 28 6 61 0 2000
28 26 39 52 0 2000
67 15 41 4 0 2000
206 30 223 12 0 2000
73 71 104 65 0 2000
33 26 21 51 0 2000
82 61 88 92 0 2000
124 4 152 12 0 2000
92 18 125 14 0 2000
125 16 100 4 0 2000
99 3 85 26 0 2000
281 142 281 177 0 2000
96 26 122 36 0 2000
98 13 110 36 0 2000
36 406 62 395 0 2000
58 64 50 92 0 2000
154 64 119 66 0 2000
17 22 18 57 0 2000
1 1 2 37 0 2000
27 171 22 139 0 2000
60 53 25 52 0 2000
194 105 206 129 0 2000
30 97 13 117 0 2000
169 11 159 38 0 2000
249 35 261 12 0 2000
48 105 79 110 0 2000
27 8 20 36 0 2000
49 148 46 114 0 2000
133 153 133 190 0 2000
151 95 138 118 0 2000
19 228 47 220 0 2000
28 138 8 153 0 2000
132 87 98 85 0 2000
63 123 48 101 0 2000
187 151 163 164 0 2000
42 67 55 90 0 2000
100 124 112 99 0 2000
101 44 86 64 0 2000
103 190 74 183 0 2000
87 80 82 112 0 2000
99 15 95 48 0 2000
46 157 55 129 0 2000
81 102 114 99 0 2000
71 49 49 64 0 2000
36 135 10 124 0 2000
59 96 80 81 0 2000
40 14 18 29 0 2000
150 18 180 25 0 2000
1 2 25 14 0 2000
19 75 40 90 0 2000
27 228 39 253 0 2000
30 103 40 130 0 2000
70 152 60 125 0 2000
83 189 115 192 0 2000
184 61 148 60 0 2000
114 62 112 27 0 2000
41 141 59 122 0 2000
139 227 121 246 0 2000
222 177 239 158 0 2000
38 226 4 229 0 2000
42 18 42 53 0 2000
174 68 192 50 0 2000
133 25 105 34 0 2000
113 16 130 35 0 2000
78 42 67 16 0 2000
114 39 115 75 0 2000
169 117 169 82 0 2000
127 51 130 85 0 2000
132 136 105 144 0 2000
43 18 37 49 0 2000
26 165 21 133 0 2000
90 84 75 62 0 2000
137 75 120 57 0 2000
123 246 128 214 0 2000
33 8 20 32 0 2000
161 218 193 223 0 2000
46 22 31 44 0 2000
59 79 93 80 0 2000
194 154 229 156 0 2000
177 118 154 132 0 2000
218 186 184 183 0 2000
166 102 130 103 0 2000
51 201 51 238 0 2000
37 99 21 120 0 2000
107 31 104 65 0 2000
158 53 190 48 0 2000
78 94 64 72 0 2000
141 75 117 87 0 2000
121 28 98 14 0 2000
140 51 131 78 0 2000
69 207 48 191 0 2000
42 123 16 133 0 2000
43 100 29 123 0 2000
128 200 114 222 0 2000
168 209 163 241 0 2000
48 13 36 38 0 2000
51 17 87 18 0 2000
204 117 235 122 0 2000
62 1 75 25 0 2000
88 117 71 97 0 2000
159 43 143 23 0 2000
173 52 152 68 0 2000
92 61 86 32 0 2000
201 188 181 172 0 2000
49 73 23 62 0 2000
37 63 7 69 0 2000
172 162 161 136 0 2000
22 100 10 125 0 2000
25 100 24 135 0 2000
59 92 63 125 0 2000
113 84 120 113 0 2000
68 105 37 110 0 2000
11 43 33 29 0 2000
26 47 53 55 0 2000
45 73 16 81 0 2000
105 288 125 272 0 2000
215 82 250 84 0 2000
124 105 160 106 0 2000
113 112 137 99 0 2000
200 25 227 17 0 2000
55 114 27 122 0 2000
75 147 93 129 0 2000
181 11 214 15 0 2000
189 110 196 140 0 2000
20 19 42 34 0 2000
38 123 60 138 0 2000
118 42 122 73 0 2000
124 130 152 122 0 2000
85 57 53 52 0 2000
36 66 7 58 0 2000
145 116 171 127 0 2000
90 120 90 84 0 2000
16 39 44 32 0 2000
62 56 75 32 0 2000
43 184 61 201 0 2000
85 214 82 180 0 2000
130 78 107 64 0 2000
234 212 205 220 0 2000
10 113 25 93 0 2000
78 70 73 38 0 2000
77 105 79 70 0 2000
4 10 5 46 0 2000
72 179 92 196 0 2000
92 136 91 100 0 2000
120 127 103 107 0 2000
73 226 93 209 0 2000
106 164 93 188 0 2000
25 172 20 204 0 2000
198 230 186 205 0 2000
12 100 41 92 0 2000
121 50 109 75 0 2000
28 38 5 24 0 2000
20 40 20 76 0 2000
96 119 96 155 0 2000
45 79 30 57 0 2000
280 184 301 198 0 2000
11 78 1 104 0 2000
80 66 97 86 0 2000
0 136 33 132 0 2000
69 101 73 133 0 2000
81 199 74 169 0 2000
124 78 139 56 0 2000
1 139 3 174 0 2000
2 176 12 150 0 2000
40 141 10 134 0 2000
4 121 16 96 0 2000
36 203 15 218 0 2000
55 97 87 102 0 2000
132 32 151 14 0 2000
99 108 74 97 0 2000
83 111 69 88 0 2000
164 1 184 18 0 2000
95 104 66 111 0 2000
109 29 89 45 0 2000
53 128 33 113 0 2000
24 74 50 63 0 2000
108 161 85 175 0 2000
35 81 33 116 0 2000
119 64 92 72 0 2000
14 217 47 221 0 2000
237 101 208 109 0 2000
106 46 120 69 0 2000
107 58 79 67 0 2000
98 11 76 26 0 2000
305 146 312 175 0 2000
199 163 232 166 0 2000
60 41 32 34 0 2000
268 116 236 113 0 2000
25 16 2 30 0 2000
218 15 206 40 0 2000
85 121 98 145 0 2000
184 57 216 52 0 2000
220 44 228 17 0 2000
104 149 114 176 0 2000
115 38 82 42 0 2000
235 113 268 110 0 2000
68 21 52 40 0 2000
29 62 6 76 0 2000
1 1 20 19 0 2000
20 21 42 6 0 2000
90 53 96 22 0 2000
62 158 90 167 0 2000
141 59 110 65 0 2000
143 56 138 88 0 2000
1 41 36 39 0 2000
40 102 51 127 0 2000
173 42 204 36 0 2000
134 118 147 142 0 2000
38 76 74 77 0 2000
74 75 44 68 0 2000
43 67 33 40 0 2000
1 1 26 13 0 2000
162 49 193 54 0 2000
48 215 38 189 0 2000
62 93 81 76 0 2000
134 39 146 64 0 2000
147 75 136 101 0 2000
0 4 2 37 0 2000
19 188 17 222 0 2000
30 256 63 259 0 2000
12 22 29 40 0 2000
126 63 160 64 0 2000
83 34 107 21 0 2000
266 151 288 136 0 2000
28 53 6 38 0 2000
17 39 19 74 0 2000
188 62 174 39 0 2000
85 90 70 112 0 2000
58 58 82 70 0 2000
18 54 10 27 0 2000
182 103 169 127 0 2000
51 52 70 34 0 2000
1 151 6 119 0 2000
97 112 121 99 0 2000
31 4 60 12 0 2000
100 59 125 70 0 2000
16 35 18 0 0 2000
17 57 15 92 0 2000
58 251 80 237 0 2000
63 122 74 148 0 2000
39 111 52 89 0 2000
128 176 124 144 0 2000
43 100 40 67 0 2000
239 82 263 69 0 2000
79 51 82 17 0 2000
234 65 253 83 0 2000
83 213 93 186 0 2000
274 103 270 136 0 2000
21 113 42 129 0 2000
12 30 18 0 0 2000
34 7 23 33 0 2000
42 16 67 27 0 2000
48 87 28 70 0 2000
162 12 129 8 0 2000
28 22 17 48 0 2000
72 73 56 93 0 2000
75 81 88 57 0 2000
77 46 41 45 0 2000
272 242 256 221 0 2000
45 114 24 99 0 2000
140 21 135 52 0 2000
140 38 174 41 0 2000
83 311 107 299 0 2000
121 113 88 116 0 2000
22 54 33 28 0 2000
138 103 122 124 0 2000
284 307 271 283 0 2000
22 48 45 36 0 2000
158 118 158 153 0 2000
91 190 93 225 0 2000
108 54 141 57 0 2000
175 16 175 53 0 2000
42 40 75 43 0 2000
132 80 156 68 0 2000
222 103 192 96 0 2000
202 45 183 27 0 2000
177 70 161 91 0 2000
198 53 171 61 0 2000
151 60 159 31 0 2000
268 32 254 9 0 2000
161 29 129 24 0 2000
57 223 31 234 0 2000
164 26 187 40 0 2000
92 38 59 42 0 2000
87 68 66 83 0 2000
252 33 249 67 0 2000
38 33 46 62 0 2000
27 152 28 118 0 2000
155 33 149 3 0 2000
46 13 21 25 0 2000
98 49 120 34 0 2000
130 127 128 162 0 2000
230 188 217 212 0 2000
174 118 179 86 0 2000
256 8 274 26 0 2000
142 99 148 129 0 2000
120 35 143 21 0 2000
98 85 97 51 0 2000
202 33 167 31 0 2000
29 95 6 107 0 2000
29 41 46 21 0 2000
100 16 122 1 0 2000
61 46 42 63 0 2000
418 26 442 39 0 2000
49 57 61 33 0 2000
63 87 89 76 0 2000
80 45 55 33 0 2000
79 115 102 102 0 2000
152 22 143 49 0 2000
56 77 29 87 0 2000
49 44 74 56 0 2000
65 64 46 82 0 2000
155 115 140 137 0 2000
110 27 78 31 0 2000
45 132 25 115 0 2000
89 51 70 68 0 2000
69 67 70 103 0 2000
62 22 49 46 0 2000
116 95 139 109 0 2000
98 71 119 55 0 2000
67 109 40 99 0 2000
192 222 190 187 0 2000
92 117 101 89 0 2000
96 89 70 78 0 2000
92 26 59 30 0 2000
26 60 51 49 0 2000
37 40 25 65 0 2000
118 113 122 146 0 2000
103 105 106 139 0 2000
203 84 175 75 0 2000
42 65 15 56 0 2000
162 77 181 95 0 2000
173 101 139 104 0 2000
15 131 1 109 0 2000
28 15 64 16 0 2000
197 138 231 140 0 2000
1 49 17 28 0 2000
125 18 156 24 0 2000
25 51 33 22 0 2000
147 457 174 447 0 2000
129 47 127 13 0 2000
60 35 52 64 0 2000
109 308 103 278 0 2000
181 253 148 250 0 2000
173 65 197 77 0 2000
63 129 50 105 0 2000
76 68 99 54 0 2000
82 48 50 53 0 2000
80 29 75 61 0 2000
65 103 87 89 0 2000
132 62 138 93 0 2000
45 52 32 29 0 2000
279 135 244 137 0 2000
45 68 70 78 0 2000
34 36 28 7 0 2000
44 72 78 70 0 2000
86 94 109 108 0 2000
9 125 10 91 0 2000
4 99 28 86 0 2000
132 79 125 109 0 2000
38 33 32 2 0 2000
17 57 16 91 0 2000
40 92 7 96 0 2000
14 85 40 74 0 2000
234 45 203 51 0 2000
100 18 91 46 0 2000
37 117 64 107 0 2000
67 142 60 112 0 2000
173 87 189 108 0 2000
18 107 23 75 0 2000
16 75 13 41 0 2000
37 22 62 33 0 2000
49 125 44 157 0 2000
39 167 29 140 0 2000
54 130 45 158 0 2000
116 117 137 102 0 2000
21 57 47 47 0 2000
65 90 62 124 0 2000
232 85 215 104 0 2000
203 10 203 47 0 2000
121 155 120 189 0 2000
37 33 58 49 0 2000
178 183 211 187 0 2000
139 207 157 189 0 2000
158 190 139 172 0 2000
1 1 4 35 0 2000
168 164 172 131 0 2000
87 118 68 136 0 2000
79 135 112 139 0 2000
42 38 32 11 0 2000
99 41 84 20 0 2000
229 116 240 90 0 2000
239 59 230 86 0 2000
36 158 16 174 0 2000
52 37 85 33 0 2000
27 79 52 91 0 2000
45 45 59 68 0 2000
2 128 23 113 0 2000
128 90 137 63 0 2000
82 17 90 46 0 2000
99 72 110 48 0 2000
72 51 56 72 0 2000
6 36 15 63 0 2000
48 67 60 91 0 2000
48 29 59 54 0 2000
100 50 67 47 0 2000
60 38 93 42 0 2000
40 39 40 76 0 2000
39 149 40 113 0 2000
36 75 51 53 0 2000
136 44 148 68 0 2000
137 135 165 126 0 2000
12 45 17 13 0 2000
49 39 73 27 0 2000
19 161 29 134 0 2000
53 51 57 18 0 2000
46 33 36 7 0 2000
183 59 183 22 0 2000
121 97 98 111 0 2000
128 41 125 74 0 2000
110 69 76 71 0 2000
1 125 5 158 0 2000
31 39 49 58 0 2000
13 128 30 148 0 2000
28 146 59 150 0 2000
59 154 52 126 0 2000
159 154 177 135 0 2000
161 97 181 80 0 2000
8 85 37 78 0 2000
85 110 118 106 0 2000
5 32 18 56 0 2000
217 14 195 0 0 2000
153 151 135 170 0 2000
41 47 6 46 0 2000
190 243 212 257 0 2000
237 114 269 109 0 2000
18 100 40 113 0 2000
41 112 35 81 0 2000
62 90 71 118 0 2000
70 75 39 79 0 2000
38 78 33 46 0 2000
86 117 71 138 0 2000
138 43 129 15 0 2000
1 1 33 6 0 2000
76 111 112 110 0 2000
132 144 108 156 0 2000
242 160 246 193 0 2000
162 116 195 112 0 2000
110 191 116 160 0 2000
26 13 5 29 0 2000
117 38 128 12 0 2000
49 80 51 46 0 2000
284 29 264 12 0 2000
65 228 63 263 0 2000
59 23 45 45 0 2000
102 140 123 156 0 2000
40 11 69 18 0 2000
119 256 118 292 0 2000
198 80 185 56 0 2000
73 94 66 64 0 2000
62 229 28 226 0 2000
14 35 15 71 0 2000
38 30 73 28 0 2000
91 156 116 166 0 2000
46 38 74 29 0 2000
121 70 103 52 0 2000
193 214 172 230 0 2000
30 76 59 84 0 2000
93 26 99 56 0 2000
26 87 56 93 0 2000
51 58 69 41 0 2000
177 113 163 136 0 2000
146 117 157 142 0 2000
296 60 315 42 0 2000
160 206 162 241 0 2000
25 32 3 18 0 2000
111 86 124 110 0 2000
48 72 34 95 0 2000
101 54 95 25 0 2000
60 68 28 64 0 2000
41 88 52 63 0 2000
70 152 61 126 0 2000
126 14 106 30 0 2000
48 9 59 35 0 2000
50 54 52 20 0 2000
145 276 135 303 0 2000
128 121 93 119 0 2000
104 304 74 310 0 2000
89 247 124 249 0 2000
94 330 78 350 0 2000
78 352 80 317 0 2000
110 68 130 84 0 2000
24 46 41 66 0 2000
30 23 46 2 0 2000
20 53 26 84 0 2000
101 35 117 14 0 2000
142 60 117 71 0 2000
31 192 26 223 0 2000
255 62 250 93 0 2000
90 172 101 196 0 2000
44 144 19 133 0 2000
45 34 26 16 0 2000
136 200 135 164 0 2000
19 48 50 54 0 2000
52 55 71 38 0 2000
71 278 41 284 0 2000
19 103 45 114 0 2000
119 158 130 133 0 2000
124 42 154 35 0 2000
81 121 93 97 0 2000
85 52 60 62 0 2000
18 10 26 38 0 2000
114 112 133 130 0 2000
134 131 123 157 0 2000
133 27 112 41 0 2000
96 341 84 365 0 2000
151 201 149 236 0 2000
148 237 166 218 0 2000
264 166 287 153 0 2000
23 89 50 79 0 2000
27 115 58 121 0 2000
95 41 122 31 0 2000
420 71 401 53 0 2000
27 15 28 50 0 2000
53 73 72 55 0 2000
68 274 66 308 0 2000
44 118 41 85 0 2000
222 109 206 88 0 2000
42 15 49 44 0 2000
104 32 135 26 0 2000
30 44 62 48 0 2000
118 34 122 2 0 2000
124 302 140 323 0 2000
107 95 141 94 0 2000
19 32 52 29 0 2000
80 19 116 18 0 2000
138 72 120 91 0 2000
63 41 27 40 0 2000
58 309 44 331 0 2000
23 102 21 67 0 2000
192 107 173 125 0 2000
157 88 137 71 0 2000
34 37 27 8 0 2000
62 12 61 48 0 2000
82 404 88 373 0 2000
30 209 39 183 0 2000
7 52 6 88 0 2000
109 400 78 406 0 2000
128 2 148 17 0 2000
140 37 125 59 0 2000
112 146 144 151 0 2000
95 99 94 135 0 2000
137 42 153 62 0 2000
13 25 33 9 0 2000
23 29 49 18 0 2000
51 94 25 103 0 2000
89 143 106 123 0 2000
90 63 119 71 0 2000
119 73 104 51 0 2000
1 2 31 8 0 2000
17 60 50 64 0 2000
159 130 186 140 0 2000
54 81 73 99 0 2000
26 88 24 54 0 2000
39 39 51 62 0 2000
14 129 1 105 0 2000
57 9 46 35 0 2000
150 19 170 2 0 2000
64 25 52 0 0 2000
55 55 68 31 0 2000
0 53 18 35 0 2000
1 1 1 38 0 2000
46 63 56 90 0 2000
28 137 38 110 0 2000
41 57 48 27 0 2000
37 3 20 22 0 2000
167 74 141 63 0 2000
37 132 16 146 0 2000
99 121 131 126 0 2000
53 152 44 180 0 2000
71 80 90 63 0 2000
6 37 6 0 0 2000
196 148 206 123 0 2000
125 165 143 146 0 2000
278 169 298 152 0 2000
97 32 70 42 0 2000
101 164 77 176 0 2000
39 39 6 35 0 2000
150 89 141 61 0 2000
139 13 166 22 0 2000
111 81 119 53 0 2000
2 25 7 56 0 2000
66 22 50 1 0 2000
194 158 165 150 0 2000
22 294 51 287 0 2000
46 196 22 183 0 2000
260 33 231 25 0 2000
16 141 13 108 0 2000
148 71 170 57 0 2000
37 189 57 206 0 2000
252 122 250 88 0 2000
56 54 58 20 0 2000
115 49 130 70 0 2000
48 36 65 55 0 2000
11 47 15 80 0 2000
14 58 30 37 0 2000
71 57 81 84 0 2000
148 79 138 53 0 2000
59 70 72 94 0 2000
159 257 141 276 0 2000
37 70 8 78 0 2000
91 48 73 67 0 2000
235 107 237 142 0 2000
42 15 37 47 0 2000
3 106 33 100 0 2000
102 275 109 305 0 2000
0 3 33 6 0 2000
54 147 53 111 0 2000
129 108 119 135 0 2000
54 156 65 182 0 2000
80 195 74 165 0 2000
159 32 164 0 0 2000
69 144 98 138 0 2000
166 37 166 74 0 2000
296 79 305 53 0 2000
51 7 35 28 0 2000
156 68 131 79 0 2000
5 32 22 14 0 2000
31 8 36 40 0 2000
72 62 89 81 0 2000
90 17 125 15 0 2000
13 118 2 144 0 2000
3 142 32 149 0 2000
31 151 26 120 0 2000
133 55 107 64 0 2000
5 21 26 37 0 2000
37 137 10 147 0 2000
200 303 169 309 0 2000
56 15 59 49 0 2000
107 91 107 128 0 2000
47 36 11 37 0 2000
64 201 100 202 0 2000
121 42 102 60 0 2000
4 33 9 63 0 2000
157 161 175 142 0 2000
40 25 34 56 0 2000
1 109 1 146 0 2000
33 58 69 57 0 2000
34 97 22 72 0 2000
2 2 27 12 0 2000
65 166 54 192 0 2000
25 64 32 36 0 2000
55 112 29 102 0 2000
1 37 17 17 0 2000
48 51 72 64 0 2000
23 56 58 58 0 2000
64 93 33 98 0 2000
49 362 55 392 0 2000
66 37 38 45 0 2000
162 113 156 144 0 2000
142 205 151 232 0 2000
39 15 21 34 0 2000
26 26 26 63 0 2000
58 87 77 69 0 2000
187 139 217 132 0 2000
7 143 33 153 0 2000
64 79 28 78 0 2000
8 34 7 70 0 2000
149 229 176 239 0 2000
87 40 101 62 0 2000
134 16 148 39 0 2000
87 156 98 131 0 2000
50 112 39 138 0 2000
316 2 288 10 0 2000
249 15 221 23 0 2000
19 70 26 100 0 2000
49 113 75 124 0 2000
114 19 96 37 0 2000
32 235 19 211 0 2000
62 252 76 229 0 2000
5 114 22 96 0 2000
33 100 40 128 0 2000
117 171 94 157 0 2000
42 93 39 126 0 2000
38 93 46 122 0 2000
28 279 63 277 0 2000
83 198 51 194 0 2000
5 60 40 58 0 2000
37 84 16 98 0 2000
14 57 40 46 0 2000
177 48 156 33 0 2000
78 46 105 37 0 2000
193 34 211 15 0 2000
174 140 200 151 0 2000
66 139 31 137 0 2000
158 221 160 255 0 2000
25 14 33 43 0 2000
11 69 3 42 0 2000
76 256 49 247 0 2000
86 10 96 37 0 2000
108 71 83 59 0 2000
50 19 26 32 0 2000
86 0 73 22 0 2000
2 153 25 139 0 2000
56 77 69 101 0 2000
20 32 34 55 0 2000
84 62 88 95 0 2000
31 81 54 95 0 2000
11 85 39 93 0 2000
75 21 106 16 0 2000
292 99 317 87 0 2000
108 59 76 64 0 2000
166 43 201 45 0 2000
58 55 64 86 0 2000
130 365 122 393 0 2000
72 55 77 25 0 2000
13 8 31 25 0 2000
36 300 35 335 0 2000
50 94 69 76 0 2000
69 14 39 8 0 2000
81 88 51 94 0 2000
39 94 59 111 0 2000
82 62 51 57 0 2000
65 71 90 82 0 2000
129 21 160 16 0 2000
100 105 131 111 0 2000
130 113 138 85 0 2000
53 87 42 113 0 2000
17 26 40 40 0 2000
15 24 46 18 0 2000
56 89 89 85 0 2000
25 108 27 143 0 2000
153 64 181 72 0 2000
124 68 136 43 0 2000
192 49 184 21 0 2000
183 22 154 30 0 2000
154 32 168 55 0 2000
112 109 121 135 0 2000
4 111 29 123 0 2000
69 50 72 83 0 2000
115 190 103 215 0 2000
2 1 6 33 0 2000
105 103 79 114 0 2000
155 74 126 82 0 2000
190 35 217 26 0 2000
2 186 18 166 0 2000
197 148 187 121 0 2000
47 77 63 98 0 2000
2 1 27 12 0 2000
163 66 158 35 0 2000
164 81 143 97 0 2000
39 58 36 24 0 2000
0 2 27 12 0 2000
32 35 30 70 0 2000
75 62 75 98 0 2000
121 35 128 6 0 2000
58 45 25 47 0 2000
30 39 56 28 0 2000
59 53 84 41 0 2000
42 3 70 12 0 2000
45 166 15 173 0 2000
60 341 47 318 0 2000
120 278 142 293 0 2000
82 22 95 45 0 2000
61 27 73 52 0 2000
73 149 103 142 0 2000
79 77 102 63 0 2000
37 33 49 57 0 2000
117 124 124 95 0 2000
100 52 75 41 0 2000
93 68 107 90 0 2000
119 134 145 144 0 2000
151 178 125 167 0 2000
248 85 252 53 0 2000
28 59 54 70 0 2000
10 109 29 92 0 2000
175 45 168 75 0 2000
107 102 71 103 0 2000
96 162 102 193 0 2000
119 67 87 62 0 2000
136 16 139 50 0 2000
140 295 120 278 0 2000
234 126 215 143 0 2000
5 306 32 316 0 2000
50 86 23 95 0 2000
137 49 134 82 0 2000
1 1 29 10 0 2000
109 71 117 43 0 2000
144 60 159 80 0 2000
36 93 22 116 0 2000
128 148 131 182 0 2000
256 7 270 30 0 2000
240 34 253 10 0 2000
42 31 42 68 0 2000
279 254 249 261 0 2000
37 196 60 210 0 2000
170 34 148 48 0 2000
369 67 360 94 0 2000
10 62 38 53 0 2000
47 259 14 262 0 2000
190 166 158 163 0 2000
117 150 118 186 0 2000
46 96 27 113 0 2000
42 80 57 102 0 2000
84 42 81 8 0 2000
161 39 169 67 0 2000
253 125 235 106 0 2000
56 44 23 40 0 2000
50 81 52 116 0 2000
54 47 65 73 0 2000
4 37 38 40 0 2000
28 205 61 209 0 2000
94 36 81 12 0 2000
19 57 32 81 0 2000
45 56 54 84 0 2000
30 7 63 11 0 2000
42 41 54 66 0 2000
81 84 81 47 0 2000
58 131 59 96 0 2000
70 274 91 290 0 2000
77 45 86 73 0 2000
110 138 103 110 0 2000
21 182 53 177 0 2000
30 45 66 44 0 2000
51 55 63 78 0 2000
119 41 142 55 0 2000
65 34 75 7 0 2000
135 33 138 67 0 2000
49 91 24 101 0 2000
357 94 376 76 0 2000
45 55 14 61 0 2000
15 60 43 69 0 2000
41 52 71 45 0 2000
18 54 7 80 0 2000
113 56 119 87 0 2000
126 84 121 116 0 2000
28 4 9 21 0 2000
1 1 17 22 0 2000
61 91 92 97 0 2000
8 31 38 24 0 2000
34 1 58 14 0 2000
128 16 112 37 0 2000
0 2 31 8 0 2000
62 160 77 139 0 2000
1 1 9 30 0 2000
45 30 23 44 0 2000
52 113 31 98 0 2000
111 68 86 80 0 2000
25 346 57 350 0 2000
73 72 40 75 0 2000
29 60 28 25 0 2000
14 35 17 1 0 2000
251 87 280 95 0 2000
197 101 215 120 0 2000
155 114 160 83 0 2000
44 41 50 72 0 2000
65 59 66 23 0 2000
32 85 66 88 0 2000
107 87 107 124 0 2000
204 167 204 130 0 2000
32 89 20 114 0 2000
99 88 112 64 0 2000
130 128 128 162 0 2000
196 177 166 184 0 2000
43 124 36 95 0 2000
46 182 76 175 0 2000
164 112 185 96 0 2000
97 109 99 74 0 2000
64 122 58 92 0 2000
36 18 64 9 0 2000
107 102 140 105 0 2000
29 9 11 27 0 2000
16 77 32 96 0 2000
96 55 117 40 0 2000
68 196 37 202 0 2000
82 119 109 109 0 2000
265 46 288 59 0 2000
157 253 144 277 0 2000
94 191 109 212 0 2000
124 77 133 50 0 2000
111 122 110 87 0 2000
85 190 91 159 0 2000
2 27 3 62 0 2000
155 67 187 71 0 2000
167 56 197 49 0 2000
123 55 123 18 0 2000
192 88 158 91 0 2000
81 160 59 173 0 2000
68 2 85 21 0 2000
1 55 15 32 0 2000
116 53 142 62 0 2000
71 15 70 51 0 2000
151 200 139 225 0 2000
75 17 58 37 0 2000
71 169 99 178 0 2000
99 176 102 142 0 2000
150 33 132 14 0 2000
4 49 35 55 0 2000
190 171 186 139 0 2000
9 195 17 166 0 2000
161 203 159 237 0 2000
105 146 126 130 0 2000
68 69 54 92 0 2000
89 13 121 8 0 2000
182 135 173 163 0 2000
120 131 156 132 0 2000
387 108 412 119 0 2000
106 137 115 109 0 2000
24 78 12 103 0 2000
147 469 135 444 0 2000
53 10 60 40 0 2000
34 105 44 132 0 2000
43 131 66 117 0 2000
228 46 202 35 0 2000
54 99 80 110 0 2000
238 99 242 132 0 2000
126 149 104 134 0 2000
47 1 80 5 0 2000
94 156 125 150 0 2000
92 77 63 69 0 2000
129 214 117 238 0 2000
123 79 151 88 0 2000
217 99 196 85 0 2000
371 90 398 82 0 2000
79 190 46 194 0 2000
127 45 142 24 0 2000
30 17 59 23 0 2000
88 199 64 211 0 2000
142 127 117 139 0 2000
74 96 100 107 0 2000
62 44 49 68 0 2000
59 53 37 38 0 2000
78 16 42 17 0 2000
252 91 273 107 0 2000
77 65 82 97 0 2000
171 141 136 143 0 2000
61 117 95 114 0 2000
58 14 59 50 0 2000
35 68 67 63 0 2000
31 9 63 4 0 2000
100 49 120 33 0 2000
75 109 103 101 0 2000
61 21 64 55 0 2000
91 180 85 150 0 2000
135 144 150 123 0 2000
96 70 117 85 0 2000
42 172 59 152 0 2000
143 238 132 264 0 2000
114 143 145 148 0 2000
62 41 90 50 0 2000
37 17 30 46 0 2000
47 84 33 107 0 2000
108 110 94 133 0 2000
33 29 7 19 0 2000
11 30 45 27 0 2000
22 23 21 59 0 2000
121 87 107 64 0 2000
28 20 5 7 0 2000
207 120 191 101 0 2000
164 54 185 70 0 2000
136 76 127 49 0 2000
84 214 83 178 0 2000
351 217 358 187 0 2000
167 28 138 35 0 2000
167 111 182 133 0 2000
36 107 59 94 0 2000
16 149 44 141 0 2000
46 54 64 35 0 2000
130 198 121 226 0 2000
58 230 89 225 0 2000
21 95 5 116 0 2000
3 15 8 47 0 2000
168 107 184 87 0 2000
183 86 169 109 0 2000
133 119 158 130 0 2000
158 132 175 113 0 2000
42 38 69 48 0 2000
28 99 15 122 0 2000
52 26 34 8 0 2000
91 68 79 43 0 2000
43 50 68 60 0 2000
0 43 2 76 0 2000
124 89 138 67 0 2000
180 79 191 105 0 2000
77 45 63 22 0 2000
262 258 254 286 0 2000
46 104 64 85 0 2000
128 69 144 50 0 2000
125 145 132 175 0 2000
208 87 237 81 0 2000
238 80 222 101 0 2000
18 166 0 185 0 2000
190 95 204 73 0 2000
64 165 41 179 0 2000
62 126 58 158 0 2000
100 434 110 461 0 2000
61 207 74 231 0 2000
103 195 70 192 0 2000
137 195 119 214 0 2000
5 116 27 101 0 2000
152 228 148 261 0 2000
82 156 88 125 0 2000
6 88 6 52 0 2000
1 3 20 19 0 2000
46 36 27 19 0 2000
142 56 139 24 0 2000
140 68 123 87 0 2000
87 22 53 25 0 2000
136 133 154 114 0 2000
118 85 154 86 0 2000
148 160 125 174 0 2000
106 89 88 71 0 2000
71 79 93 94 0 2000
17 83 39 68 0 2000
38 28 57 11 0 2000
2 12 11 38 0 2000
117 50 96 34 0 2000
174 159 197 173 0 2000
80 94 86 65 0 2000
54 24 69 2 0 2000
86 243 67 261 0 2000
98 263 62 262 0 2000
107 158 138 152 0 2000
0 3 0 39 0 2000
178 101 194 122 0 2000
84 326 97 350 0 2000
138 129 161 115 0 2000
40 132 29 107 0 2000
77 189 101 176 0 2000
221 48 194 39 0 2000
107 216 91 196 0 2000
179 75 195 96 0 2000
0 2 3 36 0 2000
102 59 80 44 0 2000
76 176 42 174 0 2000
11 21 19 50 0 2000
80 114 56 127 0 2000
35 333 71 332 0 2000
92 166 86 136 0 2000
80 12 65 34 0 2000
107 67 80 76 0 2000
37 121 39 86 0 2000
53 184 20 181 0 2000
12 28 39 19 0 2000
167 268 137 275 0 2000
158 39 145 16 0 2000
17 45 43 34 0 2000
42 136 50 164 0 2000
71 264 60 238 0 2000
4 33 17 57 0 2000
109 51 132 64 0 2000
52 59 23 67 0 2000
149 126 137 150 0 2000
141 40 124 60 0 2000
43 99 22 83 0 2000
71 152 101 145 0 2000
274 81 295 66 0 2000
184 140 160 152 0 2000
42 69 44 103 0 2000
60 204 85 194 0 2000
39 135 29 162 0 2000
107 180 115 151 0 2000
68 32 40 23 0 2000
93 118 102 145 0 2000
70 67 64 37 0 2000
119 273 143 286 0 2000
93 95 63 102 0 2000
49 112 38 138 0 2000
243 129 242 95 0 2000
29 202 35 171 0 2000
56 17 61 49 0 2000
70 11 104 8 0 2000
10 74 46 75 0 2000
148 179 172 166 0 2000
133 92 169 93 0 2000
125 102 132 132 0 2000
175 105 157 86 0 2000
18 73 12 43 0 2000
236 175 244 202 0 2000
97 67 64 69 0 2000
65 137 90 149 0 2000
179 52 165 29 0 2000
72 64 67 32 0 2000
45 87 53 59 0 2000
49 60 79 65 0 2000
177 203 199 217 0 2000
198 216 223 228 0 2000
42 4 13 12 0 2000
39 69 16 82 0 2000
69 82 87 101 0 2000
0 2 7 32 0 2000
21 32 28 2 0 2000
179 188 190 162 0 2000
312 267 337 255 0 2000
72 137 62 110 0 2000
22 69 21 104 0 2000
38 30 37 66 0 2000
14 65 1 42 0 2000
44 216 44 179 0 2000
84 90 54 96 0 2000
76 44 93 63 0 2000
163 81 198 79 0 2000
211 75 178 77 0 2000
6 31 39 34 0 2000
70 1 92 16 0 2000
52 47 48 80 0 2000
74 109 74 72 0 2000
94 245 63 250 0 2000
163 69 166 37 0 2000
125 211 96 204 0 2000
164 48 157 78 0 2000
207 280 241 279 0 2000
107 24 124 42 0 2000
100 108 107 137 0 2000
77 70 61 91 0 2000
85 175 54 171 0 2000
134 55 156 68 0 2000
79 150 94 172 0 2000
171 118 168 151 0 2000
143 36 153 10 0 2000
84 27 89 59 0 2000
222 118 246 105 0 2000
113 48 96 28 0 2000
49 62 17 58 0 2000
60 208 58 175 0 2000
223 135 242 152 0 2000
100 52 76 65 0 2000
153 51 182 58 0 2000
50 64 44 33 0 2000
64 55 59 87 0 2000
142 275 116 286 0 2000
2 2 29 10 0 2000
18 25 38 40 0 2000
168 88 183 109 0 2000
165 307 150 285 0 2000
64 178 61 212 0 2000
263 89 243 72 0 2000
221 207 226 239 0 2000
300 93 319 110 0 2000
151 120 139 95 0 2000
248 135 228 119 0 2000
5 283 8 250 0 2000
11 160 37 149 0 2000
143 121 175 126 0 2000
98 40 105 70 0 2000
26 106 54 115 0 2000
49 61 39 34 0 2000
309 214 285 201 0 2000
1 1 2 37 0 2000
50 45 57 15 0 2000
23 68 3 84 0 2000
105 57 92 33 0 2000
103 136 106 104 0 2000
37 65 10 75 0 2000
51 64 64 88 0 2000
102 93 82 76 0 2000
9 61 16 32 0 2000
54 33 23 27 0 2000
155 332 163 304 0 2000
7 34 17 61 0 2000
94 107 92 73 0 2000
63 30 55 59 0 2000
80 15 64 35 0 2000
21 66 30 38 0 2000
95 69 121 58 0 2000
37 128 16 144 0 2000
21 4 27 35 0 2000
122 103 158 104 0 2000
18 55 52 53 0 2000
39 76 70 82 0 2000
79 56 73 27 0 2000
93 97 118 108 0 2000
42 17 33 45 0 2000
43 133 47 100 0 2000
70 119 70 156 0 2000
0 2 28 11 0 2000
135 9 165 2 0 2000
74 156 83 128 0 2000
80 74 77 40 0 2000
45 11 45 48 0 2000
82 191 62 207 0 2000
47 103 38 130 0 2000
100 12 72 3 0 2000
72 5 104 0 0 2000
37 54 71 51 0 2000
57 95 74 76 0 2000
88 55 72 75 0 2000
16 94 50 96 0 2000
17 15 38 31 0 2000
116 20 143 29 0 2000
193 100 193 64 0 2000
89 97 53 96 0 2000
58 74 84 85 0 2000
174 140 186 165 0 2000
83 118 118 116 0 2000
57 84 26 78 0 2000
76 3 53 16 0 2000
77 24 63 2 0 2000
0 3 25 14 0 2000
23 15 12 40 0 2000
70 116 80 143 0 2000
8 8 11 42 0 2000
51 27 38 51 0 2000
120 131 147 121 0 2000
184 167 171 143 0 2000
69 43 100 49 0 2000
42 9 37 41 0 2000
73 172 39 175 0 2000
72 181 93 196 0 2000
30 102 4 111 0 2000
189 134 165 147 0 2000
92 81 72 97 0 2000
97 52 111 73 0 2000
61 61 58 95 0 2000
77 28 51 39 0 2000
53 130 53 93 0 2000
203 66 175 75 0 2000
44 57 13 51 0 2000
136 86 161 75 0 2000
32 7 36 40 0 2000
36 18 47 44 0 2000
51 85 77 96 0 2000
170 124 139 128 0 2000
26 144 52 133 0 2000
376 28 375 63 0 2000
434 140 435 105 0 2000
88 55 85 21 0 2000
13 42 48 41 0 2000
22 120 18 153 0 2000
71 77 61 104 0 2000
193 93 165 101 0 2000
32 319 4 327 0 2000
75 51 111 52 0 2000
111 54 104 24 0 2000
165 26 148 45 0 2000
26 94 26 131 0 2000
145 54 114 59 0 2000
79 258 106 250 0 2000
91 66 64 57 0 2000
159 79 151 50 0 2000
59 85 69 58 0 2000
185 110 211 101 0 2000
62 4 59 37 0 2000
113 106 143 111 0 2000
37 0 40 34 0 2000
13 3 13 39 0 2000
53 48 29 61 0 2000
32 167 0 172 0 2000
193 20 229 19 0 2000
53 48 44 74 0 2000
1 1 10 29 0 2000
15 124 31 104 0 2000
93 191 105 216 0 2000
42 71 36 102 0 2000
226 113 253 123 0 2000
122 251 116 282 0 2000
0 36 14 14 0 2000
179 26 185 57 0 2000
88 149 72 168 0 2000
80 56 108 47 0 2000
156 146 121 144 0 2000
224 157 206 176 0 2000
37 160 39 195 0 2000
377 77 343 74 0 2000
39 102 72 99 0 2000
9 24 44 26 0 2000
100 138 81 155 0 2000
69 74 49 59 0 2000
43 114 39 147 0 2000
33 79 65 75 0 2000
65 72 60 103 0 2000
105 50 100 18 0 2000
57 28 35 13 0 2000
170 140 181 166 0 2000
140 9 145 40 0 2000
212 221 190 236 0 2000
64 35 68 67 0 2000
9 85 44 87 0 2000
30 44 42 69 0 2000
66 41 40 30 0 2000
45 35 48 69 0 2000
29 1 24 33 0 2000
7 6 39 1 0 2000
0 2 27 12 0 2000
88 10 116 18 0 2000
0 4 5 36 0 2000
87 106 74 83 0 2000
10 31 31 15 0 2000
89 40 105 20 0 2000
18 205 53 204 0 2000
83 18 77 48 0 2000
88 30 96 59 0 2000
50 39 27 51 0 2000
53 60 22 65 0 2000
193 45 222 37 0 2000
35 3 65 9 0 2000
9 149 10 184 0 2000
125 164 145 147 0 2000
0 2 12 27 0 2000
212 30 180 35 0 2000
37 101 57 86 0 2000
69 44 88 27 0 2000
47 53 83 54 0 2000
35 19 51 39 0 2000
272 282 261 256 0 2000
46 57 55 30 0 2000
37 2 37 39 0 2000
39 36 39 72 0 2000
131 122 149 104 0 2000
33 10 67 13 0 2000
43 33 61 52 0 2000
79 65 105 54 0 2000
73 75 39 78 0 2000
178 135 166 110 0 2000
46 98 72 109 0 2000
117 84 91 95 0 2000
127 17 151 4 0 2000
69 114 68 150 0 2000
121 111 155 113 0 2000
45 83 74 90 0 2000
54 72 71 52 0 2000
129 210 133 178 0 2000
83 25 114 31 0 2000
53 163 42 137 0 2000
178 171 178 134 0 2000
124 97 88 98 0 2000
60 45 32 52 0 2000
65 22 56 49 0 2000
88 168 113 180 0 2000
197 52 183 29 0 2000
150 47 157 76 0 2000
3 26 32 34 0 2000
133 61 101 56 0 2000
105 64 87 45 0 2000
74 33 108 36 0 2000
112 39 118 68 0 2000
37 27 16 11 0 2000
1 1 4 35 0 2000
208 186 221 209 0 2000
17 60 13 93 0 2000
39 121 57 103 0 2000
79 92 59 75 0 2000
60 22 67 50 0 2000
11 100 46 102 0 2000
26 34 62 33 0 2000
254 114 257 147 0 2000
41 146 75 148 0 2000
87 387 80 416 0 2000
152 292 126 302 0 2000
80 134 98 115 0 2000
89 26 55 23 0 2000
21 26 48 16 0 2000
105 28 120 7 0 2000
62 41 34 32 0 2000
34 35 47 58 0 2000
41 30 27 8 0 2000
250 149 271 165 0 2000
125 20 155 13 0 2000
22 93 50 101 0 2000
41 13 20 29 0 2000
213 108 226 84 0 2000
100 134 121 149 0 2000
215 93 199 73 0 2000
100 108 76 96 0 2000
35 15 1 14 0 2000
47 316 68 332 0 2000
55 122 45 97 0 2000
45 136 76 141 0 2000
116 53 120 21 0 2000
122 175 140 156 0 2000
153 85 166 109 0 2000
61 83 61 119 0 2000
160 122 142 141 0 2000
117 183 85 188 0 2000
112 65 146 63 0 2000
82 97 78 64 0 2000
219 31 252 35 0 2000
41 40 29 16 0 2000
25 100 48 87 0 2000
50 33 74 22 0 2000
72 23 106 25 0 2000
149 64 145 31 0 2000
82 227 53 234 0 2000
76 29 97 13 0 2000
83 46 94 20 0 2000
32 23 58 12 0 2000
153 0 154 35 0 2000
61 27 96 28 0 2000
280 97 263 117 0 2000
68 24 47 8 0 2000
67 63 57 36 0 2000
97 20 91 50 0 2000
103 21 138 19 0 2000
30 20 34 53 0 2000
264 222 291 212 0 2000
138 33 135 66 0 2000
23 128 24 164 0 2000
158 63 175 82 0 2000
79 22 59 39 0 2000
1 1 29 10 0 2000
33 79 33 115 0 2000
112 62 79 59 0 2000
47 75 79 72 0 2000
79 74 99 57 0 2000
59 39 34 27 0 2000
52 65 68 44 0 2000
118 110 112 79 0 2000
93 56 100 86 0 2000
47 184 13 187 0 2000
114 79 139 91 0 2000
157 144 146 170 0 2000
47 63 67 80 0 2000
30 132 47 151 0 2000
79 43 56 57 0 2000
129 50 131 16 0 2000
12 118 37 130 0 2000
95 303 124 310 0 2000
71 87 60 112 0 2000
42 84 32 111 0 2000
138 62 161 76 0 2000
44 59 75 65 0 2000
110 74 92 55 0 2000
106 134 115 161 0 2000
161 143 145 123 0 2000
177 94 145 97 0 2000
112 51 89 37 0 2000
196 150 176 133 0 2000
93 79 98 109 0 2000
88 151 57 147 0 2000
204 273 199 305 0 2000
223 101 250 93 0 2000
254 82 238 63 0 2000
43 392 14 384 0 2000
136 97 155 79 0 2000
23 60 20 94 0 2000
235 50 249 27 0 2000
58 56 71 32 0 2000
28 67 19 40 0 2000
132 41 166 39 0 2000
55 19 88 23 0 2000
132 125 161 132 0 2000
123 179 103 163 0 2000
190 27 158 31 0 2000
0 56 15 36 0 2000
33 7 68 5 0 2000
41 49 54 25 0 2000
174 43 183 15 0 2000
92 40 126 38 0 2000
188 121 198 147 0 2000
178 136 199 120 0 2000
121 175 146 187 0 2000
45 25 28 45 0 2000
28 66 7 82 0 2000
8 83 38 76 0 2000
47 50 21 61 0 2000
235 218 200 216 0 2000
97 112 113 91 0 2000
123 99 127 131 0 2000
157 5 151 34 0 2000
38 78 36 43 0 2000
112 226 132 243 0 2000
79 164 83 195 0 2000
152 58 148 25 0 2000
119 57 140 72 0 2000
4 54 33 48 0 2000
33 50 21 25 0 2000
157 76 159 111 0 2000
108 83 115 113 0 2000
14 83 6 55 0 2000
39 56 45 25 0 2000
26 71 53 61 0 2000
30 12 17 35 0 2000
90 8 90 45 0 2000
64 72 63 107 0 2000
1 1 25 14 0 2000
16 2 43 11 0 2000
35 95 32 129 0 2000
44 53 64 38 0 2000
55 189 36 173 0 2000
154 209 123 203 0 2000
31 64 43 39 0 2000
75 95 110 94 0 2000
102 195 107 163 0 2000
70 205 47 218 0 2000
158 127 184 138 0 2000
110 104 143 107 0 2000
97 200 78 218 0 2000
56 23 73 3 0 2000
65 13 54 39 0 2000
33 105 31 140 0 2000
87 167 97 194 0 2000
53 28 40 6 0 2000
95 161 64 157 0 2000
180 54 206 64 0 2000
30 41 38 70 0 2000
159 230 123 229 0 2000
64 16 55 44 0 2000
11 12 11 49 0 2000
74 41 102 32 0 2000
147 61 144 27 0 2000
52 157 64 182 0 2000
63 75 29 72 0 2000
100 102 126 92 0 2000
150 77 171 93 0 2000
14 109 47 113 0 2000
49 223 52 189 0 2000
48 246 58 273 0 2000
195 3 203 31 0 2000
172 62 199 71 0 2000
3 168 35 172 0 2000
86 46 113 36 0 2000
257 45 224 48 0 2000
31 3 43 28 0 2000
52 70 44 98 0 2000
119 129 95 142 0 2000
67 101 87 117 0 2000
117 228 152 230 0 2000
10 35 40 28 0 2000
98 215 83 236 0 2000
32 22 68 23 0 2000
15 38 10 6 0 2000
93 75 62 70 0 2000
4 121 7 154 0 2000
114 71 123 44 0 2000
54 55 47 85 0 2000
151 15 135 35 0 2000
40 61 71 56 0 2000
36 35 41 67 0 2000
52 40 70 59 0 2000
65 118 46 100 0 2000
68 178 55 202 0 2000
17 13 32 33 0 2000
62 60 64 95 0 2000
106 22 114 51 0 2000
158 63 144 41 0 2000
111 150 141 157 0 2000
128 86 144 65 0 2000
64 90 76 113 0 2000
13 139 13 102 0 2000
141 285 114 276 0 2000
58 18 58 55 0 2000
126 52 161 54 0 2000
68 213 38 207 0 2000
18 113 50 116 0 2000
49 117 77 126 0 2000
98 7 72 18 0 2000
7 45 37 52 0 2000
29 11 19 37 0 2000
54 69 88 68 0 2000
65 9 51 30 0 2000
9 60 1 32 0 2000
0 33 14 56 0 2000
77 116 51 106 0 2000
141 203 175 204 0 2000
53 100 29 112 0 2000
57 23 41 2 0 2000
69 64 53 44 0 2000
55 42 79 53 0 2000
0 29 36 30 0 2000
121 33 95 22 0 2000
96 134 96 99 0 2000
137 95 145 124 0 2000
43 158 54 132 0 2000
72 31 76 64 0 2000
33 12 60 2 0 2000
150 103 128 89 0 2000
49 38 26 24 0 2000
140 254 157 236 0 2000
165 152 174 180 0 2000
258 258 260 224 0 2000
68 27 42 37 0 2000
41 187 14 195 0 2000
15 62 30 40 0 2000
52 126 50 91 0 2000
66 76 60 45 0 2000
87 196 67 212 0 2000
80 117 73 87 0 2000
83 97 116 93 0 2000
111 98 82 106 0 2000
55 152 65 179 0 2000
10 118 32 133 0 2000
117 236 89 245 0 2000
16 101 32 122 0 2000
59 20 60 56 0 2000
97 78 125 87 0 2000
6 9 30 21 0 2000
27 17 19 46 0 2000
120 101 120 64 0 2000
85 59 116 63 0 2000
191 241 189 275 0 2000
181 143 167 120 0 2000
50 120 59 92 0 2000
140 105 175 107 0 2000
84 126 109 115 0 2000
62 54 95 58 0 2000
122 134 98 122 0 2000
64 70 98 73 0 2000
48 152 83 150 0 2000
31 10 27 43 0 2000
36 163 9 153 0 2000
27 124 21 93 0 2000
112 89 125 66 0 2000
262 14 263 50 0 2000
41 92 29 117 0 2000
149 5 149 42 0 2000
34 127 46 102 0 2000
153 91 136 71 0 2000
13 18 16 50 0 2000
204 184 227 170 0 2000
89 47 101 72 0 2000
96 61 97 26 0 2000
87 70 67 53 0 2000
126 85 123 118 0 2000
43 153 74 159 0 2000
51 112 52 78 0 2000
9 103 13 70 0 2000
132 175 137 145 0 2000
89 186 92 220 0 2000
19 83 7 59 0 2000
6 39 16 66 0 2000
139 72 121 89 0 2000
109 119 142 115 0 2000
95 74 89 104 0 2000
21 81 3 99 0 2000
46 150 27 133 0 2000
48 91 45 125 0 2000
50 105 66 125 0 2000
3 32 24 48 0 2000
58 65 41 85 0 2000
74 97 87 74 0 2000
6 43 29 31 0 2000
93 223 59 220 0 2000
21 20 44 32 0 2000
148 88 159 62 0 2000
128 476 150 462 0 2000
171 190 162 218 0 2000
157 79 139 61 0 2000
129 115 103 104 0 2000
90 134 100 161 0 2000
114 108 130 129 0 2000
14 77 46 81 0 2000
36 94 8 85 0 2000
133 28 117 7 0 2000
174 163 141 167 0 2000
458 124 436 139 0 2000
17 26 43 37 0 2000
12 9 34 24 0 2000
149 59 145 92 0 2000
104 53 93 27 0 2000
55 193 67 218 0 2000
335 73 360 62 0 2000
7 44 33 34 0 2000
155 46 183 55 0 2000
86 103 87 67 0 2000
108 196 112 228 0 2000
101 81 115 104 0 2000
190 179 195 148 0 2000
96 119 106 92 0 2000
17 98 7 124 0 2000
5 123 35 129 0 2000
106 129 105 165 0 2000
27 109 1 98 0 2000
48 78 69 94 0 2000
35 59 67 64 0 2000
43 108 25 126 0 2000
215 155 235 172 0 2000
55 137 19 138 0 2000
27 85 57 91 0 2000
4 158 27 172 0 2000
256 80 292 79 0 2000
84 85 87 119 0 2000
150 197 174 210 0 2000
101 16 131 23 0 2000
55 77 71 56 0 2000
45 195 66 179 0 2000
202 114 211 86 0 2000
152 182 159 210 0 2000
51 236 25 225 0 2000
58 106 54 73 0 2000
113 271 145 267 0 2000
59 16 34 27 0 2000
38 249 20 230 0 2000
89 19 75 42 0 2000
161 133 167 164 0 2000
264 161 270 190 0 2000
178 144 207 137 0 2000
15 58 21 88 0 2000
168 105 170 71 0 2000
77 105 43 102 0 2000
15 156 40 168 0 2000
0 3 14 25 0 2000
58 119 57 84 0 2000
135 169 170 170 0 2000
67 54 40 63 0 2000
35 51 64 43 0 2000
25 79 25 43 0 2000
74 263 39 264 0 2000
236 95 241 63 0 2000
70 51 86 72 0 2000
67 138 35 142 0 2000
72 64 62 91 0 2000
95 73 119 60 0 2000
222 106 239 86 0 2000
6 33 9 67 0 2000
71 86 93 100 0 2000
22 116 42 132 0 2000
31 65 17 43 0 2000
46 77 71 89 0 2000
28 84 30 119 0 2000
79 91 107 99 0 2000
76 101 58 119 0 2000
27 139 16 113 0 2000
51 132 20 126 0 2000
10 28 32 13 0 2000
45 33 13 38 0 2000
18 19 19 55 0 2000
57 36 50 65 0 2000
125 0 125 35 0 2000
89 97 64 108 0 2000
43 6 73 13 0 2000
34 8 23 33 0 2000
86 153 101 175 0 2000
113 149 115 184 0 2000
72 45 49 58 0 2000
191 100 177 123 0 2000
124 54 111 78 0 2000
31 66 25 97 0 2000
43 86 36 116 0 2000
72 26 38 29 0 2000
50 113 84 116 0 2000
47 31 70 45 0 2000
54 83 74 100 0 2000
183 107 185 142 0 2000
158 192 128 198 0 2000
80 30 95 52 0 2000
143 48 164 64 0 2000
149 52 138 78 0 2000
151 205 140 230 0 2000
32 105 58 115 0 2000
20 67 41 51 0 2000
172 191 149 178 0 2000
118 109 85 105 0 2000
171 165 185 142 0 2000
181 53 155 64 0 2000
60 90 84 102 0 2000
36 17 53 36 0 2000
57 123 34 137 0 2000
161 226 172 200 0 2000
0 2 31 8 0 2000
34 7 70 6 0 2000
43 27 13 22 0 2000
11 21 4 50 0 2000
41 297 19 282 0 2000
14 24 7 53 0 2000
198 81 163 79 0 2000
29 76 5 64 0 2000
83 72 98 94 0 2000
296 96 325 103 0 2000
19 78 38 61 0 2000
282 253 316 250 0 2000
14 23 40 12 0 2000
55 78 75 63 0 2000
27 81 44 62 0 2000
44 90 71 80 0 2000
8 220 21 243 0 2000
34 40 5 32 0 2000
17 22 46 29 0 2000
130 77 134 44 0 2000
146 42 118 51 0 2000
29 35 38 7 0 2000
40 5 26 28 0 2000
91 20 88 54 0 2000
163 143 139 156 0 2000
63 47 62 83 0 2000
10 14 24 35 0 2000
46 11 11 9 0 2000
67 39 40 29 0 2000
104 89 116 114 0 2000
31 40 59 32 0 2000
178 150 153 162 0 2000
123 30 138 8 0 2000
131 24 146 46 0 2000
68 62 40 53 0 2000
157 30 141 11 0 2000
66 57 87 41 0 2000
16 1 23 30 0 2000
173 45 171 80 0 2000
227 92 261 95 0 2000
16 64 34 45 0 2000
158 19 133 31 0 2000
146 68 159 46 0 2000
103 103 77 113 0 2000
141 180 113 171 0 2000
56 40 57 75 0 2000
2 35 17 13 0 2000
85 86 50 84 0 2000
37 15 3 18 0 2000
81 51 49 46 0 2000
82 143 48 140 0 2000
16 24 2 2 0 2000
7 30 27 47 0 2000
184 140 210 151 0 2000
36 101 19 81 0 2000
96 144 63 140 0 2000
325 40 361 41 0 2000
19 179 35 158 0 2000
22 78 56 81 0 2000
56 79 90 82 0 2000
97 114 119 129 0 2000
53 206 29 219 0 2000
75 257 78 223 0 2000
108 68 123 90 0 2000
120 185 97 198 0 2000
32 31 47 53 0 2000
44 333 49 365 0 2000
72 130 65 158 0 2000
52 47 47 16 0 2000
107 37 110 71 0 2000
46 103 25 118 0 2000
62 5 42 22 0 2000
53 37 71 55 0 2000
57 41 91 44 0 2000
87 43 117 36 0 2000
117 291 115 326 0 2000
142 199 149 170 0 2000
80 40 89 68 0 2000
150 88 175 100 0 2000
181 90 159 75 0 2000
142 139 175 142 0 2000
199 117 190 89 0 2000
42 105 54 129 0 2000
217 58 246 66 0 2000
53 151 32 165 0 2000
56 132 54 166 0 2000
69 192 38 187 0 2000
73 74 75 40 0 2000
103 171 117 148 0 2000
68 254 56 231 0 2000
109 178 108 143 0 2000
100 91 103 125 0 2000
1 1 14 25 0 2000
67 69 53 46 0 2000
203 90 207 123 0 2000
173 111 180 141 0 2000
155 233 165 207 0 2000
104 23 85 41 0 2000
32 42 66 39 0 2000
94 38 86 10 0 2000
1 1 31 8 0 2000
59 10 38 25 0 2000
177 93 146 99 0 2000
41 45 16 56 0 2000
115 30 101 9 0 2000
113 176 98 197 0 2000
105 170 111 139 0 2000
57 97 75 116 0 2000
37 29 56 47 0 2000
66 54 43 68 0 2000
47 25 35 2 0 2000
118 64 93 75 0 2000
50 29 56 59 0 2000
6 68 15 41 0 2000
45 21 50 52 0 2000
6 48 21 26 0 2000
52 59 56 27 0 2000
31 16 65 14 0 2000
6 121 16 148 0 2000
7 55 7 91 0 2000
41 14 64 0 0 2000
96 352 108 376 0 2000
51 115 63 90 0 2000
44 79 27 99 0 2000
91 239 58 235 0 2000
159 288 127 293 0 2000
156 172 171 152 0 2000
11 59 39 51 0 2000
123 16 124 52 0 2000
144 261 124 278 0 2000
39 197 63 184 0 2000
25 56 49 68 0 2000
151 218 125 209 0 2000
31 92 43 67 0 2000
38 63 69 57 0 2000
37 64 61 51 0 2000
67 78 65 113 0 2000
15 35 11 3 0 2000
60 88 45 66 0 2000
95 85 86 112 0 2000
29 98 25 65 0 2000
61 123 62 88 0 2000
89 174 70 158 0 2000
132 55 167 54 0 2000
104 39 78 29 0 2000
41 23 35 54 0 2000
29 136 40 162 0 2000
18 26 19 62 0 2000
46 116 74 125 0 2000
102 79 132 86 0 2000
13 3 9 36 0 2000
119 53 86 49 0 2000
100 0 106 31 0 2000
64 69 94 64 0 2000
19 67 33 90 0 2000
58 10 25 12 0 2000
80 38 98 56 0 2000
189 28 158 34 0 2000
34 47 69 45 0 2000
167 152 197 159 0 2000
80 92 114 95 0 2000
142 165 107 166 0 2000
69 46 74 15 0 2000
75 64 49 53 0 2000
159 27 189 34 0 2000
34 73 20 96 0 2000
134 100 142 72 0 2000
3 118 19 137 0 2000
19 135 22 169 0 2000
59 111 61 145 0 2000
7 60 42 62 0 2000
100 111 112 88 0 2000
148 433 163 455 0 2000
174 233 170 200 0 2000
6 62 41 63 0 2000
97 62 130 58 0 2000
9 209 29 193 0 2000
138 100 123 78 0 2000
74 123 103 115 0 2000
25 108 36 134 0 2000
131 205 154 219 0 2000
40 45 54 22 0 2000
173 167 157 147 0 2000
39 147 63 159 0 2000
29 19 53 32 0 2000
0 3 28 11 0 2000
38 101 33 69 0 2000
166 113 189 127 0 2000
135 130 120 109 0 2000
64 241 62 276 0 2000
39 27 30 54 0 2000
57 58 89 63 0 2000
138 153 108 146 0 2000
185 135 185 98 0 2000
67 263 73 294 0 2000
154 2 122 7 0 2000
27 70 25 35 0 2000
26 87 11 65 0 2000
29 339 29 303 0 2000
71 84 68 118 0 2000
38 46 59 31 0 2000
2 37 38 38 0 2000
97 95 111 74 0 2000
83 152 118 154 0 2000
125 32 139 10 0 2000
17 57 33 36 0 2000
88 113 63 102 0 2000
103 81 91 106 0 2000
96 177 72 188 0 2000
21 72 10 46 0 2000
64 167 48 187 0 2000
94 54 109 76 0 2000
39 57 70 62 0 2000
54 36 65 62 0 2000
19 195 1 176 0 2000
16 122 32 143 0 2000
90 130 87 96 0 2000
75 69 62 91 0 2000
8 69 39 63 0 2000
17 134 5 109 0 2000
105 65 85 82 0 2000
17 83 38 68 0 2000
46 54 57 29 0 2000
76 54 95 72 0 2000
257 164 266 138 0 2000
179 122 144 123 0 2000
75 38 101 28 0 2000
161 143 156 111 0 2000
81 23 76 55 0 2000
21 247 34 270 0 2000
37 56 15 41 0 2000
28 14 13 34 0 2000
239 146 258 163 0 2000
10 66 39 74 0 2000
64 147 34 140 0 2000
121 135 116 167 0 2000
32 55 59 64 0 2000
96 165 111 186 0 2000
78 92 69 64 0 2000
21 39 9 63 0 2000
31 101 7 114 0 2000
136 41 165 33 0 2000
11 60 33 74 0 2000
72 60 46 70 0 2000
115 186 106 214 0 2000
61 109 41 94 0 2000
23 17 6 37 0 2000
24 13 14 40 0 2000
63 100 86 86 0 2000
78 215 102 228 0 2000
115 105 89 115 0 2000
35 212 61 223 0 2000
98 162 128 156 0 2000
86 44 71 66 0 2000
85 41 113 50 0 2000
117 236 113 268 0 2000
28 62 15 38 0 2000
38 42 7 48 0 2000
51 62 73 47 0 2000
58 44 90 40 0 2000
111 32 131 15 0 2000
46 36 19 28 0 2000
89 144 95 174 0 2000
41 64 10 69 0 2000
120 2 147 11 0 2000
101 99 130 92 0 2000
44 15 51 44 0 2000
194 150 229 151 0 2000
108 183 82 194 0 2000
80 217 81 181 0 2000
97 30 103 60 0 2000
61 74 43 57 0 2000
213 85 181 80 0 2000
70 81 94 94 0 2000
93 95 94 131 0 2000
83 42 58 30 0 2000
80 235 116 234 0 2000
159 212 137 197 0 2000
26 44 57 48 0 2000
238 70 246 97 0 2000
130 56 120 29 0 2000
120 31 94 42 0 2000
13 118 29 99 0 2000
46 59 45 93 0 2000
35 80 32 114 0 2000
124 246 108 226 0 2000
112 111 137 123 0 2000
70 99 105 100 0 2000
72 101 95 87 0 2000
100 106 100 143 0 2000
99 40 117 22 0 2000
164 186 192 178 0 2000
35 92 55 76 0 2000
117 40 136 58 0 2000
13 190 46 187 0 2000
159 105 137 120 0 2000
43 190 52 162 0 2000
40 137 71 143 0 2000
63 129 27 128 0 2000
131 109 165 107 0 2000
74 201 72 167 0 2000
84 67 96 92 0 2000
1 2 12 27 0 2000
129 59 96 55 0 2000
278 17 309 23 0 2000
189 27 167 12 0 2000
51 150 51 113 0 2000
29 137 32 104 0 2000
121 12 146 22 0 2000
37 178 49 203 0 2000
143 23 159 3 0 2000
8 0 20 25 0 2000
72 52 66 83 0 2000
107 145 129 159 0 2000
162 239 178 260 0 2000
3 16 15 41 0 2000
107 105 112 73 0 2000
13 88 21 59 0 2000
271 188 301 182 0 2000
198 33 211 56 0 2000
110 122 107 89 0 2000
17 152 47 145 0 2000
106 147 105 183 0 2000
15 23 12 56 0 2000
101 225 133 229 0 2000
68 15 94 4 0 2000
139 155 162 142 0 2000
84 50 113 58 0 2000
196 225 211 247 0 2000
60 24 73 1 0 2000
145 221 117 230 0 2000
13 115 23 88 0 2000
81 111 117 112 0 2000
102 228 98 196 0 2000
67 72 34 75 0 2000
64 95 91 105 0 2000
191 277 201 302 0 2000
8 203 36 212 0 2000
172 63 150 49 0 2000
134 310 166 306 0 2000
100 88 84 109 0 2000
73 72 85 96 0 2000
58 152 60 117 0 2000
149 212 149 249 0 2000
98 118 114 138 0 2000
286 156 255 162 0 2000
160 139 173 117 0 2000
224 118 224 155 0 2000
137 109 144 139 0 2000
48 44 82 43 0 2000
1 1 16 23 0 2000
63 104 63 141 0 2000
35 43 51 22 0 2000
60 235 46 257 0 2000
109 111 82 120 0 2000
19 79 14 47 0 2000
33 78 27 107 0 2000
15 58 35 75 0 2000
69 46 98 38 0 2000
51 362 44 391 0 2000
159 51 155 18 0 2000
21 72 21 109 0 2000
21 98 38 79 0 2000
36 59 12 47 0 2000
27 135 2 147 0 2000
66 286 63 253 0 2000
3 1 5 34 0 2000
89 122 102 146 0 2000
79 49 109 44 0 2000
113 56 85 65 0 2000
136 58 111 70 0 2000
2 70 2 33 0 2000
257 158 265 129 0 2000
397 69 380 50 0 2000
153 91 176 77 0 2000
145 122 168 108 0 2000
26 30 33 0 0 2000
171 70 162 98 0 2000
160 143 136 132 0 2000
0 2 3 36 0 2000
53 90 69 69 0 2000
108 151 90 170 0 2000
190 69 214 82 0 2000
176 133 202 144 0 2000
79 99 48 104 0 2000
104 10 94 37 0 2000
0 2 5 34 0 2000
21 85 38 65 0 2000
76 84 70 115 0 2000
57 6 54 39 0 2000
62 98 96 100 0 2000
219 61 233 38 0 2000
315 91 295 76 0 2000
35 68 71 67 0 2000
126 210 106 194 0 2000
333 62 304 54 0 2000
105 249 74 255 0 2000
213 107 202 133 0 2000
66 68 68 102 0 2000
94 2 99 34 0 2000
33 52 16 33 0 2000
94 202 59 204 0 2000
65 12 74 39 0 2000
144 165 160 144 0 2000
11 76 31 92 0 2000
62 33 91 39 0 2000
55 42 76 26 0 2000
90 86 113 100 0 2000
48 8 44 39 0 2000
156 157 144 133 0 2000
55 31 59 63 0 2000
74 49 77 15 0 2000
398 84 421 70 0 2000
167 69 165 103 0 2000
117 73 85 68 0 2000
130 121 142 146 0 2000
95 54 76 36 0 2000
58 117 59 153 0 2000
53 77 61 48 0 2000
61 45 32 52 0 2000
62 119 57 149 0 2000
51 36 74 50 0 2000
86 97 82 129 0 2000
122 0 106 21 0 2000
41 83 70 77 0 2000
97 233 83 211 0 2000
53 58 23 64 0 2000
13 35 27 12 0 2000
15 10 39 22 0 2000
21 28 56 30 0 2000
169 132 138 138 0 2000
24 133 12 108 0 2000
58 76 48 50 0 2000
209 121 180 127 0 2000
184 29 213 37 0 2000
84 39 107 25 0 2000
28 120 35 90 0 2000
203 452 191 476 0 2000
217 121 206 96 0 2000
55 26 70 48 0 2000
29 74 62 78 0 2000
54 72 68 49 0 2000
120 104 114 75 0 2000
102 60 76 70 0 2000
83 93 97 115 0 2000
28 108 15 85 0 2000
82 83 91 55 0 2000
77 64 75 30 0 2000
336 179 342 210 0 2000
26 3 29 37 0 2000
1 1 3 36 0 2000
167 5 153 28 0 2000
213 93 210 59 0 2000
13 83 48 81 0 2000
63 9 52 35 0 2000
37 291 5 286 0 2000
102 116 79 130 0 2000
101 117 124 103 0 2000
100 32 83 51 0 2000
231 221 264 224 0 2000
161 35 129 40 0 2000
284 64 298 87 0 2000
42 1 77 3 0 2000
101 9 82 25 0 2000
26 106 19 134 0 2000
92 41 94 7 0 2000
48 72 47 36 0 2000
160 32 143 50 0 2000
48 39 18 46 0 2000
118 239 88 246 0 2000
12 54 0 29 0 2000
101 163 134 167 0 2000
53 236 63 209 0 2000
202 147 223 132 0 2000
164 137 179 115 0 2000
43 8 25 26 0 2000
19 45 52 42 0 2000
139 54 142 20 0 2000
126 203 149 189 0 2000
150 65 147 99 0 2000
112 62 119 32 0 2000
150 92 131 109 0 2000
51 107 25 96 0 2000
257 145 252 177 0 2000
73 3 94 19 0 2000
146 107 141 138 0 2000
86 208 107 224 0 2000
141 6 113 13 0 2000
30 69 14 48 0 2000
65 180 91 191 0 2000
27 64 38 38 0 2000
180 180 180 217 0 2000
71 121 103 117 0 2000
64 83 84 100 0 2000
172 58 171 22 0 2000
70 202 101 196 0 2000
24 127 24 90 0 2000
131 32 95 33 0 2000
321 215 339 234 0 2000
97 64 68 56 0 2000
23 41 19 74 0 2000
38 81 30 110 0 2000
157 142 181 129 0 2000
122 167 146 178 0 2000
56 48 68 23 0 2000
132 24 125 53 0 2000
10 44 11 8 0 2000
137 279 147 304 0 2000
107 3 96 29 0 2000
58 92 35 79 0 2000
88 118 75 94 0 2000
35 205 43 234 0 2000
59 34 61 0 0 2000
19 48 45 58 0 2000
132 89 157 78 0 2000
51 38 70 55 0 2000
11 133 1 106 0 2000
47 127 16 133 0 2000
1 2 3 36 0 2000
106 142 119 166 0 2000
62 51 83 67 0 2000
56 28 72 7 0 2000
295 191 286 218 0 2000
179 94 183 61 0 2000
66 183 87 199 0 2000
131 140 155 128 0 2000
148 136 165 156 0 2000
80 91 115 93 0 2000
217 130 217 93 0 2000
83 19 81 54 0 2000
8 112 15 82 0 2000
206 203 227 218 0 2000
97 75 104 46 0 2000
113 233 126 209 0 2000
189 88 199 115 0 2000
48 44 21 34 0 2000
233 192 199 193 0 2000
73 18 92 0 0 2000
290 135 278 111 0 2000
0 2 30 9 0 2000
204 53 233 46 0 2000
70 44 46 56 0 2000
56 274 54 240 0 2000
51 113 44 84 0 2000
198 99 190 71 0 2000
41 248 7 245 0 2000
15 58 42 67 0 2000
52 64 76 76 0 2000
159 193 162 225 0 2000
15 110 47 106 0 2000
141 73 172 67 0 2000
137 59 173 60 0 2000
151 117 184 119 0 2000
154 250 172 232 0 2000
36 46 61 35 0 2000
59 81 40 63 0 2000
32 29 58 19 0 2000
11 141 24 118 0 2000
31 86 55 74 0 2000
151 130 117 133 0 2000
98 16 73 4 0 2000
29 126 63 129 0 2000
119 251 135 231 0 2000
13 45 25 22 0 2000
51 235 25 246 0 2000
136 88 127 60 0 2000
82 106 67 128 0 2000
117 118 121 150 0 2000
44 18 40 51 0 2000
82 78 58 65 0 2000
87 75 114 85 0 2000
55 31 43 56 0 2000
32 141 24 170 0 2000
106 44 70 43 0 2000
19 95 23 128 0 2000
57 42 67 17 0 2000
71 91 83 67 0 2000
107 60 108 24 0 2000
4 67 8 99 0 2000
86 171 102 192 0 2000
166 17 141 5 0 2000
163 275 138 264 0 2000
244 153 237 182 0 2000
85 37 100 58 0 2000
73 3 87 26 0 2000
96 53 74 68 0 2000
69 80 63 49 0 2000
17 22 37 5 0 2000
89 49 111 64 0 2000
209 193 200 165 0 2000
16 153 4 129 0 2000
12 30 40 22 0 2000
245 44 238 14 0 2000
63 92 65 127 0 2000
86 88 90 55 0 2000
49 75 79 82 0 2000
61 77 68 107 0 2000
39 216 49 189 0 2000
103 59 126 45 0 2000
112 77 84 70 0 2000
48 25 76 16 0 2000
146 65 130 86 0 2000
120 125 120 162 0 2000
38 19 66 12 0 2000
65 199 41 186 0 2000
175 40 163 15 0 2000
132 30 144 6 0 2000
80 148 86 117 0 2000
57 128 87 135 0 2000
53 73 86 77 0 2000
74 202 65 230 0 2000
72 158 95 172 0 2000
32 9 35 43 0 2000
109 12 123 35 0 2000
95 60 91 27 0 2000
236 93 213 107 0 2000
222 191 237 211 0 2000
117 137 115 102 0 2000
2 1 34 5 0 2000
262 185 287 196 0 2000
173 98 176 64 0 2000
26 82 41 104 0 2000
173 143 161 167 0 2000
28 14 57 21 0 2000
90 57 67 43 0 2000
117 37 147 43 0 2000
113 170 113 134 0 2000
73 106 60 82 0 2000
136 195 160 208 0 2000
19 83 42 97 0 2000
135 152 158 166 0 2000
38 54 10 63 0 2000
64 153 31 150 0 2000
51 346 47 314 0 2000
59 93 72 116 0 2000
130 129 141 155 0 2000
0 2 20 19 0 2000
144 89 155 115 0 2000
0 3 18 21 0 2000
237 208 212 219 0 2000
9 84 15 115 0 2000
49 8 32 27 0 2000
81 48 103 33 0 2000
191 90 158 94 0 2000
175 260 179 227 0 2000
277 189 261 170 0 2000
201 48 180 33 0 2000
161 110 168 82 0 2000
59 37 23 38 0 2000
26 15 62 16 0 2000
134 331 129 363 0 2000
122 142 98 154 0 2000
32 3 28 36 0 2000
140 66 160 83 0 2000
50 103 52 138 0 2000
68 175 78 149 0 2000
65 15 82 35 0 2000
51 78 86 76 0 2000
143 129 139 160 0 2000
94 53 88 22 0 2000
122 54 129 24 0 2000
55 116 48 145 0 2000
46 40 58 64 0 2000
108 26 107 62 0 2000
34 63 34 99 0 2000
96 87 131 85 0 2000
22 65 51 72 0 2000
15 334 5 307 0 2000
201 158 168 162 0 2000
186 141 150 142 0 2000
0 3 21 18 0 2000
112 151 138 140 0 2000
64 14 54 41 0 2000
14 37 37 23 0 2000
167 108 177 82 0 2000
124 29 124 66 0 2000
160 28 126 26 0 2000
61 42 93 45 0 2000
205 163 231 174 0 2000
233 175 262 182 0 2000
5 60 12 30 0 2000
82 21 62 5 0 2000
1 1 14 25 0 2000
111 40 124 64 0 2000
51 90 33 109 0 2000
75 160 100 148 0 2000
110 38 133 52 0 2000
0 103 20 86 0 2000
93 119 74 103 0 2000
26 40 55 48 0 2000
60 37 57 4 0 2000
120 36 131 10 0 2000
159 142 141 160 0 2000
147 40 131 19 0 2000
96 31 113 50 0 2000
206 90 231 102 0 2000
124 51 121 85 0 2000
196 164 210 141 0 2000
163 235 140 249 0 2000
113 156 129 176 0 2000
113 149 133 164 0 2000
31 10 62 4 0 2000
92 187 66 198 0 2000
40 44 26 67 0 2000
134 206 156 191 0 2000
4 33 31 43 0 2000
104 63 88 82 0 2000
181 168 169 143 0 2000
78 31 106 38 0 2000
4 65 39 64 0 2000
81 50 107 60 0 2000
63 6 90 15 0 2000
38 94 18 77 0 2000
17 76 47 69 0 2000
124 181 104 197 0 2000
60 89 53 119 0 2000
54 118 36 137 0 2000
174 82 165 55 0 2000
0 38 4 70 0 2000
212 202 178 200 0 2000
32 137 53 122 0 2000
20 16 52 21 0 2000
175 134 195 151 0 2000
86 13 100 36 0 2000
259 295 283 308 0 2000
315 210 297 229 0 2000
18 212 26 183 0 2000
145 62 116 56 0 2000
25 34 44 16 0 2000
70 100 65 69 0 2000
17 174 3 152 0 2000
125 26 121 58 0 2000
66 127 80 104 0 2000
66 50 66 85 0 2000
20 37 0 54 0 2000
65 117 79 138 0 2000
133 44 106 34 0 2000
33 69 58 59 0 2000
118 44 144 33 0 2000
100 105 68 110 0 2000
186 53 158 45 0 2000
35 266 21 244 0 2000
41 94 17 107 0 2000
40 57 56 76 0 2000
14 25 49 23 0 2000
92 197 58 194 0 2000
26 38 9 58 0 2000
86 87 62 74 0 2000
5 196 24 213 0 2000
134 240 101 243 0 2000
49 75 19 68 0 2000
30 45 37 17 0 2000
51 51 57 81 0 2000
85 70 53 75 0 2000
7 41 21 64 0 2000
322 76 350 84 0 2000
20 17 47 9 0 2000
49 198 49 161 0 2000
98 67 118 83 0 2000
51 66 51 103 0 2000
72 116 37 114 0 2000
118 66 135 48 0 2000
62 189 85 175 0 2000
125 56 93 61 0 2000
123 238 120 272 0 2000
275 173 264 198 0 2000
137 28 145 57 0 2000
78 85 48 78 0 2000
51 137 67 116 0 2000
54 114 67 138 0 2000
174 39 182 10 0 2000
124 149 106 131 0 2000
2 46 24 61 0 2000
150 283 149 247 0 2000
41 148 9 152 0 2000
84 85 110 76 0 2000
156 19 170 40 0 2000
102 55 126 42 0 2000
19 103 9 76 0 2000
31 46 13 27 0 2000
40 82 22 63 0 2000
23 65 4 48 0 2000
5 47 32 37 0 2000
59 107 40 91 0 2000
99 131 80 113 0 2000
6 33 35 27 0 2000
59 254 35 241 0 2000
63 44 91 53 0 2000
11 125 2 97 0 2000
70 53 70 89 0 2000
111 77 101 52 0 2000
10 10 32 25 0 2000
80 67 94 90 0 2000
17 34 23 65 0 2000
40 37 62 23 0 2000
90 105 86 72 0 2000
219 77 251 81 0 2000
44 40 73 48 0 2000
24 19 56 23 0 2000
51 35 22 42 0 2000
139 117 155 137 0 2000
46 102 16 108 0 2000
116 35 113 68 0 2000
2 34 34 38 0 2000
1 1 25 14 0 2000
62 23 84 37 0 2000
51 215 46 184 0 2000
7 247 27 230 0 2000
54 59 36 40 0 2000
123 158 158 160 0 2000
30 34 36 65 0 2000
6 86 27 70 0 2000
49 78 84 79 0 2000
38 127 35 160 0 2000
188 30 153 28 0 2000
165 143 139 152 0 2000
36 40 46 67 0 2000
88 57 66 70 0 2000
85 38 61 25 0 2000
203 219 191 195 0 2000
91 23 72 5 0 2000
79 5 91 30 0 2000
99 58 113 81 0 2000
69 249 63 280 0 2000
46 121 72 132 0 2000
136 45 136 8 0 2000
199 263 207 235 0 2000
36 32 34 66 0 2000
112 70 79 66 0 2000
40 19 29 44 0 2000
111 0 116 32 0 2000
75 95 88 117 0 2000
56 37 23 41 0 2000
127 58 116 32 0 2000
130 105 117 129 0 2000
73 36 97 25 0 2000
141 37 150 65 0 2000
14 94 46 89 0 2000
63 48 74 23 0 2000
85 80 82 46 0 2000
67 73 40 83 0 2000
85 126 54 121 0 2000
101 24 81 41 0 2000
121 76 114 106 0 2000
115 104 81 106 0 2000
80 105 96 126 0 2000
98 181 115 161 0 2000
61 101 77 81 0 2000
342 126 359 107 0 2000
141 158 113 149 0 2000
44 65 43 29 0 2000
20 127 49 119 0 2000
45 21 19 32 0 2000
190 80 194 113 0 2000
75 27 96 11 0 2000
177 130 142 132 0 2000
57 46 35 31 0 2000
46 24 65 6 0 2000
101 211 108 181 0 2000
150 248 115 246 0 2000
34 12 0 9 0 2000
162 489 146 468 0 2000
88 135 88 171 0 2000
52 89 80 98 0 2000
15 203 51 202 0 2000
22 54 21 90 0 2000
96 46 90 15 0 2000
151 183 129 168 0 2000
126 16 129 50 0 2000
23 16 9 38 0 2000
136 136 132 169 0 2000
81 89 81 53 0 2000
88 28 117 36 0 2000
53 238 18 237 0 2000
163 27 137 38 0 2000
30 65 12 83 0 2000
104 176 86 193 0 2000
36 164 53 145 0 2000
127 54 106 39 0 2000
124 74 157 70 0 2000
144 4 166 19 0 2000
176 98 191 77 0 2000
102 138 114 163 0 2000
145 124 135 99 0 2000
38 95 74 96 0 2000
107 69 138 75 0 2000
51 22 63 47 0 2000
111 0 123 25 0 2000
189 88 188 54 0 2000
9 183 26 203 0 2000
115 63 99 42 0 2000
270 210 300 216 0 2000
36 8 53 27 0 2000
1 1 3 36 0 2000
81 69 110 61 0 2000
94 10 104 37 0 2000
15 102 45 108 0 2000
133 129 166 125 0 2000
20 65 50 58 0 2000
243 74 243 111 0 2000
91 154 85 123 0 2000
87 54 94 84 0 2000
151 86 164 110 0 2000
130 305 97 301 0 2000
25 53 7 72 0 2000
165 81 195 87 0 2000
68 147 46 133 0 2000
19 30 49 37 0 2000
37 38 9 46 0 2000
165 84 188 98 0 2000
76 140 63 164 0 2000
61 105 46 127 0 2000
112 65 138 76 0 2000
57 39 70 62 0 2000
1 1 33 6 0 2000
34 81 41 52 0 2000
48 111 46 145 0 2000
46 147 45 183 0 2000
60 17 63 50 0 2000
136 60 114 75 0 2000
87 133 85 98 0 2000
50 102 52 136 0 2000
124 79 91 75 0 2000
166 93 151 115 0 2000
69 43 63 74 0 2000
158 35 161 69 0 2000
4 35 23 17 0 2000
150 85 147 119 0 2000
89 60 67 75 0 2000
150 16 172 2 0 2000
105 40 139 37 0 2000
69 188 77 216 0 2000
42 178 39 212 0 2000
75 49 88 71 0 2000
165 31 199 34 0 2000
117 34 98 16 0 2000
14 36 30 16 0 2000
16 267 35 283 0 2000
57 57 91 59 0 2000
147 251 166 269 0 2000
59 211 65 180 0 2000
130 37 163 33 0 2000
32 31 38 61 0 2000
1 16 31 9 0 2000
84 93 90 123 0 2000
72 43 48 32 0 2000
128 53 93 55 0 2000
128 137 98 130 0 2000
144 31 142 66 0 2000
102 97 95 67 0 2000
11 26 45 23 0 2000
194 109 205 133 0 2000
97 58 74 72 0 2000
74 58 109 60 0 2000
36 129 11 117 0 2000
76 33 76 70 0 2000
74 58 58 37 0 2000
59 15 76 35 0 2000
68 56 55 34 0 2000
85 65 86 31 0 2000
180 124 171 151 0 2000
17 66 50 62 0 2000
56 12 78 26 0 2000
40 74 74 76 0 2000
157 100 182 111 0 2000
21 143 40 160 0 2000
25 60 54 53 0 2000
110 47 107 81 0 2000
107 62 103 29 0 2000
1 40 29 49 0 2000
46 104 39 134 0 2000
38 135 16 150 0 2000
2 71 24 57 0 2000
18 24 41 37 0 2000
23 109 56 107 0 2000
126 72 135 98 0 2000
43 33 55 58 0 2000
237 157 261 145 0 2000
74 98 63 124 0 2000
5 25 20 47 0 2000
159 35 129 28 0 2000
61 326 67 295 0 2000
213 179 218 147 0 2000
89 106 92 74 0 2000
137 61 109 70 0 2000
71 60 68 27 0 2000
20 89 54 92 0 2000
235 75 248 52 0 2000
41 80 45 112 0 2000
138 69 168 62 0 2000
68 64 80 89 0 2000
226 242 241 221 0 2000
1 2 26 13 0 2000
51 32 86 30 0 2000
79 217 97 236 0 2000
23 40 33 13 0 2000
1 1 22 17 0 2000
38 52 30 80 0 2000
61 352 53 381 0 2000
129 206 112 226 0 2000
2 1 12 27 0 2000
129 91 151 76 0 2000
202 47 172 54 0 2000
13 68 30 88 0 2000
66 181 44 196 0 2000
33 13 67 16 0 2000
48 152 25 166 0 2000
66 61 64 96 0 2000
29 85 16 61 0 2000
45 88 76 82 0 2000
132 167 111 183 0 2000
52 61 37 39 0 2000
93 40 111 21 0 2000
49 28 59 55 0 2000
143 44 171 53 0 2000
134 51 134 14 0 2000
68 65 59 92 0 2000
180 39 157 51 0 2000
100 153 91 180 0 2000
64 39 88 26 0 2000
19 30 23 62 0 2000
210 214 187 227 0 2000
92 10 69 24 0 2000
180 116 170 142 0 2000
29 120 26 87 0 2000
33 72 55 58 0 2000
193 48 171 62 0 2000
121 137 111 110 0 2000
137 118 131 149 0 2000
35 49 17 68 0 2000
8 73 40 78 0 2000
159 126 179 143 0 2000
103 67 72 73 0 2000
97 60 62 58 0 2000
46 17 46 54 0 2000
89 28 79 3 0 2000
44 79 52 51 0 2000
3 1 37 0 0 2000
243 183 277 185 0 2000
201 138 169 134 0 2000
221 203 229 174 0 2000
139 135 109 141 0 2000
264 72 234 67 0 2000
33 45 58 57 0 2000
86 117 65 102 0 2000
224 59 239 37 0 2000
305 171 335 178 0 2000
204 41 193 67 0 2000
140 253 128 228 0 2000
15 104 4 130 0 2000
102 48 71 53 0 2000
120 10 125 41 0 2000
9 74 40 80 0 2000
116 74 142 85 0 2000
103 0 118 22 0 2000
114 52 120 21 0 2000
18 21 0 2 0 2000
55 48 46 20 0 2000
51 55 47 22 0 2000
51 175 74 161 0 2000
102 56 129 46 0 2000
63 92 45 110 0 2000
26 37 50 25 0 2000
87 70 106 88 0 2000
94 3 101 31 0 2000
15 24 35 41 0 2000
156 265 166 292 0 2000
24 13 5 31 0 2000
71 12 40 7 0 2000
182 252 169 276 0 2000
44 41 42 7 0 2000
14 167 12 202 0 2000
149 46 184 44 0 2000
145 103 110 101 0 2000
243 94 267 107 0 2000
0 2 15 24 0 2000
35 44 27 15 0 2000
248 29 283 28 0 2000
32 88 47 68 0 2000
215 162 196 145 0 2000
132 14 137 45 0 2000
34 50 38 82 0 2000
17 60 45 51 0 2000
23 56 13 83 0 2000
259 84 268 56 0 2000
70 44 51 62 0 2000
18 16 49 20 0 2000
113 203 101 228 0 2000
298 156 277 172 0 2000
37 3 40 37 0 2000
38 125 13 137 0 2000
181 110 173 139 0 2000
146 95 139 124 0 2000
12 126 9 92 0 2000
117 107 144 117 0 2000
145 92 155 65 0 2000
47 29 12 28 0 2000
137 134 144 104 0 2000
56 162 20 163 0 2000
110 89 119 117 0 2000
95 206 126 201 0 2000
61 3 58 37 0 2000
49 38 54 69 0 2000
156 70 131 82 0 2000
80 419 53 428 0 2000
80 89 104 102 0 2000
31 13 47 34 0 2000
41 282 69 273 0 2000
52 9 18 11 0 2000
49 172 78 180 0 2000
176 475 177 439 0 2000
28 116 19 89 0 2000
144 302 155 327 0 2000
55 92 58 58 0 2000
42 152 42 189 0 2000
80 127 74 158 0 2000
89 33 98 5 0 2000
77 124 42 126 0 2000
83 159 82 124 0 2000
81 15 50 10 0 2000
96 120 130 123 0 2000
25 54 36 29 0 2000
125 114 106 132 0 2000
102 175 105 209 0 2000
65 331 52 353 0 2000
97 55 121 67 0 2000
150 223 169 241 0 2000
88 20 111 34 0 2000
73 61 39 58 0 2000
219 308 207 284 0 2000
53 34 83 40 0 2000
223 156 200 142 0 2000
104 38 108 70 0 2000
11 31 22 57 0 2000
20 116 19 80 0 2000
28 9 28 46 0 2000
68 129 52 109 0 2000
62 49 63 13 0 2000
37 43 30 73 0 2000
70 86 100 93 0 2000
14 52 37 65 0 2000
12 22 43 17 0 2000
58 169 69 195 0 2000
186 81 190 49 0 2000
45 95 59 74 0 2000
420 35 425 67 0 2000
89 107 65 119 0 2000
47 44 57 17 0 2000
57 15 61 48 0 2000
61 51 83 65 0 2000
115 103 124 131 0 2000
123 271 156 267 0 2000
89 25 88 60 0 2000
93 80 93 116 0 2000
62 108 66 140 0 2000
94 62 84 88 0 2000
36 52 52 73 0 2000
52 76 81 69 0 2000
71 82 91 65 0 2000
43 39 23 54 0 2000
220 135 186 134 0 2000
132 11 98 8 0 2000
165 261 193 270 0 2000
11 28 43 33 0 2000
369 12 337 17 0 2000
121 224 146 235 0 2000
124 32 101 18 0 2000
115 159 82 155 0 2000
11 110 34 123 0 2000
28 11 5 23 0 2000
88 113 59 120 0 2000
65 371 52 348 0 2000
130 85 157 76 0 2000
127 178 104 192 0 2000
77 35 75 1 0 2000
34 129 43 155 0 2000
113 6 114 41 0 2000
44 77 29 98 0 2000
161 269 172 244 0 2000
82 277 107 289 0 2000
179 143 161 125 0 2000
47 56 37 29 0 2000
47 42 71 54 0 2000
38 33 28 59 0 2000
14 93 40 82 0 2000
10 44 39 37 0 2000
50 28 50 64 0 2000
103 39 127 26 0 2000
126 208 110 189 0 2000
65 76 95 83 0 2000
84 23 71 47 0 2000
116 96 140 84 0 2000
28 67 5 80 0 2000
124 153 129 121 0 2000
95 36 117 51 0 2000
151 141 181 135 0 2000
75 114 103 105 0 2000
191 69 180 95 0 2000
134 131 116 113 0 2000
46 68 67 84 0 2000
35 38 54 55 0 2000
77 119 71 150 0 2000
51 25 62 51 0 2000
58 205 77 223 0 2000
64 91 91 100 0 2000
168 73 182 50 0 2000
12 52 21 24 0 2000
147 186 144 220 0 2000
112 112 80 116 0 2000
95 117 126 112 0 2000
64 175 85 160 0 2000
27 49 52 61 0 2000
94 132 87 161 0 2000
66 20 36 26 0 2000
30 120 32 153 0 2000
19 0 12 29 0 2000
68 164 36 159 0 2000
92 182 122 176 0 2000
21 109 9 84 0 2000
40 100 69 107 0 2000
41 125 51 151 0 2000
40 52 60 69 0 2000
140 102 109 107 0 2000
87 83 117 78 0 2000
152 297 159 268 0 2000
109 29 74 28 0 2000
79 40 46 43 0 2000
352 279 349 245 0 2000
135 94 112 82 0 2000
199 54 194 86 0 2000
71 46 87 67 0 2000
62 90 79 109 0 2000
177 238 157 255 0 2000
28 371 60 374 0 2000
78 181 104 171 0 2000
12 101 1 127 0 2000
64 88 69 56 0 2000
22 135 7 114 0 2000
7 14 32 2 0 2000
159 67 140 51 0 2000
161 452 162 487 0 2000
18 55 47 48 0 2000
128 52 122 21 0 2000
136 445 133 479 0 2000
56 10 55 46 0 2000
136 445 148 470 0 2000
124 151 131 121 0 2000
59 35 78 18 0 2000
61 173 89 181 0 2000
99 53 75 66 0 2000
63 33 64 69 0 2000
103 33 130 41 0 2000
17 164 52 162 0 2000
64 104 85 119 0 2000
132 71 130 36 0 2000
51 67 21 74 0 2000
88 69 119 75 0 2000
102 42 108 73 0 2000
71 36 89 17 0 2000
212 30 237 19 0 2000
115 105 94 120 0 2000
96 157 101 125 0 2000
162 220 194 215 0 2000
237 150 256 167 0 2000
86 70 100 47 0 2000
11 46 32 31 0 2000
20 8 23 40 0 2000
131 85 123 114 0 2000
29 52 62 55 0 2000
102 101 84 119 0 2000
78 19 63 39 0 2000
8 18 7 54 0 2000
85 12 111 2 0 2000
65 145 44 129 0 2000
124 27 102 41 0 2000
101 40 104 6 0 2000
103 9 129 18 0 2000
128 19 151 33 0 2000
53 212 57 179 0 2000
255 92 221 95 0 2000
36 1 42 32 0 2000
145 63 164 46 0 2000
43 88 43 125 0 2000
51 87 31 70 0 2000
37 48 7 55 0 2000
39 50 59 33 0 2000
45 279 60 257 0 2000
64 283 60 314 0 2000
171 99 145 109 0 2000
48 74 49 109 0 2000
17 46 46 53 0 2000
96 30 119 44 0 2000
130 208 164 211 0 2000
205 4 189 25 0 2000
135 153 161 144 0 2000
94 43 117 56 0 2000
116 278 100 297 0 2000
196 103 201 135 0 2000
29 59 64 57 0 2000
20 49 55 51 0 2000
226 176 205 160 0 2000
25 16 52 26 0 2000
62 146 79 166 0 2000
243 138 216 148 0 2000
56 91 43 67 0 2000
69 98 73 65 0 2000
71 131 70 96 0 2000
69 45 46 59 0 2000
60 16 31 24 0 2000
169 81 157 56 0 2000
55 36 55 72 0 2000
51 86 80 78 0 2000
101 245 137 246 0 2000
169 59 200 53 0 2000
36 46 46 19 0 2000
336 60 367 66 0 2000
28 57 12 78 0 2000
58 37 58 73 0 2000
76 55 64 30 0 2000
214 71 227 94 0 2000
253 54 256 20 0 2000
150 103 139 77 0 2000
46 60 12 57 0 2000
86 66 114 57 0 2000
96 5 107 30 0 2000
102 33 84 15 0 2000
68 58 56 33 0 2000
204 125 226 140 0 2000
20 25 10 52 0 2000
78 167 67 193 0 2000
271 118 302 112 0 2000
13 58 16 92 0 2000
42 10 56 32 0 2000
34 236 50 216 0 2000
188 88 162 99 0 2000
162 44 187 54 0 2000
85 63 62 77 0 2000
173 231 153 248 0 2000
13 7 13 43 0 2000
1 1 21 18 0 2000
144 196 157 220 0 2000
152 110 148 142 0 2000
95 124 107 148 0 2000
101 17 86 39 0 2000
61 239 85 251 0 2000
43 195 52 222 0 2000
142 44 121 29 0 2000
52 286 71 268 0 2000
135 250 158 263 0 2000
37 40 71 43 0 2000
2 1 32 7 0 2000
19 22 12 52 0 2000
49 23 27 38 0 2000
97 153 81 132 0 2000
55 351 56 316 0 2000
52 66 44 95 0 2000
75 45 65 18 0 2000
72 3 58 26 0 2000
215 36 250 37 0 2000
49 34 28 18 0 2000
184 179 159 189 0 2000
15 100 50 102 0 2000
23 275 5 292 0 2000
35 14 44 42 0 2000
48 37 65 17 0 2000
19 54 46 64 0 2000
172 102 180 73 0 2000
32 119 18 96 0 2000
63 69 63 32 0 2000
142 64 153 89 0 2000
71 35 79 7 0 2000
162 76 188 87 0 2000
93 268 119 277 0 2000
152 48 188 49 0 2000
50 83 71 98 0 2000
189 80 216 89 0 2000
39 77 48 49 0 2000
111 242 132 226 0 2000
91 93 124 89 0 2000
124 87 92 92 0 2000
48 39 49 4 0 2000
3 38 23 55 0 2000
111 148 102 121 0 2000
4 47 18 70 0 2000
228 71 249 87 0 2000
50 51 83 49 0 2000
81 102 85 133 0 2000
70 104 43 95 0 2000
70 195 51 211 0 2000
287 227 295 198 0 2000
80 154 109 162 0 2000
64 74 53 100 0 2000
64 49 82 67 0 2000
48 99 48 63 0 2000
86 63 70 84 0 2000
46 60 15 66 0 2000
37 3 7 10 0 2000
44 56 58 79 0 2000
51 35 51 0 0 2000
143 114 177 115 0 2000
178 53 212 56 0 2000
102 215 93 189 0 2000
77 39 76 4 0 2000
50 40 18 44 0 2000
146 266 160 289 0 2000
15 32 22 61 0 2000
72 166 52 149 0 2000
119 278 109 251 0 2000
45 262 47 297 0 2000
45 34 27 53 0 2000
63 7 73 32 0 2000
53 94 88 92 0 2000
25 125 60 127 0 2000
90 62 78 38 0 2000
59 108 66 136 0 2000
199 169 201 134 0 2000
40 236 33 206 0 2000
164 57 143 71 0 2000
77 14 65 38 0 2000
88 55 92 88 0 2000
178 111 162 132 0 2000
137 75 170 79 0 2000
29 50 16 74 0 2000
0 2 19 20 0 2000
65 122 77 98 0 2000
40 35 11 43 0 2000
103 83 69 81 0 2000
38 254 62 241 0 2000
95 48 131 47 0 2000
68 14 82 37 0 2000
66 53 58 24 0 2000
109 225 78 219 0 2000
4 35 21 55 0 2000
65 219 38 228 0 2000
116 36 147 31 0 2000
140 49 175 47 0 2000
42 78 41 44 0 2000
172 63 194 48 0 2000
282 95 251 90 0 2000
159 53 159 17 0 2000
130 103 137 133 0 2000
11 20 30 3 0 2000
19 28 5 51 0 2000
105 36 113 65 0 2000
2 324 8 293 0 2000
76 62 81 93 0 2000
30 22 7 10 0 2000
138 119 138 156 0 2000
39 79 25 100 0 2000
88 58 53 57 0 2000
47 55 52 86 0 2000
222 120 221 156 0 2000
33 102 30 134 0 2000
13 91 36 79 0 2000
77 227 77 191 0 2000
41 114 56 93 0 2000
55 31 35 47 0 2000
88 135 54 132 0 2000
80 111 99 129 0 2000
35 55 27 84 0 2000
56 27 88 23 0 2000
1 1 33 6 0 2000
21 3 42 19 0 2000
91 132 113 145 0 2000
325 185 302 199 0 2000
48 191 76 200 0 2000
57 3 31 12 0 2000
30 11 66 12 0 2000
58 97 37 81 0 2000
79 112 74 81 0 2000
79 126 81 91 0 2000
63 20 54 47 0 2000
16 105 44 97 0 2000
109 13 124 34 0 2000
233 90 233 126 0 2000
139 8 175 9 0 2000
46 170 52 201 0 2000
68 12 38 18 0 2000
192 133 167 145 0 2000
245 135 215 142 0 2000
158 82 143 104 0 2000
76 72 54 57 0 2000
68 195 75 224 0 2000
108 170 127 188 0 2000
158 38 136 51 0 2000
71 57 57 34 0 2000
120 78 88 73 0 2000
42 184 7 186 0 2000
5 34 15 7 0 2000
81 61 60 77 0 2000
168 135 154 112 0 2000
71 134 86 155 0 2000
11 6 39 15 0 2000
8 33 18 6 0 2000
22 131 5 151 0 2000
137 92 128 65 0 2000
127 113 109 94 0 2000
111 95 136 84 0 2000
56 31 55 66 0 2000
252 175 287 177 0 2000
17 43 52 41 0 2000
46 25 42 56 0 2000
202 112 188 91 0 2000
16 30 32 9 0 2000
198 61 192 31 0 2000
51 100 79 91 0 2000
123 23 92 18 0 2000
116 67 124 95 0 2000
34 115 57 127 0 2000
23 30 14 2 0 2000
132 115 166 118 0 2000
42 94 23 76 0 2000
121 25 99 10 0 2000
46 104 58 128 0 2000
75 81 109 80 0 2000
60 85 87 95 0 2000
78 143 84 112 0 2000
63 51 51 76 0 2000
151 463 122 471 0 2000
33 109 49 89 0 2000
139 43 105 42 0 2000
0 2 0 39 0 2000
75 9 41 12 0 2000
113 184 81 187 0 2000
112 145 131 128 0 2000
84 317 79 349 0 2000
64 59 36 51 0 2000
145 28 159 51 0 2000
43 133 24 151 0 2000
106 57 110 90 0 2000
62 209 51 183 0 2000
7 117 17 144 0 2000
30 57 30 93 0 2000
194 119 230 120 0 2000
15 33 7 4 0 2000
70 61 58 36 0 2000
69 10 69 47 0 2000
0 3 1 38 0 2000
97 114 73 101 0 2000
25 129 1 141 0 2000
230 183 197 179 0 2000
53 53 74 69 0 2000
33 89 26 119 0 2000
50 142 64 165 0 2000
58 112 48 139 0 2000
1 2 30 9 0 2000
124 155 150 165 0 2000
52 27 86 25 0 2000
111 183 90 168 0 2000
19 158 55 159 0 2000
23 54 50 44 0 2000
184 65 159 53 0 2000
116 95 147 89 0 2000
74 17 55 34 0 2000
272 231 283 205 0 2000
11 17 36 6 0 2000
0 2 28 11 0 2000
162 204 129 208 0 2000
63 31 61 66 0 2000
29 21 5 33 0 2000
49 87 83 84 0 2000
104 67 118 46 0 2000
142 66 146 33 0 2000
5 156 5 119 0 2000
38 225 57 242 0 2000
51 173 59 145 0 2000
60 68 28 73 0 2000
29 75 8 90 0 2000
8 93 31 80 0 2000
60 75 32 67 0 2000
49 30 59 3 0 2000
144 10 128 30 0 2000
60 154 80 137 0 2000
92 35 89 69 0 2000
91 169 83 142 0 2000
60 251 46 228 0 2000
25 50 53 58 0 2000
50 117 78 110 0 2000
309 25 336 35 0 2000
68 249 74 218 0 2000
50 213 29 198 0 2000
111 176 128 196 0 2000
167 195 134 199 0 2000
119 77 151 72 0 2000
40 41 51 16 0 2000
170 151 175 119 0 2000
120 65 146 54 0 2000
184 17 211 7 0 2000
66 23 54 48 0 2000
177 99 200 112 0 2000
53 13 59 44 0 2000
90 11 66 24 0 2000
151 38 151 1 0 2000
4 56 17 79 0 2000
24 48 3 32 0 2000
144 125 179 127 0 2000
1 1 18 21 0 2000
77 176 70 146 0 2000
13 30 22 4 0 2000
9 40 37 31 0 2000
41 83 26 104 0 2000
95 57 127 53 0 2000
110 129 97 105 0 2000
59 98 31 89 0 2000
49 151 38 126 0 2000
127 24 111 3 0 2000
174 122 141 118 0 2000
25 69 54 62 0 2000
117 30 135 48 0 2000
88 66 67 81 0 2000
57 93 34 107 0 2000
55 96 28 106 0 2000
9 65 17 94 0 2000
23 40 12 14 0 2000
189 82 219 87 0 2000
102 81 93 54 0 2000
103 24 67 25 0 2000
40 33 60 49 0 2000
75 64 86 39 0 2000
169 75 199 82 0 2000
141 109 116 97 0 2000
75 53 41 55 0 2000
24 153 45 137 0 2000
216 210 186 203 0 2000
101 215 114 191 0 2000
167 186 174 157 0 2000
76 126 53 140 0 2000
56 6 67 31 0 2000
16 36 36 19 0 2000
63 36 49 58 0 2000
72 48 86 71 0 2000
199 32 166 28 0 2000
158 114 170 137 0 2000
54 107 35 125 0 2000
159 112 158 77 0 2000
79 66 62 47 0 2000
18 163 27 136 0 2000
39 33 3 34 0 2000
0 2 13 26 0 2000
45 49 77 44 0 2000
162 129 129 126 0 2000
5 84 11 55 0 2000
93 171 64 178 0 2000
90 164 82 136 0 2000
84 135 110 125 0 2000
75 49 69 80 0 2000
128 105 137 79 0 2000
27 117 57 111 0 2000
271 95 241 101 0 2000
65 26 32 29 0 2000
34 5 31 39 0 2000
0 38 14 16 0 2000
116 59 122 29 0 2000
75 103 89 80 0 2000
41 56 51 30 0 2000
113 143 117 110 0 2000
33 100 41 128 0 2000
36 5 3 9 0 2000
291 249 312 265 0 2000
99 109 81 90 0 2000
122 67 106 46 0 2000
56 94 42 116 0 2000
198 114 218 131 0 2000
39 1 65 11 0 2000
199 42 222 29 0 2000
32 29 54 14 0 2000
3 75 3 110 0 2000
2 2 14 25 0 2000
45 0 31 22 0 2000
53 135 75 150 0 2000
131 40 162 34 0 2000
34 45 16 63 0 2000
21 63 48 73 0 2000
60 90 70 64 0 2000
73 63 87 86 0 2000
185 99 193 71 0 2000
187 141 204 160 0 2000
18 21 52 24 0 2000
0 3 6 33 0 2000
169 3 167 38 0 2000
16 155 44 147 0 2000
19 139 40 155 0 2000
25 113 18 84 0 2000
69 4 56 27 0 2000
134 43 134 80 0 2000
140 64 169 56 0 2000
332 103 324 75 0 2000
88 55 124 56 0 2000
154 82 126 91 0 2000
30 42 30 5 0 2000
82 109 105 96 0 2000
18 27 38 44 0 2000
89 69 109 53 0 2000
84 67 91 39 0 2000
111 66 140 59 0 2000
110 253 100 227 0 2000
36 85 70 86 0 2000
47 76 75 85 0 2000
121 1 105 22 0 2000
51 12 85 9 0 2000
136 123 121 103 0 2000
150 117 122 110 0 2000
62 262 46 241 0 2000
61 152 95 155 0 2000
186 178 204 197 0 2000
66 85 39 75 0 2000
17 12 38 28 0 2000
78 98 89 72 0 2000
29 19 51 32 0 2000
85 72 70 50 0 2000
125 82 131 52 0 2000
11 251 35 263 0 2000
76 131 72 163 0 2000
76 166 96 183 0 2000
50 123 50 159 0 2000
101 13 113 38 0 2000
103 117 121 136 0 2000
198 217 168 211 0 2000
198 130 182 109 0 2000
78 70 49 77 0 2000
131 127 134 161 0 2000
38 96 29 69 0 2000
98 18 127 10 0 2000
162 303 139 317 0 2000
70 25 50 8 0 2000
135 35 139 67 0 2000
84 253 118 255 0 2000
144 294 164 277 0 2000
219 132 226 162 0 2000
149 141 119 134 0 2000
43 18 48 49 0 2000
265 54 295 61 0 2000
123 192 152 184 0 2000
210 31 208 65 0 2000
22 227 12 253 0 2000
225 166 237 141 0 2000
11 56 25 79 0 2000
44 181 55 207 0 2000
217 229 242 218 0 2000
107 24 75 21 0 2000
195 24 199 56 0 2000
165 212 166 248 0 2000
273 77 239 80 0 2000
209 58 243 61 0 2000
64 119 45 102 0 2000
204 127 190 106 0 2000
76 265 69 294 0 2000
7 252 9 218 0 2000
62 297 93 302 0 2000
87 280 119 283 0 2000
53 107 87 105 0 2000
83 61 108 73 0 2000
55 144 45 171 0 2000
61 3 81 20 0 2000
33 187 32 151 0 2000
60 72 95 70 0 2000
29 308 2 300 0 2000
41 80 56 101 0 2000
78 38 78 2 0 2000
71 123 89 141 0 2000
136 15 150 37 0 2000
41 45 19 59 0 2000
149 75 130 92 0 2000
116 86 102 109 0 2000
53 94 20 91 0 2000
73 66 84 41 0 2000
235 159 201 156 0 2000
56 50 65 78 0 2000
72 214 50 199 0 2000
31 87 67 86 0 2000
109 122 123 101 0 2000
115 215 132 235 0 2000
100 300 118 318 0 2000
61 308 60 344 0 2000
93 175 126 177 0 2000
101 3 115 26 0 2000
188 15 211 29 0 2000
112 182 96 162 0 2000
132 173 148 152 0 2000
159 191 155 222 0 2000
176 211 166 185 0 2000
51 48 42 75 0 2000
104 403 100 436 0 2000
18 38 21 5 0 2000
80 116 111 111 0 2000
25 91 57 86 0 2000
17 97 33 118 0 2000
156 172 152 139 0 2000
190 193 167 180 0 2000
166 178 187 193 0 2000
187 195 196 223 0 2000
42 127 39 93 0 2000
204 499 199 468 0 2000
168 166 156 142 0 2000
167 196 157 171 0 2000
26 130 20 159 0 2000
137 278 154 297 0 2000
62 72 92 79 0 2000
21 59 54 55 0 2000
78 68 98 51 0 2000
50 105 16 108 0 2000
16 23 44 32 0 2000
120 7 128 36 0 2000
157 34 172 56 0 2000
94 119 68 110 0 2000
59 70 95 69 0 2000
65 7 51 30 0 2000
22 112 26 79 0 2000
61 49 50 74 0 2000
151 73 187 74 0 2000
1 45 11 19 0 2000
123 175 101 160 0 2000
57 72 93 71 0 2000
58 77 79 92 0 2000
176 10 143 6 0 2000
18 235 27 207 0 2000
86 61 54 66 0 2000
158 106 193 108 0 2000
15 57 37 42 0 2000
177 201 176 237 0 2000
96 86 114 67 0 2000
101 100 110 127 0 2000
0 37 20 20 0 2000
89 139 120 133 0 2000
141 13 135 44 0 2000
49 28 46 62 0 2000
92 180 92 144 0 2000
13 44 45 40 0 2000
95 105 67 112 0 2000
114 179 149 177 0 2000
86 42 77 70 0 2000
94 63 111 44 0 2000
27 10 10 30 0 2000
35 96 61 106 0 2000
285 111 278 141 0 2000
50 54 84 51 0 2000
55 31 27 22 0 2000
50 161 46 194 0 2000
73 187 40 183 0 2000
15 61 1 38 0 2000
28 60 15 36 0 2000
163 151 193 156 0 2000
43 33 76 37 0 2000
6 38 14 66 0 2000
140 214 149 242 0 2000
39 84 53 106 0 2000
141 20 117 33 0 2000
40 29 25 7 0 2000
81 22 91 48 0 2000
93 118 84 91 0 2000
1 3 4 35 0 2000
181 78 180 114 0 2000
17 40 36 58 0 2000
305 44 323 26 0 2000
90 31 93 65 0 2000
26 23 35 51 0 2000
8 25 19 50 0 2000
207 18 207 55 0 2000
44 69 35 97 0 2000
29 38 49 54 0 2000
7 53 18 79 0 2000
37 70 37 107 0 2000
108 43 116 72 0 2000
35 167 50 187 0 2000
32 9 19 33 0 2000
42 71 17 81 0 2000
53 35 30 49 0 2000
13 104 1 129 0 2000
9 29 5 62 0 2000
5 60 24 42 0 2000
286 9 311 20 0 2000
69 68 105 67 0 2000
146 125 112 126 0 2000
111 50 103 22 0 2000
146 182 177 178 0 2000
178 40 212 42 0 2000
75 37 52 50 0 2000
12 32 18 61 0 2000
28 44 19 16 0 2000
38 11 59 25 0 2000
3 38 37 35 0 2000
101 52 77 65 0 2000
19 83 46 73 0 2000
62 112 33 120 0 2000
94 84 100 115 0 2000
64 87 83 105 0 2000
133 118 120 95 0 2000
68 202 88 185 0 2000
135 48 125 75 0 2000
78 94 81 128 0 2000
139 63 108 69 0 2000
109 68 81 77 0 2000
26 69 39 91 0 2000
98 193 96 158 0 2000
107 54 74 57 0 2000
170 1 150 17 0 2000
132 68 133 104 0 2000
71 11 45 22 0 2000
22 125 25 91 0 2000
35 97 4 92 0 2000
44 67 15 59 0 2000
3 34 7 1 0 2000
29 115 41 90 0 2000
25 117 50 105 0 2000
54 26 43 2 0 2000
105 214 119 237 0 2000
30 138 61 143 0 2000
62 39 62 2 0 2000
64 149 95 143 0 2000
89 57 110 72 0 2000
277 74 261 94 0 2000
255 122 287 126 0 2000
219 69 202 49 0 2000
82 178 61 162 0 2000
152 19 124 27 0 2000
70 73 55 94 0 2000
73 1 43 8 0 2000
171 85 147 72 0 2000
20 72 44 85 0 2000
34 225 56 210 0 2000
426 74 397 66 0 2000
227 168 239 143 0 2000
155 23 176 7 0 2000
145 150 156 124 0 2000
50 136 29 121 0 2000
88 63 106 45 0 2000
150 70 166 91 0 2000
26 98 35 70 0 2000
94 127 66 118 0 2000
87 176 120 179 0 2000
37 65 47 92 0 2000
3 1 7 32 0 2000
44 55 61 36 0 2000
39 35 5 38 0 2000
59 67 80 83 0 2000
130 136 138 108 0 2000
97 205 72 216 0 2000
92 124 81 98 0 2000
53 344 38 322 0 2000
42 64 33 36 0 2000
133 75 112 59 0 2000
104 109 136 106 0 2000
117 90 149 86 0 2000
52 55 56 22 0 2000
66 306 98 311 0 2000
53 28 79 17 0 2000
51 64 64 88 0 2000
168 150 176 122 0 2000
176 120 166 93 0 2000
89 85 64 75 0 2000
71 101 76 133 0 2000
3 34 12 62 0 2000
66 273 76 298 0 2000
68 56 104 55 0 2000
82 214 105 201 0 2000
19 2 10 30 0 2000
88 61 73 82 0 2000
26 10 22 42 0 2000
134 57 136 92 0 2000
26 10 58 14 0 2000
30 43 53 56 0 2000
54 49 65 23 0 2000
30 58 62 54 0 2000
129 174 133 207 0 2000
25 111 30 79 0 2000
60 74 55 105 0 2000
43 155 10 157 0 2000
17 36 28 62 0 2000
65 249 68 216 0 2000
61 69 81 54 0 2000
113 203 97 182 0 2000
17 31 38 15 0 2000
132 185 131 219 0 2000
52 15 31 31 0 2000
79 83 71 55 0 2000
125 86 100 75 0 2000
142 96 138 63 0 2000
45 18 19 29 0 2000
43 127 42 163 0 2000
88 104 56 100 0 2000
36 172 59 186 0 2000
58 20 31 30 0 2000
213 51 220 81 0 2000
59 58 63 91 0 2000
63 94 45 76 0 2000
133 101 161 93 0 2000
7 103 21 126 0 2000
38 3 74 2 0 2000
82 63 55 73 0 2000
49 56 25 44 0 2000
209 127 182 117 0 2000
83 67 115 71 0 2000
115 73 135 56 0 2000
38 71 25 95 0 2000
136 90 170 87 0 2000
201 136 210 164 0 2000
212 138 187 149 0 2000
30 56 60 61 0 2000
59 42 65 73 0 2000
195 111 207 87 0 2000
72 98 95 112 0 2000
17 23 49 28 0 2000
143 61 173 54 0 2000
8 81 18 107 0 2000
21 27 2 9 0 2000
61 104 41 120 0 2000
23 24 57 22 0 2000
58 23 44 46 0 2000
48 52 61 76 0 2000
59 108 84 120 0 2000
22 44 40 61 0 2000
74 32 71 65 0 2000
86 34 114 43 0 2000
70 97 93 83 0 2000
292 81 316 94 0 2000
20 52 15 84 0 2000
101 87 131 80 0 2000
120 69 90 76 0 2000
125 107 94 101 0 2000
95 102 85 129 0 2000
85 132 76 159 0 2000
15 23 39 11 0 2000
74 17 79 49 0 2000
45 60 54 32 0 2000
34 82 57 68 0 2000
38 46 40 11 0 2000
198 78 188 104 0 2000
49 101 19 108 0 2000
192 24 220 33 0 2000
64 44 47 64 0 2000
3 36 28 24 0 2000
166 24 189 10 0 2000
18 11 11 40 0 2000
122 8 96 19 0 2000
24 40 55 46 0 2000
41 160 72 164 0 2000
12 96 31 79 0 2000
118 163 84 165 0 2000
36 75 45 47 0 2000
89 248 85 216 0 2000
6 3 19 27 0 2000
78 81 79 117 0 2000
221 73 237 94 0 2000
103 129 89 106 0 2000
198 19 186 44 0 2000
17 224 51 221 0 2000
302 84 303 120 0 2000
64 145 64 109 0 2000
5 33 17 57 0 2000
50 79 79 71 0 2000
114 168 135 154 0 2000
74 68 45 62 0 2000
38 34 62 21 0 2000
82 131 64 150 0 2000
220 172 202 190 0 2000
129 8 127 43 0 2000
104 111 112 83 0 2000
55 13 52 47 0 2000
14 27 7 57 0 2000
24 12 3 27 0 2000
50 4 58 32 0 2000
18 2 3 24 0 2000
158 4 183 14 0 2000
59 90 25 93 0 2000
118 56 139 40 0 2000
13 51 36 37 0 2000
24 23 3 7 0 2000
188 214 166 199 0 2000
37 17 25 42 0 2000
26 56 43 74 0 2000
76 96 44 92 0 2000
24 247 47 233 0 2000
125 75 127 109 0 2000
75 32 91 11 0 2000
115 40 85 45 0 2000
20 17 55 16 0 2000
41 98 13 90 0 2000
118 162 106 186 0 2000
25 52 3 67 0 2000
68 47 74 17 0 2000
35 239 45 266 0 2000
1 118 16 96 0 2000
0 2 17 22 0 2000
10 48 37 38 0 2000
1 2 12 27 0 2000
49 72 33 52 0 2000
26 308 14 333 0 2000
142 289 131 265 0 2000
33 49 32 14 0 2000
70 48 81 73 0 2000
51 307 29 322 0 2000
238 140 216 154 0 2000
33 359 61 350 0 2000
166 147 183 166 0 2000
351 83 384 87 0 2000
53 42 67 19 0 2000
178 69 166 45 0 2000
56 155 87 160 0 2000
48 98 81 102 0 2000
72 75 101 67 0 2000
68 43 58 70 0 2000
82 316 48 318 0 2000
56 267 66 294 0 2000
145 53 149 20 0 2000
103 66 111 37 0 2000
45 60 72 68 0 2000
157 199 173 179 0 2000
34 207 6 198 0 2000
108 43 80 52 0 2000
66 153 88 168 0 2000
154 99 156 134 0 2000
79 71 70 99 0 2000
84 176 69 154 0 2000
36 27 12 39 0 2000
57 58 78 42 0 2000
178 86 154 97 0 2000
57 15 31 26 0 2000
31 28 61 21 0 2000
42 101 21 117 0 2000
81 24 47 27 0 2000
85 24 56 31 0 2000
59 32 83 44 0 2000
119 137 136 117 0 2000
68 213 90 228 0 2000
139 6 139 42 0 2000
127 163 146 146 0 2000
43 86 51 115 0 2000
179 149 181 115 0 2000
100 60 97 27 0 2000
196 139 184 162 0 2000
79 187 110 181 0 2000
127 112 97 119 0 2000
223 125 197 136 0 2000
197 139 216 156 0 2000
164 211 148 190 0 2000
82 141 88 172 0 2000
203 87 203 50 0 2000
83 17 102 35 0 2000
81 58 103 44 0 2000
84 156 119 155 0 2000
161 170 136 181 0 2000
194 217 164 223 0 2000
195 155 162 159 0 2000
182 257 163 274 0 2000
35 44 63 52 0 2000
39 162 17 177 0 2000
189 20 154 21 0 2000
131 147 105 158 0 2000
226 259 241 237 0 2000
151 60 173 45 0 2000
39 74 44 42 0 2000
28 43 18 70 0 2000
315 203 301 224 0 2000
21 122 4 102 0 2000
48 113 44 80 0 2000
131 39 112 57 0 2000
131 1 167 0 0 2000
185 163 189 130 0 2000
175 72 193 54 0 2000
4 41 22 60 0 2000
136 114 107 107 0 2000
86 100 55 94 0 2000
316 41 336 58 0 2000
48 311 53 342 0 2000
30 116 22 145 0 2000
108 49 79 57 0 2000
36 35 10 26 0 2000
174 108 191 88 0 2000
16 27 37 42 0 2000
10 81 16 112 0 2000
155 15 122 19 0 2000
50 113 63 89 0 2000
271 209 272 244 0 2000
157 58 145 35 0 2000
82 41 109 51 0 2000
49 311 83 308 0 2000
26 25 29 58 0 2000
7 62 22 41 0 2000
165 126 133 131 0 2000
241 80 253 105 0 2000
48 66 27 82 0 2000
4 329 26 344 0 2000
46 98 81 100 0 2000
151 118 153 83 0 2000
123 254 101 269 0 2000
77 203 93 182 0 2000
84 100 101 80 0 2000
22 36 55 38 0 2000
118 33 142 20 0 2000
13 102 9 135 0 2000
87 86 104 104 0 2000
267 108 274 78 0 2000
132 120 161 113 0 2000
170 238 181 214 0 2000
352 243 353 278 0 2000
57 136 80 150 0 2000
111 65 143 60 0 2000
113 63 126 40 0 2000
32 45 34 80 0 2000
128 75 105 63 0 2000
142 138 148 168 0 2000
47 189 78 184 0 2000
135 166 155 183 0 2000
285 132 268 112 0 2000
33 78 37 45 0 2000
70 246 80 219 0 2000
166 19 157 46 0 2000
71 82 81 55 0 2000
167 34 148 17 0 2000
93 117 120 127 0 2000
45 44 68 31 0 2000
135 156 109 167 0 2000
50 192 19 197 0 2000
26 122 53 113 0 2000
85 79 89 111 0 2000
3 177 14 202 0 2000
109 137 105 170 0 2000
11 39 1 12 0 2000
208 111 208 74 0 2000
8 193 39 199 0 2000
54 162 67 186 0 2000
68 188 79 163 0 2000
18 24 39 39 0 2000
250 111 223 119 0 2000
76 156 66 183 0 2000
47 66 40 96 0 2000
86 75 64 61 0 2000
77 142 42 144 0 2000
81 111 101 127 0 2000
51 111 41 85 0 2000
100 48 85 70 0 2000
65 55 65 90 0 2000
123 120 90 116 0 2000
34 101 48 124 0 2000
190 50 197 20 0 2000
91 56 103 80 0 2000
158 90 145 66 0 2000
12 25 19 54 0 2000
27 225 39 250 0 2000
71 66 83 90 0 2000
124 130 126 165 0 2000
77 78 60 97 0 2000
194 53 197 19 0 2000
70 48 42 41 0 2000
45 23 36 49 0 2000
0 4 27 12 0 2000
38 132 46 161 0 2000
8 34 39 29 0 2000
79 169 87 197 0 2000
47 28 14 32 0 2000
61 40 59 5 0 2000
83 81 108 69 0 2000
183 149 201 130 0 2000
124 27 111 50 0 2000
38 110 51 133 0 2000
175 136 162 160 0 2000
87 157 117 150 0 2000
73 24 56 4 0 2000
210 105 221 131 0 2000
23 43 52 50 0 2000
74 112 82 85 0 2000
120 112 133 90 0 2000
55 40 68 64 0 2000
249 259 271 274 0 2000
101 139 127 149 0 2000
158 81 150 108 0 2000
99 86 90 114 0 2000
172 76 150 91 0 2000
0 2 30 9 0 2000
1 8 24 22 0 2000
1 1 34 5 0 2000
221 182 252 177 0 2000
22 49 49 58 0 2000
61 176 58 210 0 2000
84 134 88 167 0 2000
136 137 130 106 0 2000
116 35 88 43 0 2000
114 82 122 110 0 2000
10 48 38 39 0 2000
157 34 191 33 0 2000
114 126 81 122 0 2000
10 60 31 75 0 2000
96 98 65 92 0 2000
198 211 193 242 0 2000
40 40 66 49 0 2000
33 59 23 33 0 2000
23 35 26 69 0 2000
136 100 106 105 0 2000
272 79 303 85 0 2000
48 59 15 55 0 2000
199 154 209 129 0 2000
64 135 76 158 0 2000
50 77 21 84 0 2000
133 261 166 265 0 2000
21 114 55 111 0 2000
52 86 20 82 0 2000
66 103 81 125 0 2000
320 218 318 183 0 2000
105 130 89 110 0 2000
1 79 22 95 0 2000
0 3 27 12 0 2000
55 170 38 190 0 2000
122 3 149 13 0 2000
53 57 49 90 0 2000
36 113 27 85 0 2000
50 77 44 46 0 2000
143 18 158 39 0 2000
80 126 94 149 0 2000
1 2 24 15 0 2000
55 24 21 26 0 2000
71 32 61 7 0 2000
138 21 154 0 0 2000
33 67 44 92 0 2000
62 71 41 87 0 2000
28 52 47 35 0 2000
135 48 112 60 0 2000
102 241 82 258 0 2000
86 137 115 145 0 2000
243 239 260 257 0 2000
118 99 147 107 0 2000
153 112 128 101 0 2000
84 39 117 43 0 2000
18 108 9 135 0 2000
146 238 113 235 0 2000
91 52 125 55 0 2000
75 104 57 123 0 2000
141 116 119 101 0 2000
12 148 4 119 0 2000
177 146 188 121 0 2000
75 110 48 102 0 2000
158 261 194 262 0 2000
247 104 220 94 0 2000
220 92 215 124 0 2000
44 183 16 192 0 2000
205 55 201 23 0 2000
109 15 132 27 0 2000
38 28 12 38 0 2000
49 33 56 3 0 2000
130 120 162 125 0 2000
40 0 75 2 0 2000
165 212 149 231 0 2000
233 105 254 120 0 2000
102 120 109 90 0 2000
143 23 120 9 0 2000
105 163 80 151 0 2000
65 35 39 24 0 2000
55 122 70 102 0 2000
87 321 81 352 0 2000
291 243 317 254 0 2000
318 253 334 274 0 2000
135 180 158 167 0 2000
99 79 63 78 0 2000
32 133 64 128 0 2000
184 9 203 26 0 2000
94 133 100 163 0 2000
35 97 21 74 0 2000
151 66 150 31 0 2000
37 79 67 86 0 2000
160 92 179 110 0 2000
82 305 49 309 0 2000
80 66 110 59 0 2000
38 22 13 10 0 2000
126 116 125 152 0 2000
91 64 68 50 0 2000
68 46 83 26 0 2000
65 32 37 41 0 2000
48 26 15 22 0 2000
2 44 33 40 0 2000
18 75 4 52 0 2000
73 40 81 11 0 2000
169 84 200 79 0 2000
4 25 36 20 0 2000
50 93 78 102 0 2000
63 8 38 20 0 2000
14 23 18 56 0 2000
12 28 43 33 0 2000
33 23 18 1 0 2000
67 50 37 43 0 2000
114 189 94 204 0 2000
68 19 71 53 0 2000
63 136 91 129 0 2000
78 67 86 96 0 2000
104 213 112 241 0 2000
38 39 9 45 0 2000
12 43 28 23 0 2000
102 107 117 127 0 2000
55 20 80 31 0 2000
83 44 113 50 0 2000
19 91 47 100 0 2000
64 17 69 49 0 2000
151 140 136 119 0 2000
203 35 235 40 0 2000
183 69 178 100 0 2000
118 67 132 44 0 2000
116 100 96 116 0 2000
83 65 117 63 0 2000
58 59 32 50 0 2000
28 42 29 78 0 2000
208 119 202 88 0 2000
31 17 25 48 0 2000
92 90 80 67 0 2000
79 134 111 131 0 2000
23 30 43 14 0 2000
63 14 63 49 0 2000
150 145 160 119 0 2000
199 176 180 158 0 2000
12 201 29 221 0 2000
87 49 84 16 0 2000
64 15 93 23 0 2000
102 39 95 11 0 2000
195 121 167 112 0 2000
104 35 112 6 0 2000
237 184 208 192 0 2000
130 163 156 174 0 2000
179 62 191 87 0 2000
100 20 85 41 0 2000
84 42 56 33 0 2000
167 69 155 92 0 2000
28 95 19 121 0 2000
182 71 147 73 0 2000
88 208 103 230 0 2000
64 115 68 148 0 2000
19 14 21 49 0 2000
4 94 11 123 0 2000
31 19 13 36 0 2000
29 24 53 37 0 2000
72 78 93 94 0 2000
73 114 60 92 0 2000
20 49 2 68 0 2000
64 85 55 111 0 2000
82 237 56 248 0 2000
128 97 118 72 0 2000
119 71 151 66 0 2000
85 113 60 125 0 2000
158 132 122 131 0 2000
66 72 82 93 0 2000
13 31 29 52 0 2000
137 66 156 82 0 2000
156 80 147 52 0 2000
137 85 112 97 0 2000
0 2 25 14 0 2000
20 37 41 21 0 2000
22 75 39 94 0 2000
30 83 12 102 0 2000
225 137 253 128 0 2000
96 112 123 103 0 2000
124 71 101 59 0 2000
59 70 34 80 0 2000
37 30 46 57 0 2000
47 56 62 36 0 2000
108 93 134 83 0 2000
98 191 65 188 0 2000
200 114 218 133 0 2000
37 47 25 72 0 2000
63 184 31 179 0 2000
41 80 55 57 0 2000
159 82 148 56 0 2000
27 56 0 66 0 2000
63 1 54 29 0 2000
18 80 13 112 0 2000
99 93 125 104 0 2000
180 114 194 137 0 2000
331 67 317 89 0 2000
98 54 115 35 0 2000
127 136 152 148 0 2000
120 63 105 43 0 2000
107 42 140 39 0 2000
94 111 103 139 0 2000
7 30 6 66 0 2000
102 58 96 88 0 2000
200 107 207 78 0 2000
52 60 70 42 0 2000
140 4 109 10 0 2000
187 106 178 133 0 2000
122 38 148 29 0 2000
51 158 32 140 0 2000
28 70 46 89 0 2000
31 125 64 128 0 2000
113 21 136 8 0 2000
228 179 212 199 0 2000
161 234 188 225 0 2000
158 76 140 59 0 2000
85 30 93 2 0 2000
98 169 68 162 0 2000
99 47 99 84 0 2000
86 21 90 54 0 2000
94 43 63 38 0 2000
97 144 123 155 0 2000
105 46 80 34 0 2000
109 215 99 189 0 2000
56 84 54 119 0 2000
106 73 93 97 0 2000
82 48 95 24 0 2000
302 115 331 122 0 2000
139 52 133 83 0 2000
24 128 20 159 0 2000
133 62 105 70 0 2000
56 33 26 40 0 2000
75 174 106 168 0 2000
36 42 3 46 0 2000
102 159 129 149 0 2000
26 148 53 138 0 2000
233 70 202 75 0 2000
37 41 60 28 0 2000
92 46 105 69 0 2000
24 22 56 26 0 2000
111 93 128 112 0 2000
166 36 160 6 0 2000
228 87 240 62 0 2000
94 39 74 56 0 2000
73 57 53 40 0 2000
79 28 110 22 0 2000
36 85 46 58 0 2000
101 17 129 25 0 2000
129 22 144 43 0 2000
47 31 56 59 0 2000
170 50 140 45 0 2000
115 155 116 191 0 2000
72 77 93 93 0 2000
73 29 79 60 0 2000
171 176 186 198 0 2000
66 47 53 70 0 2000
125 33 99 44 0 2000
85 78 58 68 0 2000
255 220 260 252 0 2000
0 109 1 74 0 2000
228 18 198 25 0 2000
41 82 27 105 0 2000
234 172 256 157 0 2000
69 59 86 79 0 2000
191 90 191 127 0 2000
267 46 284 66 0 2000
102 54 77 66 0 2000
0 2 0 39 0 2000
32 48 25 77 0 2000
33 64 68 62 0 2000
25 16 59 19 0 2000
79 65 84 33 0 2000
126 53 134 24 0 2000
56 67 73 86 0 2000
91 159 102 185 0 2000
57 77 66 104 0 2000
47 29 45 64 0 2000
59 28 66 57 0 2000
10 67 30 50 0 2000
32 8 53 23 0 2000
114 141 100 164 0 2000
178 230 151 238 0 2000
54 49 54 84 0 2000
83 69 111 61 0 2000
97 36 75 51 0 2000
25 77 24 41 0 2000
58 29 87 22 0 2000
28 18 24 50 0 2000
63 285 78 307 0 2000
72 176 64 147 0 2000
46 49 30 29 0 2000
90 169 63 179 0 2000
56 12 72 33 0 2000
69 84 68 118 0 2000
130 50 115 72 0 2000
36 54 23 77 0 2000
30 47 48 29 0 2000
66 86 44 101 0 2000
109 71 107 104 0 2000
75 67 62 43 0 2000
70 136 86 156 0 2000
113 161 80 159 0 2000
164 160 161 193 0 2000
166 48 137 40 0 2000
101 27 86 5 0 2000
92 16 116 28 0 2000
86 51 107 67 0 2000
35 11 14 27 0 2000
102 86 69 84 0 2000
87 17 99 41 0 2000
15 111 7 139 0 2000
188 155 166 170 0 2000
150 150 145 120 0 2000
45 256 76 262 0 2000
184 75 213 83 0 2000
178 76 158 59 0 2000
51 38 36 59 0 2000
2 31 0 66 0 2000
122 134 149 142 0 2000
62 77 27 79 0 2000
37 58 49 83 0 2000
61 65 27 62 0 2000
117 93 89 102 0 2000
131 265 102 273 0 2000
23 111 7 90 0 2000
89 222 114 233 0 2000
7 51 32 39 0 2000
32 43 45 65 0 2000
45 63 80 65 0 2000
80 63 44 62 0 2000
44 59 32 83 0 2000
138 66 149 40 0 2000
162 277 144 296 0 2000
28 269 46 288 0 2000
0 3 16 23 0 2000
49 116 41 145 0 2000
51 25 43 54 0 2000
128 38 109 21 0 2000
294 64 270 52 0 2000
33 85 30 118 0 2000
159 55 138 40 0 2000
154 386 159 416 0 2000
50 20 66 0 0 2000
92 60 93 25 0 2000
50 26 53 58 0 2000
37 133 37 169 0 2000
50 38 50 1 0 2000
26 45 54 36 0 2000
111 40 104 69 0 2000
73 90 47 79 0 2000
112 138 102 165 0 2000
316 219 318 184 0 2000
75 43 67 71 0 2000
68 57 50 39 0 2000
95 30 103 1 0 2000
6 32 30 19 0 2000
144 148 122 134 0 2000
6 1 31 13 0 2000
109 129 128 112 0 2000
189 237 176 213 0 2000
90 42 102 17 0 2000
223 23 204 5 0 2000
176 189 176 226 0 2000
53 126 24 132 0 2000
210 54 188 39 0 2000
31 85 18 108 0 2000
93 73 127 76 0 2000
12 74 7 43 0 2000
4 197 39 199 0 2000
105 25 105 61 0 2000
25 78 6 61 0 2000
111 142 139 135 0 2000
174 254 150 243 0 2000
152 50 157 82 0 2000
306 28 314 1 0 2000
104 18 78 28 0 2000
168 2 175 31 0 2000
21 51 37 72 0 2000
81 160 69 185 0 2000
29 144 48 126 0 2000
145 34 173 43 0 2000
311 17 297 39 0 2000
105 104 94 130 0 2000
96 117 99 84 0 2000
145 141 148 108 0 2000
90 207 124 209 0 2000
27 70 62 69 0 2000
41 36 64 23 0 2000
33 70 9 83 0 2000
42 86 20 101 0 2000
181 167 178 199 0 2000
60 121 64 154 0 2000
203 435 167 434 0 2000
74 154 40 153 0 2000
91 198 58 194 0 2000
47 152 14 156 0 2000
8 73 39 67 0 2000
18 137 41 123 0 2000
41 65 25 44 0 2000
21 59 31 32 0 2000
30 39 19 15 0 2000
47 152 27 169 0 2000
27 18 38 44 0 2000
239 202 271 206 0 2000
44 86 66 100 0 2000
43 15 78 17 0 2000
75 81 67 53 0 2000
86 26 61 38 0 2000
62 144 67 112 0 2000
59 218 80 234 0 2000
152 78 129 90 0 2000
70 66 102 62 0 2000
120 75 98 89 0 2000
73 131 74 95 0 2000
179 67 204 56 0 2000
21 52 53 48 0 2000
44 198 44 161 0 2000
120 148 152 152 0 2000
61 82 70 54 0 2000
128 190 145 209 0 2000
159 153 149 126 0 2000
182 184 152 178 0 2000
114 125 88 135 0 2000
88 137 88 174 0 2000
21 29 44 16 0 2000
98 151 132 154 0 2000
46 113 45 149 0 2000
92 63 122 69 0 2000
76 43 71 11 0 2000
184 225 182 260 0 2000
78 50 96 31 0 2000
21 40 33 15 0 2000
44 91 42 125 0 2000
90 206 82 178 0 2000
44 54 68 41 0 2000
88 73 58 80 0 2000
34 56 63 48 0 2000
130 148 146 127 0 2000
74 14 97 26 0 2000
0 2 29 10 0 2000
127 132 112 111 0 2000
181 85 150 90 0 2000
77 168 83 198 0 2000
64 137 46 156 0 2000
218 27 198 44 0 2000
81 62 79 97 0 2000
36 272 21 250 0 2000
132 63 153 77 0 2000
1 2 12 27 0 2000
77 80 71 110 0 2000
68 84 58 57 0 2000
216 88 208 117 0 2000
105 58 75 52 0 2000
237 33 245 6 0 2000
22 3 31 31 0 2000
107 196 131 209 0 2000
86 147 87 183 0 2000
133 180 135 215 0 2000
62 20 90 11 0 2000
24 99 51 89 0 2000
32 52 21 26 0 2000
207 62 184 75 0 2000
29 43 22 15 0 2000
37 71 26 46 0 2000
139 107 156 87 0 2000
268 54 234 51 0 2000
205 23 194 49 0 2000
122 54 94 45 0 2000
13 83 47 86 0 2000
32 198 61 205 0 2000
32 173 66 174 0 2000
18 105 48 112 0 2000
213 120 222 92 0 2000
47 68 33 91 0 2000
92 210 96 177 0 2000
40 185 24 206 0 2000
72 166 63 194 0 2000
92 152 66 141 0 2000
97 71 114 91 0 2000
71 236 49 221 0 2000
104 131 100 163 0 2000
94 51 120 40 0 2000
131 223 155 210 0 2000
67 47 67 83 0 2000
79 71 56 85 0 2000
29 9 10 26 0 2000
124 74 128 42 0 2000
95 51 62 49 0 2000
116 83 116 46 0 2000
24 65 58 68 0 2000
66 164 61 132 0 2000
138 50 160 64 0 2000
14 40 16 75 0 2000
65 36 72 6 0 2000
26 50 60 53 0 2000
37 9 60 21 0 2000
69 90 95 101 0 2000
96 104 96 67 0 2000
2 135 26 124 0 2000
83 62 79 30 0 2000
185 250 151 247 0 2000
25 29 21 62 0 2000
129 35 105 22 0 2000
46 286 32 309 0 2000
19 84 48 76 0 2000
76 50 86 24 0 2000
109 81 109 118 0 2000
89 296 61 289 0 2000
31 31 10 46 0 2000
94 50 113 66 0 2000
60 119 96 118 0 2000
301 196 312 170 0 2000
336 38 307 31 0 2000
60 29 55 61 0 2000
29 324 33 357 0 2000
30 47 22 76 0 2000
1 2 26 13 0 2000
72 60 48 48 0 2000
46 27 71 38 0 2000
221 80 213 109 0 2000
48 157 43 188 0 2000
117 32 100 12 0 2000
47 23 43 55 0 2000
29 29 8 13 0 2000
24 45 47 58 0 2000
64 6 70 37 0 2000
71 55 105 58 0 2000
105 56 141 55 0 2000
32 7 66 10 0 2000
120 88 95 76 0 2000
15 175 47 170 0 2000
22 59 31 85 0 2000
2 98 26 85 0 2000
45 33 65 16 0 2000
110 4 75 6 0 2000
36 114 41 146 0 2000
16 266 48 271 0 2000
15 76 35 93 0 2000
72 114 104 109 0 2000
114 86 106 59 0 2000
26 32 50 20 0 2000
104 191 119 213 0 2000
116 44 91 32 0 2000
58 123 80 136 0 2000
46 169 43 135 0 2000
220 300 186 302 0 2000
126 207 137 181 0 2000
102 28 132 21 0 2000
204 51 206 86 0 2000
178 81 157 95 0 2000
61 130 55 161 0 2000
84 11 118 14 0 2000
39 0 41 34 0 2000
124 49 108 70 0 2000
96 61 64 65 0 2000
76 79 65 53 0 2000
1 2 11 28 0 2000
148 50 163 29 0 2000
16 80 16 43 0 2000
116 165 128 190 0 2000
34 39 35 74 0 2000
10 29 44 26 0 2000
204 128 228 141 0 2000
38 6 41 39 0 2000
303 215 316 193 0 2000
119 46 95 57 0 2000
105 51 140 49 0 2000
115 71 135 55 0 2000
13 128 1 153 0 2000
28 33 36 4 0 2000
9 20 34 9 0 2000
88 115 66 101 0 2000
180 99 168 74 0 2000
170 135 167 169 0 2000
97 199 123 210 0 2000
54 97 48 68 0 2000
1 20 18 0 0 2000
75 4 95 20 0 2000
103 150 108 119 0 2000
124 101 133 129 0 2000
98 67 115 87 0 2000
133 160 110 146 0 2000
26 99 59 103 0 2000
94 219 80 242 0 2000
0 2 21 18 0 2000
103 43 84 25 0 2000
98 188 88 161 0 2000
119 113 90 119 0 2000
124 189 97 198 0 2000
47 357 69 342 0 2000
72 46 97 58 0 2000
100 86 78 72 0 2000
80 179 80 143 0 2000
10 76 45 75 0 2000
53 65 54 30 0 2000
78 45 100 59 0 2000
40 30 28 55 0 2000
107 84 95 60 0 2000
62 55 95 52 0 2000
45 284 26 302 0 2000
44 69 16 78 0 2000
74 229 74 266 0 2000
138 87 147 59 0 2000
25 173 11 194 0 2000
96 19 63 21 0 2000
112 76 80 80 0 2000
1 78 25 66 0 2000
27 2 56 10 0 2000
66 55 65 20 0 2000
61 80 35 69 0 2000
236 118 272 117 0 2000
167 81 200 84 0 2000
72 35 102 28 0 2000
20 182 21 147 0 2000
328 88 298 83 0 2000
69 54 100 49 0 2000
17 94 14 60 0 2000
40 15 64 4 0 2000
204 122 235 117 0 2000
82 223 102 240 0 2000
53 39 25 47 0 2000
88 134 77 160 0 2000
127 191 99 200 0 2000
31 4 48 23 0 2000
54 95 31 108 0 2000
165 71 191 80 0 2000
63 123 84 139 0 2000
396 78 426 72 0 2000
69 55 61 83 0 2000
2 23 0 57 0 2000
378 51 410 55 0 2000
82 97 91 70 0 2000
76 58 82 89 0 2000
24 74 21 107 0 2000
37 5 29 33 0 2000
35 7 20 28 0 2000
46 8 73 18 0 2000
73 20 63 47 0 2000
27 175 45 193 0 2000
32 10 57 22 0 2000
132 82 132 45 0 2000
55 93 49 62 0 2000
112 59 100 34 0 2000
42 21 42 58 0 2000
115 162 136 147 0 2000
217 24 207 51 0 2000
18 4 19 40 0 2000
61 250 64 216 0 2000
73 4 93 20 0 2000
51 101 55 134 0 2000
93 44 63 37 0 2000
52 34 67 13 0 2000
72 190 43 198 0 2000
344 151 343 117 0 2000
108 212 129 197 0 2000
87 38 70 58 0 2000
12 25 37 13 0 2000
251 38 263 13 0 2000
80 3 97 23 0 2000
29 240 0 248 0 2000
44 154 33 128 0 2000
102 3 88 26 0 2000
110 65 138 72 0 2000
80 83 90 110 0 2000
182 57 190 28 0 2000
206 79 205 43 0 2000
69 79 94 67 0 2000
172 28 200 19 0 2000
20 177 20 140 0 2000
208 52 210 17 0 2000
150 123 124 133 0 2000
18 283 41 269 0 2000
91 111 110 129 0 2000
41 80 75 78 0 2000
125 34 139 56 0 2000
101 249 136 248 0 2000
73 30 96 44 0 2000
31 28 55 39 0 2000
155 187 168 165 0 2000
87 162 103 141 0 2000
45 181 49 148 0 2000
127 15 103 2 0 2000
201 201 199 235 0 2000
165 158 159 127 0 2000
123 108 135 132 0 2000
19 20 29 47 0 2000
55 34 44 10 0 2000
91 67 111 50 0 2000
82 59 94 35 0 2000
167 56 201 53 0 2000
191 129 199 100 0 2000
26 57 11 77 0 2000
196 118 186 93 0 2000
100 178 67 182 0 2000
13 26 41 17 0 2000
17 146 44 156 0 2000
204 79 221 97 0 2000
97 126 104 156 0 2000
104 153 121 172 0 2000
121 170 149 161 0 2000
38 65 38 28 0 2000
169 276 204 275 0 2000
170 136 151 118 0 2000
7 188 16 216 0 2000
20 81 46 92 0 2000
177 222 189 245 0 2000
39 41 16 27 0 2000
46 356 15 361 0 2000
99 10 101 44 0 2000
186 202 159 211 0 2000
136 76 160 87 0 2000
110 100 94 80 0 2000
40 88 49 60 0 2000
155 153 156 188 0 2000
6 10 24 27 0 2000
127 33 95 37 0 2000
81 89 97 110 0 2000
15 29 49 27 0 2000
115 126 87 135 0 2000
129 237 133 205 0 2000
168 136 174 106 0 2000
105 109 74 104 0 2000
125 280 140 258 0 2000
112 49 130 30 0 2000
115 178 90 167 0 2000
145 94 148 128 0 2000
95 14 94 50 0 2000
76 68 106 75 0 2000
13 55 19 24 0 2000
80 273 93 249 0 2000
113 143 139 132 0 2000
88 59 117 51 0 2000
206 42 174 47 0 2000
151 31 149 66 0 2000
49 62 65 41 0 2000
28 10 23 41 0 2000
24 40 18 71 0 2000
92 104 75 85 0 2000
179 440 149 434 0 2000
5 49 15 22 0 2000
31 97 31 62 0 2000
157 58 163 27 0 2000
62 14 62 51 0 2000
86 95 109 82 0 2000
27 53 56 59 0 2000
65 125 68 91 0 2000
52 26 68 5 0 2000
114 98 98 77 0 2000
20 41 19 77 0 2000
36 37 29 7 0 2000
114 40 119 71 0 2000
52 56 81 63 0 2000
193 243 209 264 0 2000
71 58 79 86 0 2000
19 195 33 172 0 2000
145 94 174 88 0 2000
42 213 27 233 0 2000
17 109 44 119 0 2000
102 97 116 76 0 2000
160 6 182 19 0 2000
54 12 59 44 0 2000
66 15 98 20 0 2000
69 53 65 85 0 2000
111 46 89 32 0 2000
100 101 96 134 0 2000
224 248 189 246 0 2000
62 93 67 61 0 2000
87 416 110 430 0 2000
28 19 61 15 0 2000
37 41 2 43 0 2000
113 66 110 100 0 2000
94 166 104 192 0 2000
40 78 57 98 0 2000
69 34 61 7 0 2000
1 34 9 7 0 2000
67 88 98 82 0 2000
28 103 8 87 0 2000
147 9 119 0 0 2000
99 44 133 42 0 2000
91 80 100 107 0 2000
173 41 152 25 0 2000
77 68 99 53 0 2000
185 71 186 107 0 2000
62 44 34 51 0 2000
157 96 188 90 0 2000
175 84 151 71 0 2000
32 11 52 28 0 2000
156 242 184 251 0 2000
57 129 78 145 0 2000
97 16 133 17 0 2000
71 148 107 147 0 2000
67 119 62 87 0 2000
30 116 64 117 0 2000
1 60 33 64 0 2000
49 61 17 57 0 2000
4 26 40 27 0 2000
101 36 111 62 0 2000
142 103 133 131 0 2000
30 12 45 33 0 2000
88 41 101 17 0 2000
147 59 140 30 0 2000
51 35 64 58 0 2000
117 145 95 160 0 2000
94 162 113 145 0 2000
412 54 419 25 0 2000
21 65 40 48 0 2000
41 154 41 117 0 2000
51 42 20 36 0 2000
63 75 61 42 0 2000
43 164 70 154 0 2000
165 18 144 33 0 2000
42 85 11 79 0 2000
38 66 31 96 0 2000
1 2 30 9 0 2000
20 49 11 21 0 2000
85 95 59 85 0 2000
60 83 38 97 0 2000
150 61 116 64 0 2000
59 293 59 256 0 2000
1 2 24 15 0 2000
64 21 41 7 0 2000
58 32 30 23 0 2000
203 80 226 93 0 2000
17 56 3 34 0 2000
40 18 32 47 0 2000
51 44 51 80 0 2000
61 32 81 47 0 2000
142 202 176 205 0 2000
92 168 113 184 0 2000
73 94 46 84 0 2000
15 121 44 113 0 2000
15 25 32 5 0 2000
374 256 353 241 0 2000
26 228 52 217 0 2000
96 148 109 171 0 2000
73 80 46 70 0 2000
58 35 63 3 0 2000
22 61 53 55 0 2000
52 97 23 105 0 2000
70 27 104 25 0 2000
54 168 81 158 0 2000
161 102 158 135 0 2000
246 196 259 173 0 2000
42 73 6 74 0 2000
54 67 51 100 0 2000
46 296 28 277 0 2000
74 65 86 40 0 2000
67 1 54 25 0 2000
7 50 42 48 0 2000
48 175 75 167 0 2000
17 0 40 14 0 2000
24 45 54 38 0 2000
39 229 26 205 0 2000
59 88 27 93 0 2000
84 25 66 6 0 2000
130 41 98 46 0 2000
57 133 62 165 0 2000
33 8 44 34 0 2000
116 74 94 59 0 2000
1 122 22 138 0 2000
71 24 63 53 0 2000
96 106 89 136 0 2000
13 82 47 79 0 2000
47 34 33 11 0 2000
30 79 66 78 0 2000
168 81 180 106 0 2000
22 60 14 32 0 2000
51 52 34 71 0 2000
32 131 64 127 0 2000
18 81 22 114 0 2000
1 1 28 11 0 2000
239 61 257 42 0 2000
35 91 40 60 0 2000
309 237 291 256 0 2000
115 30 106 4 0 2000
61 4 28 1 0 2000
46 57 11 59 0 2000
173 86 182 59 0 2000
133 124 166 121 0 2000
1 1 5 34 0 2000
147 44 142 12 0 2000
38 77 61 63 0 2000
5 79 20 58 0 2000
6 309 36 303 0 2000
129 299 99 306 0 2000
40 192 43 159 0 2000
69 104 93 116 0 2000
50 55 55 24 0 2000
45 31 36 3 0 2000
0 108 26 98 0 2000
38 44 29 16 0 2000
36 42 10 51 0 2000
148 119 142 89 0 2000
118 287 120 253 0 2000
60 65 57 31 0 2000
66 95 97 101 0 2000
131 47 131 83 0 2000
43 81 66 68 0 2000
63 127 77 148 0 2000
105 73 141 74 0 2000
89 99 101 123 0 2000
57 36 82 24 0 2000
96 17 115 35 0 2000
135 51 127 23 0 2000
45 88 24 103 0 2000
28 78 53 68 0 2000
193 226 190 258 0 2000
148 98 173 109 0 2000
206 236 205 272 0 2000
150 48 115 49 0 2000
114 50 88 61 0 2000
59 66 48 91 0 2000
120 1 126 32 0 2000
104 105 130 95 0 2000
35 115 48 92 0 2000
46 67 71 57 0 2000
45 135 71 146 0 2000
113 109 128 87 0 2000
30 10 0 4 0 2000
48 103 23 113 0 2000
63 139 59 170 0 2000
13 28 42 20 0 2000
7 292 41 295 0 2000
75 147 46 155 0 2000
80 115 59 99 0 2000
65 64 48 84 0 2000
100 61 98 27 0 2000
18 21 27 49 0 2000
95 85 89 116 0 2000
0 4 5 34 0 2000
49 178 47 213 0 2000
82 68 82 104 0 2000
44 105 38 136 0 2000
69 54 44 65 0 2000
0 2 34 5 0 2000
112 212 129 192 0 2000
87 22 89 56 0 2000
244 163 220 176 0 2000
212 199 228 178 0 2000
42 50 70 58 0 2000
27 8 17 33 0 2000
50 29 15 31 0 2000
84 172 63 186 0 2000
10 66 21 40 0 2000
192 157 173 139 0 2000
16 98 46 104 0 2000
124 63 119 94 0 2000
46 57 49 90 0 2000
98 126 90 153 0 2000
90 9 54 10 0 2000
46 66 52 35 0 2000
109 117 90 134 0 2000
46 153 37 125 0 2000
49 96 82 100 0 2000
156 61 136 76 0 2000
44 68 44 105 0 2000
28 11 14 34 0 2000
42 124 43 88 0 2000
88 60 65 74 0 2000
110 45 136 56 0 2000
143 92 111 88 0 2000
86 124 104 105 0 2000
117 135 134 116 0 2000
88 113 76 89 0 2000
39 182 52 159 0 2000
291 42 283 71 0 2000
65 75 75 49 0 2000
188 85 198 112 0 2000
100 59 96 91 0 2000
79 32 78 68 0 2000
157 81 160 114 0 2000
58 41 46 18 0 2000
42 28 69 18 0 2000
80 100 70 74 0 2000
109 64 109 101 0 2000
102 254 69 257 0 2000
174 182 150 195 0 2000
186 122 190 89 0 2000
68 60 88 43 0 2000
248 175 277 168 0 2000
81 38 100 21 0 2000
133 12 121 37 0 2000
278 240 269 212 0 2000
297 72 298 36 0 2000
38 47 16 62 0 2000
4 35 14 62 0 2000
228 175 205 161 0 2000
107 66 72 68 0 2000
13 55 29 76 0 2000
69 6 55 29 0 2000
70 28 85 6 0 2000
48 162 48 126 0 2000
56 20 42 43 0 2000
39 64 6 61 0 2000
246 121 220 130 0 2000
53 70 34 88 0 2000
185 227 195 200 0 2000
27 80 48 96 0 2000
23 9 55 14 0 2000
53 16 73 1 0 2000
138 154 127 180 0 2000
50 50 23 42 0 2000
15 57 36 73 0 2000
86 197 101 217 0 2000
278 158 289 183 0 2000
153 31 131 45 0 2000
58 55 27 61 0 2000
103 178 115 155 0 2000
65 5 51 28 0 2000
37 37 12 25 0 2000
61 60 91 54 0 2000
50 37 67 57 0 2000
38 107 23 129 0 2000
165 23 159 54 0 2000
210 102 208 137 0 2000
91 52 92 16 0 2000
28 98 3 86 0 2000
48 2 39 30 0 2000
10 30 23 7 0 2000
161 48 174 24 0 2000
112 77 148 76 0 2000
117 65 152 67 0 2000
61 50 94 46 0 2000
27 11 50 24 0 2000
39 90 18 74 0 2000
183 12 202 30 0 2000
49 60 49 23 0 2000
7 156 17 183 0 2000
79 225 56 238 0 2000
9 210 31 195 0 2000
93 60 105 85 0 2000
38 166 45 137 0 2000
157 101 168 75 0 2000
123 72 121 38 0 2000
1 1 25 14 0 2000
0 2 18 21 0 2000
212 132 197 110 0 2000
154 79 134 63 0 2000
103 48 134 53 0 2000
27 38 0 48 0 2000
18 89 15 121 0 2000
39 89 20 107 0 2000
44 36 70 47 0 2000
51 102 48 68 0 2000
149 59 176 68 0 2000
22 117 35 139 0 2000
33 53 69 52 0 2000
231 23 246 45 0 2000
58 113 88 107 0 2000
94 44 100 14 0 2000
7 30 28 46 0 2000
172 159 176 191 0 2000
79 83 48 88 0 2000
238 61 250 85 0 2000
48 59 13 57 0 2000
89 176 98 149 0 2000
133 196 114 180 0 2000
60 55 26 52 0 2000
88 74 78 99 0 2000
35 204 48 228 0 2000
129 147 140 121 0 2000
58 146 92 149 0 2000
56 35 89 31 0 2000
88 230 70 248 0 2000
68 25 36 20 0 2000
20 57 22 23 0 2000
27 32 10 13 0 2000
21 91 51 98 0 2000
56 58 61 89 0 2000
44 167 44 204 0 2000
93 53 75 34 0 2000
265 186 248 206 0 2000
33 211 67 212 0 2000
18 67 26 39 0 2000
172 21 206 24 0 2000
104 243 70 246 0 2000
86 124 74 149 0 2000
8 89 25 109 0 2000
190 212 178 187 0 2000
24 20 24 57 0 2000
19 247 31 272 0 2000
25 10 42 28 0 2000
30 157 17 133 0 2000
1 1 19 20 0 2000
0 3 31 8 0 2000
190 51 178 76 0 2000
76 14 53 28 0 2000
141 325 129 301 0 2000
4 90 40 91 0 2000
65 125 76 99 0 2000
122 37 152 44 0 2000
5 56 8 22 0 2000
26 27 30 60 0 2000
14 58 42 66 0 2000
33 20 5 11 0 2000
7 68 26 50 0 2000
97 25 69 34 0 2000
191 153 223 156 0 2000
180 50 159 35 0 2000
77 5 110 9 0 2000
2 303 21 320 0 2000
106 88 92 65 0 2000
48 34 53 66 0 2000
97 92 118 108 0 2000
85 7 91 38 0 2000
19 20 22 54 0 2000
189 8 162 18 0 2000
192 33 200 4 0 2000
61 375 88 385 0 2000
50 207 34 186 0 2000
186 70 209 56 0 2000
60 59 41 77 0 2000
151 69 179 77 0 2000
52 41 43 14 0 2000
63 108 35 100 0 2000
64 119 60 152 0 2000
107 152 115 124 0 2000
30 9 64 6 0 2000
70 55 41 48 0 2000
68 112 80 87 0 2000
84 18 87 52 0 2000
178 11 190 35 0 2000
97 12 63 15 0 2000
120 232 112 204 0 2000
246 4 270 16 0 2000
118 0 106 25 0 2000
68 176 90 161 0 2000
68 42 82 65 0 2000
21 91 0 76 0 2000
136 25 127 53 0 2000
91 288 88 322 0 2000
148 48 165 68 0 2000
169 84 145 71 0 2000
239 56 265 45 0 2000
1 1 7 32 0 2000
225 142 248 156 0 2000
94 133 90 100 0 2000
71 36 60 60 0 2000
71 155 103 150 0 2000
289 152 258 147 0 2000
60 16 69 44 0 2000
72 117 103 112 0 2000
78 222 81 256 0 2000
96 13 122 2 0 2000
68 126 87 109 0 2000
74 0 52 14 0 2000
196 144 199 178 0 2000
44 182 78 179 0 2000
50 57 52 91 0 2000
33 203 55 190 0 2000
83 43 117 46 0 2000
93 199 107 178 0 2000
24 181 45 195 0 2000
276 155 272 188 0 2000
192 229 159 233 0 2000
44 192 58 171 0 2000
88 371 121 375 0 2000
96 65 61 67 0 2000
14 56 44 61 0 2000
218 84 202 65 0 2000
32 127 3 135 0 2000
120 176 149 169 0 2000
25 10 51 0 0 2000
35 53 45 80 0 2000
123 117 116 88 0 2000
265 34 236 42 0 2000
106 157 83 143 0 2000
226 139 222 108 0 2000
154 60 118 61 0 2000
107 59 134 49 0 2000
29 379 50 395 0 2000
32 107 12 124 0 2000
252 74 269 94 0 2000
64 53 87 40 0 2000
286 20 313 30 0 2000
61 87 55 56 0 2000
223 46 221 80 0 2000
246 18 242 50 0 2000
78 221 109 227 0 2000
43 36 65 51 0 2000
53 83 48 115 0 2000
69 10 64 42 0 2000
43 143 34 170 0 2000
20 26 43 12 0 2000
0 2 23 16 0 2000
116 78 83 82 0 2000
121 94 148 104 0 2000
117 50 84 54 0 2000
103 76 126 88 0 2000
116 88 131 110 0 2000
8 133 8 97 0 2000
7 96 6 60 0 2000
5 62 14 35 0 2000
164 150 189 161 0 2000
38 22 18 39 0 2000
19 21 12 50 0 2000
317 205 350 201 0 2000
129 46 163 44 0 2000
123 92 123 129 0 2000
191 248 188 216 0 2000
9 49 5 16 0 2000
86 74 56 80 0 2000
56 180 54 145 0 2000
54 154 86 149 0 2000
116 47 100 68 0 2000
56 11 23 9 0 2000
32 86 26 117 0 2000
47 103 69 118 0 2000
120 168 96 181 0 2000
15 363 27 338 0 2000
35 6 34 42 0 2000
13 24 31 43 0 2000
101 81 87 104 0 2000
143 65 165 50 0 2000
174 233 181 204 0 2000
84 86 50 89 0 2000
69 84 37 80 0 2000
127 104 152 92 0 2000
22 132 39 112 0 2000
145 51 166 35 0 2000
304 200 321 219 0 2000
89 55 120 61 0 2000
226 19 203 5 0 2000
38 18 64 29 0 2000
98 62 104 32 0 2000
153 98 150 131 0 2000
30 234 28 267 0 2000
83 13 88 44 0 2000
2 1 18 21 0 2000
95 120 86 148 0 2000
45 66 70 54 0 2000
134 146 126 118 0 2000
190 103 206 123 0 2000
54 173 77 187 0 2000
297 37 297 74 0 2000
161 89 161 126 0 2000
0 246 18 265 0 2000
183 94 202 112 0 2000
121 9 145 22 0 2000
221 128 189 132 0 2000
136 7 165 15 0 2000
155 273 175 258 0 2000
80 153 96 132 0 2000
110 90 101 117 0 2000
29 79 12 99 0 2000
135 68 145 41 0 2000
90 168 56 171 0 2000
33 38 9 51 0 2000
64 80 48 100 0 2000
36 114 43 85 0 2000
52 355 76 342 0 2000
57 54 58 18 0 2000
197 157 180 137 0 2000
38 112 32 82 0 2000
44 5 54 32 0 2000
9 70 33 57 0 2000
39 169 71 174 0 2000
24 89 14 116 0 2000
68 213 41 203 0 2000
59 51 72 74 0 2000
67 209 100 206 0 2000
132 142 158 153 0 2000
80 94 99 76 0 2000
46 115 36 142 0 2000
34 237 35 201 0 2000
142 65 137 97 0 2000
97 75 101 44 0 2000
98 307 83 285 0 2000
53 56 58 25 0 2000
216 154 245 162 0 2000
1 1 37 0 0 2000
118 24 129 50 0 2000
74 147 77 113 0 2000
30 117 51 101 0 2000
82 153 102 170 0 2000
121 35 142 19 0 2000
4 53 37 56 0 2000
259 47 252 76 0 2000
70 40 102 36 0 2000
34 26 69 25 0 2000
140 137 156 117 0 2000
48 94 73 82 0 2000
109 39 138 31 0 2000
136 32 120 52 0 2000
10 27 10 64 0 2000
189 102 217 94 0 2000
37 32 13 44 0 2000
13 41 30 60 0 2000
28 61 48 45 0 2000
48 48 41 77 0 2000
96 68 99 100 0 2000
256 54 264 82 0 2000
56 101 58 67 0 2000
48 29 37 5 0 2000
1 1 0 37 0 2000
43 112 33 85 0 2000
1 1 4 35 0 2000
91 197 82 225 0 2000
15 22 48 18 0 2000
164 37 139 49 0 2000
65 111 98 108 0 2000
92 142 65 152 0 2000
257 81 277 97 0 2000
32 163 18 186 0 2000
188 45 210 60 0 2000
116 175 146 169 0 2000
40 8 5 10 0 2000
157 49 129 40 0 2000
27 103 22 72 0 2000
60 127 59 91 0 2000
48 189 71 175 0 2000
151 230 143 201 0 2000
80 190 74 161 0 2000
69 152 92 166 0 2000
93 167 105 192 0 2000
42 378 35 407 0 2000
110 157 92 138 0 2000
165 104 172 75 0 2000
107 240 105 206 0 2000
104 45 74 40 0 2000
139 39 113 28 0 2000
53 34 28 46 0 2000
102 74 100 108 0 2000
169 163 189 179 0 2000
53 252 39 231 0 2000
152 90 126 79 0 2000
156 221 128 212 0 2000
97 390 88 417 0 2000
71 119 36 118 0 2000
185 144 212 134 0 2000
71 7 65 38 0 2000
28 11 16 36 0 2000
197 77 219 63 0 2000
256 163 232 176 0 2000
0 2 0 39 0 2000
135 170 144 198 0 2000
103 55 74 62 0 2000
12 29 45 33 0 2000
147 55 149 20 0 2000
30 195 30 160 0 2000
112 220 107 251 0 2000
148 243 143 274 0 2000
48 43 14 40 0 2000
100 24 120 40 0 2000
54 40 46 11 0 2000
60 33 32 24 0 2000
35 39 22 63 0 2000
6 183 41 185 0 2000
202 2 174 11 0 2000
173 12 209 13 0 2000
210 12 242 7 0 2000
120 143 86 141 0 2000
70 102 39 108 0 2000
93 31 62 26 0 2000
139 57 123 77 0 2000
4 147 22 130 0 2000
119 133 143 146 0 2000
227 215 223 247 0 2000
0 2 8 31 0 2000
51 2 23 11 0 2000
109 74 134 62 0 2000
58 46 53 77 0 2000
116 50 103 26 0 2000
120 42 143 28 0 2000
120 86 112 113 0 2000
93 56 62 62 0 2000
25 163 2 151 0 2000
251 92 285 95 0 2000
26 178 2 166 0 2000
164 72 169 41 0 2000
254 84 273 102 0 2000
164 79 153 105 0 2000
152 22 130 7 0 2000
69 24 91 39 0 2000
146 144 111 146 0 2000
273 25 291 44 0 2000
125 77 137 52 0 2000
65 63 101 62 0 2000
27 9 29 43 0 2000
110 135 131 120 0 2000
262 94 295 98 0 2000
171 84 177 115 0 2000
60 91 30 97 0 2000
36 145 33 178 0 2000
34 40 34 3 0 2000
50 214 63 190 0 2000
142 72 166 60 0 2000
69 127 64 96 0 2000
31 8 25 39 0 2000
12 39 44 42 0 2000
1 1 19 20 0 2000
8 45 36 54 0 2000
37 57 15 42 0 2000
65 60 49 39 0 2000
80 183 97 201 0 2000
10 47 10 10 0 2000
238 116 228 143 0 2000
2 2 25 14 0 2000
89 55 124 53 0 2000
96 96 75 112 0 2000
90 44 83 74 0 2000
178 8 159 25 0 2000
130 153 151 168 0 2000
222 80 225 114 0 2000
13 5 38 16 0 2000
52 76 17 74 0 2000
82 87 116 84 0 2000
106 169 87 153 0 2000
26 102 43 122 0 2000
203 87 174 95 0 2000
63 87 66 53 0 2000
320 202 293 212 0 2000
74 22 94 6 0 2000
132 173 101 167 0 2000
166 160 186 176 0 2000
20 17 0 34 0 2000
160 253 165 221 0 2000
31 3 55 14 0 2000
94 224 119 234 0 2000
96 36 106 63 0 2000
0 2 35 0 0 2000
36 63 63 73 0 2000
27 11 42 33 0 2000
66 120 36 127 0 2000
132 228 147 206 0 2000
154 19 189 21 0 2000
148 172 156 143 0 2000
56 134 26 140 0 2000
47 45 78 50 0 2000
136 6 103 2 0 2000
130 227 144 249 0 2000
92 20 87 52 0 2000
37 88 57 105 0 2000
30 222 18 199 0 2000
61 72 53 43 0 2000
0 4 33 2 0 2000
137 76 112 65 0 2000
290 213 317 203 0 2000
34 55 0 58 0 2000
116 96 105 72 0 2000
6 68 41 66 0 2000
58 125 30 134 0 2000
70 68 85 88 0 2000
43 185 41 151 0 2000
159 28 162 61 0 2000
39 77 69 71 0 2000
31 30 55 43 0 2000
1 1 14 25 0 2000
82 40 90 68 0 2000
59 46 41 27 0 2000
137 143 132 175 0 2000
61 34 95 32 0 2000
20 163 39 179 0 2000
9 50 24 28 0 2000
41 28 50 56 0 2000
40 67 73 69 0 2000
9 43 41 39 0 2000
65 45 85 61 0 2000
46 150 15 156 0 2000
132 12 127 43 0 2000
119 78 147 87 0 2000
81 55 48 51 0 2000
17 109 12 77 0 2000
169 85 177 113 0 2000
35 132 2 129 0 2000
135 84 165 78 0 2000
76 46 102 35 0 2000
170 79 204 82 0 2000
110 464 113 497 0 2000
72 38 93 53 0 2000
99 131 107 160 0 2000
181 34 201 51 0 2000
143 152 165 137 0 2000
62 108 71 136 0 2000
55 65 73 46 0 2000
196 45 163 49 0 2000
94 52 76 71 0 2000
71 79 93 65 0 2000
74 108 91 128 0 2000
0 2 30 9 0 2000
58 68 63 99 0 2000
22 16 32 43 0 2000
189 188 193 155 0 2000
31 32 31 68 0 2000
127 55 131 88 0 2000
20 60 20 23 0 2000
66 170 85 188 0 2000
77 80 102 91 0 2000
61 68 50 42 0 2000
21 322 49 313 0 2000
159 19 133 30 0 2000
79 346 66 369 0 2000
126 40 129 6 0 2000
67 65 49 47 0 2000
127 45 109 26 0 2000
74 40 74 3 0 2000
12 93 39 85 0 2000
2 1 7 32 0 2000
152 51 161 25 0 2000
99 144 76 130 0 2000
157 63 182 51 0 2000
51 25 24 15 0 2000
152 123 132 140 0 2000
129 48 112 68 0 2000
82 124 81 160 0 2000
43 26 47 58 0 2000
77 122 99 108 0 2000
116 325 94 340 0 2000
89 271 103 248 0 2000
93 151 108 172 0 2000
34 152 15 170 0 2000
85 179 61 167 0 2000
6 138 15 166 0 2000
77 38 60 18 0 2000
132 237 150 256 0 2000
229 144 230 180 0 2000
157 118 141 97 0 2000
87 16 87 53 0 2000
119 20 126 50 0 2000
30 164 44 186 0 2000
76 52 112 53 0 2000
199 171 234 170 0 2000
96 73 114 54 0 2000
27 97 50 83 0 2000
21 15 37 35 0 2000
86 159 65 143 0 2000
76 26 97 10 0 2000
208 263 195 287 0 2000
134 53 138 85 0 2000
55 92 32 78 0 2000
62 279 67 248 0 2000
190 269 216 280 0 2000
97 11 100 45 0 2000
193 289 210 308 0 2000
80 84 68 60 0 2000
92 19 67 8 0 2000
61 215 69 187 0 2000
77 142 75 177 0 2000
86 313 58 306 0 2000
135 163 118 182 0 2000
73 58 89 79 0 2000
24 87 21 54 0 2000
177 76 203 86 0 2000
200 58 198 24 0 2000
102 80 131 72 0 2000
56 73 59 39 0 2000
308 213 313 182 0 2000
152 16 153 51 0 2000
105 138 130 150 0 2000
133 118 118 97 0 2000
98 18 98 55 0 2000
68 135 67 101 0 2000
116 163 148 167 0 2000
135 119 135 83 0 2000
36 117 50 140 0 2000
154 30 121 33 0 2000
94 244 123 252 0 2000
89 65 77 42 0 2000
18 160 48 153 0 2000
3 67 25 54 0 2000
122 22 124 57 0 2000
65 94 65 58 0 2000
129 108 118 83 0 2000
180 115 162 132 0 2000
44 41 27 21 0 2000
125 94 89 95 0 2000
93 99 91 133 0 2000
150 34 125 22 0 2000
23 103 34 129 0 2000
33 128 64 122 0 2000
94 48 104 74 0 2000
33 22 29 54 0 2000
186 201 192 231 0 2000
32 85 10 71 0 2000
59 93 81 78 0 2000
47 31 48 67 0 2000
22 45 52 52 0 2000
209 139 194 160 0 2000
60 66 65 35 0 2000
117 129 110 159 0 2000
104 102 98 71 0 2000
24 224 18 194 0 2000
65 43 76 69 0 2000
174 443 202 450 0 2000
17 57 39 42 0 2000
251 140 228 154 0 2000
143 142 134 170 0 2000
152 31 163 7 0 2000
12 20 34 5 0 2000
51 20 65 42 0 2000
52 78 69 98 0 2000
71 36 102 30 0 2000
37 101 24 125 0 2000
24 127 54 120 0 2000
24 6 60 7 0 2000
301 184 310 212 0 2000
40 73 33 103 0 2000
78 181 84 212 0 2000
51 90 34 71 0 2000
41 136 61 119 0 2000
104 196 122 177 0 2000
82 106 94 129 0 2000
43 84 50 114 0 2000
142 124 143 89 0 2000
335 227 310 215 0 2000
174 53 170 85 0 2000
127 75 148 91 0 2000
25 80 60 78 0 2000
103 142 119 123 0 2000
138 136 128 162 0 2000
127 161 96 155 0 2000
138 103 151 127 0 2000
119 187 106 210 0 2000
102 91 132 84 0 2000
47 97 80 94 0 2000
70 75 103 72 0 2000
101 47 131 54 0 2000
18 79 17 45 0 2000
44 101 44 64 0 2000
226 120 201 109 0 2000
68 16 104 15 0 2000
219 131 222 97 0 2000
49 115 32 135 0 2000
95 124 83 148 0 2000
5 75 41 76 0 2000
68 224 90 239 0 2000
195 78 197 44 0 2000
50 63 60 36 0 2000
49 25 59 51 0 2000
348 59 381 63 0 2000
104 63 87 83 0 2000
227 170 259 166 0 2000
26 59 30 91 0 2000
108 33 78 39 0 2000
27 103 27 66 0 2000
1 27 36 28 0 2000
169 41 144 53 0 2000
210 16 180 9 0 2000
150 102 142 73 0 2000
49 33 26 47 0 2000
128 199 163 198 0 2000
262 146 246 125 0 2000
71 59 61 86 0 2000
29 55 15 77 0 2000
65 57 95 64 0 2000
120 41 156 40 0 2000
237 64 263 75 0 2000
29 94 37 123 0 2000
6 306 30 293 0 2000
125 30 149 17 0 2000
16 114 38 99 0 2000
79 101 109 94 0 2000
11 21 38 30 0 2000
83 58 76 29 0 2000
85 38 74 64 0 2000
90 80 55 78 0 2000
0 4 29 10 0 2000
114 33 97 53 0 2000
125 15 92 19 0 2000
52 59 40 34 0 2000
88 54 57 60 0 2000
60 61 50 86 0 2000
53 41 84 47 0 2000
77 49 72 17 0 2000
239 39 203 40 0 2000
36 77 39 111 0 2000
26 102 33 132 0 2000
5 44 30 32 0 2000
120 262 128 235 0 2000
126 136 144 117 0 2000
44 61 22 46 0 2000
27 138 29 103 0 2000
79 103 50 95 0 2000
1 1 37 0 0 2000
242 222 211 216 0 2000
174 24 180 55 0 2000
106 213 139 210 0 2000
72 171 66 142 0 2000
84 96 105 81 0 2000
212 167 241 159 0 2000
202 28 234 33 0 2000
115 48 93 34 0 2000
130 249 99 254 0 2000
0 2 5 34 0 2000
130 213 143 236 0 2000
72 95 74 130 0 2000
192 38 165 47 0 2000
58 73 45 49 0 2000
50 202 51 237 0 2000
110 50 124 27 0 2000
49 47 68 29 0 2000
91 80 80 54 0 2000
183 57 190 27 0 2000
27 24 26 60 0 2000
65 107 36 99 0 2000
13 97 47 94 0 2000
98 199 64 202 0 2000
9 29 11 63 0 2000
68 155 97 163 0 2000
91 8 86 39 0 2000
128 100 163 101 0 2000
284 206 265 188 0 2000
130 48 99 43 0 2000
7 152 38 158 0 2000
9 154 27 137 0 2000
145 34 164 17 0 2000
50 146 25 156 0 2000
98 14 72 25 0 2000
44 125 13 130 0 2000
58 57 91 54 0 2000
56 74 69 50 0 2000
12 64 45 68 0 2000
34 146 12 161 0 2000
51 64 17 61 0 2000
37 147 26 173 0 2000
140 42 154 20 0 2000
90 41 81 14 0 2000
99 36 68 42 0 2000
210 162 212 197 0 2000
254 50 225 58 0 2000
11 31 31 48 0 2000
0 2 19 20 0 2000
198 23 219 39 0 2000
82 86 96 108 0 2000
345 118 345 154 0 2000
62 81 27 80 0 2000
15 56 42 47 0 2000
180 83 183 51 0 2000
115 190 142 200 0 2000
62 39 46 19 0 2000
103 123 127 110 0 2000
56 35 85 43 0 2000
11 34 30 50 0 2000
52 53 19 50 0 2000
145 303 155 329 0 2000
61 79 49 103 0 2000
88 42 97 14 0 2000
87 79 99 55 0 2000
40 18 68 27 0 2000
12 27 40 18 0 2000
59 65 31 56 0 2000
193 46 225 43 0 2000
60 135 39 151 0 2000
98 302 79 284 0 2000
165 275 160 244 0 2000
120 198 126 228 0 2000
75 297 44 303 0 2000
39 138 52 114 0 2000
57 84 50 114 0 2000
45 262 16 268 0 2000
70 111 72 76 0 2000
160 68 145 90 0 2000
40 102 10 95 0 2000
10 93 21 119 0 2000
20 118 41 102 0 2000
41 106 33 79 0 2000
54 78 48 108 0 2000
42 49 49 21 0 2000
58 117 89 121 0 2000
116 86 99 66 0 2000
35 54 11 67 0 2000
1 61 13 37 0 2000
54 94 86 98 0 2000
127 141 152 153 0 2000
148 168 167 152 0 2000
68 54 67 19 0 2000
46 192 23 206 0 2000
37 29 48 4 0 2000
77 114 87 87 0 2000
64 90 56 61 0 2000
40 71 14 81 0 2000
40 183 47 154 0 2000
70 56 60 83 0 2000
60 81 87 71 0 2000
155 135 150 103 0 2000
65 81 44 96 0 2000
166 95 183 75 0 2000
16 59 51 61 0 2000
54 64 87 68 0 2000
53 22 24 30 0 2000
55 64 82 54 0 2000
69 150 60 123 0 2000
97 104 81 83 0 2000
52 60 55 26 0 2000
29 81 46 100 0 2000
36 37 52 57 0 2000
201 99 178 86 0 2000
52 34 20 30 0 2000
90 5 101 31 0 2000
20 65 55 67 0 2000
101 29 97 62 0 2000
10 12 8 47 0 2000
1 1 15 24 0 2000
112 66 76 65 0 2000
115 57 91 69 0 2000
48 128 13 127 0 2000
141 135 133 107 0 2000
200 98 232 93 0 2000
134 138 101 136 0 2000
226 63 208 82 0 2000
45 128 46 93 0 2000
56 114 77 99 0 2000
289 202 315 212 0 2000
66 134 97 128 0 2000
39 180 50 205 0 2000
219 12 203 33 0 2000
215 88 193 103 0 2000
150 117 165 139 0 2000
218 40 195 27 0 2000
0 3 16 23 0 2000
70 88 101 82 0 2000
101 84 105 51 0 2000
51 187 45 217 0 2000
108 261 123 240 0 2000
185 166 180 198 0 2000
50 132 24 121 0 2000
12 12 48 11 0 2000
79 96 94 118 0 2000
145 38 142 4 0 2000
96 79 117 95 0 2000
0 39 16 18 0 2000
60 73 91 67 0 2000
54 99 46 127 0 2000
32 49 63 53 0 2000
69 101 104 103 0 2000
26 11 58 16 0 2000
35 72 65 66 0 2000
31 287 0 291 0 2000
46 80 49 114 0 2000
140 54 105 55 0 2000
78 112 76 77 0 2000
75 79 84 106 0 2000
2 78 29 88 0 2000
163 51 164 15 0 2000
67 7 71 39 0 2000
18 56 35 76 0 2000
35 33 21 55 0 2000
127 107 136 135 0 2000
50 60 44 89 0 2000
121 23 132 49 0 2000
35 66 10 77 0 2000
248 67 252 100 0 2000
86 40 108 27 0 2000
92 327 86 297 0 2000
75 19 65 46 0 2000
65 48 85 31 0 2000
148 9 148 46 0 2000
112 43 80 46 0 2000
0 3 29 10 0 2000
0 2 28 11 0 2000
118 80 140 65 0 2000
146 46 124 31 0 2000
169 228 191 213 0 2000
18 168 7 142 0 2000
13 87 7 56 0 2000
144 91 179 89 0 2000
51 71 31 88 0 2000
44 30 9 32 0 2000
20 138 7 115 0 2000
131 15 115 36 0 2000
131 204 113 222 0 2000
235 53 250 32 0 2000
85 43 61 56 0 2000
1 152 15 130 0 2000
128 224 121 252 0 2000
159 86 170 60 0 2000
0 127 9 101 0 2000
6 86 33 76 0 2000
51 51 23 60 0 2000
144 69 155 94 0 2000
26 29 0 19 0 2000
19 48 0 31 0 2000
76 145 111 147 0 2000
150 262 150 298 0 2000
121 159 136 138 0 2000
90 94 56 93 0 2000
2 98 34 103 0 2000
42 347 18 334 0 2000
17 332 6 307 0 2000
29 130 48 147 0 2000
71 91 38 95 0 2000
59 100 51 71 0 2000
98 11 91 40 0 2000
70 59 72 93 0 2000
2 2 23 16 0 2000
23 14 57 17 0 2000
79 71 71 100 0 2000
141 78 155 101 0 2000
155 81 182 91 0 2000
173 96 165 67 0 2000
80 76 71 103 0 2000
20 108 48 117 0 2000
222 27 192 34 0 2000
50 51 74 64 0 2000
68 40 39 32 0 2000
75 100 72 66 0 2000
100 267 67 270 0 2000
104 11 91 35 0 2000
83 103 95 78 0 2000
177 117 193 96 0 2000
89 23 66 9 0 2000
20 99 3 79 0 2000
118 320 85 316 0 2000
24 44 60 45 0 2000
24 12 56 16 0 2000
91 156 65 146 0 2000
33 106 41 78 0 2000
123 231 156 235 0 2000
93 120 75 139 0 2000
179 205 179 169 0 2000
24 25 11 2 0 2000
35 117 28 88 0 2000
209 48 208 83 0 2000
75 80 65 107 0 2000
117 31 94 45 0 2000
94 48 115 63 0 2000
18 134 52 131 0 2000
226 80 197 88 0 2000
59 138 76 118 0 2000
88 66 61 56 0 2000
80 87 49 81 0 2000
94 219 117 232 0 2000
0 41 19 23 0 2000
99 6 63 7 0 2000
360 60 344 81 0 2000
235 18 237 52 0 2000
124 133 105 151 0 2000
45 157 28 137 0 2000
294 187 291 221 0 2000
46 139 61 160 0 2000
265 131 276 157 0 2000
54 48 66 24 0 2000
257 128 255 94 0 2000
97 172 69 181 0 2000
80 42 53 52 0 2000
37 79 5 75 0 2000
27 17 33 46 0 2000
48 50 56 79 0 2000
75 28 92 8 0 2000
47 36 20 46 0 2000
69 105 98 98 0 2000
115 53 100 32 0 2000
58 193 81 179 0 2000
40 32 70 25 0 2000
178 144 160 163 0 2000
31 10 55 23 0 2000
101 65 75 54 0 2000
119 98 155 99 0 2000
59 114 40 131 0 2000
41 21 9 17 0 2000
52 229 59 199 0 2000
55 60 65 34 0 2000
44 60 29 80 0 2000
197 70 212 49 0 2000
148 27 173 17 0 2000
51 150 24 140 0 2000
17 29 39 44 0 2000
20 97 4 117 0 2000
31 42 47 62 0 2000
41 35 36 3 0 2000
19 72 22 40 0 2000
212 98 229 118 0 2000
173 137 195 122 0 2000
15 160 45 155 0 2000
11 39 8 6 0 2000
256 17 248 45 0 2000
104 208 114 181 0 2000
187 204 203 225 0 2000
27 49 25 84 0 2000
41 64 35 95 0 2000
1 1 10 29 0 2000
69 1 95 12 0 2000
135 120 100 118 0 2000
69 46 66 80 0 2000
123 271 122 236 0 2000
241 88 251 114 0 2000
185 45 175 18 0 2000
91 28 124 24 0 2000
191 114 202 88 0 2000
66 151 51 130 0 2000
30 86 62 91 0 2000
8 24 13 56 0 2000
85 15 101 36 0 2000
115 3 99 22 0 2000
2 43 16 66 0 2000
7 34 42 36 0 2000
279 114 276 82 0 2000
123 99 155 104 0 2000
25 16 57 21 0 2000
56 47 77 33 0 2000
62 120 93 114 0 2000
22 198 52 191 0 2000
66 2 56 29 0 2000
298 89 275 75 0 2000
48 268 20 276 0 2000
57 120 92 121 0 2000
11 61 33 46 0 2000
35 28 9 17 0 2000
6 33 20 56 0 2000
0 4 19 20 0 2000
41 267 64 281 0 2000
49 75 23 64 0 2000
45 48 63 67 0 2000
104 154 90 177 0 2000
313 61 347 58 0 2000
343 212 315 220 0 2000
170 70 158 95 0 2000
63 32 61 66 0 2000
130 36 100 29 0 2000
31 270 47 249 0 2000
59 72 43 52 0 2000
161 7 161 42 0 2000
83 53 51 48 0 2000
224 158 231 187 0 2000
22 135 26 167 0 2000
129 47 147 28 0 2000
113 69 118 38 0 2000
116 17 86 23 0 2000
67 66 41 55 0 2000
28 87 64 88 0 2000
142 58 146 91 0 2000
121 119 126 150 0 2000
169 48 162 78 0 2000
184 68 219 67 0 2000
241 97 257 118 0 2000
134 478 136 443 0 2000
150 203 180 197 0 2000
181 198 181 161 0 2000
160 152 156 184 0 2000
1 1 34 5 0 2000
7 79 31 92 0 2000
40 153 18 168 0 2000
46 148 15 154 0 2000
176 69 173 103 0 2000
41 21 44 55 0 2000
338 257 372 255 0 2000
131 267 154 281 0 2000
81 189 108 199 0 2000
17 43 38 57 0 2000
157 67 130 57 0 2000
144 42 129 64 0 2000
88 120 58 114 0 2000
57 55 28 62 0 2000
46 42 53 71 0 2000
84 146 57 154 0 2000
221 94 199 81 0 2000
91 110 124 113 0 2000
19 47 15 79 0 2000
48 147 56 118 0 2000
179 128 168 104 0 2000
113 81 129 102 0 2000
53 30 76 43 0 2000
157 93 180 79 0 2000
309 170 316 200 0 2000
42 54 9 58 0 2000
213 55 190 69 0 2000
127 127 150 114 0 2000
0 80 1 116 0 2000
48 64 61 86 0 2000
148 126 154 156 0 2000
54 58 28 68 0 2000
94 71 92 37 0 2000
182 61 183 96 0 2000
9 19 44 20 0 2000
63 289 82 307 0 2000
0 41 28 48 0 2000
157 84 182 74 0 2000
143 148 172 156 0 2000
39 13 31 42 0 2000
117 40 146 48 0 2000
15 79 37 93 0 2000
28 9 2 20 0 2000
226 142 256 135 0 2000
30 218 64 221 0 2000
117 147 150 144 0 2000
218 133 194 120 0 2000
117 90 88 84 0 2000
55 71 56 35 0 2000
64 33 87 47 0 2000
187 98 157 105 0 2000
156 108 125 112 0 2000
105 49 120 71 0 2000
257 169 229 177 0 2000
25 117 3 132 0 2000
72 85 67 54 0 2000
19 22 43 35 0 2000
157 186 135 172 0 2000
58 127 64 97 0 2000
93 89 99 58 0 2000
178 117 143 119 0 2000
101 48 66 47 0 2000
41 88 20 73 0 2000
52 68 76 56 0 2000
100 51 76 64 0 2000
113 232 128 210 0 2000
73 28 98 16 0 2000
55 60 34 44 0 2000
31 89 49 71 0 2000
23 96 1 81 0 2000
128 196 160 201 0 2000
129 110 161 114 0 2000
59 8 87 16 0 2000
44 128 18 139 0 2000
81 107 90 80 0 2000
89 114 80 141 0 2000
65 110 60 79 0 2000
51 396 81 403 0 2000
50 139 49 103 0 2000
18 44 14 77 0 2000
46 129 63 109 0 2000
0 2 19 20 0 2000
200 203 225 192 0 2000
130 94 127 60 0 2000
100 118 133 115 0 2000
97 126 110 103 0 2000
63 196 50 220 0 2000
120 56 142 42 0 2000
43 52 8 51 0 2000
27 13 14 37 0 2000
86 15 62 28 0 2000
34 71 29 103 0 2000
18 37 19 1 0 2000
159 64 150 36 0 2000
20 165 22 200 0 2000
102 17 78 4 0 2000
3 146 25 131 0 2000
199 129 226 138 0 2000
47 251 45 286 0 2000
62 49 26 50 0 2000
144 17 179 15 0 2000
27 32 19 3 0 2000
180 233 197 213 0 2000
39 214 67 223 0 2000
212 255 199 231 0 2000
147 38 172 26 0 2000
31 6 63 11 0 2000
131 31 147 10 0 2000
43 22 71 13 0 2000
37 39 43 8 0 2000
196 38 164 42 0 2000
66 52 99 56 0 2000
126 65 112 43 0 2000
6 141 2 108 0 2000
63 182 35 173 0 2000
166 51 143 37 0 2000
85 107 115 101 0 2000
102 114 124 101 0 2000
32 97 11 113 0 2000
235 164 245 137 0 2000
162 16 175 40 0 2000
181 105 204 91 0 2000
198 178 224 167 0 2000
140 47 161 63 0 2000
182 72 202 55 0 2000
76 37 90 59 0 2000
62 25 86 12 0 2000
68 99 54 122 0 2000
87 58 65 43 0 2000
99 39 76 52 0 2000
180 160 192 135 0 2000
34 36 18 56 0 2000
8 45 19 21 0 2000
78 89 71 60 0 2000
16 65 42 76 0 2000
28 12 51 26 0 2000
197 42 183 20 0 2000
24 127 3 142 0 2000
49 61 41 90 0 2000
72 291 38 292 0 2000
43 69 65 54 0 2000
129 108 158 102 0 2000
21 139 3 157 0 2000
25 139 52 129 0 2000
74 147 84 174 0 2000
72 157 38 159 0 2000
29 305 59 312 0 2000
31 11 64 14 0 2000
98 85 107 113 0 2000
188 29 192 61 0 2000
264 10 250 33 0 2000
92 285 125 282 0 2000
47 83 54 112 0 2000
118 110 149 116 0 2000
105 84 94 109 0 2000
200 26 226 17 0 2000
131 26 135 59 0 2000
65 141 59 172 0 2000
3 86 17 109 0 2000
67 133 80 109 0 2000
20 85 9 61 0 2000
98 79 93 48 0 2000
18 6 24 37 0 2000
34 42 25 70 0 2000
51 92 35 113 0 2000
125 126 91 124 0 2000
61 34 96 32 0 2000
29 71 53 83 0 2000
70 61 39 55 0 2000
238 248 217 232 0 2000
59 76 46 52 0 2000
82 78 63 60 0 2000
26 35 23 69 0 2000
62 70 70 41 0 2000
160 28 191 23 0 2000
19 25 34 46 0 2000
48 142 26 156 0 2000
94 115 118 128 0 2000
138 171 132 200 0 2000
44 49 64 32 0 2000
29 119 19 92 0 2000
45 32 18 23 0 2000
82 353 48 356 0 2000
1 1 37 0 0 2000
155 92 175 109 0 2000
173 101 180 131 0 2000
163 134 157 103 0 2000
102 90 128 101 0 2000
80 22 93 46 0 2000
25 54 57 59 0 2000
102 38 127 27 0 2000
37 83 6 88 0 2000
144 20 125 4 0 2000
87 107 115 98 0 2000
138 80 158 63 0 2000
149 44 144 74 0 2000
1 1 12 27 0 2000
72 88 56 67 0 2000
51 43 66 65 0 2000
44 35 14 42 0 2000
247 49 238 76 0 2000
48 173 41 203 0 2000
30 31 23 61 0 2000
108 26 132 13 0 2000
217 161 200 180 0 2000
179 75 192 52 0 2000
79 37 58 53 0 2000
107 45 91 64 0 2000
16 39 42 30 0 2000
0 2 7 32 0 2000
66 37 66 0 0 2000
82 340 61 324 0 2000
115 172 131 151 0 2000
90 62 67 49 0 2000
49 90 23 79 0 2000
149 120 126 134 0 2000
33 109 4 116 0 2000
79 259 45 260 0 2000
88 80 53 82 0 2000
2 93 24 107 0 2000
97 139 129 144 0 2000
176 205 199 219 0 2000
43 203 7 202 0 2000
185 29 195 54 0 2000
107 80 127 97 0 2000
157 67 165 38 0 2000
49 48 39 74 0 2000
198 75 193 43 0 2000
89 54 66 40 0 2000
97 26 89 54 0 2000
111 89 76 88 0 2000
2 129 16 151 0 2000
49 23 26 10 0 2000
110 46 87 60 0 2000
58 35 61 1 0 2000
134 82 113 66 0 2000
27 204 9 223 0 2000
9 221 18 249 0 2000
19 252 13 223 0 2000
4 54 15 80 0 2000
130 93 130 56 0 2000
115 77 122 107 0 2000
170 74 195 63 0 2000
58 161 86 153 0 2000
218 145 224 176 0 2000
37 112 24 136 0 2000
123 43 123 78 0 2000
41 198 71 192 0 2000
90 174 69 189 0 2000
49 45 42 75 0 2000
104 86 97 56 0 2000
92 208 121 200 0 2000
83 56 58 68 0 2000
34 126 37 92 0 2000
105 239 80 250 0 2000
2 1 5 34 0 2000
65 37 75 11 0 2000
82 98 58 86 0 2000
19 198 41 183 0 2000
5 78 8 112 0 2000
209 58 225 79 0 2000
287 179 262 167 0 2000
101 253 124 266 0 2000
166 290 144 305 0 2000
161 101 152 127 0 2000
87 138 76 114 0 2000
100 51 111 25 0 2000
215 145 250 147 0 2000
2 151 13 126 0 2000
59 101 40 119 0 2000
313 171 327 148 0 2000
161 17 174 41 0 2000
201 25 177 12 0 2000
57 29 48 57 0 2000
66 4 101 5 0 2000
147 30 155 1 0 2000
34 130 46 154 0 2000
241 71 255 94 0 2000
116 77 136 94 0 2000
43 86 13 80 0 2000
215 101 181 103 0 2000
74 165 74 200 0 2000
3 40 32 48 0 2000
124 66 114 39 0 2000
6 30 28 44 0 2000
80 89 113 93 0 2000
156 114 178 99 0 2000
191 69 214 81 0 2000
62 34 38 46 0 2000
215 16 211 49 0 2000
124 102 144 119 0 2000
93 206 94 242 0 2000
248 49 243 79 0 2000
185 100 207 115 0 2000
158 96 140 115 0 2000
116 34 120 67 0 2000
15 261 22 291 0 2000
4 290 1 323 0 2000
220 22 197 36 0 2000
24 210 20 178 0 2000
276 211 259 231 0 2000
189 23 173 44 0 2000
146 69 112 72 0 2000
58 2 52 33 0 2000
177 112 184 142 0 2000
82 10 79 43 0 2000
78 110 59 128 0 2000
63 105 36 115 0 2000
84 118 102 137 0 2000
142 119 135 90 0 2000
170 64 174 95 0 2000
119 127 151 122 0 2000
38 108 10 117 0 2000
75 59 107 54 0 2000
23 52 56 48 0 2000
62 86 52 60 0 2000
69 51 65 19 0 2000
52 86 63 111 0 2000
114 38 92 24 0 2000
135 69 151 49 0 2000
30 49 31 14 0 2000
100 163 81 145 0 2000
38 110 13 100 0 2000
156 90 167 65 0 2000
139 34 160 50 0 2000
105 75 139 77 0 2000
155 90 132 76 0 2000
10 154 33 168 0 2000
11 11 25 34 0 2000
44 55 63 73 0 2000
96 76 82 99 0 2000
143 70 169 80 0 2000
22 40 20 75 0 2000
55 157 54 193 0 2000
108 177 98 152 0 2000
19 67 15 34 0 2000
80 11 110 6 0 2000
138 235 108 242 0 2000
48 110 35 134 0 2000
52 38 22 31 0 2000
31 177 17 154 0 2000
22 60 48 71 0 2000
115 163 88 153 0 2000
77 78 75 44 0 2000
119 182 132 206 0 2000
54 134 54 97 0 2000
129 26 164 24 0 2000
25 98 56 92 0 2000
28 124 52 111 0 2000
62 100 81 118 0 2000
38 265 20 246 0 2000
18 64 19 99 0 2000
41 37 31 10 0 2000
123 243 102 227 0 2000
241 66 239 100 0 2000
184 140 164 157 0 2000
273 210 240 207 0 2000
6 6 8 39 0 2000
124 281 107 262 0 2000
146 142 115 136 0 2000
22 78 55 82 0 2000
33 86 16 66 0 2000
4 66 22 85 0 2000
59 97 67 124 0 2000
28 38 44 59 0 2000
119 23 130 48 0 2000
15 38 16 73 0 2000
109 103 95 82 0 2000
44 98 66 113 0 2000
74 71 41 74 0 2000
122 17 118 49 0 2000
94 132 69 144 0 2000
70 27 59 51 0 2000
56 155 70 132 0 2000
142 208 123 226 0 2000
299 66 331 70 0 2000
72 16 48 3 0 2000
18 181 9 208 0 2000
42 59 52 85 0 2000
14 97 47 101 0 2000
181 210 216 208 0 2000
1 1 8 31 0 2000
38 21 49 47 0 2000
74 15 60 38 0 2000
143 91 175 87 0 2000
13 192 25 167 0 2000
262 76 268 107 0 2000
160 236 151 208 0 2000
44 82 27 62 0 2000
19 18 18 53 0 2000
41 5 69 14 0 2000
125 207 89 208 0 2000
209 115 193 95 0 2000
31 26 55 13 0 2000
203 122 222 104 0 2000
222 106 229 76 0 2000
56 21 62 52 0 2000
135 52 150 72 0 2000
18 21 35 41 0 2000
236 46 232 15 0 2000
19 23 24 54 0 2000
261 21 241 38 0 2000
69 119 37 114 0 2000
52 138 69 119 0 2000
104 55 85 37 0 2000
344 79 333 105 0 2000
25 15 21 47 0 2000
84 283 86 317 0 2000
277 100 247 94 0 2000
76 136 78 102 0 2000
30 77 3 87 0 2000
77 129 59 110 0 2000
48 60 33 82 0 2000
175 140 174 104 0 2000
111 8 95 29 0 2000
111 122 105 153 0 2000
77 173 112 174 0 2000
91 153 115 140 0 2000
44 23 20 35 0 2000
2 8 13 33 0 2000
28 128 62 130 0 2000
53 157 57 124 0 2000
188 96 183 64 0 2000
79 111 89 138 0 2000
196 143 190 174 0 2000
94 22 102 51 0 2000
33 60 10 73 0 2000
98 39 82 18 0 2000
12 47 33 62 0 2000
249 34 222 24 0 2000
86 39 53 43 0 2000
0 4 15 24 0 2000
125 43 133 71 0 2000
56 91 71 113 0 2000
120 93 134 70 0 2000
134 73 100 75 0 2000
220 216 244 203 0 2000
140 157 119 141 0 2000
41 76 34 106 0 2000
247 96 282 98 0 2000
28 171 59 176 0 2000
107 43 105 10 0 2000
186 95 188 130 0 2000
175 85 150 73 0 2000
301 226 335 229 0 2000
64 125 79 147 0 2000
343 77 353 103 0 2000
156 131 177 116 0 2000
69 97 51 79 0 2000
245 51 265 36 0 2000
3 90 10 62 0 2000
22 36 48 46 0 2000
56 128 51 159 0 2000
117 57 119 92 0 2000
33 42 2 48 0 2000
74 58 78 25 0 2000
59 114 40 96 0 2000
166 107 158 78 0 2000
80 2 96 23 0 2000
20 136 38 155 0 2000
73 76 52 91 0 2000
102 30 124 15 0 2000
47 169 40 139 0 2000
8 62 27 44 0 2000
224 41 219 10 0 2000
0 2 29 10 0 2000
30 61 44 82 0 2000
100 77 136 78 0 2000
159 60 135 47 0 2000
135 49 163 40 0 2000
149 101 171 86 0 2000
91 107 85 137 0 2000
45 158 57 133 0 2000
133 40 144 16 0 2000
101 64 86 86 0 2000
39 26 34 58 0 2000
70 53 37 57 0 2000
177 3 203 12 0 2000
70 27 74 60 0 2000
70 246 103 242 0 2000
205 269 193 245 0 2000
140 95 134 64 0 2000
84 48 110 39 0 2000
26 110 51 121 0 2000
138 123 118 106 0 2000
19 97 43 84 0 2000
225 38 198 30 0 2000
85 78 97 53 0 2000
32 141 26 111 0 2000
204 163 182 177 0 2000
149 11 149 48 0 2000
210 52 197 76 0 2000
45 24 35 51 0 2000
204 227 169 226 0 2000
187 52 220 48 0 2000
127 163 91 162 0 2000
109 41 92 61 0 2000
109 120 88 136 0 2000
94 32 125 28 0 2000
160 18 172 43 0 2000
19 158 53 155 0 2000
100 61 130 67 0 2000
97 59 117 75 0 2000
112 71 137 83 0 2000
261 96 253 67 0 2000
93 69 115 54 0 2000
18 21 25 51 0 2000
365 104 345 121 0 2000
225 24 190 22 0 2000
73 73 55 92 0 2000
54 73 24 78 0 2000
49 125 78 117 0 2000
126 73 97 65 0 2000
51 156 17 155 0 2000
159 162 190 168 0 2000
78 145 110 141 0 2000
111 142 111 179 0 2000
78 59 79 95 0 2000
0 293 20 276 0 2000
129 156 121 128 0 2000
47 154 26 170 0 2000
68 76 43 86 0 2000
111 181 136 193 0 2000
126 187 113 211 0 2000
70 66 38 69 0 2000
75 51 55 34 0 2000
8 114 29 130 0 2000
7 67 15 96 0 2000
24 60 6 42 0 2000
45 25 19 14 0 2000
79 59 105 48 0 2000
83 147 80 115 0 2000
49 17 63 40 0 2000
270 18 242 9 0 2000
170 59 188 78 0 2000
141 273 164 260 0 2000
111 20 133 34 0 2000
150 67 164 44 0 2000
101 166 124 178 0 2000
113 96 124 72 0 2000
21 81 21 118 0 2000
99 9 111 33 0 2000
98 108 76 123 0 2000
53 32 24 26 0 2000
97 28 83 51 0 2000
65 199 48 179 0 2000
195 114 195 151 0 2000
86 62 116 69 0 2000
281 84 301 67 0 2000
60 200 29 206 0 2000
79 144 69 171 0 2000
179 17 178 53 0 2000
137 168 159 155 0 2000
86 74 73 97 0 2000
10 155 29 137 0 2000
63 16 70 45 0 2000
228 150 238 177 0 2000
43 232 71 223 0 2000
30 6 4 16 0 2000
59 59 51 88 0 2000
1 2 29 10 0 2000
56 54 68 79 0 2000
151 52 118 55 0 2000
54 27 89 25 0 2000
72 95 44 86 0 2000
134 42 160 31 0 2000
69 81 73 48 0 2000
49 33 19 40 0 2000
48 48 46 83 0 2000
45 91 26 109 0 2000
2 159 8 128 0 2000
40 120 60 137 0 2000
66 117 56 90 0 2000
164 146 144 163 0 2000
79 34 97 17 0 2000
88 6 53 5 0 2000
180 136 177 170 0 2000
146 207 149 173 0 2000
181 105 160 89 0 2000
118 104 135 122 0 2000
120 117 107 94 0 2000
165 136 168 170 0 2000
112 148 87 136 0 2000
117 79 119 44 0 2000
73 180 92 198 0 2000
49 87 82 90 0 2000
71 83 57 105 0 2000
106 184 92 207 0 2000
60 171 33 161 0 2000
121 228 102 212 0 2000
86 69 52 70 0 2000
73 24 42 19 0 2000
114 26 99 46 0 2000
47 230 57 256 0 2000
60 39 79 22 0 2000
15 83 40 95 0 2000
166 111 195 104 0 2000
106 85 99 114 0 2000
98 116 114 96 0 2000
84 145 67 163 0 2000
295 67 307 43 0 2000
158 143 145 120 0 2000
15 79 34 97 0 2000
97 66 77 51 0 2000
126 58 147 42 0 2000
99 119 128 111 0 2000
14 46 30 67 0 2000
50 15 44 46 0 2000
154 58 167 82 0 2000
91 75 57 73 0 2000
33 136 38 104 0 2000
77 185 47 178 0 2000
53 164 21 160 0 2000
38 41 32 11 0 2000
128 86 140 62 0 2000
110 30 135 40 0 2000
55 31 87 26 0 2000
136 78 122 101 0 2000
265 27 247 46 0 2000
120 86 89 81 0 2000
58 196 72 173 0 2000
75 166 109 169 0 2000
100 201 74 212 0 2000
58 201 72 224 0 2000
112 3 116 35 0 2000
200 75 212 100 0 2000
22 38 57 36 0 2000
1 1 36 3 0 2000
106 62 124 80 0 2000
59 19 69 44 0 2000
88 160 73 182 0 2000
66 41 94 50 0 2000
116 33 111 2 0 2000
10 64 27 84 0 2000
18 94 43 82 0 2000
102 36 133 42 0 2000
68 111 85 131 0 2000
25 203 19 173 0 2000
95 108 115 125 0 2000
58 57 57 21 0 2000
82 123 94 98 0 2000
89 79 54 81 0 2000
57 258 58 294 0 2000
91 98 82 71 0 2000
186 29 174 4 0 2000
63 16 90 26 0 2000
15 197 10 166 0 2000
3 90 33 84 0 2000
7 76 28 62 0 2000
143 109 133 82 0 2000
209 58 237 67 0 2000
135 81 125 54 0 2000
55 24 84 16 0 2000
102 48 126 36 0 2000
37 52 69 57 0 2000
1 1 14 25 0 2000
51 25 41 52 0 2000
42 18 55 42 0 2000
111 42 84 32 0 2000
26 118 59 122 0 2000
134 108 141 78 0 2000
125 116 125 153 0 2000
131 85 95 86 0 2000
67 45 47 28 0 2000
6 66 16 39 0 2000
42 162 45 129 0 2000
17 6 41 19 0 2000
51 59 81 65 0 2000
61 4 25 5 0 2000
61 61 49 36 0 2000
182 66 149 62 0 2000
92 125 91 161 0 2000
30 104 2 96 0 2000
55 52 42 28 0 2000
51 65 64 42 0 2000
210 189 242 185 0 2000
48 66 26 80 0 2000
71 186 100 179 0 2000
43 110 12 116 0 2000
36 112 30 81 0 2000
96 157 129 161 0 2000
87 28 80 58 0 2000
177 168 166 194 0 2000
39 6 9 13 0 2000
23 102 39 122 0 2000
72 64 82 37 0 2000
123 43 140 62 0 2000
121 224 143 209 0 2000
126 226 103 240 0 2000
65 100 99 102 0 2000
22 5 22 42 0 2000
22 40 9 16 0 2000
107 67 100 37 0 2000
84 109 56 117 0 2000
70 44 51 62 0 2000
1 53 14 77 0 2000
100 144 120 161 0 2000
79 67 83 100 0 2000
24 203 56 206 0 2000
36 47 58 32 0 2000
40 65 14 76 0 2000
103 53 125 67 0 2000
176 88 151 98 0 2000
108 73 76 77 0 2000
165 247 179 224 0 2000
69 105 100 101 0 2000
151 166 151 203 0 2000
49 37 36 13 0 2000
54 41 31 53 0 2000
76 68 74 34 0 2000
14 29 17 62 0 2000
138 261 139 296 0 2000
102 182 122 166 0 2000
1 1 11 28 0 2000
74 56 74 92 0 2000
71 182 82 158 0 2000
164 21 188 32 0 2000
26 39 61 37 0 2000
33 82 11 67 0 2000
48 194 80 198 0 2000
164 225 158 256 0 2000
144 35 155 61 0 2000
90 79 80 104 0 2000
10 65 45 63 0 2000
124 136 112 112 0 2000
48 74 70 59 0 2000
112 496 130 477 0 2000
41 48 58 30 0 2000
52 8 80 17 0 2000
131 65 120 39 0 2000
155 34 190 36 0 2000
117 61 85 56 0 2000
123 235 103 252 0 2000
57 147 37 131 0 2000
206 62 217 36 0 2000
85 166 66 148 0 2000
101 26 106 58 0 2000
59 53 95 52 0 2000
45 131 35 157 0 2000
34 154 31 122 0 2000
99 49 133 51 0 2000
59 82 36 68 0 2000
159 418 163 451 0 2000
22 58 50 65 0 2000
139 54 111 63 0 2000
197 22 218 37 0 2000
102 148 98 115 0 2000
33 159 28 127 0 2000
153 125 141 101 0 2000
102 0 92 27 0 2000
1 1 3 36 0 2000
113 73 96 91 0 2000
24 15 52 6 0 2000
108 20 100 47 0 2000
67 63 38 55 0 2000
26 31 46 16 0 2000
63 74 34 81 0 2000
28 44 57 52 0 2000
15 25 33 8 0 2000
3 128 11 156 0 2000
136 232 145 260 0 2000
52 112 31 96 0 2000
51 178 51 142 0 2000
42 91 71 99 0 2000
24 40 6 59 0 2000
3 110 11 138 0 2000
80 145 89 119 0 2000
184 16 169 38 0 2000
138 70 133 102 0 2000
175 56 190 78 0 2000
35 38 29 9 0 2000
49 59 17 54 0 2000
339 231 308 236 0 2000
43 7 32 31 0 2000
55 36 70 14 0 2000
146 65 162 44 0 2000
35 174 45 147 0 2000
156 48 166 22 0 2000
101 52 84 33 0 2000
65 82 66 46 0 2000
89 72 65 60 0 2000
28 76 58 69 0 2000
50 318 23 308 0 2000
51 52 81 45 0 2000
264 11 263 45 0 2000
74 71 65 99 0 2000
35 4 35 41 0 2000
188 77 215 87 0 2000
21 35 50 27 0 2000
49 105 18 109 0 2000
54 118 53 154 0 2000
35 138 39 169 0 2000
178 47 164 24 0 2000
136 181 139 215 0 2000
105 26 138 30 0 2000
39 33 4 32 0 2000
106 48 75 54 0 2000
185 47 188 79 0 2000
123 153 108 131 0 2000
110 130 76 128 0 2000
56 14 70 37 0 2000
35 45 35 8 0 2000
16 42 16 5 0 2000
182 215 190 244 0 2000
39 55 72 58 0 2000
49 47 42 76 0 2000
132 43 101 49 0 2000
161 128 173 103 0 2000
115 91 114 55 0 2000
50 14 60 41 0 2000
18 73 4 51 0 2000
39 38 39 74 0 2000
129 221 160 217 0 2000
31 58 11 75 0 2000
186 132 161 121 0 2000
9 168 24 189 0 2000
75 126 53 141 0 2000
54 108 65 84 0 2000
36 50 43 21 0 2000
16 123 18 158 0 2000
142 62 174 67 0 2000
99 54 113 77 0 2000
92 176 92 212 0 2000
47 84 32 62 0 2000
37 29 25 54 0 2000
29 132 60 127 0 2000
200 116 212 141 0 2000
62 154 39 142 0 2000
181 169 204 182 0 2000
105 122 102 88 0 2000
202 72 200 38 0 2000
54 34 69 12 0 2000
61 58 65 25 0 2000
177 108 187 82 0 2000
161 52 149 77 0 2000
147 169 155 198 0 2000
441 124 450 151 0 2000
18 34 52 37 0 2000
214 27 231 47 0 2000
113 35 77 34 0 2000
21 16 38 36 0 2000
12 82 44 85 0 2000
198 191 182 211 0 2000
162 33 161 69 0 2000
112 109 113 74 0 2000
54 22 31 8 0 2000
55 34 54 70 0 2000
269 214 279 239 0 2000
94 52 114 36 0 2000
26 166 22 133 0 2000
50 85 45 116 0 2000
58 17 63 49 0 2000
157 74 158 38 0 2000
103 59 69 61 0 2000
195 83 212 64 0 2000
247 203 231 184 0 2000
150 80 171 64 0 2000
73 96 70 129 0 2000
242 102 222 118 0 2000
31 170 49 153 0 2000
70 343 53 363 0 2000
69 4 69 41 0 2000
87 57 73 34 0 2000
133 113 160 103 0 2000
94 185 125 191 0 2000
4 9 0 40 0 2000
98 51 129 46 0 2000
30 136 57 126 0 2000
146 13 173 23 0 2000
44 49 18 59 0 2000
357 189 330 180 0 2000
48 66 55 95 0 2000
31 5 46 26 0 2000
79 45 95 66 0 2000
103 68 73 75 0 2000
53 73 22 69 0 2000
67 82 32 84 0 2000
4 33 32 24 0 2000
63 34 50 58 0 2000
164 208 178 185 0 2000
16 53 49 49 0 2000
47 50 17 44 0 2000
220 69 185 70 0 2000
242 11 265 25 0 2000
104 62 88 42 0 2000
49 91 84 90 0 2000
115 165 81 162 0 2000
18 190 48 185 0 2000
27 170 12 190 0 2000
402 52 421 34 0 2000
42 85 43 49 0 2000
16 114 50 111 0 2000
36 69 57 54 0 2000
21 92 46 80 0 2000
18 74 9 47 0 2000
63 396 97 393 0 2000
125 112 95 119 0 2000
77 35 73 2 0 2000
110 186 99 161 0 2000
70 114 76 145 0 2000
74 146 41 143 0 2000
75 157 55 141 0 2000
37 60 61 73 0 2000
45 83 17 92 0 2000
67 69 31 68 0 2000
6 76 37 82 0 2000
52 88 52 52 0 2000
28 44 47 26 0 2000
1 1 14 25 0 2000
69 31 40 38 0 2000
68 75 71 41 0 2000
210 62 183 72 0 2000
62 80 50 103 0 2000
99 52 64 50 0 2000
118 104 150 109 0 2000
9 48 33 60 0 2000
129 170 127 135 0 2000
170 168 167 134 0 2000
343 114 357 92 0 2000
92 67 71 82 0 2000
58 29 39 47 0 2000
157 76 181 89 0 2000
48 147 48 112 0 2000
47 31 75 40 0 2000
75 226 40 224 0 2000
122 128 156 129 0 2000
68 21 39 13 0 2000
143 119 151 91 0 2000
71 334 70 370 0 2000
4 100 35 106 0 2000
113 109 95 127 0 2000
41 43 37 76 0 2000
47 215 26 230 0 2000
51 61 16 63 0 2000
85 38 117 42 0 2000
32 23 35 57 0 2000
181 20 202 4 0 2000
49 64 34 44 0 2000
130 109 111 92 0 2000
14 69 32 87 0 2000
42 301 63 287 0 2000
66 18 102 19 0 2000
44 47 59 68 0 2000
27 120 58 114 0 2000
59 33 37 46 0 2000
38 324 61 310 0 2000
50 10 52 45 0 2000
94 47 122 56 0 2000
63 8 42 23 0 2000
40 76 10 83 0 2000
55 70 69 49 0 2000
125 309 120 277 0 2000
8 41 43 39 0 2000
138 96 108 90 0 2000
99 226 107 197 0 2000
37 83 20 63 0 2000
68 148 103 146 0 2000
241 85 233 57 0 2000
23 30 22 65 0 2000
54 199 79 209 0 2000
138 159 123 137 0 2000
114 73 134 56 0 2000
90 91 60 97 0 2000
129 44 109 61 0 2000
138 93 142 125 0 2000
168 108 157 134 0 2000
228 117 255 127 0 2000
71 111 36 113 0 2000
108 104 131 116 0 2000
181 126 189 154 0 2000
0 14 0 50 0 2000
103 74 101 39 0 2000
138 78 123 100 0 2000
106 252 140 255 0 2000
16 58 0 37 0 2000
70 126 54 105 0 2000
54 221 33 236 0 2000
81 52 46 54 0 2000
63 44 52 70 0 2000
69 7 40 13 0 2000
216 107 182 105 0 2000
72 55 50 69 0 2000
78 39 61 59 0 2000
59 73 66 43 0 2000
109 169 135 158 0 2000
184 19 177 48 0 2000
83 36 85 71 0 2000
46 73 41 41 0 2000
218 150 202 130 0 2000
71 129 84 153 0 2000
164 41 147 21 0 2000
140 110 168 101 0 2000
7 93 32 104 0 2000
47 102 69 117 0 2000
27 81 55 90 0 2000
57 235 59 202 0 2000
48 67 80 62 0 2000
213 105 203 78 0 2000
203 76 200 110 0 2000
245 204 227 223 0 2000
52 97 57 66 0 2000
32 61 21 35 0 2000
313 192 290 204 0 2000
45 114 14 120 0 2000
127 110 111 130 0 2000
47 140 42 108 0 2000
146 24 160 47 0 2000
33 27 18 49 0 2000
189 165 223 166 0 2000
101 15 134 11 0 2000
113 55 131 37 0 2000
75 9 83 38 0 2000
29 171 47 152 0 2000
215 103 194 87 0 2000
58 131 41 113 0 2000
170 42 203 46 0 2000
55 32 75 49 0 2000
146 39 122 52 0 2000
93 74 60 72 0 2000
87 69 67 86 0 2000
33 68 12 84 0 2000
19 54 43 65 0 2000
48 83 54 114 0 2000
141 87 114 77 0 2000
160 93 186 84 0 2000
2 1 22 17 0 2000
114 45 105 19 0 2000
26 36 58 40 0 2000
23 98 14 70 0 2000
13 69 15 34 0 2000
15 36 19 3 0 2000
19 1 16 35 0 2000
159 29 138 43 0 2000
84 192 99 214 0 2000
122 374 110 399 0 2000
104 205 135 199 0 2000
114 90 117 57 0 2000
25 63 5 46 0 2000
40 6 9 11 0 2000
81 75 90 103 0 2000
89 136 104 114 0 2000
71 221 97 232 0 2000
227 226 226 261 0 2000
9 115 12 82 0 2000
150 2 119 8 0 2000
39 60 53 37 0 2000
10 23 10 58 0 2000
79 69 58 54 0 2000
117 99 101 79 0 2000
148 241 161 265 0 2000
128 90 118 116 0 2000
53 131 60 160 0 2000
92 24 87 56 0 2000
144 92 132 117 0 2000
19 12 22 46 0 2000
107 59 127 42 0 2000
219 111 217 146 0 2000
23 5 57 2 0 2000
56 3 89 7 0 2000
115 93 89 83 0 2000
31 197 36 165 0 2000
1 1 36 3 0 2000
21 29 7 7 0 2000
89 91 98 119 0 2000
44 131 42 96 0 2000
83 103 100 84 0 2000
8 68 15 98 0 2000
25 66 54 74 0 2000
66 155 39 147 0 2000
134 60 126 88 0 2000
136 103 132 70 0 2000
116 78 136 95 0 2000
95 87 97 52 0 2000
46 103 62 123 0 2000
118 7 127 35 0 2000
193 89 166 79 0 2000
2 173 37 174 0 2000
183 66 184 31 0 2000
4 37 24 54 0 2000
28 135 15 112 0 2000
19 29 12 59 0 2000
30 44 40 71 0 2000
60 52 58 87 0 2000
36 1 32 34 0 2000
61 121 43 139 0 2000
44 58 35 32 0 2000
210 104 234 92 0 2000
242 5 209 9 0 2000
106 14 124 32 0 2000
122 48 155 44 0 2000
259 119 231 127 0 2000
100 82 127 72 0 2000
30 52 33 18 0 2000
93 63 111 82 0 2000
126 173 130 206 0 2000
230 20 256 9 0 2000
44 71 48 104 0 2000
69 65 58 89 0 2000
115 139 118 172 0 2000
158 89 178 72 0 2000
56 200 86 206 0 2000
298 154 295 188 0 2000
166 82 183 63 0 2000
0 2 24 15 0 2000
117 16 102 38 0 2000
311 174 319 203 0 2000
246 68 217 76 0 2000
30 6 17 29 0 2000
110 60 79 66 0 2000
232 173 216 192 0 2000
126 89 152 99 0 2000
188 37 219 33 0 2000
139 53 128 28 0 2000
126 27 146 11 0 2000
88 99 116 92 0 2000
202 50 178 37 0 2000
8 97 17 125 0 2000
147 48 133 70 0 2000
8 68 22 91 0 2000
15 64 35 48 0 2000
109 81 91 100 0 2000
9 94 40 100 0 2000
33 79 68 80 0 2000
183 96 202 79 0 2000
79 144 63 164 0 2000
204 111 177 102 0 2000
70 53 43 63 0 2000
135 32 114 16 0 2000
70 243 45 254 0 2000
36 91 17 73 0 2000
65 158 72 188 0 2000
167 172 199 168 0 2000
199 170 221 185 0 2000
58 30 58 67 0 2000
18 37 49 42 0 2000
275 227 291 247 0 2000
257 162 287 155 0 2000
62 75 93 81 0 2000
60 119 57 153 0 2000
150 241 152 276 0 2000
78 69 95 88 0 2000
29 114 29 77 0 2000
94 80 126 75 0 2000
321 25 286 26 0 2000
21 100 57 99 0 2000
2 47 34 52 0 2000
2 1 18 21 0 2000
250 87 222 78 0 2000
90 61 77 84 0 2000
67 105 90 119 0 2000
77 15 86 41 0 2000
112 250 125 272 0 2000
126 273 107 291 0 2000
108 289 105 256 0 2000
107 257 133 247 0 2000
1 1 23 16 0 2000
104 3 81 16 0 2000
140 173 169 165 0 2000
90 120 83 90 0 2000
75 36 80 5 0 2000
53 60 30 74 0 2000
19 45 8 71 0 2000
55 26 89 29 0 2000
119 90 106 66 0 2000
177 138 165 113 0 2000
227 177 199 168 0 2000
58 83 86 92 0 2000
117 53 121 21 0 2000
154 105 148 74 0 2000
147 125 136 100 0 2000
87 207 114 216 0 2000
119 42 124 74 0 2000
31 34 5 23 0 2000
55 77 28 67 0 2000
53 176 65 201 0 2000
154 84 176 69 0 2000
127 79 133 110 0 2000
39 9 11 18 0 2000
41 10 11 17 0 2000
3 150 39 149 0 2000
53 7 61 36 0 2000
59 207 72 184 0 2000
96 26 88 55 0 2000
142 72 121 88 0 2000
52 68 45 98 0 2000
31 84 49 65 0 2000
135 116 154 134 0 2000
105 141 105 105 0 2000
127 171 127 134 0 2000
48 71 35 95 0 2000
15 15 5 42 0 2000
79 18 78 54 0 2000
125 174 127 139 0 2000
39 85 22 65 0 2000
172 135 152 119 0 2000
201 57 212 33 0 2000
77 65 102 77 0 2000
70 101 67 135 0 2000
109 170 84 181 0 2000
2 45 36 48 0 2000
18 277 42 289 0 2000
186 109 214 118 0 2000
162 161 189 151 0 2000
45 12 80 14 0 2000
114 93 115 57 0 2000
4 49 17 25 0 2000
115 98 81 101 0 2000
230 94 262 90 0 2000
75 70 74 106 0 2000
27 38 23 71 0 2000
189 30 188 64 0 2000
32 101 1 107 0 2000
80 53 45 55 0 2000
103 44 103 79 0 2000
45 22 59 45 0 2000
174 76 197 63 0 2000
64 59 65 95 0 2000
162 43 139 57 0 2000
66 139 68 174 0 2000
28 133 32 165 0 2000
58 124 67 96 0 2000
61 209 83 224 0 2000
153 131 168 153 0 2000
40 115 7 111 0 2000
57 19 38 1 0 2000
217 122 213 91 0 2000
99 56 67 61 0 2000
40 160 48 189 0 2000
103 164 90 188 0 2000
206 99 241 100 0 2000
85 91 104 73 0 2000
153 107 179 98 0 2000
159 42 170 68 0 2000
80 77 74 107 0 2000
35 53 16 35 0 2000
40 93 26 116 0 2000
65 113 78 90 0 2000
27 139 14 163 0 2000
25 44 61 43 0 2000
24 71 18 41 0 2000
115 75 104 100 0 2000
90 232 64 243 0 2000
70 128 51 146 0 2000
13 126 13 89 0 2000
61 53 37 66 0 2000
143 39 154 65 0 2000
153 64 126 74 0 2000
91 46 116 58 0 2000
144 146 126 164 0 2000
84 18 62 4 0 2000
54 123 39 145 0 2000
28 104 27 68 0 2000
58 67 29 59 0 2000
116 61 130 38 0 2000
71 114 76 146 0 2000
66 21 45 37 0 2000
23 18 57 21 0 2000
27 49 4 35 0 2000
26 92 43 112 0 2000
6 113 14 84 0 2000
120 112 128 139 0 2000
147 91 151 58 0 2000
66 52 56 78 0 2000
53 24 51 57 0 2000
79 119 89 145 0 2000
2 2 36 3 0 2000
24 133 57 131 0 2000
14 155 13 190 0 2000
33 30 21 54 0 2000
40 196 34 227 0 2000
130 55 118 31 0 2000
4 26 15 0 0 2000
33 105 51 88 0 2000
27 66 60 63 0 2000
95 50 105 77 0 2000
149 257 160 231 0 2000
62 110 51 84 0 2000
67 113 87 130 0 2000
61 76 36 87 0 2000
312 201 297 181 0 2000
285 97 286 133 0 2000
86 98 71 76 0 2000
211 88 237 99 0 2000
43 153 56 176 0 2000
262 167 249 145 0 2000
16 34 50 37 0 2000
3 49 37 52 0 2000
165 122 182 142 0 2000
78 15 66 40 0 2000
163 45 130 49 0 2000
313 186 279 187 0 2000
140 123 119 139 0 2000
133 44 133 81 0 2000
54 100 38 121 0 2000
54 88 44 113 0 2000
154 8 126 16 0 2000
82 32 66 52 0 2000
264 200 272 229 0 2000
21 17 10 42 0 2000
449 153 458 126 0 2000
120 214 138 233 0 2000
81 88 102 104 0 2000
30 90 47 71 0 2000
142 28 118 41 0 2000
21 96 42 81 0 2000
165 62 162 29 0 2000
39 21 60 36 0 2000
27 182 0 192 0 2000
47 139 24 153 0 2000
219 22 218 57 0 2000
57 63 50 92 0 2000
95 185 99 217 0 2000
41 14 37 47 0 2000
137 10 143 41 0 2000
242 112 229 88 0 2000
41 17 56 39 0 2000
31 8 45 31 0 2000
54 120 81 110 0 2000
193 66 228 68 0 2000
40 106 28 82 0 2000
380 64 378 29 0 2000
186 112 214 119 0 2000
96 111 95 75 0 2000
10 27 35 39 0 2000
8 1 33 12 0 2000
77 79 88 53 0 2000
21 33 29 62 0 2000
80 155 79 189 0 2000
147 171 170 158 0 2000
21 18 37 39 0 2000
86 22 86 59 0 2000
42 65 72 58 0 2000
34 29 63 37 0 2000
184 30 208 17 0 2000
26 114 31 82 0 2000
142 88 144 53 0 2000
200 21 189 47 0 2000
108 45 102 14 0 2000
94 173 73 157 0 2000
89 45 75 67 0 2000
84 223 119 225 0 2000
222 76 212 103 0 2000
100 43 116 64 0 2000
41 90 16 101 0 2000
96 184 125 176 0 2000
208 112 178 119 0 2000
70 13 73 47 0 2000
126 292 120 323 0 2000
187 135 190 101 0 2000
113 147 89 134 0 2000
176 124 200 112 0 2000
120 144 111 171 0 2000
57 87 37 70 0 2000
92 68 100 41 0 2000
59 108 85 119 0 2000
199 83 209 56 0 2000
10 40 28 58 0 2000
89 17 123 19 0 2000
83 4 117 1 0 2000
96 25 105 53 0 2000
79 28 108 36 0 2000
72 24 96 11 0 2000
32 5 4 12 0 2000
45 48 56 73 0 2000
58 41 84 30 0 2000
31 50 51 66 0 2000
27 54 28 19 0 2000
184 73 189 105 0 2000
77 94 81 127 0 2000
82 56 46 57 0 2000
43 56 74 60 0 2000
70 54 97 45 0 2000
110 62 78 66 0 2000
82 98 58 110 0 2000
69 38 65 70 0 2000
28 139 56 148 0 2000
36 170 69 174 0 2000
43 57 79 58 0 2000
36 77 19 57 0 2000
106 76 108 41 0 2000
137 50 127 77 0 2000
59 93 41 112 0 2000
23 53 0 66 0 2000
107 116 134 107 0 2000
202 181 177 170 0 2000
149 125 145 158 0 2000
145 156 113 151 0 2000
128 27 161 23 0 2000
232 164 254 149 0 2000
15 38 28 60 0 2000
93 197 116 184 0 2000
116 186 92 173 0 2000
36 147 69 150 0 2000
26 37 26 1 0 2000
39 188 39 225 0 2000
162 59 185 73 0 2000
3 228 16 204 0 2000
151 89 135 68 0 2000
95 110 104 82 0 2000
9 15 9 52 0 2000
43 36 28 15 0 2000
24 24 50 13 0 2000
55 60 22 56 0 2000
23 60 16 30 0 2000
201 128 219 109 0 2000
81 59 100 76 0 2000
127 40 110 59 0 2000
48 222 28 239 0 2000
21 68 45 55 0 2000
56 204 80 191 0 2000
184 71 171 47 0 2000
141 39 170 31 0 2000
114 89 112 124 0 2000
38 106 61 92 0 2000
26 41 19 69 0 2000
71 114 105 112 0 2000
14 70 29 48 0 2000
75 71 97 56 0 2000
143 25 145 60 0 2000
17 25 33 5 0 2000
132 238 144 213 0 2000
60 184 50 210 0 2000
172 21 144 12 0 2000
50 166 75 178 0 2000
111 58 105 89 0 2000
1 65 24 79 0 2000
354 102 340 125 0 2000
90 186 123 182 0 2000
64 101 65 136 0 2000
94 48 119 60 0 2000
52 230 87 228 0 2000
16 172 47 167 0 2000
107 70 81 60 0 2000
139 29 125 6 0 2000
10 134 45 136 0 2000
56 70 81 82 0 2000
127 72 102 83 0 2000
23 12 50 21 0 2000
27 53 7 70 0 2000
188 125 164 137 0 2000
28 78 43 57 0 2000
107 76 84 63 0 2000
45 98 28 118 0 2000
95 112 95 75 0 2000
23 31 52 23 0 2000
44 93 78 96 0 2000
221 160 204 178 0 2000
55 127 82 117 0 2000
182 82 200 100 0 2000
250 90 272 104 0 2000
95 26 76 44 0 2000
133 106 149 127 0 2000
5 60 17 35 0 2000
107 31 76 27 0 2000
72 47 102 40 0 2000
76 6 100 19 0 2000
177 136 174 169 0 2000
125 24 144 7 0 2000
29 56 39 83 0 2000
256 137 238 118 0 2000
188 81 181 51 0 2000
121 56 127 87 0 2000
44 120 46 155 0 2000
149 51 161 27 0 2000
48 94 33 72 0 2000
82 94 67 115 0 2000
119 74 122 41 0 2000
49 79 69 96 0 2000
84 87 98 65 0 2000
148 19 139 47 0 2000
94 92 113 110 0 2000
9 1 21 25 0 2000
57 37 46 63 0 2000
40 132 35 164 0 2000
3 104 36 100 0 2000
141 169 125 148 0 2000
43 43 70 53 0 2000
10 27 44 24 0 2000
187 230 187 266 0 2000
57 92 22 93 0 2000
244 22 278 19 0 2000
32 134 65 138 0 2000
46 66 14 63 0 2000
168 198 165 165 0 2000
34 177 40 208 0 2000
161 61 148 85 0 2000
45 131 12 127 0 2000
247 85 281 86 0 2000
48 104 56 75 0 2000
29 86 36 57 0 2000
38 187 60 202 0 2000
51 40 85 41 0 2000
89 118 99 145 0 2000
35 269 56 253 0 2000
189 181 218 173 0 2000
58 110 83 122 0 2000
28 17 18 44 0 2000
13 233 30 253 0 2000
7 47 31 60 0 2000
7 47 17 21 0 2000
53 1 77 14 0 2000
43 201 48 171 0 2000
61 85 60 121 0 2000
27 23 60 27 0 2000
52 7 47 39 0 2000
102 227 122 244 0 2000
102 243 69 247 0 2000
184 18 219 19 0 2000
192 68 225 64 0 2000
64 157 71 127 0 2000
64 25 61 57 0 2000
61 55 71 82 0 2000
69 81 69 117 0 2000
49 186 36 210 0 2000
3 84 25 99 0 2000
33 109 5 100 0 2000
36 60 32 28 0 2000
304 55 334 61 0 2000
147 86 117 79 0 2000
35 141 62 151 0 2000
16 219 30 197 0 2000
62 50 43 68 0 2000
0 2 11 28 0 2000
113 162 96 182 0 2000
57 146 61 178 0 2000
112 4 106 35 0 2000
28 43 41 67 0 2000
4 27 13 53 0 2000
165 44 143 59 0 2000
1 1 4 35 0 2000
137 137 151 116 0 2000
164 169 140 181 0 2000
103 143 97 174 0 2000
180 112 160 129 0 2000
1 1 21 18 0 2000
53 26 21 29 0 2000
18 235 52 232 0 2000
44 49 58 27 0 2000
69 123 55 146 0 2000
158 40 189 46 0 2000
32 43 11 28 0 2000
152 32 186 31 0 2000
183 74 214 68 0 2000
56 194 36 211 0 2000
95 78 87 106 0 2000
153 152 159 121 0 2000
73 51 63 78 0 2000
89 31 85 64 0 2000
360 102 388 110 0 2000
21 153 43 138 0 2000
34 84 23 109 0 2000
239 15 213 26 0 2000
73 39 71 5 0 2000
228 94 240 70 0 2000
16 50 51 49 0 2000
250 66 222 75 0 2000
49 188 67 169 0 2000
41 19 70 11 0 2000
105 142 134 134 0 2000
27 78 60 82 0 2000
112 49 116 16 0 2000
71 13 59 38 0 2000
150 128 124 117 0 2000
64 13 58 43 0 2000
7 98 31 85 0 2000
67 52 42 40 0 2000
58 36 60 1 0 2000
172 150 160 125 0 2000
49 6 62 29 0 2000
32 167 65 163 0 2000
68 50 49 32 0 2000
6 33 38 28 0 2000
144 146 133 172 0 2000
130 83 156 72 0 2000
182 54 169 76 0 2000
101 72 71 65 0 2000
121 134 120 170 0 2000
209 11 235 22 0 2000
29 24 22 54 0 2000
144 112 142 79 0 2000
37 43 13 32 0 2000
21 205 7 182 0 2000
48 43 38 16 0 2000
102 87 88 66 0 2000
65 45 38 55 0 2000
72 134 54 153 0 2000
1 1 4 35 0 2000
173 182 164 209 0 2000
162 109 170 138 0 2000
148 188 172 175 0 2000
172 77 163 49 0 2000
66 164 64 199 0 2000
60 114 35 125 0 2000
23 102 0 88 0 2000
116 241 149 245 0 2000
123 91 97 102 0 2000
125 156 135 182 0 2000
23 126 49 115 0 2000
39 152 60 137 0 2000
123 205 101 190 0 2000
147 69 182 68 0 2000
29 80 4 92 0 2000
227 83 211 104 0 2000
36 58 32 91 0 2000
243 81 266 95 0 2000
79 161 67 136 0 2000
221 100 217 132 0 2000
23 5 47 18 0 2000
6 140 15 112 0 2000
53 192 58 224 0 2000
1 1 3 36 0 2000
139 26 145 57 0 2000
26 71 25 35 0 2000
37 3 50 26 0 2000
65 37 54 11 0 2000
104 82 83 96 0 2000
49 71 51 105 0 2000
92 36 67 24 0 2000
106 35 115 7 0 2000
258 171 276 153 0 2000
248 144 267 162 0 2000
69 115 56 137 0 2000
115 36 99 17 0 2000
40 135 56 154 0 2000
20 1 21 36 0 2000
188 75 166 60 0 2000
68 52 102 50 0 2000
106 27 76 34 0 2000
66 75 62 44 0 2000
4 36 10 67 0 2000
104 107 137 111 0 2000
22 118 8 141 0 2000
157 162 148 134 0 2000
97 100 96 64 0 2000
133 56 117 77 0 2000
107 260 75 255 0 2000
120 46 106 68 0 2000
0 3 5 34 0 2000
100 39 90 12 0 2000
130 38 152 53 0 2000
85 22 82 56 0 2000
206 84 178 93 0 2000
93 62 81 87 0 2000
177 25 156 11 0 2000
157 12 130 2 0 2000
56 152 28 143 0 2000
47 52 64 32 0 2000
174 34 152 47 0 2000
50 26 29 42 0 2000
57 175 57 138 0 2000
165 60 192 70 0 2000
79 43 66 67 0 2000
29 44 57 36 0 2000
205 112 206 77 0 2000
166 221 150 201 0 2000
