500 500 500 10000 87 2000
123 35 75 80 0 499
27 179 58 117 0 899
147 76 222 59 0 499
126 483 181 447 0 999
83 107 46 159 0 899
60 52 86 120 0 599
85 111 143 80 0 699
107 62 82 126 0 1799
78 98 97 173 0 599
97 253 7 252 0 1699
25 80 72 126 0 199
79 108 119 54 0 299
309 57 399 53 0 1799
179 320 217 266 0 1499
31 248 124 249 0 1499
121 128 128 41 0 499
49 158 72 228 0 1599
374 33 398 100 0 999
177 234 143 291 0 1599
88 253 38 210 0 1999
261 172 269 254 0 899
136 94 54 102 0 399
77 126 154 109 0 899
38 79 46 160 0 999
2 4 5 94 0 99
88 223 133 174 0 1499
259 172 312 213 0 699
34 62 95 29 0 199
99 123 43 86 0 899
36 339 101 314 0 899
13 160 91 146 0 1099
0 8 9 90 0 99
74 173 82 255 0 1099
88 357 75 435 0 1599
4 1 46 53 0 99
243 116 224 186 0 1599
117 109 203 112 0 699
300 110 228 88 0 1799
169 171 79 169 0 999
156 143 80 160 0 599
3 4 86 13 0 99
84 16 54 80 0 199
179 185 210 248 0 999
45 160 83 213 0 399
415 40 394 111 0 1899
47 67 28 141 0 899
286 382 309 453 0 1199
59 131 140 119 0 1699
94 143 165 166 0 899
56 82 1 46 0 699
2 91 41 145 0 199
106 109 124 35 0 499
34 62 125 63 0 199
346 212 382 268 0 1799
40 165 94 129 0 1499
196 174 266 154 0 599
15 76 39 9 0 399
1 4 60 39 0 99
51 72 122 53 0 299
241 408 299 442 0 1499
198 334 210 413 0 1299
66 32 35 93 0 199
219 174 271 215 0 999
489 210 406 220 0 1799
47 106 43 16 0 1299
87 241 124 293 0 699
126 402 136 485 0 1099
146 89 223 105 0 799
223 110 139 100 0 899
54 68 128 84 0 1599
13 80 38 12 0 199
137 127 226 124 0 599
149 80 193 130 0 899
362 250 282 239 0 1899
129 286 42 288 0 1399
381 149 428 102 0 1999
245 103 306 73 0 899
180 51 156 120 0 799
62 180 119 215 0 599
182 73 196 152 0 1599
129 139 95 81 0 399
83 119 2 106 0 1999
0 95 51 53 0 399
21 137 34 56 0 399
37 58 117 44 0 499
64 19 134 41 0 1299
92 277 4 271 0 1699
172 90 154 16 0 399
30 96 63 35 0 1199
2 6 58 41 0 99
253 208 208 254 0 1199
300 263 375 245 0 1199
32 205 72 152 0 1999
391 245 393 337 0 1999
158 233 126 295 0 1099
314 268 369 302 0 1699
166 198 241 182 0 899
493 129 479 53 0 1799
288 183 326 127 0 1299
62 75 51 158 0 1499
105 223 146 276 0 1799
16 250 71 284 0 899
49 21 16 82 0 999
25 67 44 140 0 399
77 134 164 137 0 1499
282 282 325 233 0 1199
18 52 102 43 0 1499
81 93 145 64 0 1899
128 391 122 479 0 899
101 146 28 163 0 1499
186 446 244 481 0 1099
107 176 88 101 0 1099
28 156 92 126 0 399
151 389 185 331 0 1399
57 124 135 108 0 699
239 296 268 235 0 1499
336 162 346 241 0 1699
150 198 86 169 0 499
182 111 210 46 0 1399
313 393 387 373 0 1599
431 227 448 152 0 1399
274 76 343 96 0 1899
37 230 49 150 0 1299
97 40 39 76 0 1499
91 205 127 148 0 499
158 120 150 35 0 899
72 95 94 165 0 699
66 288 92 222 0 1999
101 103 13 108 0 1499
270 483 319 442 0 1899
226 443 286 411 0 1899
111 240 28 249 0 1299
208 59 211 150 0 1299
460 53 380 41 0 1499
17 122 2 43 0 699
234 174 273 123 0 1799
75 78 25 118 0 499
157 49 226 24 0 1999
152 82 210 115 0 1899
218 114 190 176 0 1999
33 161 56 91 0 299
35 254 109 274 0 899
84 115 87 204 0 299
374 116 376 206 0 1799
70 11 157 17 0 399
152 247 73 257 0 1999
71 236 59 154 0 699
376 162 402 99 0 1299
97 209 61 153 0 599
259 418 245 339 0 999
250 342 162 339 0 1099
383 131 412 193 0 1699
110 192 112 281 0 1099
19 142 96 157 0 1499
190 405 249 370 0 1499
124 143 76 186 0 599
151 233 235 224 0 699
73 197 29 243 0 599
29 159 89 127 0 999
282 18 363 26 0 899
187 169 145 216 0 1299
36 103 103 76 0 699
245 91 306 61 0 1899
137 29 152 106 0 399
172 28 130 78 0 799
131 169 92 224 0 399
26 79 32 164 0 199
278 93 306 27 0 499
28 72 15 153 0 199
306 264 224 273 0 1299
92 107 140 61 0 699
127 246 76 203 0 699
224 262 309 258 0 1699
0 6 36 63 0 99
247 291 178 314 0 1599
80 198 72 283 0 1299
136 83 118 7 0 899
41 64 40 156 0 199
132 193 86 241 0 1099
89 306 21 282 0 1899
128 259 125 350 0 1099
262 74 254 158 0 599
235 98 145 102 0 1099
48 96 30 167 0 499
65 236 106 286 0 1999
100 80 100 174 0 599
204 381 283 392 0 1899
27 344 42 265 0 1299
250 126 165 118 0 899
4 147 76 168 0 399
205 132 136 157 0 1099
270 397 276 485 0 1299
101 154 31 130 0 1499
166 132 166 38 0 1399
174 257 125 302 0 1699
122 19 150 83 0 899
14 346 32 419 0 1899
109 9 178 30 0 1799
136 107 119 183 0 1599
192 102 209 179 0 1999
274 128 203 105 0 799
70 101 4 127 0 499
65 84 138 105 0 1899
149 257 122 190 0 799
248 89 278 152 0 599
93 137 8 132 0 1399
162 96 113 141 0 799
54 67 23 128 0 499
78 10 159 19 0 799
25 98 49 168 0 499
160 113 98 141 0 899
404 300 461 336 0 1299
330 51 291 106 0 1299
287 107 295 193 0 1399
193 95 198 184 0 599
225 179 259 121 0 1599
142 14 188 62 0 1399
49 217 129 203 0 1799
490 376 408 386 0 1599
33 156 116 166 0 799
6 1 96 3 0 99
157 85 152 171 0 1699
30 471 70 417 0 1699
126 71 198 91 0 499
85 131 137 170 0 499
86 18 18 44 0 199
25 281 76 320 0 1999
297 76 280 149 0 699
157 85 143 160 0 1099
120 159 60 190 0 1199
165 326 114 364 0 1799
158 401 170 479 0 1699
224 409 194 346 0 1399
59 4 55 91 0 599
144 214 141 305 0 799
252 214 308 176 0 1599
49 212 94 164 0 1199
417 411 439 339 0 1799
210 42 276 15 0 1499
294 134 307 215 0 1599
226 116 234 32 0 999
3 105 81 117 0 199
78 252 137 217 0 599
390 211 376 290 0 1999
260 54 222 107 0 1099
106 76 93 152 0 299
137 59 119 131 0 599
6 4 82 17 0 99
47 104 79 46 0 699
130 162 173 212 0 1099
300 167 274 234 0 1399
333 60 366 120 0 1199
119 326 76 375 0 1899
104 15 147 62 0 699
159 81 112 126 0 1999
248 290 218 226 0 1199
144 141 233 138 0 899
498 131 428 111 0 1899
200 142 109 145 0 1999
435 183 363 161 0 1199
183 181 175 267 0 1799
53 231 115 204 0 1299
217 217 174 265 0 1499
95 107 184 104 0 399
172 7 250 18 0 399
11 124 61 82 0 1899
196 245 226 308 0 1599
5 3 67 32 0 99
305 177 358 218 0 1999
54 215 113 245 0 999
151 120 214 148 0 399
102 115 124 187 0 1299
12 164 68 200 0 1799
262 46 276 123 0 1099
25 242 87 269 0 999
256 279 269 200 0 1699
318 181 294 112 0 1599
119 80 67 122 0 299
160 491 195 435 0 1599
355 453 446 456 0 1999
2 3 19 80 0 99
346 327 263 337 0 1599
22 132 87 161 0 599
115 12 122 98 0 1999
85 88 74 5 0 1299
1 7 68 31 0 99
403 52 356 99 0 1899
119 62 49 86 0 299
131 285 65 313 0 1799
146 104 103 152 0 1899
178 141 181 232 0 1899
274 194 350 212 0 1999
156 451 150 364 0 1799
358 232 399 179 0 799
167 13 186 88 0 799
22 67 5 139 0 199
9 390 29 318 0 899
366 44 417 6 0 1899
203 327 290 334 0 1999
261 56 238 122 0 1999
84 125 24 157 0 1899
282 245 193 249 0 1399
13 52 81 73 0 999
244 71 239 157 0 999
154 35 202 76 0 999
7 115 36 178 0 599
279 192 200 204 0 1599
99 270 69 209 0 1599
266 296 344 312 0 1799
149 75 183 18 0 1299
0 9 82 17 0 99
125 143 65 173 0 399
140 410 162 340 0 1999
109 233 163 272 0 1899
437 57 415 126 0 1899
221 23 172 66 0 999
247 140 173 158 0 1099
135 123 196 156 0 1999
106 444 160 404 0 799
338 117 385 164 0 1499
118 186 104 106 0 1399
132 211 213 224 0 1499
307 19 315 105 0 1599
142 184 105 127 0 999
80 24 81 117 0 199
30 107 108 119 0 499
298 485 294 397 0 1899
39 90 114 73 0 899
286 72 270 149 0 1899
88 255 50 204 0 799
190 129 103 124 0 1299
128 138 128 44 0 1799
128 191 126 283 0 699
240 384 264 454 0 1799
134 340 115 414 0 1899
117 51 162 99 0 499
22 87 39 159 0 199
244 36 279 94 0 1099
173 226 130 176 0 1399
280 388 347 413 0 1999
48 165 132 157 0 499
172 259 249 275 0 1199
175 253 197 185 0 1399
111 169 191 155 0 1399
147 88 104 137 0 899
49 138 125 152 0 299
79 132 67 214 0 699
155 30 113 80 0 1099
36 102 88 65 0 899
141 65 49 64 0 899
203 172 124 186 0 1399
187 119 215 180 0 1899
92 51 118 118 0 1999
50 154 100 110 0 1399
31 111 66 54 0 1199
194 48 179 126 0 1099
92 109 131 54 0 299
0 7 22 77 0 99
82 98 5 82 0 299
6 1 32 67 0 99
186 356 253 334 0 1299
24 78 85 111 0 399
185 54 249 29 0 599
251 270 262 189 0 1299
109 60 22 54 0 1399
179 146 151 212 0 899
184 448 176 362 0 999
124 55 71 14 0 1699
13 7 100 1 0 299
242 300 257 377 0 1399
163 94 143 168 0 1099
199 124 289 123 0 599
243 22 282 76 0 799
82 51 101 125 0 799
106 81 163 118 0 299
290 287 213 300 0 899
309 248 315 165 0 1799
207 170 274 192 0 1199
146 92 56 90 0 1799
166 25 176 106 0 999
0 5 40 59 0 99
462 92 445 18 0 1699
377 115 367 198 0 1099
55 156 143 158 0 499
129 22 64 47 0 299
86 37 20 11 0 299
2 6 18 81 0 99
112 132 178 105 0 1499
216 5 255 57 0 999
68 120 141 140 0 299
30 186 90 220 0 1399
128 257 152 322 0 599
154 252 206 293 0 1099
150 206 65 200 0 1899
15 72 82 98 0 799
230 145 159 164 0 899
406 386 447 335 0 1799
114 142 148 202 0 1999
66 423 147 413 0 1399
110 200 132 272 0 599
49 43 104 80 0 199
375 389 374 482 0 1999
144 91 113 29 0 1799
166 382 201 324 0 1899
88 168 48 219 0 1299
35 292 117 303 0 1399
55 39 115 73 0 199
35 175 62 111 0 1499
69 101 161 99 0 1799
31 147 75 99 0 999
78 104 41 50 0 1099
63 180 57 268 0 1899
162 253 192 316 0 599
14 135 97 128 0 1499
28 103 76 57 0 299
221 101 199 31 0 1799
247 211 233 287 0 1199
85 46 116 107 0 499
173 153 262 158 0 1399
5 205 93 201 0 1999
21 70 75 107 0 199
5 5 33 66 0 99
473 470 408 497 0 1899
68 50 160 52 0 799
67 117 67 208 0 299
287 150 275 232 0 1699
175 281 251 267 0 799
210 148 171 203 0 599
232 216 221 295 0 599
203 82 277 64 0 499
68 7 37 68 0 1299
282 126 231 164 0 1699
23 99 49 166 0 1299
115 92 152 145 0 299
114 215 136 147 0 899
8 2 83 16 0 99
137 118 62 135 0 1299
93 6 110 82 0 199
75 14 39 67 0 199
294 351 212 342 0 1999
441 179 353 183 0 1799
180 162 137 112 0 1499
72 167 103 104 0 1299
313 240 369 278 0 699
401 161 334 188 0 1999
331 29 414 35 0 1699
103 171 35 149 0 1599
247 6 187 40 0 1899
145 279 201 317 0 1399
4 3 55 44 0 99
127 330 145 258 0 699
148 25 101 72 0 499
175 290 205 350 0 1699
87 276 97 359 0 1399
1 5 3 96 0 99
39 51 116 38 0 199
169 236 142 303 0 1699
3 2 17 82 0 99
58 115 17 62 0 1099
44 394 67 461 0 1999
3 2 50 49 0 99
174 425 176 333 0 1699
1 5 83 16 0 99
191 84 136 122 0 1199
130 168 144 247 0 1499
220 172 183 120 0 699
154 145 61 146 0 1299
214 349 306 351 0 1499
205 142 147 176 0 899
1 92 21 165 0 199
318 91 301 16 0 1899
183 291 193 211 0 1199
190 209 217 276 0 1299
387 15 469 5 0 1599
113 66 131 139 0 399
13 91 59 136 0 299
63 151 45 225 0 799
135 48 124 126 0 399
81 20 138 56 0 199
0 29 12 107 0 299
4 6 14 85 0 99
188 54 219 114 0 699
64 293 58 206 0 799
41 307 0 358 0 799
56 135 121 106 0 1699
129 60 147 131 0 799
306 58 297 142 0 699
73 299 90 372 0 1999
194 275 222 338 0 1599
417 128 393 196 0 1899
15 77 92 93 0 1699
23 67 22 156 0 199
400 150 327 130 0 1299
154 36 139 114 0 299
97 245 144 292 0 1799
5 1 62 37 0 99
57 177 117 143 0 599
67 90 74 175 0 899
139 287 191 246 0 1699
121 303 113 387 0 1999
3 3 20 79 0 99
127 130 191 103 0 399
0 7 2 97 0 99
390 173 385 261 0 1599
97 11 152 45 0 499
147 50 120 112 0 599
89 98 53 43 0 1199
61 197 124 169 0 1099
271 28 277 111 0 1799
5 1 19 80 0 99
317 332 262 295 0 1699
73 498 93 424 0 1499
236 57 210 125 0 1299
76 28 68 110 0 199
2 54 42 103 0 1299
163 250 116 204 0 1199
128 227 146 303 0 1699
145 297 113 237 0 1799
192 77 253 106 0 699
257 171 168 175 0 1499
8 247 61 287 0 999
45 136 93 90 0 299
116 37 187 58 0 499
192 261 218 194 0 1199
128 288 77 247 0 1999
20 62 81 34 0 299
113 169 176 138 0 399
84 226 58 294 0 799
115 186 61 226 0 499
4 3 71 28 0 99
148 10 185 65 0 599
170 119 123 75 0 399
100 235 60 289 0 1899
144 224 118 288 0 1799
82 110 94 29 0 299
74 118 133 153 0 1599
217 80 133 70 0 1099
305 122 295 205 0 1999
116 110 38 126 0 399
185 73 246 42 0 599
3 3 51 48 0 99
58 49 144 43 0 1299
71 108 77 20 0 299
71 95 18 135 0 299
72 15 3 35 0 1199
153 119 81 141 0 599
364 254 355 336 0 899
155 143 84 125 0 899
175 143 123 183 0 599
275 177 214 210 0 999
64 211 94 272 0 399
141 143 78 114 0 1199
30 288 74 335 0 1699
31 259 104 241 0 1299
219 77 251 137 0 999
120 126 197 139 0 999
88 30 58 91 0 299
202 74 174 137 0 499
70 61 127 93 0 399
155 30 155 123 0 1599
354 175 360 262 0 1199
4 1 60 39 0 99
89 96 30 130 0 399
195 18 173 89 0 1799
179 263 221 313 0 1599
66 184 0 208 0 799
231 150 246 225 0 899
318 256 233 247 0 1599
341 342 288 379 0 1499
353 332 350 422 0 999
110 241 200 244 0 1599
136 304 64 324 0 1799
60 32 67 117 0 199
273 36 213 7 0 1399
122 50 180 14 0 1199
138 79 191 40 0 1099
108 197 144 139 0 499
3 72 32 7 0 1299
416 347 439 416 0 1499
147 127 173 190 0 499
194 268 107 275 0 999
4 201 25 274 0 1499
67 22 99 84 0 899
260 7 206 43 0 699
1 6 23 76 0 99
180 128 119 161 0 599
25 90 81 54 0 699
80 48 100 120 0 799
104 119 40 89 0 899
180 215 168 135 0 1499
128 219 55 202 0 1899
194 80 233 25 0 1399
191 127 219 193 0 999
31 91 39 177 0 1399
203 102 199 12 0 899
57 274 128 254 0 1399
59 194 79 268 0 1699
106 76 118 158 0 799
115 93 135 20 0 1099
138 351 177 299 0 1999
162 56 161 148 0 899
84 11 87 101 0 199
146 261 183 316 0 1099
128 157 162 212 0 399
69 115 107 171 0 399
369 33 447 17 0 1999
6 162 91 156 0 699
90 117 161 94 0 499
129 97 90 44 0 1399
63 138 135 120 0 299
137 60 102 1 0 499
159 63 78 50 0 1199
23 71 81 105 0 199
98 120 65 59 0 1399
168 183 123 136 0 499
2 3 19 80 0 99
70 124 63 211 0 1599
5 3 22 77 0 99
8 1 71 28 0 99
27 89 3 21 0 399
180 430 269 425 0 1599
64 192 72 277 0 1499
27 177 87 146 0 299
25 45 45 115 0 399
48 133 0 87 0 899
139 363 51 367 0 1599
75 137 71 226 0 899
148 281 129 356 0 699
97 134 185 140 0 1099
249 159 183 133 0 799
104 379 101 468 0 1099
165 85 155 168 0 499
264 45 205 80 0 699
171 24 222 65 0 299
407 96 431 30 0 1499
4 1 19 80 0 99
434 117 360 137 0 1699
145 69 104 122 0 1999
183 150 116 127 0 699
85 126 31 165 0 399
52 31 10 81 0 499
289 399 200 402 0 1999
64 67 33 128 0 1699
104 182 133 247 0 399
129 248 75 208 0 499
74 204 137 173 0 599
208 177 130 163 0 1099
69 94 25 143 0 1599
74 347 84 429 0 1699
4 3 35 64 0 99
226 257 148 242 0 1399
93 67 173 57 0 1199
174 53 114 19 0 1299
412 221 433 292 0 1899
167 84 134 28 0 399
39 155 129 157 0 1599
5 83 59 119 0 999
115 245 47 224 0 899
161 198 164 109 0 1899
144 82 154 165 0 499
68 144 62 57 0 499
30 202 58 136 0 1599
88 81 146 115 0 299
312 203 394 213 0 1899
66 64 58 148 0 599
56 198 28 264 0 1999
125 255 117 341 0 799
135 8 103 70 0 699
146 188 237 186 0 1899
52 223 62 142 0 1399
61 114 4 79 0 1099
45 79 59 159 0 799
46 86 36 6 0 399
133 47 128 135 0 899
56 111 143 116 0 299
97 69 148 31 0 899
207 14 296 18 0 999
88 115 75 196 0 499
0 6 87 0 0 99
58 123 114 86 0 599
2 3 86 13 0 99
7 156 48 103 0 299
82 16 13 39 0 199
105 157 56 202 0 1799
102 64 123 135 0 1599
72 294 78 209 0 1299
254 259 233 186 0 699
268 3 179 2 0 1299
113 127 69 79 0 1999
210 253 236 321 0 1099
53 41 100 86 0 199
229 19 295 45 0 399
434 254 383 297 0 1599
203 120 116 114 0 1399
156 52 178 119 0 299
204 126 253 169 0 1399
308 84 331 13 0 999
383 102 406 32 0 1599
11 69 90 79 0 1099
131 122 54 110 0 1999
361 367 381 439 0 999
104 203 28 218 0 999
229 221 239 305 0 1999
24 83 28 170 0 199
80 31 146 57 0 499
145 63 203 29 0 599
121 175 134 94 0 999
15 104 97 93 0 999
95 235 141 189 0 999
169 281 111 315 0 1799
121 106 45 92 0 1499
89 156 162 175 0 899
212 182 212 274 0 1799
277 260 216 227 0 1299
84 151 85 243 0 1199
245 240 183 271 0 599
187 147 106 135 0 1699
106 141 183 125 0 1799
26 64 64 119 0 299
127 277 180 239 0 1099
34 14 15 88 0 299
268 120 344 103 0 699
11 16 65 54 0 299
105 360 91 281 0 1399
108 272 169 242 0 1699
120 98 96 28 0 799
164 155 196 97 0 699
0 5 15 84 0 99
269 457 358 455 0 1899
327 307 321 395 0 1399
52 47 1 5 0 199
35 71 83 115 0 199
94 11 124 74 0 199
2 6 67 32 0 99
143 84 202 51 0 1099
29 74 29 167 0 199
10 141 62 99 0 299
126 353 113 434 0 1499
457 92 400 57 0 1899
409 58 479 77 0 1999
136 171 47 174 0 1699
178 180 170 265 0 1499
331 125 244 122 0 1399
85 1 85 91 0 199
85 144 108 73 0 499
78 69 55 139 0 999
277 26 264 107 0 899
37 52 62 121 0 499
77 8 123 51 0 399
93 95 113 23 0 399
58 75 146 69 0 1099
255 355 252 446 0 799
232 7 154 21 0 499
79 337 123 289 0 1799
115 64 102 143 0 299
54 44 80 112 0 199
163 92 166 1 0 1699
253 165 243 82 0 699
92 174 45 217 0 799
58 139 127 115 0 599
302 208 219 214 0 1299
184 348 143 401 0 1999
258 39 203 2 0 1699
21 160 57 217 0 1999
191 161 158 217 0 1699
113 363 105 277 0 1999
110 6 27 16 0 699
180 59 221 8 0 499
144 64 203 97 0 799
166 194 85 182 0 1299
255 96 243 176 0 1099
406 63 396 146 0 1199
96 297 76 371 0 1299
4 2 66 33 0 99
1 110 83 121 0 399
84 6 28 40 0 399
176 99 169 15 0 599
142 80 114 16 0 999
108 185 138 121 0 1499
480 117 447 56 0 1899
191 193 126 222 0 1999
138 106 194 70 0 599
114 92 185 112 0 299
58 293 25 353 0 799
80 101 81 194 0 299
182 83 91 80 0 499
218 135 252 195 0 1299
104 150 84 80 0 399
69 27 145 45 0 199
72 37 131 2 0 299
101 228 186 222 0 1199
63 65 102 118 0 399
195 52 274 40 0 1199
142 124 109 64 0 899
32 158 11 86 0 299
349 116 347 29 0 1599
352 31 270 41 0 1699
117 131 52 107 0 1299
321 73 338 149 0 1899
338 155 323 233 0 1999
324 11 243 1 0 1399
83 78 7 92 0 1299
5 2 78 21 0 99
6 3 55 44 0 99
116 121 94 49 0 1499
14 159 20 246 0 599
158 117 165 201 0 399
32 58 105 37 0 399
221 85 185 142 0 899
249 84 172 101 0 1499
168 410 189 338 0 1699
41 99 109 76 0 1499
443 196 478 140 0 1799
119 255 168 300 0 1199
58 211 87 275 0 399
119 275 50 296 0 1599
174 138 189 59 0 1999
162 218 161 311 0 1799
2 3 26 73 0 99
128 82 127 174 0 499
250 245 285 191 0 1999
30 60 107 47 0 199
109 81 80 143 0 299
197 225 126 202 0 1599
6 1 47 52 0 99
137 111 59 126 0 499
148 89 172 21 0 699
263 27 246 101 0 1699
106 429 147 482 0 1299
90 120 78 42 0 399
84 107 117 48 0 1099
233 288 146 294 0 1599
88 19 101 100 0 299
53 51 124 30 0 399
315 95 255 124 0 1499
205 129 156 174 0 1399
342 200 342 291 0 1899
1 5 1 98 0 99
107 41 87 114 0 299
78 178 120 229 0 1299
77 336 168 337 0 1099
153 216 163 132 0 899
152 6 124 71 0 299
107 77 158 120 0 799
21 112 98 127 0 899
113 6 152 60 0 1999
158 136 242 146 0 999
108 373 101 287 0 599
163 121 85 107 0 599
257 185 171 177 0 1799
126 288 102 358 0 799
123 120 115 36 0 899
177 131 238 164 0 1999
78 51 54 121 0 299
102 87 166 57 0 1099
144 111 157 30 0 1699
189 260 97 262 0 1899
266 432 217 472 0 1699
3 2 3 96 0 99
64 29 131 51 0 799
255 258 295 312 0 1699
75 93 32 47 0 299
384 370 419 312 0 1699
194 214 189 299 0 999
50 172 139 167 0 1199
286 400 344 364 0 1399
333 161 321 84 0 1299
98 39 14 31 0 499
119 1 135 75 0 1999
212 100 131 113 0 999
198 124 254 90 0 1399
456 174 386 198 0 1399
195 117 120 101 0 1499
2 3 23 76 0 99
365 258 446 271 0 1299
14 212 49 154 0 899
34 275 106 258 0 1599
181 116 184 26 0 799
119 183 61 217 0 1999
9 95 94 88 0 1399
125 125 115 46 0 1299
281 230 296 155 0 899
106 98 20 105 0 899
150 97 131 171 0 399
206 40 179 104 0 499
298 120 210 116 0 1399
180 455 242 427 0 1299
340 85 306 26 0 1999
53 38 44 120 0 199
297 499 290 413 0 1899
330 336 318 416 0 1999
352 103 359 190 0 1299
394 275 433 222 0 1299
0 5 64 35 0 99
112 230 28 240 0 999
160 131 74 134 0 399
238 59 154 66 0 999
136 383 147 303 0 1799
154 287 188 347 0 1899
295 117 326 178 0 1799
54 49 68 128 0 199
127 304 110 232 0 1799
179 68 110 44 0 1199
41 214 61 144 0 1899
158 444 184 376 0 1999
188 437 108 451 0 1899
164 259 240 243 0 699
128 157 89 105 0 999
83 30 30 69 0 499
35 159 112 173 0 1299
42 293 113 272 0 1499
173 71 259 64 0 1099
236 144 316 130 0 1799
139 155 55 147 0 599
152 133 126 199 0 1499
122 200 49 179 0 1599
1 4 83 16 0 99
97 46 131 102 0 499
196 255 233 199 0 1999
84 107 89 20 0 299
70 277 99 213 0 1999
45 56 122 68 0 199
10 101 56 149 0 699
60 184 129 161 0 1599
57 143 40 67 0 499
282 391 248 336 0 1999
269 117 201 143 0 1799
103 87 178 70 0 799
178 64 149 128 0 899
92 164 98 77 0 1899
208 98 286 109 0 1099
188 383 220 322 0 1599
84 90 66 161 0 499
318 173 309 89 0 1799
248 134 220 69 0 1099
179 181 257 196 0 499
157 159 234 176 0 599
219 440 259 493 0 1799
150 230 160 313 0 1299
273 285 294 358 0 1999
6 1 29 70 0 99
138 46 209 69 0 1599
21 108 77 75 0 999
314 103 255 135 0 1199
271 190 330 156 0 1999
297 79 296 168 0 599
90 320 37 279 0 1199
252 349 165 353 0 1999
91 198 72 123 0 899
92 52 87 138 0 1299
97 55 47 95 0 799
11 192 28 264 0 1199
128 15 193 43 0 999
167 162 144 229 0 499
60 274 121 306 0 899
153 169 183 105 0 1599
67 25 41 93 0 399
88 178 180 176 0 599
141 328 216 346 0 999
277 432 205 411 0 1799
205 51 146 86 0 599
81 115 173 116 0 1099
11 52 45 110 0 299
475 263 394 276 0 1199
118 171 130 91 0 1099
91 150 129 203 0 599
194 150 130 180 0 1999
127 119 187 151 0 999
236 183 190 230 0 799
27 265 57 201 0 1199
48 286 135 282 0 1099
27 93 70 144 0 999
69 419 104 477 0 1299
125 135 203 150 0 1299
421 170 376 218 0 1999
118 81 100 156 0 1199
356 116 412 80 0 1999
69 262 34 204 0 1799
36 208 102 181 0 1899
60 44 31 109 0 199
134 226 195 198 0 699
98 31 39 65 0 799
232 135 164 156 0 1599
52 9 111 41 0 399
180 165 107 148 0 1899
132 76 210 60 0 599
153 51 85 30 0 699
126 79 118 163 0 1299
95 14 75 83 0 199
147 176 132 250 0 599
83 76 105 4 0 1099
105 10 132 76 0 1199
133 200 141 115 0 1199
176 110 108 84 0 599
144 486 107 432 0 1699
448 277 486 330 0 1399
111 169 136 103 0 1699
173 169 245 151 0 1599
86 96 83 182 0 1899
367 159 444 175 0 1699
1 4 42 57 0 99
209 130 266 165 0 899
87 128 132 81 0 499
89 95 173 85 0 1799
17 77 47 13 0 199
205 74 211 157 0 599
242 209 253 130 0 899
298 159 334 216 0 799
60 27 137 43 0 399
114 131 190 116 0 999
154 327 190 380 0 999
415 165 343 143 0 1399
246 131 255 47 0 999
350 337 378 272 0 1399
372 300 355 377 0 1799
17 155 88 178 0 399
0 6 55 44 0 99
45 57 8 114 0 799
207 317 186 389 0 1699
450 470 380 446 0 1999
163 115 107 151 0 599
99 3 192 4 0 199
67 269 14 228 0 599
161 105 144 28 0 799
76 127 65 45 0 999
214 98 212 9 0 899
34 72 79 119 0 199
89 5 46 56 0 199
12 224 72 254 0 999
171 80 243 60 0 1699
174 263 109 236 0 1099
201 94 168 33 0 699
2 181 38 239 0 499
168 113 157 195 0 1799
232 143 297 115 0 999
33 155 122 153 0 299
139 125 200 92 0 1599
157 11 155 100 0 1899
123 19 60 49 0 1099
366 110 439 126 0 1299
165 143 165 235 0 599
351 226 296 265 0 1099
10 73 36 5 0 299
40 42 58 116 0 399
203 109 120 120 0 1199
206 179 166 233 0 899
64 56 80 134 0 599
75 112 152 129 0 299
85 172 80 83 0 1299
53 43 143 45 0 199
16 80 43 13 0 799
319 133 405 126 0 1899
135 354 128 268 0 1999
128 135 122 49 0 1099
148 147 59 148 0 899
76 101 6 81 0 299
211 89 184 155 0 1499
168 394 197 459 0 1799
167 154 241 174 0 1099
1 7 62 37 0 99
129 198 52 215 0 699
42 57 120 72 0 199
6 2 10 91 0 299
46 48 122 30 0 199
90 256 80 172 0 1799
42 63 7 9 0 199
219 134 185 194 0 1499
113 93 120 177 0 499
38 114 48 34 0 999
1 7 60 39 0 99
34 388 3 451 0 1999
228 234 305 217 0 1199
7 44 51 89 0 799
103 81 194 80 0 999
15 137 70 103 0 499
241 175 281 225 0 1599
37 64 32 148 0 799
74 251 124 290 0 999
180 65 156 134 0 799
6 1 15 84 0 99
74 170 57 247 0 999
62 221 133 241 0 1399
63 273 32 336 0 1399
17 262 62 213 0 1299
61 103 106 54 0 1199
141 134 54 132 0 399
121 213 40 201 0 1099
90 417 152 385 0 1299
246 292 218 227 0 1299
67 75 134 48 0 999
323 12 339 90 0 1899
184 257 197 179 0 1399
393 253 349 203 0 1599
77 208 163 201 0 1399
163 194 139 262 0 1499
34 67 79 113 0 399
143 378 227 368 0 1099
141 205 117 273 0 799
24 147 49 80 0 1899
1 4 86 13 0 99
101 290 179 276 0 499
58 39 126 16 0 399
77 77 61 155 0 599
37 158 18 231 0 899
89 68 99 152 0 499
84 8 127 57 0 199
95 215 48 172 0 1599
163 29 217 67 0 1599
289 263 284 350 0 1599
287 155 218 130 0 1399
3 4 55 44 0 99
0 5 27 72 0 99
66 32 46 105 0 899
25 66 61 121 0 199
124 190 175 228 0 1499
315 21 286 85 0 1099
27 71 48 144 0 199
165 94 123 43 0 1799
116 249 98 323 0 1099
171 270 136 326 0 1799
158 6 190 68 0 999
195 91 154 41 0 899
115 117 77 172 0 1699
129 18 143 98 0 299
98 142 177 127 0 799
27 175 67 224 0 1499
130 65 151 138 0 699
321 184 296 115 0 1299
67 352 135 376 0 1699
147 39 100 82 0 999
99 76 144 123 0 1099
23 179 95 159 0 599
67 111 26 163 0 1099
83 177 131 223 0 1999
256 56 235 126 0 1899
85 151 154 176 0 399
345 73 383 19 0 1399
4 3 70 29 0 99
241 275 227 196 0 699
135 402 94 353 0 1699
150 69 143 156 0 899
241 30 217 98 0 1099
144 112 165 185 0 799
235 309 317 302 0 1099
263 297 326 270 0 1399
214 36 262 81 0 499
112 90 26 84 0 799
42 166 105 193 0 799
36 7 126 9 0 299
122 112 128 24 0 999
125 21 53 42 0 1099
53 50 79 115 0 1199
135 86 97 31 0 1399
70 38 101 97 0 199
63 222 105 272 0 1499
42 29 38 114 0 399
71 214 145 196 0 1699
454 54 472 126 0 1999
62 213 35 149 0 799
130 220 154 154 0 1999
49 201 140 204 0 799
225 216 243 290 0 1699
220 15 235 92 0 1299
35 308 117 319 0 1999
332 349 371 296 0 1899
191 82 121 106 0 1499
164 56 173 140 0 699
49 223 14 168 0 1399
168 141 229 173 0 1199
84 118 73 196 0 299
29 153 84 117 0 299
195 111 195 20 0 1499
114 92 170 128 0 399
81 100 28 60 0 1799
24 82 48 150 0 199
360 103 410 63 0 1499
71 33 161 37 0 199
34 221 68 164 0 799
33 68 31 158 0 299
343 68 277 41 0 1599
3 3 93 0 0 99
174 195 186 115 0 1099
116 149 100 76 0 799
140 114 50 110 0 1799
171 339 191 266 0 899
245 160 247 252 0 1899
331 222 300 160 0 1399
9 213 61 175 0 799
179 330 92 327 0 899
143 265 233 261 0 799
189 140 235 93 0 999
109 3 169 32 0 1299
187 108 170 31 0 1699
237 169 324 162 0 1199
73 250 32 197 0 699
302 369 246 331 0 1099
1 5 56 43 0 99
289 203 257 146 0 699
79 52 165 44 0 499
3 149 32 210 0 1999
259 122 263 211 0 1599
81 111 125 62 0 299
164 79 144 152 0 799
24 73 62 128 0 999
48 153 94 110 0 799
307 139 270 196 0 1999
14 233 101 240 0 699
104 242 89 163 0 799
423 167 396 104 0 1999
33 279 108 260 0 599
90 297 122 236 0 999
93 122 182 119 0 1499
245 64 307 32 0 899
143 128 211 106 0 1299
3 5 58 41 0 99
93 39 85 124 0 1299
174 195 262 189 0 1699
248 422 173 403 0 1999
40 88 50 6 0 799
288 57 352 84 0 1999
2 5 52 47 0 99
162 118 70 119 0 1099
302 110 330 176 0 1799
389 123 444 160 0 1999
122 218 49 239 0 1599
71 198 53 124 0 899
91 150 121 212 0 499
412 279 406 364 0 1799
39 87 19 161 0 999
5 5 32 67 0 99
134 376 144 455 0 1099
151 34 151 124 0 299
142 359 133 276 0 1299
169 157 132 214 0 1199
64 355 142 340 0 1599
124 390 181 353 0 1599
64 206 142 217 0 499
312 171 316 83 0 1499
119 83 141 154 0 299
2 91 31 27 0 199
0 7 33 66 0 99
23 154 22 61 0 1499
178 229 229 188 0 1099
36 138 113 122 0 499
328 172 328 79 0 1099
138 97 138 6 0 599
32 74 11 3 0 199
218 171 202 95 0 1099
138 153 77 184 0 899
153 204 193 154 0 1499
21 111 89 135 0 399
193 62 250 99 0 499
100 279 151 322 0 699
2 15 54 57 0 499
41 4 128 10 0 399
1 4 7 92 0 99
82 114 166 123 0 1099
75 321 152 304 0 1799
0 5 31 68 0 99
226 95 308 105 0 1099
186 84 250 54 0 1799
5 134 71 106 0 299
92 83 58 143 0 1899
225 142 220 58 0 1599
246 117 274 181 0 1899
226 103 171 138 0 1299
118 120 117 212 0 1299
206 326 283 309 0 1999
2 5 20 79 0 99
55 327 29 262 0 1099
31 182 111 196 0 499
142 87 90 45 0 499
314 286 370 324 0 1999
226 198 166 232 0 1399
6 1 92 7 0 99
82 20 10 40 0 199
4 1 79 20 0 99
77 112 13 137 0 399
47 82 120 101 0 1899
30 18 114 9 0 499
413 77 397 153 0 1599
68 396 111 348 0 1899
29 161 106 145 0 299
124 153 164 102 0 399
47 220 46 308 0 799
99 71 25 91 0 599
207 195 174 254 0 799
77 59 106 124 0 799
311 165 275 109 0 1399
16 78 32 156 0 199
182 219 210 281 0 1099
46 79 63 156 0 1099
166 230 98 205 0 1299
125 173 173 127 0 1199
186 157 149 212 0 1099
443 160 490 205 0 1699
147 100 225 88 0 1699
182 116 265 124 0 1699
40 191 96 227 0 1899
21 85 72 43 0 299
154 49 120 109 0 299
60 0 65 88 0 299
57 130 87 66 0 299
5 2 78 21 0 99
138 24 86 63 0 499
9 88 73 115 0 199
50 39 102 0 0 1199
148 34 236 38 0 399
88 94 166 78 0 599
160 223 250 221 0 1499
98 22 170 44 0 599
165 38 83 27 0 799
40 182 93 145 0 1399
392 157 321 176 0 1699
60 1 130 23 0 299
131 318 84 362 0 1399
221 119 305 128 0 1899
415 147 421 59 0 1599
154 163 71 152 0 1899
142 49 182 101 0 299
154 318 115 268 0 1499
87 18 39 63 0 199
223 34 246 105 0 1899
131 92 214 86 0 1399
86 58 86 147 0 499
168 55 139 118 0 699
166 67 163 155 0 1399
93 26 111 102 0 699
194 16 169 85 0 1599
298 451 362 476 0 1599
5 90 93 93 0 399
137 38 224 45 0 499
274 392 258 316 0 1799
124 297 180 330 0 1599
20 86 32 166 0 199
161 30 246 21 0 899
29 76 63 20 0 699
188 152 228 206 0 1399
34 154 113 169 0 599
95 181 159 156 0 499
109 201 56 165 0 1299
18 86 71 45 0 199
99 85 162 116 0 399
95 243 144 200 0 799
405 174 320 165 0 1499
126 153 161 209 0 399
33 81 71 27 0 599
280 90 337 124 0 1499
142 85 97 36 0 699
20 83 78 117 0 899
43 140 33 224 0 1099
32 228 108 210 0 1199
102 38 150 83 0 699
8 2 65 38 0 299
49 55 116 30 0 399
16 76 79 47 0 199
52 44 64 124 0 799
261 196 314 158 0 1399
56 85 66 1 0 1899
216 112 133 101 0 799
225 153 180 202 0 1799
99 356 18 369 0 899
100 62 38 90 0 399
440 58 372 36 0 1799
110 280 49 309 0 999
104 219 182 206 0 599
225 482 300 496 0 1799
186 135 187 228 0 499
40 202 64 136 0 1799
179 111 101 95 0 399
3 4 30 69 0 99
233 435 198 494 0 1399
396 384 315 371 0 1799
26 81 86 49 0 699
1 6 74 25 0 99
268 81 319 39 0 799
264 70 210 31 0 1699
114 317 98 395 0 1499
77 293 134 328 0 599
287 107 307 33 0 1999
217 226 208 311 0 1299
147 205 167 279 0 1799
97 2 130 60 0 199
33 20 20 97 0 299
127 207 144 284 0 799
78 114 141 144 0 299
144 180 230 175 0 699
12 84 80 61 0 699
131 406 216 415 0 1899
227 116 243 40 0 1299
89 145 29 116 0 1099
219 106 197 178 0 1099
224 40 150 60 0 599
0 5 3 96 0 99
58 40 136 54 0 199
101 132 189 131 0 1599
291 268 332 215 0 1899
14 113 60 156 0 399
48 204 18 143 0 1899
355 375 263 373 0 1999
0 8 61 38 0 99
235 86 320 94 0 1399
93 307 38 344 0 1199
153 224 225 202 0 1699
76 128 160 138 0 1599
48 292 3 339 0 1399
126 190 175 234 0 1699
111 228 48 202 0 1399
476 154 488 73 0 1699
152 136 129 67 0 999
61 39 147 33 0 199
92 11 73 81 0 1199
18 135 60 86 0 399
56 157 55 64 0 499
181 68 189 153 0 1399
222 178 226 268 0 1199
324 37 376 75 0 1299
47 168 95 123 0 1799
3 6 69 30 0 99
172 160 171 69 0 1599
5 1 89 10 0 99
260 212 287 145 0 1599
137 117 135 206 0 1699
60 59 123 29 0 399
136 67 120 145 0 499
108 459 22 453 0 1099
327 166 291 110 0 1499
2 3 34 65 0 99
4 1 9 90 0 99
2 6 15 84 0 99
116 74 115 162 0 1899
21 177 82 207 0 299
164 97 179 176 0 1299
38 99 61 169 0 599
177 163 137 112 0 699
212 217 262 258 0 1599
100 111 20 124 0 1999
340 247 279 275 0 1799
221 191 227 279 0 1399
209 304 168 356 0 1999
74 27 71 117 0 199
2 5 75 24 0 99
49 150 80 211 0 1499
61 90 28 31 0 299
86 84 3 77 0 1199
104 28 101 117 0 599
49 108 20 172 0 1399
288 154 214 172 0 799
161 150 213 192 0 1499
80 126 158 139 0 699
215 28 304 30 0 1799
172 129 227 93 0 1199
156 210 205 168 0 1299
70 258 76 171 0 1099
37 70 115 81 0 199
100 317 58 267 0 1299
101 27 191 29 0 599
368 290 424 324 0 1999
122 180 74 136 0 599
149 93 174 157 0 1099
92 275 103 358 0 499
110 40 140 101 0 1099
296 111 308 29 0 1099
31 74 69 21 0 199
2 3 16 83 0 99
34 68 104 46 0 199
7 174 16 258 0 1799
55 215 77 145 0 399
88 58 56 120 0 599
376 488 432 450 0 1599
173 68 213 120 0 1099
112 272 129 197 0 1599
286 326 222 356 0 1799
258 59 296 4 0 1399
190 359 240 403 0 1499
100 353 100 442 0 1799
196 86 217 158 0 699
192 364 180 284 0 1999
365 176 286 186 0 1199
173 167 236 198 0 1799
6 3 95 2 0 99
161 311 237 293 0 1599
94 198 25 174 0 499
112 309 118 396 0 1199
140 106 60 96 0 1599
5 3 77 22 0 99
204 133 286 140 0 1799
6 132 74 111 0 699
86 173 59 235 0 999
136 213 155 138 0 899
339 163 406 139 0 1699
147 304 146 211 0 1299
47 294 39 210 0 1299
194 28 114 17 0 1899
128 90 48 99 0 1499
204 94 167 150 0 699
135 169 145 249 0 1199
185 183 266 171 0 1099
136 18 172 75 0 1899
7 108 42 167 0 499
57 49 130 68 0 199
75 33 34 82 0 199
79 203 96 280 0 599
101 280 178 265 0 1299
76 194 86 274 0 1199
87 6 130 55 0 299
143 116 181 61 0 599
135 130 228 131 0 699
136 90 81 52 0 1099
186 32 252 6 0 599
219 344 293 324 0 1099
9 91 88 78 0 199
292 7 308 80 0 1399
137 52 48 47 0 899
189 109 194 195 0 499
45 76 46 167 0 699
1 5 6 93 0 99
138 218 75 245 0 999
284 331 337 295 0 1399
459 384 454 469 0 1899
2 3 24 75 0 99
125 271 193 295 0 1199
55 171 5 213 0 799
272 89 350 100 0 1199
102 9 137 66 0 899
135 249 139 161 0 599
236 368 188 413 0 1699
124 148 53 125 0 599
63 210 73 293 0 399
193 115 168 184 0 1799
170 250 143 183 0 999
18 74 68 32 0 199
81 273 147 297 0 1199
373 297 411 349 0 1399
209 154 233 222 0 1299
107 251 155 297 0 1599
192 163 185 245 0 1399
221 68 276 29 0 1699
182 315 100 306 0 1199
49 212 111 180 0 1899
5 2 42 57 0 99
122 14 69 52 0 299
103 357 69 413 0 1199
3 3 40 59 0 99
1 8 50 49 0 99
189 189 256 215 0 1499
30 55 103 35 0 599
121 154 131 75 0 799
130 207 151 280 0 1299
52 105 112 134 0 999
221 63 222 155 0 1699
84 206 152 228 0 1599
42 180 111 203 0 1599
39 184 10 119 0 1499
145 182 181 235 0 1399
31 156 45 78 0 1099
113 95 200 90 0 799
41 236 122 223 0 1499
177 209 183 297 0 1199
187 87 191 177 0 1999
0 6 79 20 0 99
170 252 136 193 0 1299
13 112 92 125 0 899
132 74 112 1 0 1899
363 264 381 188 0 1299
201 387 264 417 0 899
82 123 11 146 0 699
346 196 359 116 0 1499
77 176 158 187 0 899
115 284 80 227 0 1899
89 163 15 181 0 1599
40 125 123 135 0 999
112 309 38 289 0 1299
88 207 42 159 0 1699
168 113 260 111 0 1699
1 5 62 37 0 99
301 13 214 15 0 699
22 165 106 175 0 1499
64 125 85 53 0 399
232 119 282 79 0 499
5 3 10 89 0 99
328 95 397 120 0 1499
57 47 9 93 0 199
177 123 151 55 0 1799
35 167 74 112 0 1399
350 141 371 213 0 1399
161 93 94 117 0 1099
110 197 44 170 0 799
19 294 93 275 0 799
2 115 47 70 0 299
256 265 334 249 0 1099
144 183 165 253 0 1199
346 174 398 212 0 999
141 269 114 205 0 1699
30 210 97 237 0 599
22 150 85 119 0 1199
230 141 233 229 0 599
259 200 293 144 0 699
114 79 85 143 0 999
227 339 164 309 0 1699
118 119 114 34 0 1399
133 77 47 69 0 599
107 56 84 126 0 1599
72 118 86 198 0 399
145 224 217 244 0 1299
94 157 92 68 0 1199
300 356 344 405 0 899
152 196 170 272 0 799
106 165 113 80 0 899
129 202 90 254 0 1199
302 72 299 162 0 1299
28 76 32 166 0 199
65 42 149 49 0 199
140 17 78 48 0 1399
349 171 325 102 0 899
105 125 95 209 0 1999
103 175 84 248 0 1999
297 300 318 372 0 1799
113 206 111 298 0 1499
211 86 282 63 0 1699
231 286 170 256 0 1399
236 218 237 309 0 799
163 60 149 136 0 1299
183 55 160 126 0 399
93 84 53 30 0 499
265 152 323 118 0 699
2 193 6 104 0 999
49 379 95 425 0 1799
89 157 161 178 0 1899
366 30 292 12 0 999
282 107 351 131 0 1199
8 100 87 115 0 399
70 113 50 187 0 899
305 188 217 189 0 1399
78 21 106 86 0 199
295 107 302 192 0 1599
19 50 106 45 0 299
57 134 132 153 0 299
282 242 362 228 0 1399
119 59 171 17 0 399
122 92 36 85 0 499
147 186 160 265 0 1099
125 38 160 96 0 799
319 74 268 115 0 1899
334 58 262 77 0 1099
198 146 180 222 0 1999
120 318 182 348 0 799
102 96 74 35 0 499
163 98 174 19 0 1099
130 113 131 203 0 1599
2 4 26 73 0 99
292 288 251 339 0 1199
1 4 79 20 0 99
292 404 324 464 0 1399
322 460 238 469 0 1499
170 165 96 146 0 999
225 345 145 331 0 1999
313 410 253 381 0 1799
27 65 70 16 0 199
135 107 97 160 0 1899
256 332 236 406 0 1399
61 43 115 83 0 199
151 111 67 121 0 599
173 86 207 146 0 499
97 158 182 166 0 1399
28 70 54 2 0 199
72 120 137 148 0 699
130 149 110 220 0 799
259 487 203 450 0 1899
118 38 144 104 0 599
1 6 50 49 0 99
58 103 103 151 0 1599
176 338 222 290 0 799
109 143 90 70 0 1999
128 80 98 20 0 399
168 144 239 165 0 799
271 106 207 136 0 1699
9 244 54 288 0 1999
151 31 145 118 0 299
149 112 76 96 0 1599
78 22 134 60 0 399
326 298 347 227 0 1999
300 91 267 31 0 799
41 63 87 15 0 599
89 76 11 60 0 899
58 77 129 99 0 599
258 149 298 201 0 1299
140 63 139 155 0 999
228 108 280 150 0 1599
92 253 177 257 0 999
170 185 79 188 0 1099
110 56 71 108 0 299
147 21 59 15 0 799
113 200 36 216 0 1399
5 221 20 144 0 1799
59 105 24 162 0 799
98 165 102 254 0 999
180 70 195 146 0 1299
52 184 39 105 0 1199
88 221 146 256 0 799
23 315 39 242 0 1299
125 186 56 163 0 1299
280 228 308 163 0 1699
268 262 212 296 0 1199
3 2 20 75 0 499
397 403 397 497 0 1799
53 245 117 273 0 1199
8 1 97 2 0 99
202 453 273 430 0 1699
138 208 99 263 0 1799
472 195 394 180 0 1999
193 228 251 263 0 1599
328 215 253 200 0 1099
148 6 137 87 0 799
16 36 54 91 0 299
7 134 41 76 0 899
92 172 139 215 0 799
152 134 152 228 0 399
376 275 384 360 0 1199
125 322 192 347 0 1699
123 29 36 34 0 799
304 210 302 299 0 1699
68 22 72 110 0 799
228 212 211 288 0 1499
101 255 66 309 0 499
103 39 105 131 0 399
39 16 47 100 0 899
82 154 31 196 0 1499
219 212 275 176 0 1299
260 186 262 94 0 1199
159 301 248 305 0 1099
240 263 189 222 0 1899
262 45 313 87 0 1399
168 163 173 252 0 1699
325 197 306 272 0 1199
483 269 451 209 0 1599
72 366 2 346 0 1399
6 74 86 64 0 999
228 364 257 300 0 1299
132 72 157 141 0 1799
164 118 197 59 0 799
323 193 390 167 0 1499
285 124 305 198 0 1299
31 145 120 140 0 399
66 25 159 24 0 299
33 69 74 20 0 1199
4 5 27 72 0 99
321 274 303 199 0 1199
46 135 79 77 0 1399
122 106 208 100 0 799
71 51 111 103 0 599
197 314 128 338 0 1399
67 450 38 389 0 1899
47 85 98 42 0 1999
118 194 138 266 0 1399
83 39 96 120 0 599
255 98 186 77 0 1699
40 236 39 327 0 1999
148 95 148 1 0 1499
94 120 109 195 0 999
171 138 98 117 0 1699
134 151 167 91 0 599
128 59 123 148 0 299
221 115 246 47 0 1899
189 73 182 158 0 1799
266 120 280 196 0 799
134 363 206 345 0 699
400 16 340 45 0 1499
72 221 142 198 0 999
32 72 102 96 0 199
74 143 135 110 0 899
114 163 85 98 0 899
78 120 68 38 0 399
121 107 193 90 0 499
360 391 377 468 0 1499
57 212 121 242 0 1699
329 415 415 408 0 1699
333 294 400 267 0 1499
83 153 137 117 0 399
54 283 147 282 0 1299
124 254 164 308 0 1599
119 119 86 177 0 1499
280 248 254 181 0 1899
4 2 27 72 0 99
51 106 94 154 0 399
73 45 164 46 0 399
1 4 6 93 0 99
192 283 241 240 0 1099
223 0 252 64 0 599
460 8 459 101 0 1599
31 343 95 370 0 1499
85 61 72 139 0 1499
111 172 90 245 0 699
100 399 103 309 0 1599
135 107 168 168 0 799
95 282 181 278 0 699
334 350 282 309 0 1699
155 138 155 44 0 899
35 361 110 378 0 1399
148 10 84 37 0 299
144 207 197 166 0 1899
96 245 35 276 0 499
88 109 8 95 0 299
0 5 17 82 0 99
59 127 80 54 0 399
120 280 190 299 0 899
116 167 80 111 0 699
92 158 145 117 0 1599
96 122 103 204 0 1099
70 225 61 310 0 699
306 336 393 331 0 1599
195 123 276 132 0 1199
131 27 41 26 0 899
13 174 93 184 0 699
93 146 34 180 0 399
205 439 217 358 0 1099
180 92 199 20 0 1699
39 61 0 8 0 399
160 137 175 213 0 1399
153 186 78 202 0 999
81 228 76 143 0 1099
203 43 224 112 0 1799
61 305 78 382 0 799
360 102 427 77 0 1599
214 131 208 217 0 1699
5 96 64 130 0 199
127 178 145 252 0 699
2 3 51 48 0 99
350 78 373 9 0 1199
130 301 100 364 0 1799
71 19 57 95 0 199
117 185 181 155 0 999
79 111 88 191 0 299
120 221 101 149 0 1399
284 218 368 213 0 899
33 127 1 189 0 1599
346 165 349 76 0 1299
187 152 259 172 0 1499
249 48 337 51 0 799
167 73 239 92 0 1699
25 215 1 145 0 1999
199 184 156 135 0 1499
9 295 52 346 0 1399
53 210 4 254 0 599
138 42 80 77 0 499
136 217 81 255 0 1999
112 108 126 188 0 599
307 235 234 219 0 1499
66 167 156 163 0 899
180 15 241 47 0 1399
231 263 170 230 0 799
70 97 47 166 0 699
163 65 199 122 0 1299
242 117 291 158 0 1499
87 218 82 307 0 1499
98 65 141 14 0 699
75 238 5 216 0 1499
133 138 153 69 0 799
361 67 431 44 0 1699
184 300 219 241 0 1999
211 40 288 23 0 899
55 103 36 174 0 999
126 100 80 146 0 399
197 149 215 75 0 1399
135 83 71 113 0 1999
305 173 340 230 0 1599
31 16 99 37 0 1399
305 117 300 29 0 1299
164 411 211 456 0 1499
147 124 156 41 0 899
71 40 69 132 0 299
320 236 397 221 0 1999
81 213 27 173 0 799
161 108 78 119 0 1499
66 265 14 305 0 699
162 169 148 247 0 899
103 32 145 81 0 799
97 102 48 59 0 1099
45 114 112 88 0 1599
107 51 118 131 0 299
83 249 83 155 0 799
284 43 345 73 0 799
235 453 147 458 0 1499
215 148 297 160 0 699
7 3 30 69 0 99
6 90 58 132 0 199
308 94 355 49 0 1199
129 58 72 23 0 1699
29 109 82 70 0 1199
127 64 43 72 0 499
145 117 96 73 0 1899
60 173 145 164 0 499
363 225 321 175 0 1599
195 23 115 37 0 999
114 34 101 114 0 1499
119 192 53 220 0 1499
67 63 141 44 0 1099
157 334 122 393 0 1499
134 492 109 427 0 1199
158 175 150 260 0 1999
3 4 16 83 0 99
32 241 124 242 0 999
3 2 89 10 0 99
343 152 366 83 0 1499
250 24 244 112 0 399
117 4 147 66 0 299
315 6 397 18 0 1499
63 43 119 81 0 599
179 398 237 434 0 1299
119 261 57 231 0 999
56 237 134 223 0 1099
105 61 16 62 0 799
116 263 145 325 0 1199
99 40 64 96 0 799
134 5 195 36 0 1299
144 9 167 76 0 699
159 174 226 150 0 599
164 31 231 56 0 299
339 79 414 95 0 899
112 176 67 225 0 1999
44 247 92 293 0 899
221 204 285 232 0 899
252 43 176 25 0 1699
161 101 170 17 0 699
416 271 471 308 0 1299
10 96 38 160 0 199
282 236 354 256 0 1199
102 41 32 65 0 699
3 2 3 96 0 99
247 151 183 181 0 999
70 120 93 188 0 299
100 68 170 46 0 599
52 61 41 143 0 999
78 110 62 187 0 299
100 144 116 219 0 1499
254 155 300 203 0 1899
37 72 37 161 0 199
86 127 156 107 0 1499
52 215 133 228 0 1899
128 230 196 254 0 1999
473 142 396 130 0 1999
80 134 112 192 0 1599
109 230 90 303 0 1099
443 226 460 301 0 1299
1 4 58 41 0 99
181 413 258 428 0 1999
77 224 155 210 0 1299
88 57 36 97 0 299
158 316 154 229 0 1899
60 380 140 366 0 599
295 12 355 44 0 1099
34 415 1 355 0 1999
93 8 127 63 0 199
135 173 226 176 0 599
277 230 322 183 0 1499
50 140 28 71 0 299
300 113 309 30 0 1699
314 96 324 180 0 799
399 213 355 165 0 999
227 314 310 323 0 1699
4 3 81 18 0 99
4 332 29 398 0 1499
60 122 125 151 0 799
31 88 37 2 0 1099
113 27 60 65 0 1499
249 108 270 36 0 1999
77 179 162 186 0 1599
89 111 36 73 0 699
146 209 142 297 0 899
142 288 145 375 0 999
56 347 39 270 0 1499
233 370 145 367 0 1199
5 4 18 81 0 99
71 95 118 141 0 299
402 44 397 130 0 1699
47 79 92 128 0 1399
35 142 98 113 0 899
119 345 192 324 0 1799
228 282 187 330 0 1299
59 101 101 50 0 1099
45 191 121 208 0 499
75 21 135 51 0 199
282 373 336 337 0 1899
198 63 205 145 0 999
70 252 107 304 0 899
5 5 40 59 0 99
142 116 120 48 0 1199
403 44 456 80 0 1199
345 185 390 137 0 899
37 53 91 17 0 199
320 206 402 215 0 1899
349 321 364 244 0 1799
338 179 321 104 0 1299
277 242 216 213 0 899
56 184 132 199 0 899
232 94 277 46 0 1299
211 74 210 162 0 1999
262 57 332 38 0 1199
150 55 194 6 0 1999
246 53 283 109 0 1999
238 102 297 133 0 1399
162 151 102 185 0 1899
70 123 46 55 0 299
108 282 112 197 0 499
84 82 32 122 0 999
46 176 129 165 0 799
23 279 115 281 0 1999
47 41 69 113 0 1599
144 137 69 153 0 1399
454 202 416 151 0 1499
102 192 61 245 0 1399
172 187 211 136 0 899
89 67 19 43 0 799
122 304 76 349 0 1499
43 105 35 190 0 1499
38 192 87 237 0 1599
439 235 375 261 0 1999
26 99 4 31 0 699
315 73 394 63 0 1499
75 126 164 129 0 299
6 1 39 60 0 99
260 140 325 164 0 1299
0 6 14 85 0 99
152 174 154 264 0 599
5 92 30 24 0 399
9 60 66 94 0 599
105 67 183 81 0 799
124 33 141 110 0 699
263 98 183 88 0 1899
174 29 209 87 0 1799
71 76 161 80 0 1099
19 212 72 172 0 1199
167 183 106 152 0 1799
99 150 109 66 0 1699
287 283 337 240 0 1899
28 70 28 160 0 199
346 168 439 169 0 999
271 390 355 397 0 1999
135 158 207 141 0 399
45 188 102 221 0 1499
130 7 82 53 0 1899
80 236 165 231 0 1999
160 118 128 57 0 499
5 1 30 69 0 99
293 163 283 245 0 799
300 72 345 25 0 1399
89 90 172 99 0 699
2 7 21 78 0 99
99 221 184 212 0 999
51 38 118 60 0 199
7 135 30 204 0 1399
152 77 176 10 0 1199
93 64 89 151 0 999
286 56 214 34 0 1199
272 238 360 235 0 699
61 131 125 160 0 299
38 61 117 75 0 999
116 204 152 260 0 1799
396 161 374 89 0 1499
14 69 18 159 0 299
131 97 126 184 0 599
216 325 234 401 0 1899
211 416 222 334 0 1999
28 212 94 185 0 1099
40 61 86 108 0 199
52 59 102 98 0 1199
5 1 74 25 0 99
58 154 76 229 0 899
277 443 220 407 0 1299
184 185 165 111 0 999
117 114 180 83 0 899
220 46 164 84 0 1599
196 157 266 181 0 499
162 125 160 33 0 1099
147 325 113 383 0 999
131 151 114 76 0 599
92 357 117 292 0 1699
78 253 130 212 0 1199
119 221 117 312 0 699
147 41 80 14 0 1399
54 113 46 32 0 999
20 73 97 57 0 199
72 150 30 202 0 1599
348 230 265 237 0 1199
182 177 102 190 0 1199
141 27 97 74 0 499
22 76 112 72 0 799
118 56 31 61 0 599
36 181 74 235 0 1099
145 34 185 88 0 299
32 101 115 112 0 1299
30 84 108 69 0 299
392 103 470 117 0 1699
383 160 474 158 0 1599
61 35 133 15 0 199
432 259 357 273 0 1599
138 55 71 82 0 299
293 298 307 223 0 1799
159 31 232 49 0 299
130 217 148 146 0 799
208 142 262 177 0 1899
42 421 32 339 0 1699
144 206 186 156 0 1399
89 68 62 133 0 1299
132 240 175 194 0 699
76 210 137 179 0 599
2 5 42 57 0 99
107 347 51 311 0 1399
100 42 60 95 0 1499
120 163 85 105 0 399
56 184 126 204 0 999
126 211 38 207 0 1099
225 44 305 58 0 1699
102 150 14 144 0 1399
31 39 105 23 0 599
35 59 65 123 0 199
125 64 204 50 0 1399
56 51 9 96 0 499
418 424 360 389 0 1899
259 83 347 87 0 1799
252 152 204 196 0 799
489 303 424 277 0 1299
239 53 305 81 0 399
114 282 154 336 0 1999
119 270 103 344 0 1299
78 147 58 221 0 1299
83 31 169 39 0 799
267 128 335 153 0 1199
60 430 122 400 0 999
62 122 9 81 0 599
157 228 93 255 0 1599
353 101 440 108 0 1999
0 6 72 27 0 99
59 198 69 116 0 1699
275 247 186 243 0 1499
88 246 114 182 0 799
102 221 193 222 0 1699
193 123 205 41 0 1399
81 10 40 60 0 199
74 227 15 196 0 1299
46 251 93 205 0 1199
171 178 128 128 0 599
225 299 257 358 0 699
141 242 83 210 0 1499
34 57 122 61 0 699
211 107 266 144 0 599
293 41 371 30 0 1899
77 278 120 325 0 1899
182 96 134 50 0 799
106 80 185 95 0 1399
90 262 115 193 0 1399
7 3 17 82 0 99
212 30 182 93 0 1299
223 400 172 359 0 1699
386 486 395 404 0 1699
175 116 175 206 0 1099
138 17 144 102 0 1399
114 65 97 142 0 699
230 69 171 102 0 1899
97 261 29 235 0 599
138 108 148 189 0 1499
143 225 160 301 0 1299
320 169 405 160 0 1899
54 126 31 56 0 499
366 149 301 178 0 1899
421 130 449 191 0 1999
57 123 18 69 0 699
12 85 86 68 0 199
68 87 40 149 0 499
60 12 17 59 0 999
11 63 1 142 0 1099
122 101 170 60 0 599
80 24 172 22 0 199
4 1 68 31 0 99
170 289 207 346 0 1899
20 146 101 155 0 1599
144 166 205 195 0 1399
8 1 75 24 0 99
18 231 15 140 0 1899
19 146 101 139 0 1999
0 7 61 38 0 99
97 5 73 70 0 699
150 118 137 37 0 399
125 193 80 237 0 1699
200 431 255 469 0 1999
142 48 59 58 0 1299
104 72 31 93 0 799
72 176 130 212 0 1799
141 153 64 138 0 799
300 175 224 193 0 899
180 204 150 142 0 1599
131 335 87 385 0 999
298 39 314 113 0 1099
155 15 241 21 0 599
95 1 161 29 0 199
188 99 269 109 0 1599
142 98 215 119 0 799
286 240 341 201 0 1999
81 153 27 192 0 1699
23 125 67 75 0 999
2 3 82 17 0 99
215 321 240 389 0 1699
33 127 43 44 0 1499
173 340 222 385 0 1699
35 161 104 138 0 1599
202 345 195 430 0 1899
331 110 395 140 0 1099
421 103 340 114 0 1399
22 76 76 38 0 199
258 179 254 264 0 599
173 190 119 229 0 799
59 203 114 242 0 1999
192 59 274 49 0 1499
3 2 94 5 0 99
166 126 182 51 0 899
195 230 112 220 0 599
166 28 226 58 0 1999
131 128 159 193 0 1799
212 22 289 35 0 1999
138 51 193 89 0 599
155 272 111 321 0 999
95 122 123 59 0 1599
61 132 143 144 0 299
211 270 150 303 0 1899
176 33 121 72 0 1099
150 138 180 76 0 599
236 195 221 119 0 1599
12 200 78 174 0 599
31 73 72 22 0 199
254 186 206 140 0 1199
128 156 137 71 0 799
2 5 92 7 0 99
61 217 2 250 0 1199
65 97 139 115 0 1399
4 3 83 16 0 99
37 75 107 97 0 1399
353 391 437 397 0 1999
121 289 203 279 0 1799
103 93 40 123 0 299
2 3 29 70 0 99
112 37 55 0 0 299
65 188 117 226 0 1299
279 70 245 130 0 899
212 144 253 195 0 1799
179 71 219 124 0 499
148 152 93 191 0 399
122 91 42 102 0 1199
331 81 272 46 0 1199
64 201 47 124 0 1299
440 158 388 118 0 1799
35 275 29 361 0 1399
320 232 311 313 0 799
427 66 357 44 0 1299
357 38 302 0 0 1399
118 271 168 314 0 1399
367 27 423 65 0 1599
81 165 140 200 0 1599
77 185 95 259 0 1999
449 106 399 62 0 1899
143 481 128 402 0 1399
149 66 84 39 0 899
105 199 43 230 0 699
167 21 188 92 0 1799
88 105 167 120 0 299
251 60 275 127 0 1599
330 285 360 221 0 1499
53 246 137 254 0 499
169 33 206 89 0 899
145 279 148 189 0 899
124 51 88 107 0 699
71 197 19 155 0 599
139 227 202 253 0 699
265 12 326 45 0 1299
104 21 49 55 0 1599
82 8 26 42 0 199
65 94 117 134 0 299
260 192 297 140 0 699
94 126 174 140 0 1799
214 173 262 218 0 1199
26 66 31 153 0 199
407 174 348 208 0 1399
19 75 89 51 0 199
155 263 243 259 0 1799
29 96 88 64 0 399
134 185 154 111 0 1299
158 195 214 232 0 1399
124 116 119 27 0 1199
65 215 61 303 0 999
219 306 144 325 0 899
65 91 99 32 0 1299
228 179 174 218 0 799
229 346 294 374 0 1599
147 286 211 312 0 1699
327 351 331 261 0 1399
187 271 136 314 0 1399
42 172 82 118 0 599
186 254 176 333 0 1699
151 282 177 214 0 1299
121 106 193 124 0 1499
130 47 203 68 0 899
0 5 22 77 0 99
156 263 100 296 0 1199
3 160 83 172 0 299
13 125 99 132 0 899
285 64 234 21 0 1899
9 1 97 0 0 99
184 193 265 182 0 499
101 126 62 180 0 1599
62 52 86 122 0 799
238 22 270 82 0 1999
257 20 317 54 0 1099
315 58 223 57 0 1199
223 52 186 109 0 1299
41 176 119 187 0 399
1 90 68 114 0 199
133 20 201 41 0 1599
26 275 64 219 0 1499
73 125 11 153 0 1199
343 85 328 163 0 1899
3 6 22 77 0 99
5 1 5 94 0 99
93 386 88 297 0 1899
95 35 52 83 0 499
85 170 137 210 0 1899
36 58 128 60 0 199
7 34 7 128 0 1299
184 14 213 74 0 499
20 79 23 168 0 299
61 32 30 90 0 199
221 413 161 379 0 1799
118 70 100 145 0 299
134 259 104 320 0 1199
51 117 30 47 0 499
91 79 43 120 0 699
162 43 74 41 0 299
107 84 76 21 0 299
64 230 44 303 0 699
51 152 120 175 0 299
158 23 248 21 0 299
65 178 38 240 0 999
4 3 29 70 0 99
142 116 88 156 0 399
6 98 5 190 0 899
91 131 165 111 0 399
273 162 318 115 0 1099
292 245 212 259 0 1899
16 90 6 8 0 199
168 159 189 90 0 1499
262 207 226 263 0 1299
140 116 195 154 0 699
3 4 43 56 0 99
98 148 155 181 0 1999
64 248 110 296 0 1399
59 163 109 207 0 1799
33 94 90 57 0 499
120 296 169 336 0 1099
89 91 8 78 0 1799
236 100 179 64 0 1299
100 27 106 115 0 699
88 105 25 134 0 299
28 263 117 262 0 699
3 2 22 77 0 99
4 6 51 48 0 99
127 156 197 135 0 599
87 192 41 238 0 499
48 65 101 102 0 1899
45 130 15 66 0 299
97 183 111 261 0 799
176 458 227 420 0 1699
293 274 336 325 0 1099
190 390 162 451 0 1099
117 117 112 30 0 1399
58 297 147 293 0 1599
159 154 115 104 0 1299
140 114 140 25 0 1699
142 65 165 135 0 799
6 167 33 233 0 1199
229 359 303 379 0 1799
109 130 88 203 0 1499
321 225 393 242 0 1899
2 3 56 43 0 99
139 345 97 397 0 1199
33 113 88 75 0 299
63 182 63 276 0 699
101 448 13 452 0 1899
83 202 56 269 0 1099
88 99 88 193 0 899
102 114 147 65 0 1999
282 64 214 42 0 1999
221 224 189 283 0 1799
357 299 295 267 0 1799
194 255 167 318 0 1699
190 436 188 345 0 1699
105 213 42 241 0 899
166 99 162 188 0 599
225 97 139 101 0 1599
33 64 105 85 0 999
72 43 29 93 0 999
46 137 79 198 0 499
252 317 275 386 0 1899
184 99 239 61 0 599
40 214 6 154 0 599
297 157 245 117 0 1599
265 155 225 209 0 1599
161 152 121 103 0 1999
23 94 7 18 0 299
297 172 267 108 0 699
237 101 199 155 0 1399
235 427 167 402 0 1899
132 201 65 228 0 1899
135 66 54 77 0 1099
83 13 104 86 0 199
268 195 335 220 0 1899
44 293 41 382 0 1099
30 16 88 48 0 399
126 157 143 229 0 399
151 156 72 171 0 1699
157 352 233 336 0 1099
115 143 207 145 0 1399
128 98 153 167 0 1199
283 211 313 147 0 1799
329 120 368 70 0 1999
96 96 81 172 0 299
175 294 227 255 0 1599
132 107 180 151 0 899
296 153 385 157 0 1999
159 342 246 348 0 1199
188 214 221 273 0 799
6 4 48 51 0 99
203 162 219 87 0 1399
168 203 105 172 0 499
78 43 169 40 0 1499
90 240 147 277 0 599
78 218 60 146 0 1399
78 89 114 36 0 799
17 166 18 73 0 1499
70 277 124 312 0 1599
27 27 27 121 0 599
120 143 89 80 0 1899
264 343 208 379 0 1699
5 154 92 152 0 399
385 266 342 215 0 1699
328 172 417 168 0 1899
4 126 87 136 0 1499
186 348 202 424 0 1799
147 20 116 81 0 299
71 109 32 54 0 599
150 248 193 199 0 1599
132 25 108 95 0 899
71 259 70 352 0 1199
133 23 83 66 0 499
25 358 106 345 0 1699
359 184 308 226 0 1399
5 1 62 37 0 99
186 30 114 50 0 1999
292 187 264 251 0 1299
122 226 99 156 0 1699
383 243 409 306 0 1699
60 214 1 246 0 1899
243 167 330 173 0 899
1 4 35 64 0 99
90 242 130 292 0 999
236 395 207 330 0 1899
45 171 96 129 0 699
10 25 100 29 0 499
97 34 53 81 0 599
230 193 197 133 0 1199
121 56 155 115 0 799
165 256 164 347 0 1299
4 2 81 18 0 99
41 246 125 236 0 1499
7 1 16 83 0 99
344 235 341 144 0 1299
283 85 355 107 0 1399
409 182 392 257 0 1499
150 18 142 102 0 1199
77 26 72 110 0 199
140 79 128 161 0 699
337 193 288 236 0 999
211 206 146 233 0 899
121 66 59 93 0 999
162 344 195 405 0 1399
30 169 96 197 0 299
122 18 177 56 0 499
392 144 363 207 0 1199
251 215 206 168 0 1599
368 217 451 226 0 1499
76 232 127 271 0 1199
254 75 190 50 0 1599
258 198 228 139 0 1899
20 81 8 162 0 199
414 64 348 92 0 1599
140 96 202 127 0 1299
68 61 99 123 0 1399
4 6 71 28 0 99
167 88 189 159 0 1599
185 79 113 99 0 799
104 130 191 127 0 999
222 117 148 132 0 999
397 65 325 87 0 1999
0 5 26 73 0 99
25 77 50 8 0 199
123 51 178 14 0 999
260 374 334 393 0 1499
234 143 225 226 0 1099
325 85 318 172 0 1399
130 16 117 96 0 699
43 63 78 120 0 199
128 150 141 71 0 799
214 300 228 379 0 1299
116 71 182 99 0 1099
179 97 141 41 0 1199
137 40 127 124 0 1299
221 278 158 309 0 1099
116 74 170 111 0 299
55 142 9 98 0 1299
31 168 62 107 0 1099
8 105 86 120 0 599
452 339 396 375 0 1899
8 2 65 34 0 99
55 425 3 464 0 699
118 106 93 173 0 399
166 124 245 134 0 1299
186 185 214 246 0 999
245 86 249 175 0 799
113 71 150 16 0 599
11 146 70 112 0 1999
39 58 63 128 0 299
97 88 75 16 0 899
27 9 103 27 0 399
173 184 245 203 0 799
97 77 28 57 0 299
260 235 181 249 0 1599
123 177 184 144 0 1599
65 188 140 171 0 699
268 304 322 264 0 1799
140 114 219 99 0 599
148 233 209 262 0 1499
133 189 155 117 0 1799
47 122 102 161 0 299
71 183 98 119 0 699
208 392 214 478 0 1599
14 16 50 69 0 699
219 164 147 145 0 799
81 91 64 17 0 899
147 126 179 65 0 599
2 3 82 17 0 99
105 55 129 125 0 799
27 98 95 72 0 499
149 211 112 266 0 999
167 256 175 342 0 699
83 24 124 74 0 199
135 92 85 49 0 1199
81 137 90 220 0 1399
24 82 83 49 0 199
166 98 98 73 0 499
30 129 14 205 0 499
105 165 86 237 0 1299
253 374 273 302 0 1899
72 194 163 193 0 1599
401 311 330 289 0 1899
40 108 34 23 0 1299
121 68 98 135 0 899
191 42 213 114 0 1699
131 132 180 90 0 999
63 277 132 298 0 599
213 158 227 78 0 1299
305 165 237 191 0 999
215 159 205 75 0 799
136 44 67 24 0 299
418 296 406 373 0 1699
218 121 290 142 0 1199
167 112 230 140 0 999
55 3 83 67 0 1399
75 109 128 148 0 599
51 25 63 105 0 599
21 197 103 185 0 1399
191 95 128 64 0 1799
144 174 84 208 0 999
197 86 140 118 0 1999
243 83 308 54 0 799
308 79 224 69 0 499
37 34 30 119 0 299
218 314 145 334 0 1499
91 98 154 127 0 499
49 14 16 75 0 699
150 164 109 214 0 1099
258 75 207 117 0 799
71 5 125 45 0 599
153 236 226 220 0 1199
191 194 159 135 0 1599
27 115 117 117 0 1399
181 111 256 92 0 399
265 65 232 126 0 1199
250 301 165 310 0 1499
409 90 481 70 0 1699
230 68 308 82 0 599
395 38 401 122 0 1499
417 149 453 91 0 1399
306 199 277 139 0 1999
250 42 236 122 0 1999
99 231 28 249 0 899
63 118 73 36 0 299
4 1 50 49 0 99
164 47 77 52 0 499
254 107 274 181 0 899
163 111 163 19 0 399
114 193 160 145 0 499
49 148 42 62 0 999
52 214 111 183 0 1399
19 83 82 110 0 199
189 78 135 117 0 1199
168 128 190 198 0 1599
167 105 111 143 0 399
143 88 80 117 0 499
226 26 179 70 0 1499
78 17 78 110 0 399
198 22 155 71 0 1799
154 66 240 73 0 1899
158 41 83 24 0 899
385 74 421 131 0 1599
23 71 58 12 0 199
0 7 40 59 0 99
299 378 251 332 0 1899
104 65 166 34 0 599
39 145 81 93 0 599
76 97 20 135 0 699
44 108 57 29 0 399
120 132 64 170 0 1799
203 193 293 197 0 599
36 52 110 71 0 699
181 99 170 16 0 399
135 78 112 9 0 699
203 174 277 193 0 799
222 191 162 223 0 1499
237 247 169 225 0 1399
94 34 145 77 0 399
1 6 39 60 0 99
254 154 231 84 0 1699
106 101 107 193 0 399
157 90 159 182 0 1299
326 237 354 171 0 1299
367 63 293 47 0 1999
194 92 115 107 0 799
153 223 80 205 0 1299
69 75 54 0 0 399
453 161 459 245 0 1999
197 111 119 96 0 699
157 135 207 92 0 699
156 219 149 306 0 899
211 225 138 206 0 1399
225 297 283 265 0 1999
474 4 480 91 0 1699
142 117 57 112 0 1499
83 146 15 170 0 699
63 190 94 248 0 1599
20 136 47 74 0 1299
0 254 52 216 0 1799
112 286 171 320 0 1299
1 9 49 50 0 99
58 209 52 122 0 599
172 110 132 164 0 799
27 67 4 136 0 199
70 94 50 163 0 299
97 229 89 314 0 899
137 203 120 128 0 1799
339 103 325 183 0 1199
346 21 254 23 0 1499
54 6 86 67 0 1099
138 301 78 268 0 999
204 145 296 147 0 1899
91 129 137 81 0 599
3 161 85 149 0 999
101 290 180 301 0 1899
176 323 174 415 0 1499
27 178 109 168 0 499
246 402 234 483 0 1699
235 184 304 161 0 899
96 154 50 108 0 399
5 232 26 304 0 1999
108 121 55 158 0 499
134 100 203 75 0 399
112 92 35 104 0 299
96 113 183 118 0 699
224 0 247 71 0 599
27 95 99 77 0 599
102 79 80 7 0 699
4 1 73 26 0 99
131 49 194 19 0 899
196 76 182 154 0 599
150 183 238 189 0 1499
363 248 304 213 0 1499
65 191 152 188 0 1399
89 283 104 204 0 599
184 116 103 125 0 399
68 297 8 328 0 1399
196 140 278 128 0 799
20 55 101 66 0 299
149 114 193 164 0 1099
87 25 74 104 0 399
344 77 364 6 0 1399
134 80 207 101 0 799
108 127 120 50 0 1799
304 18 281 89 0 1999
42 66 69 129 0 199
91 101 113 170 0 499
104 41 183 54 0 699
241 323 192 280 0 1999
110 99 163 140 0 699
2 40 24 110 0 799
42 205 60 129 0 1099
25 329 46 256 0 799
8 86 68 118 0 1399
168 216 222 177 0 899
79 283 84 194 0 1999
148 43 199 3 0 1199
142 309 166 239 0 899
30 125 55 56 0 499
359 258 293 232 0 1299
286 127 254 65 0 1499
326 263 265 296 0 1899
157 162 100 195 0 899
125 76 51 94 0 899
1 4 17 82 0 99
26 171 100 191 0 699
29 171 78 216 0 599
76 208 95 278 0 699
91 284 43 243 0 799
154 148 181 81 0 399
107 107 174 81 0 899
57 158 138 147 0 699
138 106 187 61 0 1799
51 49 135 59 0 199
301 199 246 163 0 1699
365 218 299 246 0 1499
42 237 5 183 0 1399
140 30 153 108 0 299
233 140 321 135 0 1999
83 123 98 197 0 1899
103 196 93 113 0 1999
157 310 195 366 0 1899
29 66 71 113 0 199
71 108 27 58 0 299
129 302 58 323 0 699
155 23 130 92 0 599
241 66 187 26 0 1099
269 201 325 163 0 1199
147 449 141 365 0 1199
196 152 241 200 0 699
182 168 232 125 0 699
144 75 191 29 0 1999
25 77 85 111 0 199
123 11 153 75 0 399
127 266 145 192 0 1299
486 76 448 20 0 1999
38 55 77 109 0 199
156 176 150 262 0 1599
162 164 174 245 0 499
109 136 182 155 0 899
198 367 156 418 0 1799
16 96 69 56 0 1299
46 58 99 17 0 199
4 100 24 26 0 199
92 306 101 391 0 1999
3 4 4 95 0 99
53 124 138 128 0 599
196 41 261 12 0 1299
362 321 356 235 0 1699
169 204 117 245 0 1999
76 135 109 196 0 1099
161 184 239 172 0 1099
308 183 338 245 0 1699
144 39 194 0 0 1199
128 258 77 300 0 1899
320 148 405 154 0 1499
406 63 412 151 0 1699
141 437 174 497 0 1699
76 79 18 47 0 499
17 77 37 151 0 199
129 180 87 232 0 1499
60 125 134 110 0 1999
113 116 27 111 0 599
12 203 95 196 0 1899
171 235 118 199 0 1699
128 146 84 98 0 799
98 8 181 19 0 599
20 148 42 78 0 1999
63 130 143 143 0 799
124 238 113 157 0 1799
60 141 127 165 0 999
266 452 271 364 0 1699
181 213 111 233 0 1199
111 239 126 161 0 1299
108 150 124 226 0 399
67 284 127 318 0 1499
142 34 208 6 0 799
228 164 307 177 0 1599
145 151 169 82 0 1099
162 47 100 76 0 399
61 42 138 55 0 299
276 117 217 148 0 1499
108 50 161 86 0 699
170 268 97 249 0 1999
67 19 16 62 0 399
283 276 270 195 0 1699
2 150 61 183 0 599
63 188 118 151 0 699
106 79 96 161 0 299
45 72 89 122 0 699
214 49 297 42 0 499
413 84 417 174 0 1299
355 167 421 143 0 1999
166 99 155 177 0 399
19 29 79 61 0 999
114 369 151 424 0 1499
154 427 121 487 0 1599
3 7 80 19 0 99
8 1 20 79 0 99
219 474 152 447 0 1899
151 451 214 420 0 1999
48 48 79 109 0 199
86 166 136 123 0 699
65 330 128 361 0 1499
77 58 137 24 0 1299
390 66 323 41 0 1999
85 185 122 132 0 1199
182 365 193 282 0 1499
115 317 57 351 0 799
16 287 15 197 0 1799
42 235 104 204 0 799
207 86 270 57 0 1299
230 271 269 216 0 1899
45 63 113 85 0 199
179 109 255 95 0 399
128 407 221 408 0 1499
258 276 266 195 0 1499
15 62 84 41 0 299
195 43 231 99 0 1199
42 150 22 223 0 699
321 32 265 70 0 1499
3 6 71 28 0 99
38 120 7 59 0 1199
129 162 47 173 0 399
122 156 37 149 0 599
168 93 125 46 0 1499
207 136 139 162 0 1299
230 165 239 82 0 699
111 474 158 432 0 1399
23 80 68 128 0 199
215 172 201 251 0 999
51 25 61 104 0 1299
169 22 143 89 0 799
237 122 263 190 0 899
353 48 340 129 0 699
368 34 404 89 0 1899
23 81 97 65 0 199
33 75 44 157 0 1299
168 81 156 158 0 599
55 292 69 212 0 899
280 418 312 480 0 1999
1 4 30 69 0 99
326 10 286 61 0 1099
315 149 269 197 0 1599
13 293 84 316 0 999
102 187 118 264 0 599
57 189 47 107 0 399
101 213 163 240 0 1299
84 269 1 259 0 999
74 57 46 123 0 899
68 30 154 22 0 199
48 86 100 44 0 399
201 101 242 49 0 699
155 200 153 110 0 1299
0 5 59 40 0 99
328 192 384 230 0 1399
148 216 211 185 0 1199
268 123 339 100 0 1699
152 60 117 115 0 1199
215 131 142 110 0 1399
212 279 161 317 0 1599
183 152 192 237 0 1899
45 185 118 206 0 1199
2 6 70 29 0 99
74 152 137 121 0 799
286 156 307 88 0 1099
186 151 186 59 0 1099
71 37 163 35 0 599
257 34 252 122 0 799
146 137 122 203 0 1099
184 302 123 270 0 1499
217 275 193 207 0 1199
243 31 270 94 0 1399
161 240 179 167 0 1199
21 158 86 131 0 299
89 136 63 68 0 499
210 315 179 254 0 1099
113 361 196 354 0 1399
185 420 101 410 0 1699
40 47 22 122 0 1599
60 93 21 42 0 899
69 125 89 54 0 1499
118 216 137 290 0 1299
392 144 372 74 0 999
64 133 84 62 0 399
224 315 228 402 0 1599
119 133 128 216 0 599
298 1 364 29 0 1499
103 104 106 15 0 1699
109 182 180 205 0 899
117 105 44 87 0 1099
190 166 216 234 0 1199
39 216 6 277 0 899
175 127 127 173 0 1199
251 27 189 57 0 1599
487 325 418 349 0 1499
47 195 11 137 0 799
6 263 18 185 0 1099
98 184 156 218 0 1199
57 221 119 250 0 1099
181 102 103 87 0 999
274 180 193 193 0 1399
11 212 42 273 0 899
141 31 92 73 0 299
136 124 192 86 0 599
171 84 172 172 0 999
331 196 242 200 0 1799
38 71 118 62 0 399
59 20 139 6 0 899
185 113 124 144 0 1799
90 149 167 137 0 399
53 79 128 98 0 1999
79 41 132 78 0 399
260 62 309 19 0 1799
77 8 10 34 0 1399
17 33 87 54 0 1499
87 61 42 14 0 1599
99 267 28 285 0 899
156 2 92 31 0 499
61 132 50 213 0 1899
220 268 185 327 0 799
191 93 280 98 0 1399
100 63 51 106 0 499
49 126 28 198 0 999
82 208 101 283 0 399
437 29 436 120 0 1599
199 262 246 304 0 1199
176 338 246 315 0 699
243 71 154 76 0 799
42 251 95 292 0 1299
11 127 92 116 0 799
91 233 72 158 0 1599
6 4 59 40 0 99
294 394 256 450 0 1999
116 137 160 92 0 1399
138 65 76 37 0 899
73 241 117 193 0 1199
197 79 268 100 0 799
140 206 156 284 0 1799
23 162 72 203 0 299
163 41 182 113 0 299
125 55 76 97 0 699
163 73 94 98 0 399
33 123 98 149 0 499
14 41 84 17 0 299
0 6 30 69 0 99
62 93 126 64 0 599
84 311 133 266 0 1099
82 286 52 348 0 799
70 201 45 133 0 1999
99 31 34 59 0 899
126 85 203 102 0 499
189 21 210 91 0 1499
145 116 163 192 0 1899
93 98 140 55 0 499
53 201 113 234 0 1499
64 43 135 23 0 199
280 12 264 88 0 1599
145 175 183 231 0 1199
6 46 42 103 0 299
152 29 70 39 0 299
145 339 98 292 0 1599
34 80 36 171 0 1899
79 256 118 206 0 1999
25 64 88 90 0 1199
15 178 58 129 0 499
414 137 357 170 0 1899
162 315 235 335 0 999
248 422 278 360 0 1999
179 73 159 2 0 899
61 135 135 117 0 1799
58 27 40 98 0 399
135 287 215 273 0 1199
129 30 60 7 0 499
85 202 135 161 0 399
129 42 202 22 0 1399
439 334 467 400 0 1899
163 263 76 256 0 1199
4 3 94 5 0 99
170 179 246 196 0 1199
34 128 19 54 0 699
156 494 69 489 0 1799
100 61 153 102 0 699
190 203 189 111 0 1599
68 60 49 135 0 399
121 219 34 221 0 699
7 98 82 80 0 599
89 65 133 115 0 599
78 173 168 177 0 1499
196 147 254 183 0 1699
5 2 82 19 0 299
50 102 96 146 0 799
157 123 224 100 0 999
268 259 340 238 0 999
8 86 48 140 0 199
264 27 334 50 0 999
60 175 75 253 0 1599
66 253 146 263 0 699
134 213 216 206 0 1799
10 61 71 89 0 399
40 66 39 155 0 399
86 217 102 139 0 499
135 189 107 126 0 1099
159 90 75 96 0 499
274 74 306 136 0 1799
234 211 193 161 0 1599
147 122 209 151 0 599
153 7 156 96 0 1599
258 186 300 238 0 799
296 243 376 233 0 899
155 124 114 177 0 899
162 236 187 305 0 1399
38 136 94 98 0 1799
194 246 216 176 0 999
10 218 36 286 0 1399
370 239 452 247 0 1699
144 107 179 48 0 1499
377 295 355 226 0 1699
353 229 338 308 0 1799
342 310 383 362 0 1899
58 277 63 361 0 1399
41 103 128 110 0 399
159 137 189 198 0 1299
330 148 282 194 0 799
82 191 78 279 0 1099
160 40 119 92 0 299
86 200 21 229 0 399
321 26 400 13 0 699
114 148 130 74 0 399
466 205 450 128 0 999
91 112 168 129 0 1299
178 179 247 202 0 1099
138 48 56 39 0 299
66 104 4 136 0 599
80 83 80 176 0 599
4 2 4 95 0 99
19 80 5 159 0 399
228 319 188 371 0 1099
2 76 45 29 0 1199
187 112 115 129 0 799
343 295 386 244 0 1999
0 6 25 74 0 99
30 68 86 30 0 199
156 184 140 262 0 999
8 196 43 140 0 1299
83 100 141 136 0 299
143 168 205 139 0 1399
45 132 58 211 0 699
211 481 230 407 0 1699
246 35 318 13 0 1299
88 76 164 92 0 1199
118 59 169 18 0 1299
428 49 345 41 0 1799
153 234 221 256 0 1299
68 265 138 287 0 1299
379 465 332 418 0 1599
199 146 275 132 0 1499
77 206 140 236 0 799
16 17 9 102 0 1299
359 112 356 201 0 899
42 68 88 116 0 399
83 158 84 249 0 699
224 231 180 181 0 1899
482 56 415 30 0 1899
112 38 92 112 0 599
466 121 459 205 0 1799
45 47 93 93 0 1599
279 135 220 168 0 799
134 45 105 107 0 599
3 3 54 45 0 99
79 19 141 47 0 199
202 206 216 281 0 1299
149 167 94 204 0 599
206 433 253 480 0 1499
312 6 393 19 0 1399
190 7 236 55 0 299
108 12 132 82 0 599
123 75 85 131 0 399
327 105 328 198 0 999
350 115 271 127 0 1999
406 190 343 217 0 1999
26 211 112 203 0 1299
373 115 324 158 0 1999
84 56 32 19 0 299
381 50 412 112 0 1999
110 281 64 326 0 1399
56 191 64 277 0 1299
140 167 51 162 0 499
246 198 326 208 0 1799
211 186 203 100 0 1099
170 187 140 123 0 1899
194 121 262 146 0 1399
157 75 181 143 0 1199
60 144 61 237 0 1199
72 157 126 196 0 1599
298 1 264 61 0 1499
23 92 110 99 0 1299
156 101 165 185 0 599
126 87 126 180 0 1199
57 110 113 147 0 1599
253 258 270 182 0 1999
3 6 76 23 0 99
172 141 231 176 0 499
90 114 130 167 0 299
122 220 99 154 0 1299
29 103 94 74 0 599
172 121 204 60 0 1199
19 145 71 182 0 699
277 36 322 83 0 1299
197 9 256 44 0 999
35 118 103 144 0 1899
79 65 43 118 0 1099
153 53 232 40 0 599
161 144 91 168 0 1299
96 167 148 208 0 1399
131 138 168 82 0 1599
135 54 98 111 0 299
149 291 195 339 0 1199
25 230 63 286 0 499
21 91 18 2 0 399
5 1 93 6 0 99
246 374 312 401 0 1699
34 316 105 295 0 1799
94 58 96 150 0 1199
127 95 67 128 0 699
118 169 88 107 0 1099
97 85 152 48 0 799
366 177 294 155 0 1099
125 34 67 68 0 299
3 5 37 62 0 99
30 64 26 154 0 199
0 206 15 282 0 1899
107 235 21 240 0 1899
22 162 68 117 0 499
85 17 150 46 0 199
372 69 400 135 0 1099
176 177 177 270 0 699
92 161 97 74 0 699
167 103 200 164 0 1999
176 221 221 172 0 1099
138 100 52 108 0 1999
109 42 61 88 0 1699
36 63 17 137 0 199
117 347 74 398 0 1799
15 79 95 65 0 199
192 245 189 333 0 1999
196 86 141 123 0 599
204 241 165 188 0 1699
96 233 156 199 0 899
154 226 210 189 0 499
3 2 59 40 0 99
38 340 92 302 0 1799
58 124 93 66 0 299
128 231 143 306 0 1299
199 295 181 223 0 1399
75 176 102 238 0 799
133 66 136 153 0 1099
73 116 4 141 0 299
251 112 284 52 0 599
185 130 276 131 0 699
133 113 58 131 0 699
1 7 3 96 0 99
172 135 253 126 0 1499
209 186 172 133 0 1099
80 130 170 126 0 599
81 93 158 107 0 1699
65 43 97 101 0 199
112 160 134 88 0 1999
269 124 337 98 0 1299
330 102 251 116 0 1299
280 491 235 447 0 1399
39 16 42 104 0 399
128 162 69 128 0 1499
176 133 202 196 0 1399
134 71 78 109 0 499
87 8 86 100 0 199
3 4 38 61 0 99
69 342 91 412 0 1699
87 411 161 391 0 1799
109 35 70 90 0 599
38 145 118 158 0 599
187 110 131 74 0 499
62 176 137 158 0 499
495 202 471 269 0 1799
221 271 255 211 0 1399
204 145 152 186 0 1399
95 33 185 30 0 499
301 403 236 432 0 1799
151 107 220 130 0 1599
444 333 487 380 0 1499
113 69 141 3 0 799
137 180 130 267 0 1899
165 339 111 300 0 1299
83 38 111 103 0 599
52 268 103 311 0 1399
101 306 105 218 0 1499
269 121 250 47 0 1899
96 102 112 180 0 399
286 113 348 144 0 1999
180 246 180 152 0 799
211 2 212 93 0 899
1 5 71 28 0 99
217 477 138 462 0 1799
158 31 110 73 0 299
63 122 125 154 0 299
269 147 189 138 0 699
253 98 314 70 0 1799
122 369 74 414 0 1599
179 115 190 34 0 1599
17 154 34 226 0 1599
315 308 309 392 0 1499
20 110 11 195 0 799
291 280 320 345 0 1899
45 24 31 104 0 699
234 159 199 100 0 899
88 147 47 200 0 699
243 101 302 134 0 999
148 131 195 176 0 699
109 189 29 202 0 1899
167 50 196 113 0 1499
115 121 177 152 0 1299
105 3 149 53 0 599
129 72 89 18 0 1099
333 155 415 146 0 1299
238 400 302 374 0 999
213 167 221 82 0 899
68 167 42 101 0 499
41 26 92 65 0 699
235 161 304 184 0 1799
101 254 101 162 0 899
252 139 189 169 0 999
140 49 207 72 0 899
113 210 204 212 0 1799
35 123 28 40 0 1999
29 293 79 337 0 1999
281 55 204 71 0 699
157 2 124 60 0 1599
125 133 191 107 0 1199
56 26 148 24 0 599
318 168 249 144 0 1899
18 74 77 43 0 199
22 69 73 31 0 199
2 3 30 69 0 99
354 298 291 271 0 999
249 176 228 103 0 1499
248 271 270 201 0 899
0 9 47 52 0 99
288 318 299 400 0 1699
145 136 152 51 0 1299
161 324 249 320 0 1699
124 38 199 20 0 299
145 118 54 119 0 1699
69 222 106 168 0 1599
12 132 79 158 0 1699
1 1 7 88 0 299
98 183 170 163 0 1499
167 160 124 210 0 1599
123 77 212 80 0 1199
120 287 185 261 0 1799
38 88 105 114 0 1699
203 137 200 225 0 1499
142 103 84 70 0 1599
51 43 48 132 0 199
58 45 74 118 0 199
61 40 40 108 0 199
20 187 52 129 0 699
270 254 320 298 0 1999
220 76 189 14 0 1499
141 50 65 65 0 999
87 106 110 35 0 1899
212 255 259 213 0 1599
148 151 202 189 0 899
64 235 70 152 0 1199
71 148 23 194 0 1299
41 129 119 144 0 299
102 178 104 89 0 1499
17 88 78 120 0 199
140 130 64 144 0 799
122 291 183 324 0 699
115 277 177 308 0 1499
162 80 129 21 0 799
53 18 19 78 0 699
122 146 139 69 0 999
134 218 111 288 0 1299
255 314 332 299 0 1899
42 50 94 10 0 199
1 9 12 87 0 99
121 209 98 140 0 1399
244 34 196 75 0 699
108 148 19 149 0 1999
214 139 172 190 0 999
123 156 142 82 0 399
60 162 96 220 0 799
385 342 299 350 0 1699
466 5 448 77 0 1899
208 197 209 290 0 1499
129 84 165 26 0 1699
131 228 144 150 0 1199
62 294 128 317 0 1499
173 275 90 264 0 1399
194 85 226 146 0 799
46 130 101 96 0 299
217 34 243 100 0 899
61 91 13 135 0 399
123 299 55 275 0 799
324 446 358 388 0 1399
340 245 288 285 0 1099
395 117 409 197 0 1199
92 56 102 139 0 299
113 189 181 163 0 599
49 106 122 88 0 399
47 205 89 154 0 1099
157 110 112 65 0 1099
347 189 284 161 0 1499
137 18 183 66 0 1099
0 6 69 30 0 99
65 29 63 121 0 199
188 266 102 260 0 799
119 276 121 184 0 1299
57 371 137 384 0 1699
40 151 103 120 0 499
342 392 318 326 0 1599
287 24 257 86 0 1499
160 152 141 225 0 1199
204 134 207 44 0 499
79 140 26 101 0 499
83 109 170 104 0 1999
58 87 58 180 0 599
160 99 79 88 0 499
39 52 130 49 0 1299
109 199 137 263 0 999
394 128 381 47 0 1799
152 195 218 222 0 1199
91 4 121 65 0 199
206 307 203 397 0 1399
190 273 124 297 0 1699
369 34 288 46 0 1799
138 419 79 384 0 1699
1 43 60 8 0 599
13 42 70 7 0 899
343 235 319 301 0 1799
0 7 10 89 0 99
117 315 158 267 0 1699
56 143 121 172 0 299
259 401 348 396 0 1999
252 149 241 68 0 699
65 400 110 445 0 699
163 70 121 22 0 899
381 458 413 398 0 1899
66 121 155 126 0 299
8 144 77 169 0 799
9 1 1 82 0 99
25 456 32 370 0 1199
52 53 102 10 0 599
228 138 243 61 0 799
98 157 95 248 0 1699
87 131 114 66 0 399
250 60 285 119 0 1199
51 55 112 86 0 199
40 160 128 155 0 499
9 179 33 112 0 499
396 465 478 472 0 1799
140 260 128 337 0 899
78 42 114 99 0 299
147 10 81 37 0 799
97 92 48 47 0 699
231 178 255 111 0 1999
31 10 73 57 0 799
317 240 357 291 0 799
352 290 362 373 0 899
48 4 16 65 0 299
40 60 99 91 0 199
147 100 231 109 0 599
165 231 176 313 0 1099
63 33 74 116 0 599
25 80 86 48 0 199
444 451 363 439 0 1599
61 321 55 233 0 799
154 24 127 88 0 1099
268 45 232 103 0 1299
141 140 92 99 0 1499
2 153 91 148 0 1899
174 176 128 222 0 1599
131 4 167 59 0 599
37 48 67 112 0 299
102 122 71 180 0 499
63 88 96 145 0 699
245 97 259 17 0 999
119 18 53 45 0 1399
70 26 154 16 0 199
76 103 29 148 0 299
169 15 178 95 0 699
234 156 169 131 0 1399
3 2 96 3 0 99
288 157 318 98 0 1999
223 156 265 203 0 599
170 88 177 171 0 599
52 90 30 162 0 999
44 200 10 145 0 899
103 102 128 166 0 1399
151 17 199 63 0 399
1 6 8 91 0 99
65 91 83 18 0 1299
79 62 149 39 0 999
2 4 28 71 0 99
131 153 96 96 0 999
268 191 216 151 0 1699
293 205 233 176 0 1499
117 65 118 154 0 799
248 46 176 67 0 699
263 56 282 128 0 1799
121 214 76 165 0 899
10 92 60 134 0 199
121 352 79 403 0 1399
4 6 79 20 0 99
210 293 225 367 0 1199
214 162 265 201 0 599
128 285 36 283 0 1099
31 264 103 286 0 1099
328 61 323 150 0 1299
391 349 476 357 0 899
5 4 78 21 0 99
78 64 25 23 0 599
228 231 180 187 0 699
62 234 73 153 0 799
57 245 118 212 0 999
120 425 124 335 0 1499
115 24 135 98 0 1899
118 179 122 269 0 1699
155 20 73 8 0 499
106 248 65 195 0 999
65 200 102 257 0 1099
99 83 125 15 0 799
9 64 73 92 0 1299
180 126 131 82 0 1899
316 121 341 57 0 1199
103 260 73 324 0 1699
39 179 118 194 0 399
255 233 218 178 0 799
127 212 155 149 0 999
121 75 29 73 0 1199
4 3 24 75 0 99
82 24 70 104 0 199
268 219 266 129 0 1299
70 112 62 196 0 399
1 7 77 22 0 99
3 241 24 168 0 599
340 223 365 156 0 1699
83 26 63 99 0 799
13 94 66 134 0 399
60 44 117 81 0 199
18 183 106 181 0 1099
19 243 43 313 0 1999
29 228 23 145 0 799
212 296 237 361 0 1599
164 32 154 116 0 799
12 267 20 181 0 1699
241 222 171 245 0 1599
32 293 49 218 0 1099
193 89 285 88 0 1299
128 242 172 193 0 699
98 184 72 117 0 699
176 26 190 105 0 1899
64 124 1 152 0 299
78 103 67 183 0 1599
131 58 83 12 0 499
83 18 164 6 0 599
112 208 162 164 0 1399
147 54 235 51 0 1399
124 79 72 117 0 299
48 169 86 222 0 399
115 189 28 183 0 1299
35 55 98 82 0 199
75 24 147 6 0 299
79 122 20 87 0 299
184 123 273 128 0 1499
1 4 81 18 0 99
4 286 73 261 0 999
96 240 79 163 0 1999
489 20 448 69 0 1899
207 26 189 100 0 499
3 5 68 31 0 99
60 32 13 75 0 199
145 179 188 229 0 1499
97 275 153 238 0 1899
128 4 67 36 0 499
347 105 409 73 0 799
165 232 109 195 0 1799
193 4 196 95 0 1299
119 5 48 26 0 999
201 225 111 229 0 1799
158 205 161 292 0 1499
158 246 74 251 0 1899
332 355 326 442 0 1799
77 44 21 78 0 299
45 44 115 63 0 199
158 174 103 212 0 499
67 97 50 174 0 1399
36 36 59 107 0 999
82 4 81 97 0 199
95 116 82 36 0 399
396 232 421 167 0 1999
246 289 255 373 0 1999
72 297 91 372 0 1899
214 41 278 69 0 1899
44 166 114 185 0 499
36 293 100 265 0 1499
311 79 270 28 0 1599
402 332 439 279 0 1999
275 65 222 26 0 599
11 119 71 88 0 1499
84 267 37 314 0 1099
82 87 57 154 0 699
72 92 154 100 0 399
93 102 11 110 0 1699
120 25 169 70 0 1499
169 75 168 168 0 1599
96 13 23 32 0 1099
40 167 86 215 0 1099
266 246 190 261 0 1899
156 495 244 494 0 1599
2 6 5 94 0 99
300 104 261 50 0 1699
64 133 113 88 0 299
192 195 263 177 0 799
12 88 69 121 0 199
211 232 246 286 0 1199
22 77 28 164 0 199
52 162 8 114 0 1399
64 165 42 236 0 799
91 213 34 250 0 799
220 94 224 6 0 1199
98 21 54 66 0 399
203 142 122 129 0 1099
52 251 60 167 0 1699
2 4 91 8 0 99
340 92 280 124 0 1999
192 108 212 182 0 999
94 0 59 59 0 199
180 138 146 80 0 1199
193 157 218 88 0 799
127 304 69 335 0 1599
113 71 117 160 0 1099
97 100 7 96 0 499
141 215 51 219 0 999
181 215 229 259 0 1399
234 45 183 4 0 699
99 353 139 302 0 1499
121 48 162 100 0 399
328 140 273 175 0 799
155 152 67 151 0 999
116 182 45 203 0 999
17 203 85 181 0 1199
91 178 86 263 0 1299
34 66 95 35 0 199
153 167 151 75 0 1799
71 112 96 181 0 299
63 84 84 13 0 699
364 103 345 177 0 1999
142 181 162 253 0 499
11 334 84 353 0 1499
2 4 93 6 0 99
207 52 192 130 0 599
129 64 143 144 0 299
76 111 66 193 0 699
167 334 119 289 0 1599
18 79 98 65 0 1099
77 14 156 26 0 199
17 139 90 159 0 299
14 162 65 122 0 1699
117 3 65 45 0 999
243 8 331 6 0 1699
63 14 12 55 0 299
152 180 77 196 0 1499
248 63 271 134 0 1899
252 169 180 186 0 1599
61 202 6 239 0 499
145 119 151 32 0 1099
99 15 183 9 0 1799
50 220 79 283 0 1999
74 130 78 42 0 399
2 4 65 34 0 99
271 186 251 260 0 899
25 259 98 243 0 1899
230 173 249 102 0 1099
213 142 294 155 0 1699
138 26 172 82 0 1199
206 70 134 49 0 899
107 105 141 48 0 1499
11 85 56 134 0 199
37 120 109 138 0 899
89 38 143 2 0 499
199 152 135 181 0 999
76 167 162 175 0 1299
365 203 419 164 0 1299
230 50 168 81 0 1499
307 387 285 315 0 1599
6 30 48 81 0 1099
114 71 36 86 0 799
82 133 95 54 0 1899
146 185 93 225 0 999
339 215 409 235 0 1999
41 67 88 110 0 199
110 83 186 67 0 1699
286 285 334 241 0 1299
248 95 312 125 0 699
213 255 129 246 0 1299
98 213 8 210 0 1799
169 24 96 44 0 1399
89 0 35 35 0 199
194 168 192 257 0 1899
181 348 234 389 0 1699
391 60 378 140 0 1599
145 126 152 209 0 499
83 121 25 157 0 1399
276 95 216 61 0 1299
168 283 129 229 0 1599
171 71 210 126 0 399
170 195 221 233 0 1799
55 81 13 30 0 899
259 261 194 289 0 1099
370 284 395 351 0 799
214 154 196 230 0 1799
41 62 119 49 0 599
66 102 140 84 0 399
33 175 69 122 0 299
99 77 58 128 0 599
44 36 77 96 0 1099
392 399 414 468 0 1799
75 315 113 368 0 899
199 170 189 251 0 799
52 100 46 186 0 399
91 423 134 373 0 1899
252 100 180 78 0 1199
110 47 163 7 0 1399
294 17 333 70 0 1099
169 96 135 37 0 1599
141 38 198 73 0 1699
36 199 82 153 0 1099
391 241 463 263 0 1999
226 52 319 51 0 1599
215 165 171 212 0 899
172 15 170 105 0 299
471 313 491 239 0 1399
153 311 192 362 0 1399
258 370 226 310 0 999
199 29 155 77 0 999
75 57 56 127 0 699
58 52 110 94 0 999
34 85 1 29 0 999
42 149 117 166 0 299
158 57 182 125 0 1499
288 68 367 53 0 1799
289 114 312 185 0 1499
89 42 166 56 0 1399
270 271 264 359 0 1899
125 84 76 129 0 499
210 113 298 111 0 1099
148 57 88 24 0 1799
188 57 260 79 0 699
306 75 294 153 0 699
147 200 178 139 0 1899
78 11 106 72 0 199
103 77 161 110 0 299
173 255 129 207 0 999
309 221 265 268 0 1299
439 131 482 80 0 1399
88 134 173 125 0 399
35 57 95 23 0 599
153 148 190 201 0 1499
247 97 330 106 0 999
398 138 343 177 0 1199
98 96 98 3 0 499
49 388 32 311 0 1899
182 11 140 61 0 1099
341 147 396 109 0 1499
244 49 278 109 0 1499
296 351 316 277 0 1299
102 137 15 142 0 899
158 159 176 234 0 999
48 100 68 171 0 899
169 27 83 35 0 1799
4 1 40 59 0 99
137 359 173 413 0 1999
211 289 142 266 0 1999
55 75 79 10 0 499
75 12 86 94 0 599
132 213 105 146 0 1899
106 197 120 118 0 1999
81 170 39 118 0 899
65 171 127 203 0 999
44 28 7 85 0 999
163 183 243 197 0 1999
407 158 405 249 0 1599
299 57 342 107 0 1899
4 247 94 248 0 1399
190 110 166 179 0 499
263 128 309 82 0 1699
95 364 123 430 0 1299
127 123 184 158 0 1599
25 69 6 142 0 199
172 29 131 82 0 1299
128 151 200 171 0 699
100 257 190 260 0 1799
142 182 65 166 0 899
216 318 301 325 0 1999
18 300 70 262 0 799
32 75 26 158 0 199
270 65 240 2 0 1599
254 201 215 146 0 899
151 17 165 92 0 499
122 109 120 22 0 999
234 127 160 146 0 999
360 44 403 90 0 1299
3 7 81 18 0 99
120 318 52 292 0 1199
222 296 271 253 0 799
270 106 213 143 0 799
370 47 439 23 0 1799
170 129 190 55 0 499
24 117 87 90 0 699
325 173 357 114 0 1499
90 99 122 161 0 299
1 6 18 81 0 99
135 206 54 196 0 1599
62 102 136 119 0 499
67 217 130 191 0 1699
97 59 46 17 0 299
130 176 146 99 0 1499
213 119 301 113 0 1799
185 43 235 1 0 799
403 174 467 200 0 899
183 84 189 172 0 499
84 107 142 141 0 899
195 104 137 138 0 1299
40 395 111 418 0 1499
112 422 146 362 0 1599
50 81 105 119 0 399
74 207 47 141 0 799
264 301 325 269 0 1999
221 232 247 297 0 1399
48 12 111 38 0 499
149 364 61 358 0 1699
313 362 376 393 0 1899
111 50 182 68 0 799
295 198 226 173 0 1499
476 137 497 207 0 1799
69 141 105 88 0 699
102 90 46 52 0 799
98 7 126 72 0 199
101 295 118 372 0 1399
1 110 85 102 0 1699
161 74 192 12 0 1199
100 144 174 124 0 999
115 50 71 3 0 1199
48 139 44 49 0 499
306 167 298 250 0 1599
150 101 106 53 0 1099
24 66 55 127 0 399
0 6 63 36 0 99
23 108 110 106 0 399
5 5 19 80 0 99
117 1 103 79 0 599
246 100 308 68 0 599
192 252 283 251 0 1799
88 70 135 23 0 799
86 207 81 292 0 499
233 323 234 416 0 1199
141 203 228 206 0 999
89 9 60 74 0 199
176 28 221 75 0 1599
36 167 6 103 0 299
173 202 150 273 0 899
57 266 58 359 0 1299
135 0 123 77 0 1599
29 287 83 252 0 1499
178 237 252 254 0 1999
246 138 251 227 0 1399
36 57 94 22 0 199
37 168 96 135 0 299
161 125 116 174 0 599
45 76 49 165 0 599
452 217 446 131 0 1099
91 64 177 71 0 999
145 255 123 184 0 1699
148 218 228 208 0 999
392 28 464 50 0 1399
22 46 87 75 0 999
51 205 85 146 0 1699
66 486 110 437 0 1899
241 160 319 173 0 1799
262 128 307 173 0 1799
8 1 94 5 0 99
128 235 171 186 0 1699
278 61 189 63 0 1799
9 137 82 117 0 299
185 465 141 417 0 1599
347 224 346 317 0 1699
217 310 286 332 0 1799
48 216 138 220 0 1199
40 138 16 68 0 1799
138 105 51 108 0 899
51 74 116 103 0 1299
16 16 65 61 0 1599
111 111 76 54 0 399
1 4 56 41 0 299
24 137 51 74 0 299
277 175 222 214 0 1399
60 54 36 122 0 1799
135 125 152 51 0 1899
1 29 75 49 0 799
176 83 260 93 0 1299
101 221 51 179 0 1599
92 74 19 94 0 1299
60 208 82 141 0 1299
222 111 225 202 0 1299
249 180 315 152 0 899
213 239 180 181 0 1099
146 114 199 155 0 399
181 72 259 56 0 1899
236 150 271 204 0 1099
2 4 83 16 0 99
405 397 342 370 0 1999
86 59 57 124 0 499
2 4 49 50 0 99
31 43 102 23 0 499
22 87 58 140 0 599
56 143 139 154 0 699
189 143 161 209 0 799
66 75 152 81 0 499
188 382 178 462 0 1199
59 34 102 80 0 1599
193 25 127 2 0 1499
244 298 200 251 0 1299
197 253 208 336 0 1399
92 301 30 273 0 1899
93 59 172 69 0 699
86 145 26 175 0 899
21 138 100 123 0 299
31 226 83 188 0 1899
83 178 107 243 0 1999
78 106 165 113 0 599
261 91 182 77 0 499
69 261 74 177 0 1099
69 183 118 227 0 499
169 416 250 404 0 1599
76 102 144 128 0 599
306 216 339 155 0 1599
325 235 312 157 0 1899
189 156 127 125 0 1599
352 102 377 38 0 899
175 255 243 281 0 1199
218 242 256 190 0 1999
119 179 72 223 0 899
188 196 162 259 0 499
11 105 87 87 0 999
83 119 10 99 0 299
55 2 1 40 0 699
169 346 105 374 0 1499
49 193 133 183 0 1799
322 98 385 68 0 1499
161 110 97 139 0 999
92 347 182 350 0 1199
31 176 10 249 0 1299
114 71 43 93 0 399
90 3 156 30 0 199
81 120 96 42 0 399
12 94 21 179 0 599
99 148 21 160 0 1499
18 67 5 146 0 499
3 83 62 48 0 399
47 157 61 232 0 299
163 177 143 247 0 599
188 143 162 77 0 1899
21 139 92 117 0 1299
222 391 251 455 0 1799
179 191 186 108 0 799
64 110 149 118 0 499
212 214 180 154 0 1799
1 4 23 76 0 99
1 4 69 30 0 99
222 226 193 163 0 1199
58 263 41 187 0 1999
81 177 78 86 0 399
1 8 32 67 0 99
271 179 314 229 0 699
103 28 24 42 0 1399
156 137 216 103 0 1699
15 122 91 105 0 1799
73 82 6 55 0 499
91 122 155 97 0 999
47 69 73 2 0 499
144 106 187 156 0 1299
5 3 60 39 0 99
443 76 359 67 0 1999
247 426 208 477 0 1499
116 95 179 126 0 499
187 114 253 91 0 1599
98 139 104 51 0 899
21 88 49 27 0 599
136 40 152 116 0 1399
247 93 163 87 0 1799
56 142 146 144 0 1399
63 26 137 41 0 199
93 260 94 167 0 1699
36 5 34 95 0 499
53 75 53 165 0 399
35 70 117 61 0 199
117 271 62 308 0 1199
119 135 180 165 0 899
114 242 65 287 0 1399
160 158 157 249 0 999
122 261 171 218 0 699
89 214 104 140 0 1599
292 138 267 70 0 1299
90 183 90 272 0 1599
218 179 224 91 0 1299
276 272 334 240 0 999
190 224 123 251 0 1799
156 213 131 147 0 599
119 365 114 277 0 1899
3 2 67 32 0 99
136 1 143 86 0 899
120 257 120 349 0 1499
149 136 101 90 0 1499
116 127 83 67 0 1199
270 183 254 260 0 599
487 315 410 331 0 1899
228 82 173 121 0 1799
84 16 48 74 0 599
12 77 49 134 0 1899
58 35 147 31 0 199
23 356 50 423 0 899
398 96 475 81 0 1399
118 147 108 65 0 1499
20 162 85 191 0 999
105 252 110 164 0 1799
280 309 313 367 0 1799
185 154 211 222 0 1099
317 224 334 149 0 1299
53 116 94 64 0 399
7 2 71 28 0 99
69 21 21 63 0 199
46 107 120 126 0 599
91 216 51 162 0 1499
35 24 84 67 0 499
73 204 109 262 0 1299
114 79 64 121 0 699
368 389 393 458 0 1699
125 156 112 237 0 899
151 102 87 129 0 799
122 332 55 358 0 1099
1 4 63 36 0 99
94 224 187 225 0 1999
316 278 377 309 0 999
278 124 329 167 0 999
165 220 199 160 0 1899
70 415 106 357 0 1699
2 5 6 93 0 99
51 25 91 74 0 499
17 449 64 404 0 1999
140 47 75 18 0 299
30 102 62 42 0 399
162 31 137 98 0 299
76 54 52 124 0 399
154 102 149 190 0 899
328 438 376 483 0 1499
308 93 314 176 0 1199
53 166 89 111 0 799
98 203 104 289 0 1899
156 158 201 112 0 699
242 115 162 101 0 499
62 126 65 217 0 399
1 6 79 20 0 99
146 292 92 255 0 1899
57 114 120 142 0 399
119 65 35 72 0 499
133 80 191 44 0 1699
118 64 102 140 0 799
170 279 99 300 0 1499
345 169 349 81 0 1799
242 296 259 373 0 799
178 159 146 217 0 699
113 353 58 391 0 1299
64 92 121 56 0 899
5 136 29 66 0 499
34 143 126 144 0 599
168 306 187 378 0 1499
97 128 162 154 0 999
86 90 36 50 0 1199
285 51 362 68 0 1599
47 120 49 210 0 699
213 240 258 286 0 1399
127 107 61 132 0 699
184 349 104 335 0 1899
151 126 71 113 0 999
84 94 173 90 0 299
203 23 189 102 0 699
8 171 20 90 0 1199
66 65 35 126 0 1499
163 60 222 30 0 1799
292 152 255 207 0 999
185 6 239 45 0 1799
16 91 66 132 0 199
224 74 263 129 0 399
312 93 382 117 0 1299
153 130 122 191 0 1299
142 116 107 175 0 399
404 125 369 184 0 1499
148 100 147 193 0 1799
35 58 76 110 0 199
194 2 194 95 0 1299
84 11 151 37 0 199
40 114 103 144 0 499
43 89 124 102 0 599
271 200 315 248 0 699
495 123 441 161 0 1599
12 83 23 166 0 699
57 35 141 43 0 199
228 223 156 244 0 1399
460 182 377 189 0 1999
0 8 58 41 0 99
66 210 128 180 0 1399
26 155 93 130 0 299
60 202 11 157 0 1599
113 61 174 29 0 499
0 5 62 37 0 99
53 387 95 435 0 1399
157 47 230 29 0 1699
62 320 48 399 0 1899
196 214 260 186 0 999
257 182 272 105 0 1099
86 18 162 0 0 199
278 186 277 98 0 1299
277 90 232 44 0 1399
126 216 104 145 0 699
209 115 166 66 0 1599
89 3 37 43 0 199
1 8 25 74 0 99
316 124 353 181 0 999
428 274 493 299 0 1199
4 5 59 40 0 99
77 17 154 2 0 199
255 286 268 206 0 1199
233 164 303 145 0 1199
137 30 147 111 0 1799
164 128 172 43 0 499
105 109 56 152 0 999
31 51 29 142 0 499
147 278 58 281 0 1299
241 129 252 46 0 999
180 185 177 276 0 1299
95 109 164 85 0 299
231 23 208 94 0 1999
175 1 84 4 0 1399
3 3 49 50 0 99
149 106 87 138 0 499
247 291 332 287 0 1699
141 84 77 55 0 799
306 35 289 110 0 1899
178 141 230 182 0 799
41 104 123 96 0 1099
274 219 248 285 0 1099
14 69 83 45 0 399
264 40 325 71 0 1799
123 70 122 163 0 1699
65 2 64 90 0 599
21 144 65 95 0 1599
124 82 203 70 0 299
160 14 156 103 0 899
363 149 410 194 0 999
61 235 41 162 0 1499
95 202 44 244 0 1399
86 130 110 65 0 699
240 477 189 437 0 1199
86 198 52 138 0 799
17 93 54 148 0 999
62 31 36 98 0 199
234 107 211 37 0 1799
68 294 41 360 0 1299
40 123 99 88 0 699
8 133 78 110 0 599
69 31 19 71 0 199
132 193 165 253 0 1199
234 346 280 393 0 1699
158 271 92 244 0 1199
56 50 115 16 0 499
137 16 208 38 0 799
1 245 40 191 0 1299
10 82 34 151 0 899
36 146 82 192 0 999
130 372 169 427 0 1999
16 57 48 118 0 399
2 5 47 52 0 99
219 89 283 118 0 1299
1 6 92 7 0 99
57 117 102 166 0 1599
75 30 156 42 0 199
28 100 57 160 0 899
51 121 2 79 0 899
167 216 260 217 0 1499
45 182 42 269 0 1699
184 43 107 59 0 1999
216 202 266 244 0 1999
87 60 133 108 0 499
138 88 203 60 0 499
155 413 74 425 0 1899
283 154 318 97 0 699
140 47 164 117 0 299
418 86 465 132 0 1899
315 302 264 260 0 999
77 118 92 193 0 299
473 103 406 77 0 1299
35 229 77 278 0 1699
102 196 173 219 0 1799
122 150 94 211 0 699
82 113 172 114 0 1599
347 151 275 132 0 1899
127 164 147 94 0 1699
356 113 383 46 0 1899
86 302 69 230 0 1499
32 136 91 104 0 299
258 128 335 145 0 999
4 194 41 250 0 1099
70 71 66 161 0 699
437 121 456 196 0 1799
36 157 53 234 0 299
125 82 154 20 0 399
275 166 218 202 0 1999
93 123 153 90 0 1499
13 95 57 49 0 199
263 169 174 173 0 1099
214 96 175 148 0 699
4 2 25 74 0 99
16 56 9 139 0 1399
140 97 90 58 0 1799
214 212 187 276 0 1299
124 215 203 201 0 1199
107 78 122 157 0 299
228 141 269 194 0 1899
66 40 18 85 0 1299
0 10 27 72 0 99
268 163 233 219 0 1399
51 156 93 108 0 299
143 254 225 245 0 1799
72 111 140 88 0 999
4 1 16 83 0 99
145 78 149 166 0 1699
38 107 104 81 0 499
139 175 51 181 0 799
172 34 208 88 0 1599
90 70 149 35 0 1799
101 147 167 171 0 399
260 143 275 64 0 1499
239 177 147 179 0 1199
60 81 60 175 0 499
89 106 25 135 0 599
304 166 380 153 0 1499
100 246 18 238 0 999
333 97 403 121 0 1399
241 455 206 396 0 1799
82 217 84 127 0 1499
48 115 108 145 0 499
160 243 139 175 0 799
228 56 282 16 0 399
109 156 183 137 0 399
147 106 199 65 0 999
344 104 298 152 0 1999
130 206 94 150 0 999
94 235 75 160 0 699
326 170 253 189 0 999
172 30 147 99 0 1399
237 263 310 246 0 1199
108 157 105 71 0 399
74 208 115 158 0 1899
134 169 108 105 0 499
106 9 40 37 0 299
163 243 229 269 0 999
134 1 197 32 0 1699
164 381 228 411 0 1899
143 146 184 198 0 399
49 58 38 141 0 1699
58 7 11 54 0 299
127 50 137 134 0 499
99 58 99 147 0 1199
78 109 120 161 0 499
130 46 100 105 0 1899
69 49 141 67 0 999
175 197 108 224 0 1199
31 59 114 48 0 399
7 95 42 154 0 199
184 122 196 203 0 1099
67 118 156 119 0 299
130 59 171 10 0 499
109 105 85 37 0 1399
70 110 155 118 0 699
63 96 9 135 0 1599
392 371 401 289 0 1999
79 168 58 236 0 1799
56 232 78 303 0 1899
176 163 231 199 0 1199
39 35 99 69 0 799
96 25 96 114 0 399
219 368 252 428 0 1999
147 181 125 109 0 999
30 72 53 141 0 199
83 101 106 30 0 999
13 94 53 43 0 199
316 149 238 133 0 1899
39 100 64 32 0 399
83 91 128 140 0 599
106 214 165 248 0 699
208 111 219 29 0 799
61 243 9 205 0 1999
148 315 170 384 0 1999
38 61 120 71 0 1099
6 3 16 83 0 99
210 150 129 137 0 1199
371 143 463 145 0 1399
223 324 172 285 0 1699
122 245 117 333 0 1999
198 91 147 131 0 1399
28 175 73 223 0 599
269 143 184 136 0 1999
450 148 486 91 0 1499
9 136 15 224 0 499
449 70 445 160 0 1699
192 238 136 200 0 1799
114 132 34 118 0 599
113 143 113 53 0 999
223 11 210 92 0 599
119 148 137 75 0 1799
25 225 110 234 0 1199
213 189 237 124 0 899
67 34 105 89 0 199
277 109 292 33 0 499
58 127 62 37 0 299
57 142 16 91 0 499
214 492 162 451 0 1699
6 95 92 98 0 799
84 194 43 141 0 1799
0 7 12 87 0 99
158 133 233 150 0 1099
313 348 363 389 0 1799
62 137 111 182 0 1499
64 49 53 130 0 499
62 317 74 399 0 1699
176 34 142 93 0 699
32 496 7 432 0 1699
41 412 127 405 0 1799
43 245 125 233 0 999
246 235 188 271 0 699
83 60 140 26 0 1999
56 110 115 77 0 1399
463 98 463 190 0 1699
170 25 209 75 0 399
109 168 38 187 0 499
141 204 149 122 0 1299
5 1 52 47 0 99
142 184 98 233 0 1099
96 250 105 333 0 1799
242 78 152 74 0 1799
102 44 29 60 0 499
108 68 193 74 0 699
98 188 186 193 0 1699
129 68 100 4 0 799
185 210 120 237 0 1699
154 69 161 154 0 899
88 67 151 96 0 499
245 81 201 32 0 699
175 192 160 268 0 1999
419 67 414 155 0 1699
54 52 61 139 0 1399
200 134 166 191 0 1299
261 99 247 177 0 1399
380 120 347 181 0 1399
248 210 208 161 0 1099
70 56 60 139 0 1299
83 13 74 98 0 199
16 85 102 78 0 599
102 273 190 278 0 999
137 125 63 143 0 399
164 455 203 401 0 999
154 207 233 195 0 999
100 98 23 114 0 299
127 244 175 290 0 1099
103 77 32 97 0 299
39 239 36 149 0 899
122 181 53 204 0 1499
133 179 180 132 0 1599
83 61 133 21 0 399
291 200 363 179 0 1999
166 40 141 104 0 299
141 364 179 418 0 1299
98 77 49 118 0 899
53 225 128 208 0 999
147 41 194 84 0 799
79 130 86 213 0 1699
333 157 350 230 0 1399
65 40 61 129 0 199
75 19 109 79 0 199
5 4 65 34 0 99
49 60 36 136 0 1199
310 313 270 259 0 1899
28 140 71 191 0 399
68 194 98 257 0 499
81 17 44 74 0 199
102 117 130 52 0 799
91 79 55 21 0 599
0 10 17 82 0 99
176 98 230 133 0 499
106 25 25 12 0 1099
25 18 75 61 0 1199
141 210 91 171 0 1399
21 120 3 191 0 599
107 124 51 161 0 399
271 356 213 323 0 1799
69 24 79 107 0 199
130 288 142 367 0 1499
143 303 172 238 0 1599
159 208 189 272 0 1499
3 6 39 60 0 99
305 296 319 219 0 1199
79 179 158 167 0 499
78 151 125 197 0 399
1 88 52 49 0 1099
152 162 138 241 0 1299
148 288 208 254 0 1199
118 232 126 316 0 1599
116 64 83 4 0 299
189 199 205 125 0 1599
51 142 33 68 0 299
59 22 114 60 0 599
2 5 29 70 0 99
116 308 59 272 0 1499
350 123 383 183 0 1799
464 113 413 70 0 1499
31 191 111 177 0 1599
140 255 173 197 0 799
189 36 202 112 0 599
91 420 175 429 0 1599
34 78 50 4 0 399
148 233 60 227 0 1299
73 108 150 123 0 299
86 107 152 132 0 399
174 490 224 448 0 1799
21 45 66 94 0 599
68 137 131 106 0 499
44 64 61 141 0 399
315 168 399 162 0 1299
132 94 191 126 0 1299
171 76 111 45 0 1599
34 312 95 279 0 1199
183 287 161 359 0 1799
87 366 16 346 0 1199
73 295 87 371 0 1999
189 49 223 109 0 1799
253 437 300 392 0 1999
185 12 270 19 0 1699
55 51 141 57 0 199
87 163 100 86 0 1799
71 152 45 218 0 1099
126 56 166 3 0 299
114 183 200 191 0 499
193 75 153 25 0 999
189 142 156 199 0 1299
59 42 141 53 0 1199
149 251 223 266 0 699
93 17 61 79 0 799
7 1 6 91 0 99
87 330 129 281 0 999
129 206 53 224 0 1099
83 122 127 170 0 299
3 248 86 237 0 699
154 206 191 263 0 1399
40 62 64 130 0 199
197 156 123 176 0 899
160 405 165 321 0 1999
148 217 229 230 0 1299
162 27 182 101 0 299
47 161 48 73 0 299
2 3 9 90 0 99
56 54 148 56 0 599
17 182 73 146 0 299
381 38 367 114 0 1899
174 324 163 405 0 1399
90 30 71 104 0 1699
168 199 95 215 0 1399
112 14 148 72 0 799
108 110 112 22 0 1799
59 284 120 313 0 1099
144 47 98 1 0 499
97 133 22 150 0 799
4 5 75 24 0 99
156 299 78 287 0 1899
120 63 116 153 0 299
66 16 39 81 0 1799
130 266 153 200 0 1099
304 134 346 186 0 1599
131 123 214 117 0 1899
170 127 131 181 0 1999
0 5 30 69 0 99
82 116 138 79 0 1299
70 34 102 96 0 199
133 129 92 78 0 599
113 78 118 165 0 299
120 223 154 164 0 599
52 133 64 51 0 499
202 106 112 108 0 799
111 310 32 300 0 999
0 6 78 21 0 99
176 193 268 192 0 599
135 117 69 143 0 999
360 117 437 133 0 1999
5 97 80 116 0 599
38 116 113 133 0 799
140 293 121 218 0 1899
1 4 49 50 0 99
76 128 150 109 0 899
101 427 33 452 0 1899
6 172 14 89 0 899
14 233 63 275 0 1799
207 46 246 101 0 1299
73 115 35 64 0 299
192 16 137 55 0 399
459 473 421 421 0 1799
190 71 99 69 0 599
242 491 150 493 0 1699
176 233 98 249 0 899
42 198 44 286 0 999
223 103 269 150 0 1899
167 256 132 201 0 899
132 390 57 408 0 1299
199 106 244 61 0 1299
267 485 340 464 0 1999
10 125 26 201 0 1499
254 79 312 110 0 1599
96 129 142 82 0 399
60 153 94 211 0 1499
102 40 80 107 0 499
124 232 57 208 0 899
51 15 109 47 0 1799
113 171 199 163 0 1999
314 76 390 59 0 1899
88 121 62 186 0 599
101 80 64 23 0 499
93 296 100 382 0 999
298 99 229 75 0 1799
64 128 106 178 0 799
48 186 70 115 0 899
75 112 65 193 0 999
326 43 303 109 0 599
118 104 157 159 0 1999
49 172 9 222 0 699
251 94 216 153 0 499
294 186 303 106 0 1699
98 118 30 96 0 399
137 232 53 238 0 499
185 36 174 119 0 1899
76 125 70 41 0 299
18 118 72 158 0 799
198 56 146 98 0 999
52 74 19 13 0 1199
6 85 89 77 0 1399
456 186 370 189 0 1899
127 71 137 153 0 399
140 132 173 71 0 1799
84 133 108 63 0 699
435 182 423 260 0 1499
184 271 114 250 0 799
278 162 290 242 0 1799
119 185 50 210 0 1799
62 70 140 55 0 899
284 340 273 262 0 1699
246 323 166 334 0 1199
153 409 221 431 0 1999
55 153 6 112 0 1599
201 276 275 257 0 1199
308 148 299 66 0 1299
381 127 387 215 0 799
103 45 135 107 0 1999
3 3 63 36 0 99
104 128 99 216 0 899
54 114 130 97 0 499
25 79 71 32 0 699
126 173 38 169 0 1299
26 287 68 235 0 699
88 195 16 215 0 1099
116 12 127 94 0 1099
81 81 12 104 0 599
248 314 299 353 0 1199
125 199 87 254 0 1299
310 107 389 122 0 699
104 122 162 158 0 399
103 5 88 79 0 1899
119 81 94 145 0 499
318 111 368 69 0 1699
139 148 126 67 0 899
1 9 63 36 0 99
69 83 12 118 0 1599
292 382 265 447 0 1599
19 344 82 313 0 1299
4 66 57 106 0 299
263 272 296 212 0 1399
87 117 123 62 0 699
78 306 92 228 0 1999
19 11 41 80 0 499
110 120 23 117 0 799
94 126 123 61 0 799
137 105 160 34 0 799
61 81 14 128 0 399
68 189 129 156 0 1099
195 122 133 151 0 599
128 229 104 159 0 699
412 464 397 386 0 1899
103 88 117 8 0 1899
300 366 225 382 0 1499
179 304 233 344 0 1499
91 114 54 62 0 1799
106 63 21 55 0 999
46 272 132 280 0 999
114 120 132 46 0 399
67 132 52 211 0 299
192 370 280 366 0 1999
112 31 172 64 0 1999
83 105 31 64 0 499
77 157 84 71 0 699
35 253 90 214 0 1799
90 112 44 158 0 799
4 2 43 56 0 99
11 83 1 167 0 199
160 27 127 86 0 699
75 30 11 59 0 199
96 60 129 121 0 399
235 380 323 381 0 1999
1 5 86 13 0 99
333 48 258 32 0 1599
25 66 51 134 0 299
107 367 125 438 0 1899
134 21 61 42 0 1899
247 258 213 201 0 799
2 3 89 10 0 99
145 244 181 302 0 1299
158 21 196 75 0 499
1 182 55 220 0 1699
182 203 203 132 0 499
105 112 124 183 0 499
201 132 112 127 0 1299
83 182 27 218 0 1899
4 5 6 93 0 99
191 320 228 377 0 1899
210 112 255 161 0 599
30 273 99 248 0 1699
160 138 151 219 0 799
214 146 290 128 0 1399
85 339 167 351 0 1399
210 413 286 397 0 1899
17 98 80 129 0 499
154 289 218 318 0 999
97 132 19 117 0 799
126 167 119 254 0 899
147 132 167 60 0 1299
85 144 142 177 0 499
57 45 76 118 0 199
388 329 414 263 0 1499
397 87 477 101 0 1199
156 37 66 35 0 499
217 222 186 280 0 1399
48 96 129 83 0 1199
152 9 68 3 0 699
0 6 27 72 0 99
302 45 335 104 0 1099
150 90 110 142 0 999
103 438 45 405 0 1999
47 53 32 130 0 199
366 39 358 121 0 1899
168 332 95 311 0 1199
7 144 54 189 0 1499
40 122 64 188 0 1599
171 143 196 207 0 899
101 169 73 106 0 1499
499 210 449 166 0 1899
130 198 167 254 0 499
7 3 24 75 0 99
70 38 142 20 0 199
119 7 126 90 0 399
133 57 132 149 0 299
145 69 170 3 0 699
213 287 238 220 0 1599
212 301 252 249 0 1699
117 226 62 264 0 1199
176 153 125 110 0 1899
98 235 68 298 0 1199
139 371 227 367 0 1599
89 155 139 116 0 1099
2 4 33 66 0 99
123 60 65 24 0 299
173 164 107 190 0 899
261 146 317 182 0 1299
142 60 126 137 0 1499
214 179 125 174 0 899
164 47 209 96 0 899
92 93 20 115 0 299
72 396 147 415 0 1799
141 120 94 75 0 1699
14 187 35 258 0 1699
239 44 259 113 0 1399
249 181 289 129 0 1599
35 172 80 124 0 799
68 161 112 209 0 1499
109 446 135 379 0 1999
55 46 3 5 0 199
114 44 53 13 0 399
119 161 107 240 0 899
126 56 141 131 0 1999
253 154 306 193 0 1699
59 266 146 272 0 1599
55 109 146 108 0 399
216 38 152 8 0 1199
204 205 208 293 0 1899
92 318 83 234 0 1099
27 55 91 28 0 299
169 156 167 67 0 1199
105 118 65 65 0 1799
275 69 360 78 0 1599
98 80 111 0 0 699
26 199 89 228 0 1699
135 160 159 230 0 699
149 230 188 176 0 1999
353 135 421 110 0 1299
238 133 231 51 0 999
200 112 229 47 0 1999
428 252 394 312 0 1999
119 241 143 311 0 1999
169 94 196 32 0 1399
107 330 64 281 0 1499
75 21 49 89 0 999
180 57 261 47 0 599
180 147 196 69 0 499
138 389 186 434 0 1799
3 2 22 77 0 99
0 6 38 61 0 99
136 359 181 408 0 1499
48 54 104 92 0 199
53 57 79 123 0 399
149 123 76 102 0 599
80 17 167 23 0 199
478 37 415 63 0 1799
11 189 32 117 0 899
103 78 171 100 0 1099
245 260 324 271 0 1099
406 216 492 208 0 1999
71 26 79 112 0 299
242 318 230 398 0 799
37 43 102 68 0 1199
91 148 37 109 0 399
136 144 184 186 0 1199
32 167 44 87 0 1899
214 198 193 125 0 1799
82 406 139 441 0 1599
92 250 48 299 0 1299
125 107 193 133 0 999
76 238 3 258 0 1099
149 326 124 259 0 699
71 126 55 50 0 899
155 207 204 250 0 1999
262 162 278 240 0 599
3 2 69 30 0 99
284 294 288 384 0 999
196 304 108 307 0 1099
417 58 364 97 0 1899
142 151 176 210 0 999
44 71 27 146 0 299
169 308 229 275 0 1799
409 79 369 133 0 1399
370 371 457 365 0 1599
409 93 343 70 0 899
181 32 106 17 0 899
303 158 309 75 0 1799
114 191 83 254 0 699
107 71 134 136 0 1799
121 215 62 248 0 599
12 94 0 174 0 599
53 43 18 100 0 199
425 74 440 153 0 1699
296 182 335 237 0 1799
121 79 148 15 0 299
4 2 7 92 0 99
136 118 160 48 0 799
126 418 111 492 0 1899
275 227 274 134 0 1799
149 88 154 1 0 1499
158 309 71 314 0 1699
116 136 168 176 0 399
54 97 39 174 0 699
366 109 306 141 0 1499
69 36 161 35 0 199
199 394 182 469 0 1499
177 267 173 179 0 1799
189 185 113 201 0 1399
133 77 82 120 0 599
155 141 123 200 0 1099
67 35 116 80 0 199
185 115 168 39 0 899
66 29 36 92 0 999
210 129 256 85 0 1699
197 81 253 119 0 1799
338 32 268 12 0 1199
123 178 162 228 0 1399
137 167 186 211 0 899
193 212 245 251 0 999
80 169 46 110 0 399
128 172 119 90 0 1699
1 5 64 35 0 99
210 122 242 182 0 1599
47 73 113 99 0 799
183 129 270 124 0 599
206 43 255 86 0 1699
66 218 71 129 0 799
214 294 206 213 0 899
80 65 161 78 0 1099
90 33 87 120 0 1899
245 119 270 51 0 1899
127 143 46 153 0 499
226 207 206 134 0 1799
45 152 130 159 0 899
102 207 187 216 0 899
293 23 222 46 0 1599
267 26 308 79 0 899
124 80 44 93 0 299
298 204 318 275 0 1499
0 10 70 29 0 99
88 113 143 75 0 1199
104 94 43 127 0 999
213 269 159 308 0 1299
472 186 498 119 0 1499
18 43 44 110 0 999
88 71 25 97 0 1999
96 186 3 185 0 399
109 58 158 98 0 599
15 238 22 153 0 1499
3 5 8 91 0 99
4 5 31 68 0 99
45 60 13 122 0 299
9 121 86 104 0 399
220 110 161 142 0 499
111 166 58 206 0 599
58 201 147 206 0 699
268 108 259 25 0 1999
98 260 50 304 0 1199
109 89 31 75 0 399
168 213 225 180 0 1099
132 105 188 143 0 699
210 147 285 165 0 999
402 138 480 122 0 1799
123 159 213 162 0 699
94 193 88 280 0 599
98 297 162 267 0 1699
217 88 155 61 0 1399
332 282 347 203 0 1799
235 70 214 0 0 1999
2 6 36 63 0 99
487 50 483 138 0 1699
179 169 272 168 0 999
58 136 133 150 0 299
171 116 123 161 0 1399
129 207 130 295 0 699
56 49 122 22 0 199
14 158 99 154 0 499
53 137 99 90 0 299
316 344 227 349 0 1999
282 45 200 37 0 1699
67 330 17 290 0 699
101 347 56 394 0 1799
124 171 167 217 0 1799
333 77 343 161 0 1199
157 293 119 237 0 1599
179 176 120 211 0 899
272 192 200 170 0 999
58 445 137 458 0 1699
234 409 211 477 0 1999
199 209 145 170 0 1099
82 161 123 113 0 599
102 168 140 222 0 599
99 145 44 184 0 799
179 0 262 11 0 499
330 89 380 130 0 1799
275 230 291 157 0 1199
173 268 232 234 0 1999
58 74 63 160 0 699
104 33 39 61 0 1399
183 304 174 221 0 1299
56 52 132 39 0 499
135 87 151 9 0 799
230 212 222 298 0 1999
391 367 381 451 0 1799
42 57 118 72 0 199
175 256 264 252 0 1799
90 4 16 24 0 199
334 233 375 180 0 1899
124 441 146 369 0 1699
272 124 306 64 0 1799
245 373 211 316 0 1899
34 133 5 198 0 1499
34 280 71 223 0 1199
149 207 61 210 0 1099
82 217 140 186 0 799
15 98 84 118 0 1799
216 56 241 125 0 1399
62 208 13 164 0 899
84 205 18 178 0 1599
55 210 54 117 0 1099
57 122 135 109 0 1199
137 106 195 70 0 1299
146 178 131 104 0 499
294 110 238 73 0 899
368 91 426 60 0 1199
296 44 207 39 0 999
146 218 150 308 0 1999
40 356 29 274 0 1299
161 170 245 178 0 1499
77 89 21 56 0 299
97 112 61 54 0 499
212 146 266 186 0 1399
43 31 77 91 0 1799
376 133 452 119 0 1499
160 305 122 250 0 1399
122 267 143 337 0 1999
42 143 109 170 0 1899
144 8 63 18 0 299
37 55 102 82 0 999
275 141 283 225 0 1599
76 29 24 68 0 399
1 7 91 8 0 99
71 33 135 61 0 199
1 5 38 61 0 99
222 89 312 91 0 1299
105 319 100 234 0 799
96 315 65 252 0 1299
24 80 74 36 0 1799
170 246 177 333 0 599
106 103 117 186 0 1499
72 127 4 101 0 299
108 77 179 96 0 299
103 250 64 301 0 1299
410 33 407 124 0 1699
288 376 253 430 0 1899
52 9 69 86 0 899
8 45 68 74 0 599
317 92 315 1 0 1399
207 373 175 313 0 1799
0 5 75 24 0 299
45 110 76 47 0 499
212 150 265 191 0 1799
174 325 98 343 0 1899
131 27 205 47 0 399
181 51 212 114 0 1599
433 113 457 45 0 1999
418 76 364 114 0 1399
309 95 266 45 0 1899
108 81 105 170 0 299
137 20 228 22 0 999
139 195 169 254 0 899
174 128 121 169 0 1199
67 21 24 72 0 399
61 279 30 342 0 799
176 179 256 170 0 599
4 2 23 76 0 99
200 233 238 179 0 1899
142 49 153 128 0 899
193 269 155 215 0 799
29 108 81 150 0 299
97 276 30 253 0 699
275 33 264 116 0 1799
325 169 245 183 0 1399
252 181 182 201 0 1499
179 199 254 218 0 1599
24 68 60 12 0 199
150 123 222 104 0 399
128 121 165 67 0 999
48 150 98 106 0 599
71 157 157 151 0 799
46 200 20 134 0 1199
69 76 8 109 0 299
145 206 199 246 0 699
206 175 241 118 0 1699
186 394 125 427 0 1799
17 76 108 74 0 199
194 9 284 5 0 1299
3 2 63 36 0 99
192 258 104 253 0 1499
62 37 135 16 0 1099
248 344 160 338 0 1199
27 138 99 156 0 299
11 83 54 132 0 199
35 210 112 193 0 699
51 182 21 246 0 1699
286 131 264 59 0 1699
285 54 227 20 0 1899
310 24 361 66 0 1899
168 143 138 205 0 499
144 419 62 431 0 1299
112 146 40 128 0 599
144 47 172 111 0 299
7 2 42 57 0 99
102 71 30 91 0 1099
61 101 128 125 0 899
272 130 232 179 0 499
12 115 45 57 0 1599
224 136 191 78 0 1099
183 203 189 116 0 1699
3 2 51 48 0 99
324 313 364 262 0 1199
201 232 232 295 0 1099
49 304 1 263 0 1999
135 312 220 320 0 1399
340 215 356 291 0 899
188 148 246 184 0 799
83 116 116 176 0 399
317 108 284 52 0 1599
4 1 88 11 0 99
156 161 128 95 0 1299
42 60 60 134 0 199
61 29 114 66 0 199
129 236 192 265 0 1099
39 92 61 20 0 299
5 1 96 3 0 99
101 156 17 162 0 1899
213 318 286 297 0 1499
66 95 140 76 0 1599
321 153 229 155 0 1399
18 282 103 273 0 599
62 148 114 190 0 399
129 152 150 224 0 399
142 264 95 217 0 1599
87 213 4 223 0 1499
462 234 414 276 0 1199
109 84 83 18 0 299
11 105 97 111 0 399
19 164 47 226 0 299
15 89 69 129 0 199
151 53 79 74 0 899
88 222 5 232 0 499
259 129 288 192 0 999
214 84 251 139 0 1999
68 115 143 96 0 1099
67 110 110 63 0 1299
135 126 113 196 0 699
113 202 88 270 0 799
38 72 39 162 0 1499
289 88 209 102 0 899
301 266 225 248 0 1099
40 82 78 134 0 1199
241 136 174 110 0 1999
176 244 145 307 0 1199
135 104 51 114 0 1099
289 143 303 223 0 799
71 27 141 3 0 199
340 70 326 150 0 1399
56 47 26 110 0 199
61 61 83 131 0 1599
106 45 191 37 0 1599
81 198 97 274 0 899
81 118 78 209 0 299
177 87 180 173 0 899
80 41 141 74 0 899
206 58 157 13 0 599
195 100 138 66 0 799
235 452 292 484 0 1799
207 142 252 188 0 999
50 1 55 90 0 499
105 272 187 260 0 1099
103 106 189 99 0 1999
86 82 109 150 0 299
50 128 106 92 0 799
254 98 304 139 0 1499
108 191 21 189 0 1799
156 323 132 392 0 799
319 449 245 431 0 1199
99 84 30 108 0 399
303 59 256 12 0 1999
91 2 73 77 0 199
195 240 216 308 0 799
274 131 253 203 0 1999
169 230 205 286 0 1699
45 254 33 173 0 1199
20 76 71 33 0 1599
258 148 223 90 0 899
99 153 190 151 0 1299
148 58 107 10 0 899
119 217 146 155 0 699
364 188 275 191 0 1999
18 98 29 15 0 1199
175 86 210 30 0 399
113 175 147 231 0 599
162 130 185 198 0 699
5 101 60 136 0 1599
159 32 164 119 0 299
157 103 107 147 0 1599
24 283 72 238 0 999
187 94 139 139 0 1399
1 4 84 15 0 99
84 20 22 52 0 199
45 308 41 222 0 1299
314 306 369 343 0 1199
82 102 95 26 0 499
91 101 129 152 0 499
247 344 261 424 0 1299
109 261 115 177 0 799
224 321 208 399 0 1499
81 74 117 130 0 1299
108 231 79 168 0 1299
186 11 249 41 0 1599
121 292 135 212 0 1899
26 201 52 138 0 1999
362 3 362 97 0 1499
118 435 115 348 0 1699
18 244 96 260 0 1799
40 214 89 173 0 1199
33 102 55 170 0 1299
49 131 137 125 0 799
58 248 107 292 0 1499
478 362 493 285 0 999
232 203 171 174 0 1099
167 81 180 2 0 1999
61 70 98 127 0 299
1 83 67 55 0 599
184 103 133 146 0 1099
132 52 106 116 0 1999
166 32 157 115 0 399
43 409 95 451 0 999
97 444 69 382 0 1099
364 89 393 24 0 1299
54 38 46 122 0 599
108 49 84 118 0 999
168 201 107 233 0 1599
123 93 190 119 0 1099
98 249 57 302 0 1499
90 138 61 201 0 1399
135 112 61 92 0 1299
82 248 170 244 0 999
62 426 42 352 0 1399
230 194 172 158 0 999
163 134 246 124 0 799
77 173 161 183 0 1999
170 280 192 350 0 599
158 124 161 33 0 399
152 58 127 124 0 699
255 266 198 298 0 999
1 167 73 186 0 699
117 23 144 90 0 999
75 77 112 131 0 1299
442 238 383 269 0 1199
49 6 48 99 0 1099
27 65 69 115 0 199
166 184 150 109 0 699
198 231 202 145 0 899
201 132 135 158 0 699
63 366 28 307 0 1499
138 235 64 254 0 1399
64 56 18 103 0 1099
80 303 71 387 0 1599
85 15 148 44 0 199
0 5 14 85 0 99
235 119 158 102 0 1799
81 55 69 137 0 799
70 43 40 102 0 599
109 249 125 174 0 1499
1 9 29 70 0 99
335 67 405 87 0 799
226 115 194 57 0 899
178 272 196 197 0 699
209 225 119 227 0 1199
184 70 108 57 0 699
48 99 62 179 0 1499
112 244 22 243 0 1899
218 150 221 59 0 1599
290 119 378 125 0 699
146 72 141 161 0 1799
209 344 207 253 0 1999
188 156 135 197 0 1599
196 88 161 145 0 1399
332 76 417 83 0 1199
11 160 57 207 0 999
181 81 272 83 0 699
204 22 278 2 0 1799
387 180 403 102 0 1899
36 59 17 133 0 199
53 162 110 126 0 1399
42 258 112 235 0 899
149 230 226 213 0 499
89 95 154 67 0 499
196 191 124 209 0 699
136 172 137 82 0 1299
178 168 266 172 0 999
362 65 364 152 0 1799
6 92 14 178 0 199
244 282 324 294 0 1799
345 67 306 122 0 1199
233 43 166 19 0 1899
127 77 60 103 0 899
4 3 10 89 0 99
203 343 156 390 0 1999
26 35 66 88 0 1199
147 281 141 194 0 899
4 78 71 103 0 199
164 145 107 108 0 1099
61 363 7 323 0 1799
437 29 484 73 0 1899
137 255 143 172 0 899
183 259 126 225 0 1099
314 79 366 40 0 1799
278 101 293 177 0 1599
135 134 194 100 0 1799
2 37 38 94 0 799
320 171 381 139 0 1599
213 280 176 335 0 1499
6 32 65 62 0 299
150 289 71 304 0 1699
4 3 46 53 0 99
155 6 208 47 0 1299
356 166 353 257 0 1999
40 100 102 132 0 399
29 154 6 223 0 299
63 200 57 112 0 699
56 181 88 243 0 499
320 282 375 243 0 1599
291 169 238 132 0 1399
128 361 144 284 0 799
106 193 79 260 0 1099
172 139 263 141 0 1199
168 139 217 98 0 1499
394 24 385 108 0 1899
100 125 105 212 0 1099
361 252 355 338 0 1299
183 252 116 277 0 899
95 5 155 39 0 199
92 269 133 322 0 1499
97 157 171 137 0 399
302 316 219 324 0 1899
149 222 171 293 0 1799
170 474 232 442 0 1799
10 90 75 63 0 1199
243 295 272 356 0 1999
121 179 167 131 0 399
84 254 144 287 0 1099
150 176 128 248 0 599
111 153 189 138 0 699
139 148 112 214 0 799
188 229 139 187 0 1999
76 16 45 77 0 199
37 261 91 300 0 899
357 99 424 75 0 1299
4 186 4 280 0 1799
424 313 458 372 0 1799
109 85 105 170 0 1099
275 310 359 317 0 1599
239 177 314 196 0 1199
274 129 295 202 0 1899
317 288 245 268 0 1899
360 185 294 161 0 1899
0 9 84 15 0 99
43 260 5 205 0 1399
169 53 221 93 0 1199
113 138 137 208 0 1699
32 157 109 140 0 1099
14 78 37 147 0 199
202 182 188 105 0 1499
126 148 182 112 0 799
52 28 113 60 0 1099
205 91 257 132 0 899
95 71 172 84 0 799
164 28 231 5 0 1199
62 31 74 112 0 199
194 79 216 11 0 899
213 223 260 181 0 1499
60 38 79 113 0 199
32 101 5 165 0 599
160 120 233 99 0 1799
231 95 298 121 0 1899
303 123 381 137 0 1999
105 179 108 269 0 1299
154 292 244 289 0 1699
308 186 253 151 0 1799
161 26 107 62 0 499
177 233 213 289 0 1999
172 166 90 174 0 1199
26 185 115 190 0 699
115 197 144 134 0 799
168 44 195 111 0 599
168 112 130 163 0 1099
41 68 109 47 0 199
308 23 228 10 0 1199
75 247 91 324 0 1099
71 32 70 124 0 199
291 21 244 68 0 999
408 315 469 344 0 1299
93 80 85 164 0 299
58 7 123 34 0 299
128 137 167 190 0 1699
87 158 85 71 0 1199
164 242 126 295 0 699
4 151 74 130 0 799
141 45 230 43 0 299
90 129 73 205 0 399
104 181 76 118 0 399
79 46 115 99 0 399
42 155 97 190 0 699
122 237 63 270 0 499
122 294 173 253 0 1599
119 303 157 359 0 999
48 237 97 195 0 399
114 132 97 55 0 399
50 119 56 203 0 1899
0 65 50 107 0 299
99 164 31 139 0 399
28 114 77 71 0 599
50 96 104 132 0 399
165 229 210 181 0 899
166 136 140 73 0 1899
180 144 222 196 0 1399
192 34 137 73 0 1399
50 162 74 94 0 599
77 46 0 59 0 299
9 53 84 34 0 399
153 95 196 144 0 799
96 128 144 86 0 599
122 151 132 68 0 399
447 95 371 112 0 1699
98 92 22 77 0 899
249 174 262 255 0 1499
2 6 22 77 0 99
72 17 5 42 0 499
452 79 452 173 0 1299
55 411 145 415 0 1399
0 8 90 9 0 99
357 195 411 157 0 999
38 107 55 30 0 499
145 138 65 151 0 999
29 315 61 373 0 1599
314 460 365 419 0 1999
108 424 122 347 0 1699
381 124 406 193 0 1299
171 125 164 208 0 399
227 169 161 193 0 1199
228 228 247 298 0 1299
169 152 122 197 0 1099
183 299 178 211 0 1299
76 191 87 111 0 799
55 181 48 95 0 699
182 411 249 435 0 1799
191 391 273 399 0 1199
20 241 91 264 0 1099
139 303 104 360 0 1399
33 157 63 98 0 299
45 309 118 291 0 1499
278 140 261 67 0 1599
244 115 157 118 0 1699
416 350 337 335 0 1999
135 148 52 142 0 599
356 6 281 25 0 799
109 145 127 219 0 599
33 189 68 244 0 799
206 99 133 119 0 599
124 63 140 136 0 599
81 270 119 216 0 1099
134 266 121 347 0 1999
72 255 129 218 0 1699
151 296 120 235 0 1699
48 100 130 90 0 1799
64 96 44 27 0 699
251 432 252 343 0 1099
39 154 50 75 0 299
1 4 15 84 0 99
112 305 55 341 0 1399
139 149 57 160 0 1299
141 331 166 400 0 1599
66 29 114 74 0 199
82 60 85 149 0 599
16 131 66 172 0 399
170 106 83 112 0 499
81 150 143 118 0 499
76 244 121 288 0 1099
141 156 85 119 0 599
83 63 144 94 0 1199
178 42 120 6 0 399
135 156 84 199 0 1699
163 122 189 189 0 399
165 142 192 207 0 1499
114 150 158 100 0 799
63 27 88 92 0 199
108 354 69 405 0 599
6 122 43 65 0 799
127 252 174 205 0 1899
5 3 73 26 0 99
126 248 166 195 0 1499
157 94 154 7 0 1499
78 66 160 59 0 1099
128 229 104 297 0 499
145 142 232 145 0 1499
44 233 8 287 0 899
365 78 324 30 0 1399
50 57 143 58 0 699
53 54 79 118 0 299
108 323 62 275 0 1099
116 184 52 211 0 499
49 209 141 207 0 599
136 212 180 257 0 699
179 261 253 281 0 799
148 66 184 8 0 799
195 171 167 235 0 999
206 58 274 32 0 1199
261 50 310 8 0 1999
19 86 66 132 0 199
213 144 138 125 0 1899
139 135 78 168 0 399
103 131 138 72 0 999
126 170 138 89 0 499
105 346 44 374 0 1999
153 65 71 75 0 399
153 68 182 130 0 399
66 135 55 214 0 499
97 23 103 110 0 1299
315 424 381 452 0 1899
21 160 55 101 0 399
31 121 89 90 0 499
200 136 200 227 0 1499
63 53 2 81 0 299
210 29 223 109 0 799
1 5 4 95 0 99
66 126 13 165 0 599
124 187 48 169 0 699
110 55 50 88 0 1199
232 204 281 248 0 1299
10 171 70 204 0 799
338 239 277 207 0 1799
113 79 124 162 0 1599
197 303 124 286 0 1399
207 48 181 116 0 1499
109 30 49 64 0 1899
314 73 271 24 0 1899
4 3 24 75 0 99
189 76 246 40 0 1199
2 4 94 5 0 99
278 78 307 14 0 1499
9 134 72 103 0 899
331 162 398 189 0 1899
107 125 15 127 0 1399
177 24 105 42 0 699
47 115 123 97 0 1599
352 77 365 154 0 899
277 135 281 45 0 1599
145 7 70 24 0 599
84 108 41 58 0 299
107 160 171 132 0 1899
193 140 276 147 0 1499
105 144 51 108 0 1899
3 171 69 144 0 299
66 304 97 367 0 599
8 12 30 84 0 599
202 258 109 259 0 799
337 162 394 126 0 799
16 88 50 146 0 199
10 98 96 94 0 199
23 67 93 47 0 599
135 126 88 173 0 499
220 242 254 297 0 1899
65 38 131 64 0 1099
1 5 69 30 0 99
115 70 193 57 0 399
3 2 58 41 0 99
4 3 71 28 0 99
78 165 63 241 0 1199
137 248 185 290 0 1699
100 34 50 77 0 299
138 234 144 318 0 1599
55 154 101 199 0 999
153 288 115 235 0 799
197 350 234 293 0 1499
372 127 459 132 0 1299
200 104 232 166 0 999
235 54 169 80 0 1099
66 40 140 22 0 199
153 13 152 105 0 1499
134 227 73 196 0 699
12 287 34 218 0 1999
111 109 24 115 0 899
128 154 124 65 0 699
123 107 84 162 0 1999
141 150 192 191 0 499
123 63 35 57 0 999
186 59 171 133 0 799
156 218 70 226 0 799
28 138 67 188 0 299
26 68 41 147 0 1799
146 116 186 64 0 1999
107 33 179 53 0 599
428 359 344 351 0 1499
31 154 83 113 0 1799
105 201 106 109 0 1899
180 183 235 219 0 799
88 14 160 34 0 199
379 277 409 340 0 1499
35 54 81 97 0 199
157 94 231 114 0 899
27 184 28 275 0 1899
94 152 170 167 0 1699
46 53 139 52 0 1499
319 242 405 235 0 999
32 85 38 173 0 899
38 168 122 178 0 999
96 47 169 30 0 1499
18 87 84 114 0 199
169 338 124 291 0 1899
58 114 21 169 0 1999
321 115 372 158 0 799
143 58 182 8 0 1599
87 144 113 207 0 999
55 85 146 84 0 399
167 122 128 172 0 1399
119 144 192 123 0 499
269 174 339 198 0 899
107 101 100 187 0 699
250 189 268 261 0 899
39 4 35 92 0 1299
138 180 125 261 0 599
126 41 44 53 0 699
1 5 83 16 0 99
219 96 238 169 0 1099
246 180 294 139 0 1499
28 61 30 148 0 199
59 46 141 57 0 199
289 388 261 327 0 1999
158 132 129 69 0 399
75 158 19 193 0 1399
66 41 92 109 0 499
158 19 225 44 0 299
134 179 55 166 0 699
120 122 89 59 0 1799
284 466 339 429 0 1799
77 171 9 195 0 999
117 31 170 67 0 299
99 219 173 199 0 1599
139 44 135 134 0 699
158 46 74 40 0 599
212 297 257 341 0 1199
52 315 116 285 0 1499
196 497 148 451 0 1499
211 38 197 113 0 799
107 112 77 172 0 1499
46 154 75 219 0 1199
357 498 329 433 0 1399
285 190 342 227 0 1099
0 100 32 162 0 199
0 6 41 58 0 99
4 171 36 111 0 699
208 42 157 85 0 1399
83 16 72 96 0 199
109 300 142 239 0 1499
151 131 198 86 0 799
272 51 312 105 0 1299
298 98 209 93 0 599
122 58 46 41 0 299
246 102 209 159 0 1199
47 428 104 462 0 999
65 139 96 80 0 1999
293 140 362 116 0 799
97 163 40 131 0 899
136 163 147 81 0 799
300 129 241 96 0 899
97 139 25 121 0 999
135 155 170 212 0 799
26 1 81 36 0 499
167 103 94 124 0 399
59 136 151 137 0 1399
134 209 59 190 0 499
85 109 86 200 0 1599
64 86 49 12 0 499
29 67 117 73 0 199
208 176 162 219 0 699
71 79 0 60 0 1999
198 66 215 141 0 1799
143 290 64 303 0 1099
72 213 38 268 0 399
43 143 110 121 0 299
37 163 55 91 0 1999
67 82 100 25 0 499
107 2 66 52 0 999
47 48 28 122 0 199
214 95 296 106 0 799
381 7 346 65 0 1499
62 295 130 273 0 1099
89 158 2 165 0 1099
182 45 188 131 0 1499
195 70 237 117 0 799
451 204 446 293 0 1699
18 76 52 136 0 199
55 175 118 149 0 1699
117 145 146 210 0 1799
103 129 45 93 0 999
195 436 154 385 0 1299
123 155 156 96 0 399
140 48 62 61 0 299
30 67 102 47 0 499
237 55 272 112 0 399
369 388 285 396 0 1299
294 29 341 75 0 599
4 265 23 340 0 1899
45 46 105 77 0 199
66 148 134 172 0 1599
371 299 326 347 0 1299
184 111 147 166 0 499
76 35 24 75 0 1699
113 262 164 303 0 899
177 357 206 421 0 1099
371 109 354 181 0 1099
198 187 161 130 0 1299
379 298 344 239 0 1699
157 183 77 196 0 1099
46 53 70 122 0 199
164 189 145 264 0 1699
99 70 91 155 0 599
141 62 220 75 0 299
51 128 76 196 0 399
78 146 52 78 0 1199
100 263 93 349 0 1599
2 6 84 15 0 99
187 124 137 80 0 699
142 84 167 19 0 799
109 79 66 31 0 1499
400 384 437 441 0 1999
16 190 73 154 0 1499
89 0 25 25 0 199
320 32 308 109 0 1499
198 341 246 295 0 1899
120 71 70 29 0 499
172 206 179 121 0 999
16 91 66 50 0 199
6 3 14 85 0 99
203 158 274 176 0 999
21 119 50 54 0 1599
130 414 173 465 0 1599
141 83 137 172 0 499
210 41 140 17 0 1499
268 284 352 290 0 1999
343 415 396 379 0 1699
7 125 56 170 0 599
279 268 344 240 0 1199
235 40 231 128 0 899
336 243 285 286 0 1099
76 224 132 188 0 999
50 18 110 47 0 1499
2 4 65 34 0 99
183 64 92 67 0 1699
226 391 197 451 0 1799
190 176 262 157 0 499
67 29 62 118 0 599
163 104 127 48 0 1899
447 136 448 228 0 1199
162 161 144 235 0 1099
252 178 318 206 0 1999
5 153 79 133 0 399
0 5 2 97 0 99
166 27 148 99 0 299
76 193 99 263 0 399
225 364 167 328 0 1499
168 76 155 157 0 1799
90 104 158 130 0 1199
401 105 320 95 0 1099
270 160 250 88 0 1799
80 8 8 28 0 399
6 95 93 89 0 799
106 22 186 35 0 499
97 309 29 334 0 1299
260 330 293 390 0 1899
14 255 93 270 0 1499
191 120 126 93 0 1099
122 479 166 433 0 1699
165 191 250 185 0 1099
146 93 108 40 0 599
20 363 49 427 0 1999
18 375 55 319 0 999
165 127 144 54 0 399
127 140 193 113 0 599
163 204 100 233 0 899
124 172 158 114 0 399
59 98 123 71 0 1799
45 119 31 40 0 1099
6 359 46 411 0 899
107 37 82 105 0 899
157 51 133 117 0 599
153 258 163 174 0 1099
130 93 154 28 0 1999
277 105 319 54 0 1899
19 79 4 0 0 199
158 219 231 236 0 1099
58 83 100 34 0 399
198 279 160 335 0 1699
164 340 161 427 0 1799
155 430 132 363 0 1899
100 118 79 48 0 499
6 170 58 128 0 799
165 422 145 493 0 1999
86 111 105 36 0 299
4 54 11 139 0 1199
97 133 11 130 0 499
159 169 155 79 0 599
121 131 197 146 0 899
126 227 184 196 0 599
386 185 461 204 0 1899
35 69 63 3 0 199
130 169 55 154 0 1899
176 240 265 245 0 1199
6 302 64 337 0 699
185 191 241 154 0 499
156 111 221 86 0 499
378 150 414 92 0 1599
328 156 412 148 0 1999
152 42 240 36 0 999
128 110 52 128 0 799
470 130 431 183 0 1999
184 15 239 54 0 1299
2 103 17 181 0 199
237 9 291 49 0 599
13 92 77 119 0 199
81 68 13 42 0 899
40 190 60 264 0 599
2 3 24 75 0 99
160 200 81 185 0 999
36 73 77 25 0 199
240 58 231 143 0 1799
151 115 120 176 0 1599
83 15 115 73 0 199
145 199 52 198 0 1199
27 186 23 97 0 1199
93 185 28 160 0 999
214 179 123 177 0 999
158 115 134 45 0 499
32 194 61 131 0 1799
175 334 175 424 0 1699
119 175 110 258 0 1999
87 135 80 221 0 899
152 96 105 141 0 799
4 1 39 60 0 99
79 228 75 139 0 799
247 268 321 283 0 1999
353 74 272 65 0 1099
29 75 97 101 0 399
273 39 334 69 0 1299
124 154 170 109 0 1699
5 1 95 4 0 99
162 203 127 146 0 499
64 212 154 214 0 799
47 88 112 60 0 1599
115 204 24 201 0 1699
296 211 326 149 0 699
148 124 194 79 0 699
34 163 15 238 0 1699
247 55 250 144 0 599
80 166 28 125 0 1899
315 262 229 266 0 1899
137 78 216 93 0 1499
138 72 97 19 0 999
119 75 192 91 0 299
102 150 43 185 0 1399
219 208 154 181 0 699
138 221 121 146 0 699
3 354 12 273 0 1499
78 179 10 205 0 699
2 4 89 10 0 99
216 231 270 193 0 1899
331 84 262 63 0 1099
96 85 96 174 0 1599
173 407 108 432 0 1599
206 56 142 28 0 1399
143 21 171 84 0 1499
164 41 148 119 0 499
102 181 156 146 0 1199
4 263 51 219 0 1799
136 128 124 206 0 999
85 218 48 273 0 1499
44 52 134 50 0 199
13 95 99 91 0 199
318 349 360 301 0 1699
83 29 173 26 0 299
104 96 154 55 0 499
42 283 56 203 0 1499
111 390 191 400 0 1099
121 250 69 291 0 1399
408 387 442 447 0 1499
148 286 63 278 0 1499
156 167 133 97 0 1399
82 12 68 90 0 399
318 343 404 349 0 1699
30 76 36 162 0 199
374 73 433 42 0 899
226 82 236 166 0 1399
37 13 38 101 0 299
57 311 85 372 0 1099
214 55 146 33 0 699
82 133 122 187 0 1299
122 284 130 198 0 1199
88 75 88 165 0 299
108 121 21 128 0 499
130 119 169 67 0 799
273 99 275 190 0 899
214 192 262 148 0 599
174 22 259 29 0 599
6 98 83 115 0 199
207 19 202 105 0 1099
148 23 137 104 0 299
158 353 168 273 0 1899
3 2 50 49 0 99
96 11 72 78 0 199
158 4 133 70 0 299
58 98 127 121 0 1199
383 238 408 169 0 1299
360 148 333 84 0 1699
209 96 269 129 0 1199
347 212 254 213 0 1499
57 128 140 119 0 499
86 151 89 62 0 499
224 260 214 344 0 1399
190 107 236 62 0 1199
24 83 48 18 0 599
91 70 156 45 0 299
93 64 83 144 0 1899
206 35 237 93 0 599
306 357 337 419 0 1599
278 70 276 161 0 1899
98 40 138 94 0 599
105 6 72 62 0 399
345 414 312 358 0 999
73 108 150 91 0 299
145 338 170 406 0 1999
177 148 225 192 0 1299
107 81 47 49 0 1399
217 327 149 301 0 1999
107 122 192 113 0 1099
133 71 152 141 0 899
125 166 84 114 0 399
140 177 158 103 0 699
55 241 67 321 0 599
4 5 26 73 0 99
72 3 101 66 0 699
208 281 184 349 0 1899
3 3 24 75 0 99
67 34 134 61 0 499
45 148 33 70 0 899
52 15 44 99 0 299
198 122 197 213 0 999
175 331 205 394 0 1699
169 191 84 184 0 1799
58 105 59 12 0 499
21 72 7 151 0 199
50 102 127 85 0 1199
367 161 443 175 0 1599
143 326 195 364 0 1699
70 98 115 50 0 299
409 350 460 392 0 1799
66 239 2 209 0 1299
114 70 200 75 0 699
336 42 404 66 0 1599
229 91 288 58 0 1799
277 132 235 182 0 1699
70 166 58 245 0 499
174 66 242 40 0 999
40 54 56 132 0 399
94 150 99 239 0 1999
367 357 400 298 0 1199
208 283 161 241 0 1999
297 37 359 8 0 699
384 455 413 391 0 1999
167 46 151 124 0 499
133 25 177 75 0 399
0 7 71 28 0 99
137 200 71 177 0 1999
222 355 215 438 0 1699
68 156 110 107 0 899
73 80 122 121 0 1499
201 458 265 483 0 1999
30 281 96 256 0 1999
4 2 75 24 0 99
86 259 3 269 0 1799
137 74 141 162 0 1299
118 303 70 257 0 1699
52 131 60 45 0 299
108 133 34 118 0 599
74 391 165 392 0 1699
422 34 494 16 0 1799
59 67 77 139 0 1399
168 34 233 8 0 499
215 71 133 81 0 799
383 23 364 94 0 1199
283 16 204 31 0 899
140 272 80 241 0 1499
7 2 18 81 0 99
210 250 186 181 0 1299
144 83 176 145 0 1299
218 323 176 271 0 1899
22 93 109 86 0 1299
65 82 140 68 0 1799
353 210 373 284 0 1899
6 84 92 90 0 399
55 157 3 199 0 1199
190 64 248 95 0 499
0 6 57 42 0 99
250 108 267 185 0 799
125 120 91 63 0 399
83 313 96 234 0 1799
143 351 60 357 0 1499
383 310 309 292 0 1099
72 43 161 46 0 1099
145 225 119 293 0 599
155 116 179 49 0 1399
371 87 438 64 0 1799
94 148 61 88 0 499
158 118 202 167 0 899
113 203 100 123 0 499
168 311 145 244 0 1899
139 242 165 307 0 1999
4 3 55 44 0 99
28 260 96 234 0 799
349 274 290 305 0 1699
174 340 108 316 0 1799
186 233 103 227 0 1599
8 292 21 368 0 1899
58 189 129 208 0 699
196 168 214 243 0 1099
116 400 81 342 0 1299
154 337 237 326 0 1899
143 160 122 232 0 1999
113 107 80 166 0 1199
164 100 198 40 0 1799
55 34 81 101 0 399
60 151 148 150 0 1999
90 269 155 241 0 1199
183 2 165 76 0 1899
67 229 90 159 0 1699
192 104 181 185 0 999
290 193 350 227 0 1699
92 108 46 64 0 1599
88 364 60 299 0 1499
263 119 296 58 0 1999
112 240 151 292 0 899
346 76 289 40 0 699
42 51 85 1 0 199
179 177 167 259 0 1999
119 85 130 167 0 299
89 132 152 103 0 1299
30 80 63 140 0 499
154 275 233 260 0 699
129 119 144 195 0 1099
205 75 186 0 0 1199
77 133 151 114 0 1499
146 88 64 99 0 1099
343 101 296 54 0 1799
39 52 121 43 0 199
3 12 55 52 0 299
9 1 95 4 0 99
490 310 414 292 0 1999
189 116 178 197 0 1099
90 33 91 124 0 1699
121 47 113 133 0 1599
95 218 175 228 0 1899
52 94 36 171 0 299
80 112 158 97 0 699
87 94 71 16 0 499
184 354 122 386 0 1999
90 341 56 281 0 1699
11 12 27 88 0 899
71 50 12 15 0 1499
320 292 389 312 0 1899
62 131 101 186 0 299
126 275 178 314 0 1599
319 129 406 135 0 1699
25 247 65 298 0 699
226 300 175 343 0 1599
186 128 168 52 0 1199
216 161 298 153 0 699
5 73 27 4 0 299
95 85 62 141 0 1099
80 176 52 240 0 799
22 158 74 200 0 1199
236 73 318 63 0 899
64 146 110 194 0 1399
65 17 104 70 0 599
22 75 61 128 0 499
393 63 461 89 0 1799
143 140 78 168 0 1999
130 46 160 107 0 299
79 162 118 215 0 499
141 133 180 188 0 399
323 87 412 92 0 1399
26 366 63 418 0 1299
84 151 48 208 0 1799
177 46 125 83 0 1599
204 61 178 127 0 1699
83 22 47 79 0 199
152 49 129 118 0 1899
127 115 144 38 0 1999
134 17 219 24 0 299
167 254 246 240 0 599
297 116 236 144 0 1799
37 154 29 70 0 299
4 6 81 18 0 99
80 51 167 55 0 1199
183 153 178 238 0 1399
240 140 316 153 0 1499
33 145 26 59 0 299
158 89 229 107 0 399
2 100 22 26 0 199
207 195 136 216 0 599
75 75 153 60 0 299
61 91 34 157 0 1699
218 197 309 200 0 1499
84 19 87 109 0 199
372 175 305 152 0 1699
102 92 136 33 0 1299
223 44 188 102 0 1199
86 152 152 179 0 499
2 3 17 82 0 99
22 81 14 166 0 199
50 59 75 123 0 199
61 356 38 286 0 1399
74 24 151 38 0 299
77 129 57 58 0 1699
188 209 238 251 0 1699
120 59 49 82 0 1499
10 30 16 118 0 599
30 344 17 267 0 1199
164 156 94 134 0 1199
191 287 147 237 0 1199
155 61 189 2 0 699
240 217 300 183 0 1699
8 2 33 66 0 99
91 3 103 85 0 199
58 143 146 146 0 399
314 31 395 19 0 1799
26 117 51 49 0 399
110 6 131 77 0 799
366 53 306 85 0 899
280 113 348 137 0 1299
20 103 55 44 0 499
27 116 95 90 0 699
270 62 195 78 0 1699
99 106 12 109 0 899
219 71 185 12 0 1699
280 202 188 201 0 899
71 157 69 248 0 1499
205 325 250 278 0 1599
151 200 135 124 0 499
75 7 111 63 0 599
106 189 133 122 0 499
153 381 184 318 0 1399
125 109 108 34 0 1799
185 472 227 422 0 1499
156 165 176 239 0 1099
133 56 192 21 0 299
186 275 132 236 0 999
290 243 323 300 0 1099
63 236 116 277 0 1099
1 9 13 86 0 99
42 134 101 102 0 1299
81 70 74 157 0 699
228 183 252 253 0 1899
292 45 310 118 0 599
287 306 215 325 0 1799
222 125 208 47 0 1699
75 299 47 233 0 999
55 144 24 81 0 299
278 52 262 129 0 1099
58 41 114 8 0 199
329 155 337 72 0 1299
228 192 302 172 0 799
57 346 60 437 0 899
144 120 146 28 0 1999
177 341 236 374 0 1599
458 196 462 108 0 1799
460 104 387 84 0 1899
102 106 56 63 0 1099
48 365 56 451 0 1699
78 16 2 34 0 199
22 147 97 161 0 399
0 5 60 39 0 99
207 355 248 306 0 1999
89 9 86 98 0 199
66 156 135 178 0 699
161 304 107 267 0 1199
73 133 131 169 0 399
173 111 159 187 0 1999
87 95 113 160 0 1099
64 65 85 137 0 399
112 129 61 89 0 599
313 273 334 344 0 1599
80 182 137 146 0 1099
142 258 137 343 0 1799
113 435 106 353 0 1699
70 113 112 164 0 799
31 142 31 51 0 399
9 287 35 224 0 699
1 6 24 75 0 99
78 87 169 84 0 1299
258 485 224 430 0 1599
446 64 361 57 0 1999
224 252 200 184 0 1199
89 153 50 101 0 1499
2 133 53 90 0 699
76 24 46 88 0 1799
67 136 20 183 0 299
392 158 360 100 0 1799
21 92 41 166 0 1699
246 35 203 86 0 899
129 104 178 149 0 699
273 47 281 133 0 1399
287 135 284 47 0 1499
235 245 245 165 0 1799
36 120 51 198 0 1099
82 77 172 74 0 799
13 80 82 104 0 199
80 91 72 7 0 299
2 5 28 71 0 99
17 75 17 167 0 199
20 169 73 128 0 299
320 442 290 378 0 1999
133 164 216 155 0 499
121 287 199 301 0 1599
147 219 62 226 0 599
118 92 188 111 0 699
204 26 213 111 0 1999
332 184 344 104 0 999
256 38 285 102 0 899
15 80 6 165 0 699
206 195 261 156 0 1499
98 119 120 189 0 1899
342 23 302 77 0 1499
51 134 49 222 0 1699
310 162 226 155 0 1699
229 157 222 244 0 1799
102 159 175 178 0 1699
179 99 259 113 0 599
219 215 238 285 0 1299
70 37 8 8 0 199
281 131 284 221 0 899
69 37 155 29 0 399
64 40 82 116 0 199
58 181 137 196 0 1699
166 27 171 114 0 699
451 83 390 116 0 999
135 162 54 149 0 899
55 155 44 236 0 999
41 242 122 251 0 1099
102 84 96 0 0 1199
171 15 210 70 0 599
146 131 202 94 0 999
121 446 167 400 0 1899
266 315 293 248 0 1499
407 292 390 366 0 1399
69 221 8 253 0 899
3 3 30 69 0 99
0 6 77 22 0 99
8 208 15 121 0 799
273 96 304 33 0 1499
43 96 36 13 0 299
221 123 155 96 0 699
125 168 56 193 0 1299
86 131 130 176 0 599
0 90 1 1 0 199
2 5 16 83 0 99
144 256 210 230 0 1799
43 101 24 29 0 499
109 71 136 4 0 1599
89 221 97 305 0 1799
320 106 351 168 0 1699
54 117 8 69 0 699
19 80 99 67 0 199
1 468 14 388 0 799
134 50 157 120 0 499
216 200 195 130 0 1299
52 50 112 82 0 199
133 97 205 77 0 1999
57 133 121 108 0 899
156 8 105 46 0 299
41 139 53 58 0 299
76 193 162 200 0 799
65 41 29 95 0 199
251 89 228 18 0 999
160 323 168 241 0 1099
171 22 162 107 0 499
39 65 108 90 0 199
52 49 44 132 0 199
204 214 212 132 0 1199
155 48 95 80 0 299
102 30 183 38 0 499
90 113 1 117 0 1399
219 200 255 142 0 1499
141 18 50 15 0 299
135 117 51 107 0 1199
59 110 52 23 0 899
25 165 54 101 0 499
62 18 107 62 0 699
424 46 416 130 0 1799
28 68 109 57 0 199
87 191 107 261 0 399
138 84 156 8 0 1799
30 79 97 101 0 199
189 5 187 94 0 1299
124 75 42 67 0 299
82 66 70 144 0 799
33 169 9 239 0 1399
130 209 192 179 0 1699
211 37 222 119 0 1099
326 257 278 212 0 1999
180 95 104 77 0 1099
86 255 0 247 0 1299
153 35 98 71 0 1099
39 172 127 170 0 699
204 206 171 266 0 1699
145 130 108 78 0 399
169 287 96 270 0 1399
84 107 101 181 0 599
3 2 88 11 0 99
418 342 368 384 0 1599
125 78 168 27 0 299
127 174 162 229 0 1699
381 125 426 173 0 1899
55 50 65 133 0 199
265 119 262 31 0 899
6 2 90 9 0 99
15 144 32 221 0 299
10 86 93 75 0 199
199 143 186 222 0 1399
128 154 40 156 0 1399
81 186 173 187 0 999
3 3 66 33 0 99
262 184 292 120 0 599
1 428 25 493 0 1599
224 240 312 236 0 599
148 456 58 452 0 1599
149 116 118 178 0 999
36 199 58 270 0 1199
379 74 458 88 0 1599
24 11 80 49 0 499
28 35 63 94 0 499
74 178 30 225 0 699
98 107 189 105 0 399
457 57 381 70 0 1499
196 67 131 96 0 699
131 103 156 36 0 799
94 128 33 161 0 999
83 77 44 130 0 1999
221 32 188 91 0 699
49 77 86 131 0 299
131 266 155 196 0 1899
173 103 173 197 0 799
83 38 159 22 0 499
310 154 385 137 0 1599
161 67 181 141 0 1999
413 201 487 185 0 1799
208 85 143 59 0 1599
498 271 447 309 0 1999
39 134 118 119 0 299
42 167 42 260 0 799
100 81 34 109 0 299
31 114 58 178 0 399
185 329 103 319 0 1399
128 275 161 335 0 1399
288 137 274 57 0 1099
7 414 28 487 0 1899
7 1 36 63 0 99
123 41 214 40 0 399
226 401 185 452 0 899
120 113 36 119 0 699
116 128 60 165 0 699
6 3 25 74 0 99
80 67 108 129 0 1499
63 47 25 103 0 1199
100 103 11 104 0 1699
68 253 156 259 0 1499
151 293 160 208 0 1799
27 160 60 100 0 1999
108 142 175 115 0 999
101 169 11 173 0 399
200 206 128 223 0 699
52 271 27 203 0 1199
128 234 101 169 0 799
158 125 158 219 0 899
139 18 222 9 0 1099
3 2 52 47 0 99
176 15 178 105 0 499
155 36 161 123 0 999
72 53 69 141 0 399
230 103 148 93 0 699
415 149 330 158 0 1799
28 250 71 298 0 899
29 40 6 109 0 1499
120 162 82 218 0 1199
63 28 25 79 0 399
213 25 280 51 0 499
161 85 121 136 0 1699
113 221 131 295 0 1999
322 53 290 115 0 1699
46 50 47 143 0 199
310 309 397 313 0 1799
145 92 65 83 0 1199
46 69 82 126 0 399
112 197 131 124 0 899
56 140 82 205 0 699
157 90 190 33 0 1899
285 302 215 325 0 1599
70 26 150 38 0 199
74 242 159 250 0 1099
7 112 5 203 0 1799
210 276 210 369 0 1299
244 159 288 110 0 1399
86 19 28 54 0 199
4 1 44 55 0 99
100 170 125 102 0 699
131 205 219 206 0 1899
127 159 212 150 0 1199
141 150 79 181 0 599
282 129 307 193 0 1599
154 132 167 51 0 399
85 282 131 237 0 1999
319 191 382 165 0 1299
378 294 417 346 0 1899
105 133 180 152 0 399
133 103 209 86 0 1299
143 76 152 158 0 799
65 404 122 440 0 1799
103 202 90 126 0 999
180 94 222 142 0 399
35 315 84 274 0 999
274 197 358 206 0 1799
321 227 262 192 0 1799
278 62 320 10 0 1799
4 2 79 20 0 99
344 66 332 145 0 899
185 197 225 143 0 1399
61 147 55 62 0 1499
117 155 121 244 0 1899
229 242 270 193 0 1899
43 53 9 113 0 199
106 146 93 223 0 999
0 83 54 46 0 1199
21 85 43 153 0 199
55 136 34 206 0 599
282 278 214 303 0 1899
24 200 90 173 0 1099
93 199 101 113 0 399
27 158 117 161 0 1199
135 156 199 186 0 1099
199 194 249 153 0 1199
27 81 24 168 0 199
212 197 147 221 0 1199
214 161 166 205 0 1499
74 85 153 99 0 999
259 382 201 350 0 899
73 227 155 239 0 999
24 174 56 234 0 399
115 353 33 345 0 1999
3 2 24 75 0 99
121 265 152 323 0 899
212 478 175 421 0 1599
309 145 364 182 0 1599
4 1 16 83 0 99
3 6 87 12 0 99
446 331 427 256 0 1899
188 222 224 167 0 1499
19 24 80 55 0 299
123 198 127 286 0 1699
222 151 308 159 0 1499
65 195 9 230 0 1699
175 110 244 86 0 399
179 141 146 85 0 1699
27 33 89 60 0 899
164 166 85 176 0 1099
67 188 99 250 0 1699
16 90 31 13 0 199
274 249 308 306 0 1399
242 434 222 362 0 1399
17 13 61 63 0 399
126 209 165 154 0 1099
139 49 182 99 0 299
7 1 97 2 0 99
181 194 217 249 0 1599
48 50 114 78 0 199
260 283 297 226 0 1499
39 223 6 164 0 799
430 272 346 282 0 1599
159 41 74 48 0 999
181 347 203 280 0 1099
246 142 249 56 0 1099
104 156 177 177 0 399
85 126 176 129 0 499
155 390 202 434 0 1399
438 145 388 184 0 1799
49 55 45 145 0 199
223 195 212 277 0 1099
365 64 327 8 0 1099
299 74 311 155 0 1599
1 4 55 44 0 99
465 286 472 201 0 1899
65 111 67 200 0 499
387 111 354 170 0 799
113 214 151 268 0 1099
134 328 62 306 0 599
20 75 64 123 0 499
206 90 250 136 0 999
43 147 118 129 0 1899
282 69 321 19 0 599
292 99 289 8 0 499
6 252 27 321 0 1199
65 271 7 236 0 1899
209 132 168 181 0 499
134 54 158 119 0 499
62 226 126 200 0 1599
128 203 190 235 0 1699
114 236 65 276 0 1899
74 22 139 51 0 399
131 259 99 197 0 1799
462 405 383 395 0 1999
194 99 216 166 0 1399
24 23 53 84 0 299
48 124 121 144 0 699
66 26 95 89 0 199
95 126 63 67 0 799
23 247 61 303 0 1999
380 311 315 282 0 1899
10 278 30 207 0 1899
238 248 307 272 0 1699
178 100 93 94 0 1099
42 205 123 217 0 1199
49 55 113 83 0 199
2 3 66 33 0 99
388 214 354 154 0 1999
230 132 149 119 0 999
450 85 381 106 0 1499
305 184 366 217 0 1899
7 1 47 52 0 99
68 134 62 219 0 899
273 200 191 193 0 1999
396 115 445 71 0 1599
133 7 180 52 0 399
56 114 16 168 0 1999
59 61 126 36 0 599
98 125 68 184 0 999
435 419 360 436 0 1599
91 14 141 57 0 799
168 210 226 241 0 1899
33 149 60 214 0 1599
6 2 31 68 0 99
13 79 48 136 0 199
23 174 110 178 0 399
467 349 390 334 0 1399
175 98 223 143 0 999
210 214 137 235 0 999
93 171 91 79 0 1799
55 77 125 54 0 699
472 138 389 130 0 1899
57 82 39 11 0 1199
463 130 400 160 0 1399
32 70 100 44 0 199
100 39 23 56 0 299
134 53 78 90 0 399
96 12 20 26 0 199
120 20 174 55 0 499
106 76 44 104 0 1399
193 100 241 54 0 499
109 73 129 146 0 299
122 286 147 218 0 1699
160 33 127 89 0 399
198 97 274 112 0 1199
215 114 216 21 0 899
191 30 168 101 0 1699
123 124 31 122 0 699
174 142 98 125 0 499
337 244 357 175 0 1599
172 202 132 255 0 699
400 363 418 437 0 1899
421 434 467 481 0 1999
494 244 443 204 0 1699
214 141 148 115 0 499
32 67 121 63 0 199
309 59 334 125 0 1899
43 88 125 98 0 299
41 92 132 89 0 499
148 122 112 67 0 1699
45 87 77 148 0 1099
314 454 362 499 0 1299
46 166 35 249 0 799
191 234 219 170 0 1099
17 48 84 21 0 499
89 36 10 49 0 299
59 153 56 62 0 1399
64 60 105 12 0 1499
197 79 108 84 0 799
51 51 39 132 0 1699
80 116 37 70 0 499
126 91 94 30 0 799
241 64 289 19 0 1399
380 355 411 296 0 1299
57 38 58 130 0 199
7 101 81 121 0 399
92 62 16 44 0 399
46 48 62 126 0 199
104 170 139 227 0 1199
48 69 29 144 0 699
137 57 128 142 0 999
160 335 130 394 0 1199
179 158 236 122 0 999
115 6 179 31 0 599
266 50 268 142 0 1999
282 187 322 239 0 899
153 94 121 151 0 1399
61 84 121 52 0 1499
133 298 150 370 0 1999
121 142 146 207 0 1699
206 239 218 317 0 1499
71 64 125 104 0 1299
122 62 196 82 0 799
131 61 97 4 0 299
51 88 128 105 0 299
24 67 78 104 0 199
251 191 330 176 0 1399
321 120 291 181 0 1199
275 260 329 223 0 999
49 126 42 44 0 599
91 87 170 101 0 299
319 436 299 363 0 1999
67 48 30 105 0 1099
69 209 62 127 0 499
128 287 142 212 0 799
81 45 84 133 0 1299
37 44 83 87 0 1199
84 125 170 119 0 699
155 137 110 88 0 399
112 276 74 332 0 999
78 430 7 409 0 1799
119 124 161 175 0 999
32 493 74 446 0 1999
411 194 372 139 0 1299
100 2 153 43 0 199
108 244 87 317 0 999
83 146 113 209 0 399
256 78 325 101 0 1199
219 21 152 46 0 599
151 51 103 6 0 699
378 14 350 75 0 899
184 155 129 189 0 1199
453 242 451 333 0 1799
109 74 197 80 0 899
31 393 112 404 0 1599
21 57 101 45 0 399
123 343 44 354 0 1199
5 5 82 17 0 99
122 57 204 68 0 1599
175 180 225 222 0 1899
246 467 245 379 0 1599
123 131 67 167 0 1399
154 223 112 270 0 1999
49 75 115 103 0 1999
33 60 15 131 0 199
15 126 65 82 0 299
249 192 230 265 0 1099
208 81 196 163 0 1299
121 61 209 66 0 1899
51 8 140 11 0 1299
44 91 83 141 0 799
79 139 30 95 0 899
171 20 164 107 0 899
101 183 19 194 0 1099
51 43 106 4 0 199
69 163 101 222 0 1699
60 304 22 360 0 1599
186 56 262 39 0 1299
25 81 64 28 0 199
359 146 323 93 0 1799
173 404 119 439 0 1999
7 334 8 425 0 1499
59 214 94 160 0 1799
112 145 150 91 0 699
174 198 133 148 0 699
3 4 41 58 0 99
116 191 29 198 0 1699
94 39 71 109 0 999
144 140 203 105 0 599
216 286 144 264 0 1399
4 138 3 229 0 1199
147 32 145 124 0 1899
78 124 12 151 0 299
354 176 439 184 0 1099
482 184 492 267 0 1899
410 111 368 160 0 1199
348 89 354 4 0 1399
80 22 167 29 0 199
374 77 299 63 0 1599
305 62 366 31 0 1699
188 157 203 235 0 999
73 20 29 69 0 199
192 226 154 280 0 599
110 132 135 66 0 499
159 309 213 273 0 1399
8 4 54 51 0 299
389 374 308 383 0 1499
74 128 151 116 0 499
187 295 168 222 0 999
88 157 88 249 0 899
121 99 202 110 0 599
139 121 194 84 0 1199
162 43 110 83 0 299
162 423 189 360 0 1899
3 7 15 84 0 99
237 143 278 93 0 1099
212 357 181 295 0 1199
22 283 22 377 0 1499
241 75 297 113 0 1399
255 160 170 155 0 1499
67 420 129 451 0 1799
390 200 309 189 0 1999
7 100 80 82 0 199
390 200 334 237 0 1499
64 30 64 124 0 199
1 4 25 74 0 99
394 135 405 214 0 899
415 36 382 96 0 1999
29 137 63 192 0 499
175 190 171 278 0 1699
189 95 180 180 0 799
167 263 253 255 0 1599
79 38 57 108 0 1899
63 295 153 293 0 1599
52 203 11 150 0 1899
203 188 136 211 0 899
0 256 77 243 0 1399
44 56 133 59 0 599
2 212 34 272 0 1599
145 78 191 123 0 599
130 102 106 36 0 399
161 127 246 118 0 1599
117 220 40 236 0 1999
1 4 53 46 0 99
111 103 197 95 0 599
64 29 82 104 0 199
63 216 105 265 0 399
105 256 174 277 0 499
131 131 168 187 0 699
191 341 150 293 0 699
167 125 181 204 0 499
72 123 78 210 0 399
19 146 34 225 0 899
174 296 180 384 0 1599
16 161 65 202 0 899
102 132 71 194 0 1299
7 86 94 80 0 199
328 286 360 348 0 1999
110 56 117 140 0 699
3 3 58 41 0 99
52 226 47 313 0 1599
2 3 69 30 0 99
1 4 12 87 0 99
284 53 337 93 0 599
302 26 311 111 0 599
70 115 66 205 0 299
113 82 205 80 0 1099
142 89 138 176 0 1799
87 254 24 224 0 1799
103 51 38 80 0 1399
88 29 154 1 0 1899
366 116 425 81 0 1999
6 1 31 68 0 99
53 414 70 491 0 1099
46 131 63 205 0 1199
3 2 68 31 0 99
232 113 293 84 0 499
53 116 110 80 0 999
190 88 267 103 0 1799
62 37 3 71 0 199
448 366 399 406 0 1699
170 109 217 151 0 599
241 45 313 25 0 999
74 38 162 44 0 399
52 131 2 87 0 499
205 131 243 78 0 1299
125 25 77 69 0 799
73 24 108 83 0 1299
37 28 26 111 0 299
44 110 134 109 0 499
112 257 30 268 0 999
32 49 72 103 0 499
140 121 138 208 0 599
189 159 188 251 0 1499
151 89 66 94 0 599
101 53 169 30 0 899
0 6 21 78 0 99
115 53 44 71 0 299
188 264 144 215 0 1899
176 270 256 282 0 1399
67 173 154 171 0 699
154 442 143 361 0 1399
79 122 57 50 0 1299
154 243 96 207 0 1499
37 69 65 133 0 199
13 59 72 92 0 399
148 73 85 104 0 1899
209 133 151 102 0 499
172 68 188 144 0 1999
98 334 98 426 0 1999
200 132 169 193 0 599
159 31 113 74 0 299
87 272 175 277 0 1399
246 287 314 312 0 1799
313 172 273 118 0 699
146 126 117 188 0 1099
139 75 75 45 0 1399
102 234 118 307 0 1899
70 178 160 182 0 799
120 186 128 272 0 1199
213 38 213 132 0 1699
449 112 396 153 0 1699
186 172 104 183 0 1099
0 5 45 54 0 99
112 165 155 212 0 1699
96 7 59 64 0 299
61 72 72 150 0 399
72 143 118 189 0 499
120 185 56 156 0 599
56 149 40 225 0 699
440 172 496 135 0 1699
77 17 66 100 0 199
96 113 187 115 0 399
3 6 55 44 0 99
71 185 150 200 0 999
93 210 61 272 0 1299
351 161 314 108 0 1399
70 0 54 76 0 999
73 354 48 420 0 1599
190 120 173 45 0 1599
237 255 251 330 0 899
45 164 101 129 0 1399
206 116 243 63 0 1199
107 63 184 51 0 299
117 431 129 351 0 1399
176 277 210 217 0 1099
189 217 251 185 0 1399
297 123 249 166 0 699
141 159 95 113 0 1199
207 200 142 229 0 1299
326 235 365 181 0 999
166 9 124 58 0 1799
70 115 44 49 0 299
188 126 252 96 0 1799
136 115 126 31 0 699
205 279 187 205 0 1599
77 53 71 141 0 399
25 65 98 48 0 199
3 4 49 50 0 99
185 130 278 129 0 899
27 78 18 163 0 299
258 178 275 253 0 1399
70 275 0 294 0 1799
80 153 60 81 0 499
48 52 31 127 0 199
235 216 285 260 0 1499
107 117 66 68 0 399
50 162 88 218 0 1399
134 16 152 88 0 1999
72 95 37 38 0 699
30 305 94 280 0 1199
42 284 12 225 0 1299
189 153 194 241 0 1499
9 1 61 38 0 99
327 1 247 11 0 1799
226 12 265 65 0 1199
60 126 143 136 0 299
157 174 83 193 0 799
100 345 172 324 0 1399
318 58 344 126 0 1999
219 16 148 36 0 399
363 263 291 285 0 1799
7 1 49 50 0 99
223 377 306 368 0 1399
361 470 451 472 0 1699
76 185 59 112 0 1899
33 166 44 85 0 299
30 252 11 327 0 1399
99 144 50 189 0 1099
269 75 215 110 0 499
46 98 61 177 0 1799
311 224 307 134 0 1899
161 261 88 245 0 1899
239 185 183 147 0 999
187 297 156 360 0 1799
6 228 86 216 0 1599
117 340 153 283 0 1999
73 45 164 43 0 899
132 19 180 65 0 299
52 111 131 101 0 599
113 315 89 385 0 1799
190 328 268 312 0 1399
231 295 313 304 0 1699
86 70 92 156 0 999
229 0 263 58 0 1299
66 116 14 76 0 1799
172 6 161 88 0 299
146 151 238 149 0 499
265 67 332 94 0 1399
135 65 95 114 0 299
206 34 206 126 0 799
1 6 15 84 0 99
60 135 148 131 0 499
269 110 302 52 0 999
94 31 118 99 0 1299
106 237 77 172 0 1699
312 179 362 220 0 1399
333 126 363 63 0 1599
210 425 282 444 0 1199
337 180 302 121 0 1699
81 76 45 21 0 399
240 141 178 171 0 1899
178 176 119 211 0 1999
117 168 136 96 0 1999
93 5 117 75 0 199
59 173 135 189 0 1399
94 144 160 169 0 1299
91 85 88 176 0 999
287 407 232 446 0 1999
207 73 256 29 0 699
46 111 125 97 0 999
7 186 27 256 0 699
91 209 39 169 0 999
168 44 221 4 0 499
172 214 110 246 0 799
115 113 192 97 0 899
289 471 345 434 0 1699
5 5 20 79 0 99
4 1 71 28 0 99
262 213 175 210 0 1499
485 67 418 92 0 1799
97 250 175 262 0 1099
129 174 110 248 0 799
402 16 373 81 0 799
179 170 132 216 0 1399
146 300 102 251 0 1699
110 115 162 152 0 1199
4 4 94 5 0 99
170 236 100 257 0 1099
120 175 31 172 0 499
382 132 300 143 0 1699
4 3 86 13 0 99
3 7 73 26 0 99
112 5 139 71 0 599
241 233 287 279 0 1199
95 103 184 108 0 999
338 242 341 333 0 1399
278 306 336 271 0 1699
161 215 104 178 0 799
42 50 15 116 0 699
187 319 143 366 0 699
60 88 24 35 0 899
154 186 143 107 0 1599
313 116 367 76 0 699
381 132 369 52 0 1699
296 133 274 61 0 1899
57 224 33 154 0 899
41 209 33 294 0 1899
84 219 119 275 0 1399
91 12 117 75 0 199
114 409 73 461 0 1999
199 160 216 84 0 999
167 199 138 264 0 799
84 143 147 112 0 1099
52 283 17 341 0 1799
122 51 90 113 0 1299
178 349 137 296 0 899
181 330 246 359 0 1499
74 274 53 201 0 1599
177 147 154 215 0 899
64 32 133 7 0 199
36 13 120 5 0 499
76 121 119 169 0 399
53 221 0 261 0 1899
22 82 57 139 0 199
302 208 342 158 0 1999
216 24 214 111 0 499
259 191 294 132 0 1799
54 242 2 284 0 599
93 234 3 230 0 1899
42 22 48 108 0 799
224 240 275 282 0 1899
275 47 349 27 0 1599
209 162 172 219 0 1299
93 71 131 122 0 1699
341 149 409 175 0 1399
47 196 45 106 0 1299
152 119 141 41 0 599
165 216 149 140 0 1299
251 287 180 264 0 999
127 28 109 102 0 299
199 36 128 13 0 1899
185 112 115 136 0 499
11 86 40 22 0 399
90 8 172 0 0 199
70 93 48 165 0 699
76 175 41 121 0 999
82 134 37 181 0 1399
3 7 66 33 0 99
127 289 217 287 0 799
414 304 487 285 0 1799
466 207 442 140 0 1999
25 133 16 216 0 799
88 16 122 76 0 199
77 51 10 76 0 799
166 336 219 298 0 1099
151 114 98 76 0 999
167 104 174 187 0 499
181 147 177 237 0 799
116 250 103 328 0 899
178 24 98 10 0 1799
48 122 106 90 0 399
106 136 52 97 0 1699
126 169 131 254 0 1699
3 3 83 16 0 99
122 81 159 138 0 299
157 134 229 113 0 399
186 31 206 104 0 1199
134 39 115 114 0 299
3 330 74 309 0 1499
47 78 75 139 0 1599
53 160 114 127 0 499
115 40 122 127 0 899
93 128 80 209 0 699
96 265 148 307 0 1899
202 171 285 180 0 1299
28 182 95 209 0 1799
60 311 141 300 0 1899
102 110 42 81 0 499
66 186 94 122 0 799
216 262 244 328 0 1199
138 50 79 16 0 299
88 161 150 188 0 1399
72 306 12 272 0 1599
200 197 164 252 0 599
416 259 498 248 0 1599
277 77 340 47 0 1499
276 60 292 138 0 1199
75 186 68 268 0 599
0 228 29 293 0 1999
168 28 169 121 0 799
76 37 132 71 0 499
185 54 132 94 0 999
156 113 142 189 0 899
71 123 65 35 0 1199
7 1 20 79 0 99
32 90 107 73 0 999
19 189 103 180 0 1499
118 233 185 259 0 1799
164 180 185 250 0 1299
297 153 256 100 0 1199
18 133 94 151 0 299
293 224 359 249 0 1399
65 129 77 52 0 299
70 151 47 217 0 1799
52 134 70 59 0 299
44 330 116 310 0 1199
70 98 69 191 0 599
74 149 110 92 0 1999
116 108 192 93 0 1699
287 326 229 292 0 1899
418 114 390 50 0 1999
43 156 117 175 0 999
194 93 232 149 0 1299
105 182 77 121 0 799
59 111 124 84 0 1399
79 112 135 146 0 499
103 362 132 299 0 1499
19 69 92 90 0 799
206 189 239 249 0 1999
204 389 163 337 0 1799
119 103 49 127 0 1599
145 215 86 250 0 599
4 2 34 65 0 99
142 25 79 56 0 899
80 77 77 168 0 299
14 38 69 72 0 899
99 156 54 201 0 699
40 259 65 190 0 899
169 86 235 114 0 1699
79 45 21 13 0 399
109 72 45 44 0 299
66 167 150 160 0 1599
50 32 111 1 0 599
204 72 216 151 0 1699
21 70 11 152 0 1899
111 150 91 78 0 1699
221 116 294 97 0 1699
123 359 107 437 0 1999
19 89 19 183 0 1399
178 304 217 359 0 1599
380 235 450 212 0 999
148 424 135 348 0 1899
369 304 283 307 0 1599
373 181 293 193 0 1599
1 8 43 56 0 99
22 102 73 61 0 799
3 4 40 59 0 99
75 31 160 24 0 199
252 163 340 159 0 699
44 50 105 81 0 199
108 294 155 247 0 1399
99 403 118 332 0 1799
350 170 348 83 0 1099
142 219 153 138 0 1099
40 69 8 8 0 799
250 379 305 345 0 1599
55 119 114 86 0 999
183 312 198 390 0 799
166 33 165 123 0 999
116 190 80 247 0 899
180 260 108 281 0 1899
124 92 198 109 0 1899
91 262 32 295 0 1899
241 191 255 266 0 1899
48 159 100 201 0 699
73 205 157 199 0 399
113 79 33 89 0 399
8 95 74 121 0 299
91 85 160 107 0 699
1 6 50 49 0 99
111 26 202 29 0 699
142 170 55 175 0 599
11 97 91 107 0 199
143 104 81 75 0 1199
290 153 345 192 0 1299
349 193 312 250 0 1399
55 365 101 411 0 1199
93 32 182 27 0 1499
124 137 118 49 0 1099
155 189 85 166 0 1499
158 225 144 146 0 999
186 134 271 125 0 1599
7 2 28 71 0 99
279 61 201 77 0 599
48 77 129 90 0 1299
118 125 165 79 0 399
172 81 244 61 0 899
37 58 75 114 0 1499
30 152 83 111 0 999
224 28 283 61 0 1799
92 105 56 161 0 899
41 118 113 101 0 399
102 172 139 117 0 1599
132 117 105 183 0 799
66 380 68 288 0 1199
197 192 272 174 0 599
212 87 260 42 0 999
190 491 159 429 0 1599
87 146 14 127 0 1699
68 31 148 44 0 199
57 26 74 98 0 399
11 88 32 160 0 199
395 135 467 115 0 1399
415 154 325 151 0 1999
138 203 185 156 0 1699
5 2 64 35 0 99
79 373 167 367 0 1999
202 81 243 28 0 699
216 91 186 153 0 1499
99 146 171 125 0 799
35 163 106 185 0 299
163 174 253 172 0 899
366 23 434 45 0 1699
284 122 373 121 0 1199
270 48 282 130 0 1599
53 70 64 148 0 1999
362 212 392 153 0 1899
74 170 165 167 0 399
88 265 93 176 0 899
4 2 71 28 0 99
440 293 416 360 0 1999
77 131 44 70 0 599
34 147 118 155 0 299
49 49 50 142 0 199
94 19 20 4 0 399
196 115 212 37 0 699
3 4 7 92 0 99
380 364 470 360 0 1999
337 99 417 86 0 699
40 85 119 95 0 999
116 192 112 107 0 1299
89 244 89 338 0 1299
175 153 203 89 0 1199
7 99 10 188 0 199
128 69 172 114 0 599
332 310 395 339 0 1399
401 338 470 361 0 1499
470 356 387 345 0 1599
41 155 60 82 0 799
150 140 234 133 0 899
115 115 74 63 0 499
79 200 55 269 0 1199
113 141 77 199 0 1199
52 37 140 38 0 199
66 238 158 237 0 1299
72 105 16 140 0 799
88 65 108 135 0 1899
86 62 59 127 0 599
155 137 243 138 0 1299
22 72 82 40 0 199
164 42 174 125 0 1499
246 14 259 93 0 999
80 50 23 82 0 299
20 88 70 128 0 199
224 249 267 300 0 1699
82 42 134 4 0 399
332 209 297 267 0 999
427 232 469 183 0 1399
187 87 211 21 0 399
24 67 80 32 0 199
262 114 350 110 0 799
50 51 72 122 0 199
141 320 116 255 0 899
48 140 117 163 0 1999
334 49 309 117 0 799
171 332 244 351 0 1299
208 331 237 266 0 1499
396 124 404 38 0 1599
124 239 203 224 0 1099
271 305 300 240 0 1999
348 98 271 114 0 1699
251 278 173 262 0 899
124 160 136 78 0 799
101 60 28 42 0 1199
30 39 117 46 0 1299
169 449 98 430 0 1799
234 449 222 371 0 1899
237 43 212 111 0 1499
26 52 69 6 0 299
271 29 303 91 0 1999
130 135 125 46 0 1899
41 321 104 293 0 1299
9 1 82 17 0 99
29 240 35 152 0 699
79 116 159 102 0 299
96 107 16 93 0 499
6 16 90 24 0 1599
91 11 59 73 0 199
280 218 369 221 0 999
110 185 164 222 0 1199
162 0 218 37 0 299
4 4 91 8 0 99
96 219 151 182 0 1099
329 254 364 200 0 1199
80 29 33 71 0 199
58 397 143 406 0 1899
116 217 203 215 0 599
63 61 100 9 0 299
238 162 245 76 0 1499
14 61 59 109 0 399
182 71 133 113 0 1799
102 199 62 149 0 1299
71 23 47 91 0 199
109 237 94 159 0 699
7 438 47 385 0 1799
146 304 161 383 0 1799
148 198 118 134 0 1799
81 112 38 163 0 1299
91 2 8 12 0 199
207 356 286 368 0 1799
28 112 101 132 0 899
134 177 97 125 0 599
2 87 67 63 0 199
78 154 131 115 0 1199
112 140 37 124 0 899
125 206 57 180 0 1099
0 9 52 47 0 99
213 146 258 191 0 699
0 5 13 86 0 99
181 195 219 139 0 1199
257 198 294 253 0 1899
307 245 304 331 0 1499
99 188 131 127 0 399
64 172 156 170 0 999
167 89 252 96 0 399
170 277 250 291 0 899
274 183 277 272 0 1099
110 60 144 120 0 1799
186 147 210 78 0 999
207 95 165 44 0 699
1 9 15 84 0 99
36 174 118 183 0 499
97 197 29 175 0 799
56 40 114 75 0 1299
6 3 70 29 0 99
213 416 213 323 0 1399
51 57 120 36 0 199
240 207 292 166 0 1599
309 147 266 100 0 1799
158 142 175 217 0 999
107 316 49 352 0 1899
42 354 61 283 0 1999
167 106 257 105 0 799
111 108 179 85 0 399
88 250 128 196 0 1999
86 206 5 195 0 1799
146 88 132 13 0 899
24 184 31 97 0 399
342 101 261 112 0 1099
34 68 117 57 0 199
175 86 84 89 0 899
242 337 195 380 0 1099
145 180 122 110 0 1599
227 242 141 237 0 1199
142 230 137 316 0 1299
231 145 158 164 0 1199
290 134 297 48 0 899
423 84 346 71 0 1099
192 12 175 89 0 1599
79 62 164 53 0 499
170 171 249 184 0 1099
146 305 114 247 0 1299
108 357 67 408 0 1699
48 98 135 102 0 1899
97 96 147 135 0 1399
235 236 317 248 0 699
257 262 288 323 0 1699
144 130 125 55 0 599
160 233 216 195 0 1099
28 247 47 174 0 1099
385 377 382 290 0 1799
58 360 112 321 0 699
374 216 387 293 0 1999
137 175 44 174 0 799
43 59 115 39 0 199
48 64 102 24 0 399
17 90 9 175 0 399
19 22 85 48 0 699
4 3 11 88 0 99
131 165 63 188 0 1499
241 208 314 190 0 799
136 168 109 233 0 1999
135 233 111 300 0 899
334 427 251 418 0 1899
155 49 189 109 0 999
102 123 47 160 0 1499
57 205 53 115 0 1599
24 51 68 6 0 599
24 143 113 139 0 799
83 55 101 131 0 1199
1 6 73 26 0 99
85 115 40 162 0 999
98 82 49 37 0 1999
92 255 22 278 0 1399
141 197 172 259 0 1299
60 45 134 26 0 199
182 71 169 150 0 1899
15 120 79 149 0 1599
286 80 221 109 0 1599
69 294 58 377 0 499
90 6 106 84 0 199
126 60 62 32 0 999
47 89 58 6 0 599
312 80 349 135 0 1599
4 192 80 176 0 1599
86 30 59 94 0 1499
168 88 207 36 0 1899
116 219 167 261 0 599
109 268 157 222 0 1099
245 112 285 60 0 1699
128 162 187 131 0 599
83 106 27 144 0 299
206 9 132 24 0 1799
100 120 28 101 0 699
182 112 144 168 0 1599
359 197 392 139 0 1299
134 164 151 90 0 1699
3 3 55 44 0 99
180 24 149 85 0 999
165 79 217 37 0 1599
95 106 46 64 0 399
36 159 34 69 0 299
182 359 158 429 0 1699
163 183 166 96 0 999
249 427 311 456 0 1899
189 158 278 155 0 1699
166 297 123 246 0 1299
111 133 201 131 0 1399
46 76 98 35 0 299
169 165 161 246 0 1099
413 68 389 2 0 899
80 410 139 378 0 1499
78 104 67 21 0 999
138 142 148 226 0 1199
91 4 145 41 0 199
142 118 183 69 0 799
161 227 176 301 0 1499
238 182 272 241 0 899
88 3 162 20 0 199
156 93 247 91 0 599
159 94 209 51 0 799
170 426 82 422 0 1799
42 86 108 111 0 299
9 87 50 39 0 499
383 88 363 157 0 1599
29 70 37 153 0 199
0 5 80 19 0 99
127 31 108 104 0 599
103 106 86 181 0 699
114 49 87 114 0 1899
58 174 103 127 0 1199
85 350 103 276 0 1699
85 247 98 168 0 1199
69 64 155 61 0 799
164 71 186 141 0 899
329 162 337 76 0 1299
164 221 153 141 0 1199
72 37 17 71 0 199
228 276 194 331 0 899
87 14 16 36 0 199
56 187 124 212 0 599
107 48 94 129 0 299
120 96 104 18 0 399
111 188 100 270 0 1599
0 9 2 97 0 99
128 168 209 157 0 1199
117 193 43 212 0 499
2 8 5 94 0 99
122 114 51 137 0 1199
85 154 173 157 0 799
10 95 53 145 0 199
228 123 167 152 0 1099
76 131 104 197 0 1099
279 390 354 371 0 1899
4 110 47 158 0 1099
95 237 23 259 0 599
249 345 263 265 0 1799
325 85 413 89 0 1799
61 28 7 63 0 199
256 311 198 346 0 1799
146 4 96 43 0 899
33 82 10 13 0 1499
386 314 334 272 0 1999
70 30 20 72 0 199
257 116 188 139 0 1899
72 141 99 206 0 899
51 229 14 281 0 499
338 267 302 324 0 1799
179 59 196 135 0 699
48 60 29 131 0 199
144 294 99 245 0 1199
49 329 120 350 0 1999
413 88 357 121 0 1999
279 210 266 291 0 1899
68 30 158 26 0 199
3 4 39 60 0 99
6 1 75 24 0 99
219 118 224 206 0 1999
6 3 20 79 0 99
4 2 76 23 0 99
7 213 78 194 0 1399
39 144 19 72 0 299
80 145 93 68 0 899
323 150 256 176 0 799
59 115 87 53 0 1199
411 336 320 338 0 1599
92 96 30 125 0 699
403 269 317 261 0 1599
203 141 224 210 0 599
229 94 214 20 0 999
151 130 229 114 0 899
205 51 151 13 0 1799
223 223 136 230 0 1199
178 306 89 309 0 1399
324 185 317 272 0 899
449 133 397 92 0 1099
179 240 242 211 0 1499
35 94 68 35 0 499
267 110 268 21 0 1899
328 108 248 122 0 1799
5 1 37 62 0 99
237 43 306 18 0 599
76 103 155 117 0 799
75 19 98 90 0 199
195 201 139 163 0 799
253 145 197 183 0 1999
171 260 217 308 0 1499
162 106 83 93 0 399
69 31 149 18 0 699
102 254 86 178 0 1799
101 64 20 51 0 1299
84 211 67 136 0 1699
107 102 63 147 0 999
102 214 102 308 0 1199
265 148 298 87 0 699
77 166 144 192 0 1799
162 65 249 70 0 1499
241 72 247 155 0 1599
117 68 88 133 0 299
19 255 83 230 0 699
6 257 29 328 0 699
236 185 294 216 0 599
111 194 116 280 0 399
407 131 353 169 0 1799
68 38 159 39 0 199
227 214 302 200 0 1399
310 346 257 306 0 1699
43 103 37 16 0 1099
115 136 173 102 0 899
40 48 114 68 0 399
168 119 132 176 0 599
135 58 102 119 0 1899
259 180 243 256 0 899
138 65 168 2 0 1199
90 166 59 104 0 1499
191 46 182 129 0 1099
48 52 97 11 0 199
249 169 252 78 0 799
39 112 123 103 0 999
329 228 379 272 0 1099
167 173 255 169 0 1399
37 63 92 26 0 199
217 200 183 141 0 599
179 36 208 100 0 599
229 271 274 222 0 1999
60 42 67 129 0 399
169 235 162 320 0 1799
152 146 104 100 0 599
145 142 173 207 0 399
116 24 159 73 0 799
134 146 216 135 0 1299
46 27 8 79 0 1099
214 79 297 68 0 1099
4 3 47 52 0 99
386 227 337 182 0 899
162 159 126 103 0 1299
72 123 157 128 0 299
264 66 253 149 0 1599
72 239 59 315 0 1599
70 121 27 170 0 299
177 120 246 145 0 1899
107 303 72 246 0 999
196 89 263 113 0 799
37 264 58 332 0 1799
36 40 55 114 0 299
20 117 106 123 0 1699
31 261 83 222 0 699
99 67 123 1 0 1999
60 37 22 92 0 199
236 106 253 180 0 1299
179 198 153 263 0 999
316 309 346 369 0 899
173 120 101 99 0 1599
4 3 93 0 0 99
57 334 137 325 0 799
174 223 92 212 0 1399
386 110 359 172 0 1099
114 430 145 493 0 1599
154 289 217 258 0 1699
97 36 176 51 0 499
208 15 249 67 0 1799
201 340 123 353 0 1999
117 344 69 299 0 1799
102 161 172 139 0 1099
72 131 161 130 0 499
82 84 168 91 0 499
63 180 94 240 0 599
72 39 149 55 0 599
185 132 136 87 0 1699
119 62 85 121 0 599
52 78 19 134 0 899
223 295 241 222 0 1899
210 132 300 134 0 1799
63 161 32 224 0 1199
124 195 36 199 0 899
35 128 80 176 0 999
4 3 22 77 0 99
5 2 47 52 0 299
61 245 81 318 0 1699
73 52 98 116 0 1199
152 120 152 26 0 399
67 142 3 172 0 1099
152 245 219 222 0 1099
220 12 135 21 0 999
2 3 31 68 0 99
221 416 182 364 0 1599
152 177 220 203 0 499
360 73 429 48 0 1699
311 209 366 248 0 799
116 133 184 108 0 799
45 81 118 102 0 599
242 75 161 85 0 999
159 176 92 150 0 1399
92 114 161 89 0 1199
144 55 132 137 0 1699
126 136 137 214 0 899
383 21 380 108 0 999
164 162 195 224 0 499
34 127 35 216 0 699
138 173 61 156 0 1299
25 192 107 202 0 1899
35 126 85 169 0 799
138 89 182 39 0 699
8 88 34 20 0 199
300 31 243 67 0 1599
70 35 76 122 0 599
142 141 206 169 0 699
166 346 119 299 0 1599
93 100 126 39 0 299
190 108 159 171 0 799
247 152 317 173 0 599
320 379 257 352 0 1899
245 270 157 266 0 1099
16 90 89 109 0 199
242 212 328 207 0 899
281 91 268 10 0 1199
226 158 221 72 0 699
2 4 93 2 0 99
160 85 192 23 0 1699
212 123 224 45 0 1499
172 63 151 135 0 799
170 365 150 294 0 1599
80 25 83 113 0 199
182 25 173 108 0 499
170 443 247 426 0 1899
0 5 17 82 0 99
101 295 62 244 0 1999
272 214 239 153 0 1999
235 175 173 207 0 599
83 24 84 117 0 499
124 125 122 34 0 799
305 69 341 11 0 999
6 1 73 26 0 99
297 134 342 182 0 799
340 123 298 72 0 799
196 59 168 120 0 599
152 173 166 93 0 1499
83 106 68 29 0 299
46 117 68 45 0 699
2 5 53 46 0 99
148 412 162 491 0 1499
239 121 283 71 0 1799
274 97 298 30 0 999
411 10 379 69 0 1999
74 122 151 138 0 299
120 210 162 159 0 1299
8 1 10 89 0 99
46 78 50 163 0 299
116 101 209 102 0 899
205 431 260 397 0 1899
142 463 184 416 0 1599
381 166 328 206 0 999
198 470 160 416 0 1799
2 8 64 35 0 99
243 80 276 140 0 799
208 191 201 277 0 1599
103 177 96 259 0 1699
1 9 81 0 0 99
66 34 25 87 0 199
323 293 392 270 0 1199
168 60 241 42 0 1299
101 72 150 117 0 699
101 301 70 240 0 599
172 7 155 83 0 399
156 254 89 227 0 1599
86 149 8 138 0 399
334 127 273 160 0 1299
193 114 220 47 0 1099
103 92 182 107 0 499
34 292 78 342 0 1999
68 94 128 127 0 899
127 208 132 123 0 699
202 100 248 147 0 899
307 244 277 180 0 1299
188 56 175 134 0 1899
86 84 38 128 0 1399
48 46 124 62 0 199
73 219 155 231 0 999
162 182 124 237 0 699
95 19 55 73 0 399
248 328 203 373 0 1799
42 53 24 129 0 899
2 5 29 70 0 99
30 165 79 210 0 699
309 151 318 236 0 1799
50 148 34 224 0 799
235 352 244 432 0 1399
187 286 221 346 0 1899
75 176 21 140 0 699
20 135 6 56 0 799
5 62 62 27 0 899
141 147 162 218 0 399
37 87 83 134 0 1099
237 257 158 246 0 1599
401 283 485 274 0 1499
350 173 416 147 0 1899
285 121 219 149 0 1399
102 161 59 115 0 799
107 141 56 99 0 1499
213 99 183 159 0 1599
179 9 177 100 0 899
60 165 92 105 0 899
209 107 168 160 0 999
94 39 94 128 0 599
82 76 4 91 0 1099
200 165 238 219 0 1499
49 56 2 101 0 699
16 146 105 142 0 899
173 103 160 184 0 1199
62 44 53 129 0 399
120 178 106 257 0 1699
33 105 57 36 0 499
144 25 235 24 0 299
142 327 61 338 0 1899
78 99 64 23 0 299
56 4 70 84 0 399
176 285 184 199 0 1499
262 215 333 192 0 1699
451 297 380 316 0 1799
85 9 159 28 0 1499
106 76 69 21 0 1199
72 13 72 107 0 299
168 227 191 159 0 1599
148 172 114 229 0 1099
42 72 94 109 0 299
100 145 139 93 0 399
343 4 395 42 0 1099
165 180 120 228 0 1999
68 37 120 78 0 199
23 67 85 39 0 199
3 5 21 78 0 99
6 146 45 201 0 999
151 34 234 45 0 499
85 202 45 254 0 1099
159 424 235 442 0 1699
371 132 394 202 0 1999
33 160 36 71 0 299
346 273 332 349 0 1699
306 37 336 100 0 999
317 401 374 369 0 1499
31 128 123 127 0 799
91 115 82 196 0 999
1 5 3 96 0 99
15 147 49 87 0 999
72 141 45 208 0 1099
37 65 91 105 0 599
36 71 19 145 0 199
171 121 174 32 0 1199
103 174 142 120 0 1199
164 41 248 32 0 799
43 148 5 94 0 299
161 46 99 17 0 999
38 8 128 6 0 1199
67 87 9 51 0 1199
61 218 82 291 0 499
43 109 115 129 0 1399
110 375 108 284 0 1599
332 75 390 108 0 1399
13 131 46 74 0 999
92 112 151 146 0 299
84 205 108 137 0 1699
92 124 12 138 0 799
75 253 165 249 0 1199
155 174 115 227 0 1799
46 288 65 218 0 1099
158 434 68 430 0 1799
130 247 153 180 0 1499
61 176 97 234 0 499
48 163 106 127 0 1099
274 3 319 52 0 1899
108 367 186 352 0 999
46 208 81 149 0 799
262 108 354 110 0 1799
153 316 226 295 0 1499
91 129 75 204 0 499
145 86 68 100 0 799
87 74 102 150 0 1799
66 58 13 21 0 599
95 288 129 232 0 1299
95 170 183 164 0 1299
378 271 412 213 0 1899
404 214 316 216 0 1999
107 202 27 215 0 1199
198 406 259 376 0 899
16 23 76 53 0 299
82 52 135 91 0 399
131 94 219 90 0 499
225 91 210 168 0 599
50 108 125 122 0 1299
238 47 279 97 0 399
113 48 171 14 0 699
149 50 136 126 0 599
1 5 81 18 0 99
215 189 188 124 0 1199
5 1 29 70 0 99
234 275 179 314 0 699
54 39 59 127 0 199
217 185 190 250 0 1599
132 356 147 281 0 1399
115 42 31 50 0 299
219 116 276 150 0 599
62 330 55 417 0 599
388 42 406 116 0 599
189 151 252 123 0 1699
35 64 33 156 0 899
375 240 358 163 0 1299
70 39 153 31 0 999
93 59 20 38 0 599
8 89 36 24 0 199
99 145 97 53 0 599
188 452 159 392 0 1899
83 207 124 260 0 999
129 261 216 267 0 1099
47 211 22 276 0 1399
63 31 150 24 0 199
149 103 235 98 0 499
233 370 215 296 0 1499
66 227 137 209 0 1199
174 40 134 93 0 1699
159 27 131 93 0 1799
194 157 159 213 0 1399
394 147 433 199 0 1999
144 277 82 250 0 1999
234 223 181 182 0 899
71 35 154 26 0 199
150 218 148 307 0 1699
117 30 49 7 0 999
311 250 384 230 0 799
299 122 275 52 0 1499
48 129 106 94 0 1199
134 62 210 48 0 1199
128 177 79 221 0 999
117 246 109 332 0 1099
310 398 392 408 0 1999
358 241 319 293 0 1799
64 38 157 39 0 199
144 259 150 171 0 1499
64 153 49 79 0 1999
127 427 122 342 0 1799
146 280 124 349 0 1299
8 172 52 122 0 399
261 22 349 25 0 1999
97 132 25 110 0 1299
123 101 51 79 0 1199
139 62 50 67 0 299
52 284 111 319 0 1399
128 71 63 44 0 499
60 46 92 108 0 599
92 103 157 74 0 699
142 41 90 3 0 299
84 115 169 124 0 499
276 132 227 91 0 1199
11 79 63 117 0 199
102 295 178 282 0 1399
195 189 205 272 0 1499
136 176 104 236 0 599
215 178 137 194 0 1099
237 44 167 67 0 1399
233 144 279 97 0 1199
154 134 95 165 0 799
195 139 116 125 0 899
133 13 137 102 0 299
9 1 69 30 0 99
269 67 223 115 0 1199
88 100 7 92 0 499
221 147 272 190 0 1599
135 187 127 103 0 1399
75 135 112 80 0 1599
131 128 144 209 0 899
123 47 66 84 0 799
170 51 99 28 0 699
121 105 121 197 0 1399
59 250 22 307 0 1099
307 78 323 156 0 699
191 106 235 58 0 1299
97 12 112 89 0 299
54 37 60 122 0 199
267 254 342 239 0 1699
412 191 421 276 0 1099
103 196 132 260 0 1799
196 87 184 165 0 1099
14 144 66 183 0 899
97 162 68 97 0 1299
93 41 139 88 0 699
272 233 354 224 0 999
112 187 79 129 0 999
328 3 314 82 0 1199
145 208 162 280 0 599
274 314 283 230 0 1099
43 113 22 186 0 599
121 58 56 29 0 299
201 343 173 279 0 999
115 88 198 94 0 1199
50 229 82 168 0 399
110 235 68 287 0 899
117 107 79 56 0 1099
292 114 296 25 0 1499
237 314 235 406 0 899
333 53 312 125 0 899
141 123 68 106 0 599
108 246 125 320 0 1299
136 75 192 113 0 899
71 113 26 160 0 399
90 164 4 157 0 899
198 26 279 15 0 799
149 122 93 89 0 399
79 434 159 448 0 1699
5 1 23 76 0 99
47 138 67 64 0 299
491 272 412 287 0 1699
113 161 185 141 0 1399
200 184 149 143 0 999
135 103 183 147 0 1199
55 38 25 101 0 199
94 11 150 48 0 199
89 97 170 89 0 299
130 310 163 366 0 1499
87 268 169 278 0 1499
112 139 97 60 0 1099
119 182 145 249 0 1599
63 65 108 17 0 499
132 242 49 252 0 1099
3 3 68 31 0 99
98 6 140 58 0 599
62 124 92 61 0 299
101 149 39 179 0 1999
83 17 106 86 0 999
210 110 202 25 0 1699
403 242 471 264 0 1099
67 54 62 143 0 299
276 146 278 236 0 799
97 281 84 205 0 899
294 199 271 129 0 1399
8 2 58 41 0 99
201 110 140 81 0 699
315 283 403 279 0 1399
121 159 43 173 0 399
161 39 127 94 0 499
24 71 99 54 0 299
272 56 230 108 0 1199
186 64 230 109 0 1699
103 319 83 249 0 999
308 45 383 30 0 899
32 72 118 66 0 199
46 276 75 341 0 1599
196 250 251 288 0 1099
23 68 78 104 0 199
91 233 37 193 0 999
90 234 80 317 0 1699
100 135 186 129 0 1699
16 111 80 136 0 799
52 41 126 22 0 199
14 82 76 114 0 599
136 155 189 191 0 399
34 134 110 118 0 1799
197 46 217 117 0 1799
135 194 65 218 0 1499
271 59 248 126 0 1999
189 111 216 176 0 1199
16 74 14 165 0 299
27 128 113 120 0 299
226 427 270 474 0 1799
125 136 112 57 0 699
105 115 123 42 0 699
384 24 455 2 0 1499
153 101 171 177 0 999
177 327 252 342 0 799
73 119 154 130 0 999
248 434 323 452 0 1299
107 22 127 95 0 999
262 194 323 161 0 999
52 231 142 235 0 899
117 146 136 71 0 1699
63 39 138 58 0 199
106 59 56 103 0 1299
60 102 90 40 0 1599
119 134 171 176 0 1499
201 397 249 352 0 1099
93 142 158 168 0 1999
88 9 106 83 0 699
251 337 329 321 0 1999
186 47 150 103 0 1699
115 78 128 159 0 299
45 68 10 9 0 499
298 279 378 293 0 1299
181 213 257 228 0 699
76 155 41 97 0 1799
31 217 106 198 0 799
26 125 114 131 0 1099
63 111 10 149 0 699
238 3 250 85 0 899
188 51 138 10 0 599
232 21 150 11 0 1099
340 40 406 13 0 1899
64 165 65 77 0 1399
5 3 89 10 0 99
253 158 339 155 0 1399
187 275 158 210 0 1599
317 42 391 22 0 899
47 86 102 47 0 1299
6 98 88 110 0 199
298 116 210 122 0 999
5 1 33 66 0 99
39 120 115 136 0 299
41 54 95 16 0 299
74 420 34 474 0 1999
257 51 286 115 0 1099
179 55 214 112 0 599
52 341 15 396 0 899
175 148 120 112 0 799
176 272 203 338 0 1899
131 131 46 122 0 599
376 286 458 298 0 1999
71 289 154 300 0 999
133 233 41 231 0 1399
24 78 117 77 0 199
401 99 433 37 0 1999
123 178 197 195 0 399
242 5 270 71 0 1499
242 184 277 129 0 1999
465 193 383 181 0 1799
151 178 194 127 0 1299
131 141 159 205 0 1199
88 6 80 92 0 199
213 210 220 125 0 1899
215 34 191 103 0 399
322 211 398 225 0 1899
86 230 41 183 0 1399
0 7 33 66 0 99
237 241 283 289 0 799
484 77 457 10 0 1499
206 298 277 317 0 999
194 92 126 68 0 1599
168 11 125 58 0 1299
106 292 186 282 0 1199
120 168 98 240 0 399
145 426 140 342 0 1999
45 76 129 83 0 399
72 117 97 185 0 999
93 209 9 202 0 1899
87 98 177 100 0 299
131 151 75 117 0 999
111 21 178 47 0 299
256 246 306 204 0 1799
484 178 398 173 0 1499
129 241 184 206 0 1599
213 460 289 477 0 1599
75 198 36 145 0 1499
155 17 115 70 0 699
137 230 105 173 0 999
6 1 94 5 0 99
445 11 401 59 0 1799
225 269 262 326 0 1799
214 280 153 311 0 1399
3 2 82 17 0 99
137 91 137 2 0 499
201 326 117 316 0 1699
8 234 35 172 0 1299
159 190 228 215 0 1899
62 195 18 147 0 1499
128 147 117 68 0 699
413 86 325 87 0 999
54 56 28 124 0 399
18 84 79 117 0 199
185 126 163 195 0 1999
244 129 225 56 0 1499
6 173 36 237 0 499
34 234 50 156 0 599
227 97 233 183 0 799
56 86 17 34 0 299
186 387 192 471 0 1699
93 20 71 88 0 1099
148 199 211 170 0 1099
95 173 167 194 0 699
65 71 27 127 0 399
244 264 211 321 0 999
235 264 317 255 0 1799
4 3 64 35 0 99
308 189 235 168 0 1699
137 61 59 47 0 399
136 83 198 115 0 899
356 163 434 174 0 1399
190 155 135 116 0 1499
144 116 81 145 0 399
267 362 221 409 0 1999
9 96 68 66 0 199
49 67 92 17 0 1699
73 74 159 80 0 1299
15 52 97 64 0 699
190 90 273 79 0 1399
49 99 48 191 0 899
47 195 52 106 0 999
108 179 191 188 0 1899
401 166 487 173 0 1399
192 192 161 253 0 1799
162 165 245 175 0 1399
18 151 89 132 0 1299
128 241 207 227 0 1399
276 152 289 72 0 1699
147 231 186 281 0 899
68 244 140 266 0 1599
411 4 322 2 0 1999
150 302 108 251 0 899
48 116 127 128 0 699
126 89 190 119 0 499
87 161 67 87 0 1799
121 144 124 58 0 1199
78 110 50 172 0 599
49 168 5 118 0 699
157 222 198 274 0 1599
32 100 23 183 0 399
33 143 121 139 0 999
24 178 93 155 0 1799
387 112 388 21 0 1499
45 56 94 101 0 1299
114 109 72 62 0 999
106 184 152 136 0 1999
320 112 313 29 0 1399
261 108 291 46 0 1499
62 151 111 106 0 1099
137 269 81 306 0 1699
249 215 176 233 0 1699
255 340 288 401 0 1299
105 282 105 376 0 499
8 1 64 35 0 99
29 119 34 30 0 599
53 39 139 45 0 199
452 32 363 37 0 1399
86 190 178 192 0 999
116 69 172 33 0 299
152 37 228 51 0 299
211 120 133 134 0 499
52 311 92 259 0 1699
78 309 6 328 0 1399
171 19 128 69 0 699
200 25 185 104 0 1499
0 5 70 29 0 99
230 169 186 219 0 1299
261 249 328 225 0 1299
117 180 99 104 0 899
418 90 350 115 0 1899
155 147 81 165 0 1399
118 137 179 168 0 1099
113 153 158 104 0 399
77 19 79 111 0 199
147 104 204 140 0 399
175 176 112 145 0 1899
130 26 137 113 0 599
177 205 211 146 0 1099
84 118 144 85 0 499
63 31 0 58 0 199
133 126 66 101 0 1299
46 76 133 83 0 399
82 187 41 134 0 1099
8 2 47 52 0 99
308 128 284 196 0 799
30 46 74 95 0 1499
406 187 370 130 0 1399
23 146 90 173 0 1699
99 174 21 185 0 1799
268 125 306 179 0 1499
138 95 46 93 0 1099
225 60 142 71 0 1699
135 145 225 149 0 799
182 237 200 311 0 1299
63 149 106 98 0 1399
395 285 425 226 0 1299
4 1 31 68 0 99
100 45 66 104 0 399
16 275 103 269 0 1599
80 395 55 328 0 1899
65 70 155 66 0 1099
496 287 449 240 0 1099
1 6 18 81 0 99
20 188 27 104 0 499
39 72 2 20 0 399
201 174 266 148 0 799
124 178 191 151 0 599
206 97 251 146 0 699
290 137 286 51 0 1899
399 491 340 459 0 1899
190 135 250 101 0 1099
167 128 252 133 0 899
25 76 63 131 0 399
110 59 78 118 0 1199
48 120 136 114 0 1399
21 345 86 372 0 1999
82 121 163 108 0 499
238 19 252 99 0 699
213 248 148 220 0 1199
85 196 177 194 0 1099
65 114 60 26 0 599
89 388 31 352 0 1099
102 159 186 149 0 1299
57 205 8 248 0 799
143 167 205 137 0 1199
59 95 85 163 0 599
155 1 127 64 0 1899
103 96 132 158 0 1399
158 119 117 66 0 499
319 45 244 28 0 1999
41 117 93 159 0 799
99 350 183 345 0 1799
123 209 187 182 0 1099
38 60 93 94 0 1699
328 28 289 82 0 1499
272 186 235 240 0 1299
48 63 129 52 0 899
53 143 124 121 0 1099
6 35 64 71 0 299
5 209 59 248 0 899
161 243 90 220 0 1399
117 208 75 260 0 1099
259 145 273 67 0 1599
18 161 99 152 0 299
272 152 263 237 0 1999
198 297 249 340 0 1699
296 129 221 148 0 1499
45 116 91 162 0 499
0 5 6 93 0 99
150 140 189 195 0 1399
161 179 223 209 0 1199
32 45 44 125 0 299
353 206 294 173 0 1699
276 35 319 84 0 1699
257 94 319 67 0 1799
176 203 238 234 0 599
118 113 84 57 0 699
338 143 396 107 0 1099
70 150 140 172 0 399
130 309 130 398 0 1599
177 244 144 185 0 1499
120 435 145 369 0 1999
127 69 61 93 0 1199
65 102 114 59 0 1699
173 18 174 108 0 399
88 117 102 197 0 1299
122 192 77 143 0 1199
186 216 160 149 0 1299
267 58 344 46 0 1999
53 40 53 133 0 199
98 219 7 216 0 1699
28 78 69 27 0 199
224 130 270 176 0 1799
95 158 25 182 0 499
55 255 74 180 0 1199
1 255 88 260 0 1999
226 113 197 173 0 1199
96 258 105 173 0 1199
302 219 286 297 0 899
107 166 79 100 0 899
78 96 45 157 0 999
42 155 118 137 0 1099
114 143 60 108 0 1199
210 103 140 124 0 599
119 62 153 7 0 1399
130 353 163 409 0 1599
303 189 211 188 0 1899
171 173 99 193 0 1599
156 100 186 40 0 1799
20 246 34 322 0 1199
375 343 415 396 0 1499
405 239 454 199 0 1699
69 69 56 148 0 399
102 407 26 425 0 1299
145 8 193 51 0 999
98 186 135 129 0 1199
153 190 68 183 0 499
256 231 176 241 0 1499
111 310 190 299 0 1699
97 115 86 197 0 899
82 195 151 171 0 999
1 5 24 75 0 99
108 206 105 293 0 1199
389 88 402 8 0 1999
63 88 127 117 0 1399
64 133 114 177 0 1899
91 141 4 148 0 1199
17 109 72 72 0 399
116 409 53 382 0 1699
146 304 106 250 0 1999
130 113 130 21 0 1499
159 242 212 280 0 1199
81 104 113 164 0 299
423 84 334 82 0 799
104 233 76 170 0 1399
221 64 271 107 0 1199
261 15 300 70 0 599
269 103 262 189 0 1299
85 170 46 115 0 499
326 159 337 76 0 1099
150 142 84 115 0 1499
191 253 131 283 0 1999
8 237 65 203 0 599
229 378 206 310 0 1599
219 133 288 109 0 1099
209 417 152 385 0 1299
225 149 210 226 0 1999
61 315 111 274 0 1299
123 263 152 200 0 1799
76 125 94 199 0 499
257 335 332 317 0 1299
158 423 169 344 0 1499
83 22 51 83 0 199
169 162 81 167 0 1799
266 437 296 374 0 1799
317 109 294 42 0 599
128 45 216 43 0 1099
232 95 318 89 0 699
317 93 383 65 0 799
78 144 0 156 0 1799
300 373 387 368 0 1699
79 21 62 98 0 199
214 247 182 185 0 1699
76 135 76 41 0 899
326 122 343 199 0 1399
53 45 135 35 0 999
356 114 448 116 0 1599
77 19 6 42 0 199
97 142 143 95 0 399
360 93 296 121 0 1899
118 169 121 255 0 799
357 170 362 259 0 1699
146 64 113 125 0 1199
157 30 169 108 0 299
5 5 36 63 0 99
108 141 117 226 0 499
271 121 182 122 0 1799
188 198 162 131 0 699
155 132 239 139 0 799
40 113 113 134 0 299
140 61 148 147 0 299
48 21 138 22 0 1799
32 172 73 224 0 899
115 75 105 157 0 999
106 257 133 324 0 499
100 126 34 149 0 499
364 232 437 252 0 1499
143 120 54 123 0 1299
149 251 166 328 0 999
141 301 215 286 0 1899
143 199 71 180 0 899
4 2 80 19 0 99
80 25 143 55 0 199
125 75 86 22 0 399
187 106 116 124 0 399
106 167 53 128 0 1099
0 5 66 33 0 99
154 258 177 188 0 699
53 128 19 70 0 299
33 203 105 181 0 1999
131 78 43 72 0 499
0 6 23 76 0 99
380 74 462 62 0 1399
5 1 44 55 0 99
86 271 39 318 0 1699
86 290 1 285 0 1999
2 3 30 69 0 99
136 339 134 429 0 1699
142 54 189 9 0 399
141 197 93 242 0 699
117 332 85 274 0 899
6 4 94 5 0 99
239 137 279 83 0 1399
106 53 102 138 0 799
78 245 101 174 0 1099
137 114 93 164 0 699
122 27 141 100 0 899
8 145 62 107 0 1299
99 39 79 110 0 499
147 123 184 178 0 399
113 293 45 317 0 1399
104 473 145 423 0 1199
176 40 119 8 0 699
10 134 26 211 0 499
60 138 0 104 0 1399
4 100 46 51 0 1499
219 320 220 409 0 1699
358 70 270 75 0 1699
168 237 164 148 0 1799
223 12 196 77 0 1299
4 3 46 53 0 99
2 8 73 26 0 99
73 21 156 32 0 199
174 223 98 241 0 899
138 58 156 132 0 599
275 254 320 303 0 899
226 44 171 7 0 599
140 139 105 195 0 399
19 147 70 189 0 899
433 35 367 61 0 999
151 303 225 323 0 999
4 2 33 66 0 99
188 377 113 359 0 1199
26 49 25 140 0 299
108 174 56 132 0 599
91 438 180 435 0 1499
32 153 66 95 0 299
75 90 46 27 0 1699
13 83 41 19 0 199
90 94 67 24 0 499
101 146 95 232 0 899
42 56 92 96 0 1199
169 119 132 65 0 699
138 219 146 137 0 499
94 28 129 86 0 299
161 137 81 149 0 1399
227 25 263 79 0 399
395 139 339 104 0 1299
148 238 105 189 0 999
131 201 70 231 0 1099
251 175 249 267 0 999
229 17 181 62 0 1099
188 63 241 101 0 1199
3 2 70 29 0 99
195 127 127 152 0 699
46 85 68 14 0 399
106 78 104 169 0 1699
105 289 91 209 0 1599
157 112 216 143 0 1499
103 333 147 285 0 1199
196 162 161 221 0 1999
475 75 383 76 0 1499
88 85 146 51 0 299
108 274 106 366 0 1399
10 193 52 141 0 299
409 127 336 148 0 1999
114 66 184 87 0 1699
106 97 108 189 0 299
52 198 82 138 0 1399
214 247 194 177 0 899
144 475 138 388 0 1999
59 119 144 127 0 299
24 75 75 35 0 199
109 307 169 278 0 1299
100 80 189 84 0 1099
47 94 48 2 0 999
129 325 66 354 0 1599
163 227 220 192 0 799
322 154 253 133 0 999
163 266 189 199 0 1999
192 136 231 82 0 699
143 45 103 98 0 299
253 355 295 305 0 1199
90 73 84 161 0 299
140 95 149 179 0 999
72 269 147 286 0 1099
65 129 51 53 0 599
72 289 120 244 0 999
130 102 200 81 0 699
209 101 169 150 0 899
306 166 383 152 0 1899
484 67 419 43 0 1799
54 171 17 115 0 799
137 64 121 142 0 1699
207 145 120 149 0 899
244 189 332 191 0 1299
367 339 278 335 0 1299
126 85 155 25 0 599
69 214 93 284 0 499
104 127 133 64 0 499
73 220 91 149 0 1599
96 360 93 273 0 1799
280 39 256 107 0 1699
457 368 494 311 0 1899
24 206 94 230 0 1799
163 257 91 278 0 1299
127 312 71 349 0 1599
58 127 103 176 0 1099
255 61 332 45 0 699
105 108 43 77 0 599
245 140 189 177 0 1999
227 335 218 252 0 1199
197 131 221 198 0 1099
67 92 61 4 0 1299
203 50 218 128 0 1999
282 229 286 140 0 999
169 201 155 124 0 899
74 143 6 169 0 1699
186 111 239 70 0 899
127 39 212 31 0 1899
288 42 216 25 0 499
59 150 65 237 0 1399
89 15 0 20 0 199
73 8 19 43 0 799
138 64 227 68 0 1899
43 63 24 136 0 199
127 98 184 66 0 1399
212 229 271 196 0 1499
47 172 108 139 0 899
143 4 58 13 0 1699
385 125 362 56 0 799
290 177 202 180 0 1399
136 73 159 142 0 1299
142 173 149 88 0 1699
108 148 108 54 0 1999
24 76 71 121 0 199
218 74 280 101 0 1099
171 119 247 136 0 899
287 145 196 143 0 1899
44 162 101 199 0 1799
75 107 5 130 0 899
372 13 451 28 0 1299
393 216 325 240 0 899
18 171 100 183 0 299
118 99 76 149 0 1699
87 162 80 75 0 499
80 314 146 286 0 1799
191 225 169 156 0 1499
257 129 246 207 0 1699
31 221 80 177 0 899
227 235 254 300 0 1399
118 397 142 465 0 1299
150 326 160 243 0 1299
60 36 83 103 0 199
308 181 278 241 0 1299
105 264 27 249 0 1399
110 132 152 184 0 399
301 206 321 278 0 1499
189 346 249 377 0 1799
395 116 320 134 0 1999
2 171 20 98 0 399
347 362 398 405 0 1499
59 340 140 327 0 1499
169 30 199 90 0 299
200 96 129 75 0 399
412 372 372 424 0 1799
41 166 58 243 0 1099
123 174 75 220 0 1299
54 47 45 131 0 199
65 33 61 122 0 299
461 306 428 366 0 1399
134 23 151 100 0 499
367 444 383 370 0 1699
104 79 127 150 0 499
277 228 280 317 0 1699
97 277 103 360 0 1499
130 163 76 123 0 1499
46 89 107 122 0 1099
210 307 142 284 0 1599
169 107 140 168 0 1599
87 367 130 414 0 1999
8 2 76 23 0 99
106 101 21 97 0 1199
45 148 118 167 0 299
124 178 120 264 0 1399
77 315 142 288 0 1799
121 242 92 182 0 1399
52 137 135 148 0 699
253 104 258 189 0 499
67 264 74 177 0 699
110 194 201 197 0 599
157 211 95 242 0 899
143 54 59 64 0 299
343 241 406 212 0 1999
284 200 326 251 0 1899
18 24 85 46 0 1299
398 116 440 164 0 1599
79 348 38 398 0 1399
65 91 9 56 0 1099
287 131 371 138 0 1899
53 65 142 66 0 1399
19 99 43 168 0 699
315 100 383 121 0 1199
88 75 117 15 0 799
189 61 241 103 0 1199
76 191 61 112 0 499
20 74 58 130 0 199
164 55 149 131 0 1399
52 41 7 89 0 199
103 368 128 301 0 699
50 115 124 135 0 499
294 220 327 163 0 1599
136 268 112 198 0 1199
17 218 91 203 0 799
135 213 212 197 0 699
110 110 165 149 0 1999
121 106 94 172 0 1599
85 173 4 181 0 1699
385 61 454 85 0 899
77 30 162 36 0 199
74 112 161 118 0 499
131 263 85 218 0 699
60 44 65 133 0 199
373 432 315 400 0 1899
53 134 59 48 0 1099
265 181 329 152 0 1499
162 368 120 420 0 1399
164 85 147 12 0 699
115 68 94 137 0 699
60 61 111 21 0 599
20 52 71 95 0 399
152 209 174 138 0 1799
261 7 330 32 0 1399
266 426 193 407 0 1399
78 216 132 178 0 1399
308 276 285 205 0 1799
441 155 490 199 0 1699
99 42 159 74 0 299
60 70 117 104 0 499
143 278 113 342 0 1899
100 67 144 20 0 399
174 415 161 494 0 1699
4 3 69 30 0 99
185 110 226 162 0 599
139 141 63 123 0 399
12 111 28 187 0 1699
292 123 374 112 0 1999
200 71 131 94 0 1099
418 64 485 40 0 1699
191 88 189 178 0 899
315 201 372 166 0 1599
4 3 21 78 0 99
90 119 67 189 0 1399
359 155 421 125 0 1799
3 5 24 75 0 99
9 320 93 310 0 1899
113 103 50 134 0 599
210 202 166 252 0 999
84 130 92 44 0 1199
200 197 170 134 0 1599
79 265 152 286 0 1199
85 159 41 109 0 399
119 150 38 138 0 399
112 45 187 61 0 1199
146 291 124 363 0 1899
123 43 108 122 0 1999
75 91 166 90 0 599
228 194 171 157 0 999
116 140 205 137 0 399
76 213 101 281 0 399
151 105 138 24 0 399
162 187 240 172 0 1999
177 169 117 201 0 1199
75 125 122 79 0 299
94 130 119 63 0 1399
107 80 123 2 0 899
234 155 222 234 0 1799
12 73 52 127 0 1899
249 183 219 122 0 1699
39 71 110 48 0 599
82 123 18 94 0 1599
60 38 16 88 0 599
57 221 103 175 0 1199
1 9 50 49 0 99
178 100 125 141 0 1599
292 319 371 305 0 1199
44 90 69 22 0 1099
352 131 438 125 0 1699
96 87 170 67 0 899
66 57 105 111 0 399
115 12 206 9 0 899
159 63 198 115 0 1099
20 80 100 66 0 599
22 81 63 133 0 199
217 139 160 104 0 1399
128 86 87 135 0 1399
32 213 63 152 0 1499
196 64 192 152 0 1399
101 134 144 88 0 399
86 256 4 247 0 899
88 171 121 231 0 399
6 1 54 45 0 99
30 212 3 148 0 1499
135 171 66 193 0 699
28 11 107 26 0 1299
6 223 28 290 0 599
282 21 296 101 0 499
402 103 443 55 0 1199
117 241 117 331 0 999
19 112 34 33 0 899
39 197 116 214 0 999
105 63 79 128 0 499
113 60 27 66 0 1099
20 88 35 163 0 199
21 383 30 466 0 1599
198 255 278 243 0 1299
0 5 71 28 0 99
230 179 263 120 0 699
121 357 128 440 0 1599
237 367 261 436 0 1699
273 149 186 153 0 899
75 127 108 71 0 1099
205 74 289 83 0 799
76 90 16 123 0 299
72 98 101 161 0 1399
186 28 216 91 0 699
75 390 67 309 0 1799
136 112 65 92 0 1299
78 43 94 119 0 1299
73 49 51 120 0 899
98 68 87 151 0 399
161 398 99 368 0 899
74 99 97 29 0 1199
110 56 126 132 0 1199
4 254 81 239 0 999
380 444 367 364 0 1099
258 185 211 139 0 1599
16 169 45 104 0 299
111 125 80 188 0 999
135 466 181 420 0 1899
232 164 281 123 0 1999
47 13 50 102 0 1399
122 220 92 282 0 1599
271 201 345 221 0 1599
247 406 206 454 0 1599
32 59 108 42 0 799
112 33 108 123 0 1899
120 20 44 5 0 1299
136 256 43 257 0 799
3 3 10 89 0 99
141 95 219 111 0 999
84 195 122 251 0 1299
197 183 138 148 0 1199
34 155 106 175 0 1099
143 109 222 95 0 699
52 89 135 99 0 599
449 5 492 52 0 1599
166 242 81 247 0 999
202 12 167 66 0 1699
4 1 48 51 0 99
159 246 199 192 0 1499
125 156 88 208 0 399
170 66 172 157 0 1099
133 188 88 139 0 1899
19 118 42 189 0 899
131 54 62 78 0 1399
93 61 20 80 0 599
183 311 175 397 0 1199
203 91 168 150 0 999
176 74 191 152 0 1899
30 270 119 271 0 1599
343 359 374 300 0 1599
75 36 167 38 0 699
320 366 284 419 0 1899
110 175 155 131 0 799
2 3 54 45 0 99
153 83 144 0 0 1599
186 99 186 5 0 1499
96 320 109 239 0 1199
94 182 17 169 0 799
89 109 9 97 0 1999
101 261 75 329 0 1999
55 53 44 132 0 199
351 437 286 461 0 1699
128 77 42 85 0 499
87 0 83 86 0 499
171 178 260 181 0 1099
172 74 204 136 0 799
149 48 91 14 0 699
130 72 196 95 0 1899
208 348 296 354 0 799
193 255 220 189 0 1499
5 4 33 66 0 99
232 120 145 113 0 999
87 11 71 89 0 199
258 47 214 95 0 1099
10 272 81 253 0 799
130 194 48 203 0 1699
65 147 60 62 0 399
120 44 64 81 0 1899
385 103 392 16 0 1999
133 122 106 57 0 1299
89 16 39 59 0 199
41 56 111 80 0 299
118 83 86 26 0 399
92 34 107 112 0 899
100 274 69 211 0 1799
114 263 149 322 0 899
380 216 405 151 0 1199
62 150 114 111 0 899
222 126 257 185 0 599
47 383 122 400 0 1199
392 124 466 139 0 1899
124 160 170 115 0 1299
369 87 340 150 0 1799
165 102 141 170 0 1899
368 160 343 92 0 1299
191 196 225 136 0 1699
290 157 226 186 0 1799
86 328 161 310 0 899
228 218 149 229 0 1999
0 8 48 51 0 99
171 148 182 68 0 1599
211 363 159 323 0 1399
84 200 156 178 0 999
2 55 21 129 0 399
128 94 190 126 0 599
0 5 46 53 0 99
343 455 398 492 0 1999
322 290 240 301 0 1899
444 46 420 111 0 1299
105 196 72 140 0 799
150 140 227 123 0 1199
455 207 394 239 0 1899
83 174 72 95 0 499
102 21 45 58 0 499
489 288 443 240 0 1899
240 65 271 128 0 1699
24 28 19 116 0 299
61 20 137 36 0 1099
67 7 142 24 0 1999
158 246 158 152 0 1399
91 366 118 430 0 1599
270 111 314 161 0 1299
61 93 64 182 0 399
2 6 89 2 0 99
56 152 126 174 0 599
161 400 215 435 0 1999
15 53 105 57 0 799
200 153 180 81 0 699
25 67 91 93 0 199
211 212 256 260 0 999
289 379 324 321 0 1099
112 52 114 139 0 1299
74 18 42 78 0 199
181 156 136 204 0 999
68 27 103 86 0 299
96 385 151 423 0 1999
256 117 256 206 0 1799
484 94 396 100 0 1599
371 137 281 140 0 1499
357 2 370 83 0 1499
37 340 116 355 0 1299
64 183 130 208 0 399
264 83 241 154 0 1699
143 455 67 441 0 1799
57 229 129 249 0 599
140 63 134 151 0 699
32 61 16 138 0 199
53 127 38 49 0 899
215 269 230 348 0 1599
264 53 244 124 0 1599
77 47 31 94 0 499
298 244 225 264 0 1699
263 112 333 136 0 699
326 171 301 106 0 1699
152 24 227 38 0 499
2 4 6 93 0 99
211 179 140 201 0 1299
138 201 140 109 0 1499
132 159 144 78 0 1199
81 140 53 77 0 599
57 49 141 41 0 199
194 73 219 139 0 999
58 42 0 10 0 199
136 54 152 128 0 399
56 143 133 128 0 299
70 34 58 116 0 199
181 197 143 146 0 499
361 78 382 8 0 799
49 49 113 79 0 199
134 95 206 114 0 599
350 69 273 53 0 999
5 2 22 77 0 99
79 58 108 123 0 899
62 276 129 303 0 1399
237 59 148 63 0 1699
4 4 50 49 0 99
108 263 105 354 0 1299
227 273 155 294 0 1299
170 275 135 221 0 599
4 1 86 13 0 99
42 163 97 129 0 599
315 362 235 375 0 1399
5 2 13 86 0 99
56 173 17 120 0 1499
103 113 42 81 0 699
152 25 110 77 0 699
192 342 131 310 0 1499
111 160 91 90 0 899
70 163 107 219 0 599
30 125 98 99 0 299
29 123 95 95 0 399
102 162 90 80 0 799
0 6 77 22 0 99
78 388 169 390 0 899
99 305 66 244 0 1599
194 37 242 80 0 1799
110 111 49 80 0 1899
117 353 77 300 0 1899
343 84 287 118 0 1899
230 417 154 435 0 1299
260 216 239 146 0 1699
58 62 85 124 0 299
210 400 187 332 0 1899
105 95 16 91 0 299
31 170 103 192 0 499
256 348 216 294 0 1799
53 130 58 217 0 299
183 91 270 93 0 899
22 103 95 122 0 299
181 131 264 122 0 1599
66 85 67 174 0 699
342 48 274 27 0 1299
107 296 136 361 0 1299
213 0 168 47 0 1499
117 117 67 158 0 1699
343 307 290 347 0 1899
260 97 231 157 0 799
75 27 141 55 0 199
118 77 50 101 0 1899
489 107 410 119 0 1099
76 109 46 45 0 1499
73 128 150 143 0 499
189 126 279 128 0 699
165 103 202 160 0 1399
93 275 112 202 0 1599
186 145 154 83 0 1099
49 104 131 115 0 1599
194 176 136 212 0 1799
389 10 424 66 0 999
44 143 96 102 0 399
75 112 154 127 0 299
476 268 460 191 0 1899
35 126 114 113 0 299
144 81 103 30 0 499
127 76 190 45 0 1699
139 170 86 211 0 899
306 142 242 114 0 1799
26 142 31 53 0 399
278 179 284 92 0 1999
2 4 84 15 0 99
63 12 64 104 0 399
259 130 290 188 0 1599
44 0 74 64 0 1399
159 89 145 14 0 499
131 103 136 188 0 1199
189 67 138 109 0 699
420 280 388 219 0 1899
14 231 24 150 0 1799
168 357 138 294 0 1799
387 75 367 149 0 1599
218 306 214 220 0 1199
68 422 147 434 0 1899
270 153 240 93 0 699
53 456 78 390 0 1799
222 309 167 347 0 1599
158 205 78 191 0 1699
63 154 23 206 0 1099
96 191 39 155 0 399
191 87 107 79 0 399
260 144 237 215 0 799
126 200 209 209 0 1199
2 5 65 34 0 99
251 98 171 110 0 1299
139 12 50 14 0 1199
74 163 74 254 0 599
193 65 272 51 0 1099
73 128 163 124 0 299
66 248 72 335 0 899
130 224 48 236 0 1199
175 129 208 189 0 499
89 92 66 159 0 1499
190 195 123 169 0 1599
158 237 83 252 0 1699
66 29 23 79 0 199
203 115 157 161 0 1799
2 8 46 53 0 99
58 73 110 112 0 399
119 3 211 5 0 799
193 138 205 57 0 1999
0 9 34 65 0 99
229 276 251 204 0 1499
53 51 135 39 0 199
159 49 145 129 0 1199
241 97 298 134 0 799
50 326 111 356 0 1099
156 216 111 172 0 499
114 110 194 124 0 1399
428 65 384 15 0 1099
128 228 146 304 0 799
204 34 265 67 0 1999
179 8 189 89 0 799
105 396 162 363 0 1299
86 72 12 54 0 599
134 60 174 11 0 299
51 106 55 21 0 1599
88 21 157 43 0 399
233 121 168 148 0 1999
149 186 235 192 0 699
127 130 38 134 0 1399
191 202 193 110 0 1699
60 38 129 13 0 199
312 180 299 99 0 1599
322 268 377 306 0 1499
151 360 162 443 0 1899
264 163 179 170 0 1499
45 164 124 149 0 699
59 350 58 257 0 1099
62 310 16 263 0 1899
4 5 81 18 0 99
1 4 16 83 0 99
81 188 105 253 0 1399
50 106 133 117 0 1599
220 89 197 19 0 1399
198 25 289 24 0 1499
45 237 99 198 0 1699
11 73 45 131 0 799
137 198 211 179 0 999
216 55 304 54 0 599
114 93 23 95 0 399
178 150 115 119 0 799
120 181 48 202 0 599
117 25 130 101 0 299
235 84 258 154 0 799
178 319 236 283 0 1699
80 10 164 4 0 199
265 200 179 193 0 1599
148 144 209 116 0 1499
68 83 76 166 0 1999
5 218 57 177 0 399
241 74 161 62 0 1899
158 35 126 92 0 1199
179 91 216 34 0 399
6 1 96 3 0 99
262 35 186 49 0 699
116 81 125 166 0 299
281 81 232 125 0 899
47 86 115 111 0 1599
100 231 37 202 0 1899
252 293 307 255 0 1999
227 127 209 52 0 1299
313 153 271 204 0 1499
48 170 116 196 0 799
102 84 129 22 0 499
156 101 213 138 0 1699
59 191 122 160 0 599
162 133 212 175 0 1699
95 74 182 78 0 1799
129 103 172 154 0 599
304 88 216 82 0 999
123 78 161 24 0 699
279 106 364 98 0 1199
84 11 31 51 0 199
184 122 107 105 0 1599
81 206 21 238 0 1099
68 209 53 283 0 999
366 185 369 94 0 1699
105 112 57 67 0 599
58 123 41 51 0 399
103 93 182 108 0 399
4 4 43 56 0 99
44 61 33 143 0 199
30 120 91 153 0 399
39 65 23 143 0 199
151 126 71 114 0 499
65 241 49 319 0 999
347 375 272 389 0 1899
39 350 83 400 0 1499
299 311 281 387 0 1799
365 397 318 439 0 1899
87 58 46 5 0 1299
19 133 78 167 0 499
170 11 166 99 0 1299
228 39 175 1 0 399
172 128 101 106 0 1499
82 224 99 148 0 1299
97 229 49 188 0 1699
165 10 174 95 0 1499
85 116 82 25 0 299
87 58 92 146 0 1599
9 273 72 244 0 999
322 107 362 157 0 1499
17 77 35 3 0 199
128 105 213 109 0 399
102 209 181 199 0 1599
64 63 91 130 0 899
220 118 228 202 0 1999
61 180 16 229 0 899
91 44 34 12 0 399
62 37 147 45 0 1999
42 132 121 118 0 1099
230 128 250 202 0 799
36 237 44 323 0 1099
447 157 494 110 0 999
106 99 75 160 0 1499
45 51 101 87 0 399
163 92 146 15 0 699
301 238 335 183 0 1599
339 241 290 284 0 1799
1 119 87 111 0 399
121 139 126 225 0 1899
345 229 346 321 0 1499
185 300 213 235 0 1399
34 64 0 6 0 199
167 114 88 127 0 699
7 2 53 46 0 99
33 30 54 103 0 299
182 213 113 234 0 1699
49 164 69 91 0 1599
79 25 40 80 0 199
251 42 341 38 0 1099
22 181 112 179 0 1299
58 143 117 178 0 699
89 70 86 159 0 1499
76 195 10 223 0 1299
27 197 5 125 0 1799
5 2 57 42 0 99
374 185 297 169 0 1999
322 441 269 482 0 1899
145 216 176 158 0 1799
114 107 43 87 0 799
131 74 124 161 0 899
65 33 65 127 0 199
123 176 116 89 0 699
65 65 109 110 0 499
200 247 151 206 0 1699
448 209 487 263 0 1599
95 102 94 11 0 699
4 2 59 40 0 99
148 274 234 280 0 599
64 27 120 62 0 199
54 37 137 45 0 199
162 364 95 390 0 1899
197 333 186 250 0 999
50 111 102 74 0 1999
107 100 95 177 0 399
236 57 165 36 0 699
70 114 66 199 0 699
158 83 244 89 0 699
29 33 119 32 0 699
96 95 131 152 0 299
160 75 207 32 0 699
5 42 24 115 0 299
20 118 100 106 0 399
181 228 96 232 0 1799
210 12 242 72 0 799
116 317 49 294 0 1899
83 168 109 236 0 1499
192 153 127 129 0 1799
145 86 175 22 0 899
40 80 81 28 0 699
25 53 79 92 0 1099
216 85 187 149 0 599
401 210 470 235 0 1099
262 132 184 118 0 1399
84 309 95 227 0 1799
57 112 19 56 0 499
85 126 17 102 0 699
0 8 44 55 0 99
315 151 381 127 0 1999
1 29 11 108 0 499
72 163 140 137 0 899
4 2 56 43 0 99
167 35 96 57 0 499
136 153 100 98 0 999
119 242 198 227 0 1699
95 75 173 91 0 399
112 282 19 283 0 1999
162 248 169 335 0 799
156 37 232 23 0 299
61 133 70 218 0 399
165 68 209 20 0 1699
343 99 404 67 0 1099
45 87 45 177 0 599
34 216 99 192 0 1699
166 205 143 276 0 499
164 79 253 83 0 1399
210 45 137 26 0 899
55 27 142 33 0 1699
2 3 39 60 0 99
127 22 142 99 0 1299
96 9 176 22 0 199
120 316 114 232 0 1999
225 67 292 94 0 399
95 152 29 125 0 599
291 11 349 47 0 599
234 42 206 107 0 499
242 92 289 139 0 799
305 71 237 48 0 899
41 53 114 32 0 199
150 162 209 195 0 999
164 265 100 238 0 599
173 350 257 344 0 1699
47 120 67 51 0 1399
349 417 287 386 0 1099
128 42 173 91 0 399
397 58 363 118 0 1899
132 17 161 81 0 1599
167 201 179 121 0 1599
129 139 139 223 0 999
0 5 30 69 0 99
96 27 39 64 0 299
16 159 107 158 0 299
75 21 152 6 0 199
48 13 42 99 0 1699
210 311 223 230 0 1699
209 47 160 92 0 1399
3 4 68 31 0 99
4 1 92 7 0 99
82 125 58 55 0 499
75 178 82 94 0 1799
27 371 111 361 0 1599
191 147 197 233 0 999
117 87 114 178 0 1799
161 196 150 113 0 1899
284 193 231 152 0 1099
100 372 50 416 0 999
99 89 87 9 0 399
55 50 36 124 0 199
92 201 94 112 0 1999
246 78 334 75 0 699
78 30 20 62 0 199
189 278 226 223 0 1299
108 280 94 360 0 1199
88 146 50 91 0 499
268 253 332 282 0 1399
140 143 113 77 0 999
37 235 5 297 0 599
103 124 35 99 0 1199
154 153 190 209 0 699
62 127 74 45 0 899
464 231 379 237 0 1199
56 115 118 84 0 1799
266 173 223 222 0 1899
0 8 70 29 0 99
24 58 14 142 0 1599
12 139 58 91 0 1699
30 96 23 10 0 299
240 145 168 165 0 899
250 125 226 195 0 899
84 153 134 195 0 1099
57 5 90 65 0 699
73 62 91 138 0 899
35 424 103 445 0 1399
50 58 67 133 0 399
36 76 76 130 0 599
166 104 206 154 0 599
66 246 138 263 0 1099
137 96 69 120 0 1099
4 1 56 43 0 99
125 117 143 46 0 699
170 434 223 475 0 1799
39 150 29 66 0 1699
160 107 125 161 0 1399
84 120 28 86 0 599
78 171 137 138 0 1699
53 4 108 39 0 499
70 482 90 412 0 1199
2 3 52 47 0 99
90 234 54 288 0 1199
172 327 252 318 0 1799
183 188 201 259 0 1199
92 38 117 105 0 599
111 104 39 83 0 1399
185 351 235 391 0 1799
38 122 36 214 0 799
258 114 338 128 0 1199
204 197 143 225 0 799
22 104 15 17 0 1199
187 159 175 79 0 1599
160 157 169 72 0 1699
250 337 281 276 0 899
10 77 83 61 0 399
330 14 367 70 0 1299
120 69 109 152 0 299
420 172 327 173 0 1399
76 113 160 103 0 299
221 249 182 303 0 1299
82 46 62 116 0 999
0 6 19 80 0 99
16 90 107 89 0 199
145 120 163 195 0 1399
137 49 152 127 0 299
139 103 129 183 0 399
120 182 120 93 0 499
69 205 103 261 0 799
77 20 61 97 0 199
250 334 253 425 0 999
73 129 38 183 0 299
45 92 133 97 0 1199
245 93 323 106 0 499
343 188 273 164 0 1699
186 245 97 240 0 1099
421 103 391 43 0 1399
251 91 204 45 0 1899
4 3 75 24 0 99
158 114 77 122 0 899
293 69 328 10 0 1199
84 118 62 185 0 899
248 163 243 74 0 1699
210 73 229 3 0 399
3 5 59 40 0 99
20 89 71 132 0 299
22 172 85 146 0 1699
44 74 2 123 0 299
227 372 242 451 0 1699
101 90 53 44 0 1099
89 78 89 168 0 699
194 3 251 39 0 799
311 84 271 138 0 1299
169 232 213 280 0 1499
159 486 202 440 0 1799
304 116 267 60 0 1899
72 94 60 175 0 499
98 158 146 202 0 599
78 103 65 27 0 799
163 82 74 77 0 499
39 53 82 102 0 199
59 121 14 165 0 499
102 4 134 66 0 399
297 115 326 50 0 1199
19 85 60 32 0 199
331 153 377 109 0 999
118 27 97 98 0 299
56 36 58 126 0 199
5 141 88 133 0 1299
2 3 65 34 0 99
213 89 156 53 0 1899
152 286 201 243 0 1399
218 69 184 124 0 599
188 38 138 82 0 599
104 192 41 161 0 1199
377 38 381 127 0 1599
6 190 78 169 0 1899
174 128 90 133 0 499
51 102 44 189 0 1099
16 95 21 179 0 399
137 152 134 62 0 1799
239 111 314 130 0 1599
88 51 102 130 0 799
80 167 61 95 0 599
133 103 47 110 0 1499
94 72 168 87 0 299
125 450 113 368 0 1899
64 229 34 168 0 1599
95 94 188 93 0 1299
102 95 137 36 0 299
112 375 25 368 0 1499
382 170 446 200 0 1399
105 355 122 430 0 1599
270 66 191 77 0 1399
118 42 45 61 0 1199
47 257 84 200 0 1199
218 312 150 287 0 1099
177 86 204 21 0 1899
86 190 36 149 0 499
78 275 6 293 0 1299
220 436 228 355 0 1699
102 158 58 208 0 1799
313 319 272 268 0 1799
93 240 60 297 0 699
231 414 195 471 0 1999
5 5 60 39 0 99
62 33 111 75 0 599
202 228 202 322 0 1599
147 109 235 114 0 1499
115 65 154 120 0 799
13 129 85 147 0 999
93 189 74 114 0 799
168 111 78 115 0 699
228 103 173 66 0 1299
109 166 144 223 0 499
113 181 89 116 0 899
8 11 45 65 0 399
66 209 28 154 0 999
100 85 19 75 0 1599
41 67 129 62 0 1099
106 172 199 171 0 1799
254 460 286 401 0 1899
50 46 132 58 0 199
219 144 221 236 0 499
404 391 485 400 0 1699
36 149 37 242 0 899
67 167 114 214 0 1999
50 103 104 63 0 499
18 36 46 100 0 999
68 190 131 216 0 1899
182 277 94 281 0 1499
105 66 18 72 0 999
172 73 173 162 0 1699
294 301 207 294 0 1299
100 8 62 64 0 799
409 488 449 439 0 1999
211 184 274 156 0 1999
123 339 104 265 0 1499
103 275 23 286 0 1699
169 7 236 34 0 799
234 40 312 26 0 399
167 104 166 194 0 1999
189 130 248 98 0 799
84 112 11 96 0 699
221 189 255 130 0 1699
222 236 193 298 0 1299
205 265 137 289 0 999
299 414 329 355 0 1999
68 192 67 285 0 999
58 122 132 102 0 999
193 300 109 290 0 1299
2 3 57 42 0 99
100 71 106 158 0 599
48 3 127 13 0 599
285 188 298 111 0 899
75 252 79 162 0 1299
436 52 363 71 0 1999
56 119 14 169 0 1699
269 209 206 182 0 999
205 261 266 290 0 1999
267 102 281 179 0 1199
116 119 157 172 0 499
256 201 242 280 0 599
9 1 44 55 0 99
262 250 215 297 0 1599
77 23 54 92 0 199
196 17 165 79 0 399
148 21 224 5 0 499
70 76 119 31 0 599
117 38 105 116 0 699
55 142 2 179 0 299
77 27 167 29 0 399
211 99 191 27 0 1399
61 345 140 332 0 1999
135 126 119 48 0 699
78 80 146 59 0 499
143 474 77 497 0 1399
4 1 63 36 0 99
271 384 337 357 0 1999
4 2 50 49 0 99
5 4 62 37 0 99
205 243 127 227 0 1599
110 47 107 135 0 1399
64 224 155 221 0 1599
63 34 11 75 0 199
184 72 110 53 0 1499
262 182 175 177 0 1399
109 28 162 67 0 499
155 68 102 30 0 599
122 243 81 193 0 1199
56 38 56 132 0 199
121 52 42 65 0 699
186 72 107 58 0 899
2 3 20 79 0 99
174 167 163 87 0 1599
194 168 285 166 0 1299
5 1 38 61 0 99
133 119 44 122 0 799
102 134 105 43 0 599
409 120 348 151 0 699
199 121 147 158 0 1899
206 88 146 54 0 799
188 57 198 141 0 1899
85 104 17 128 0 699
231 21 152 6 0 1999
118 138 96 67 0 499
106 100 148 51 0 499
82 100 32 141 0 299
221 106 206 184 0 799
154 176 224 200 0 799
137 488 192 454 0 1999
79 114 153 134 0 299
166 306 163 215 0 999
239 199 325 202 0 1099
82 12 13 37 0 199
136 50 192 14 0 599
98 122 10 126 0 599
32 201 56 269 0 1299
179 207 137 257 0 1599
163 187 145 262 0 1699
79 287 62 362 0 599
205 78 119 86 0 1099
5 2 21 78 0 99
304 30 379 11 0 1399
99 14 128 78 0 399
35 98 77 51 0 799
62 314 7 278 0 699
182 317 116 343 0 1699
17 180 19 93 0 599
63 130 64 223 0 299
144 264 231 268 0 1699
31 337 18 256 0 1399
63 117 138 131 0 299
45 237 59 158 0 1099
127 91 141 12 0 1299
66 86 155 89 0 1399
123 200 94 137 0 1299
118 132 117 224 0 1899
82 15 124 62 0 399
185 154 124 121 0 1699
26 166 43 89 0 1599
477 95 471 9 0 1799
81 141 81 47 0 1999
81 10 70 93 0 1499
93 219 115 148 0 1099
30 59 104 42 0 599
79 134 10 111 0 499
16 87 25 167 0 1399
110 487 55 449 0 1999
269 259 316 214 0 1799
114 177 30 183 0 1099
148 66 60 70 0 599
24 17 24 109 0 699
124 205 115 290 0 1699
176 184 209 243 0 799
210 11 156 49 0 899
101 353 127 416 0 1499
129 114 205 130 0 499
83 175 155 193 0 1199
213 275 188 206 0 1999
65 26 15 68 0 699
120 345 211 348 0 1899
107 83 41 56 0 299
131 210 100 147 0 1299
102 192 71 252 0 1099
207 93 162 140 0 1199
155 105 120 164 0 1999
344 32 336 113 0 1699
327 257 256 237 0 1499
128 191 114 269 0 1299
75 115 2 136 0 799
137 80 203 54 0 499
4 2 42 57 0 99
179 109 136 157 0 1699
315 102 323 187 0 1399
92 246 15 229 0 1799
129 214 117 135 0 1999
60 76 82 147 0 1099
292 26 209 15 0 1599
424 134 445 62 0 1699
148 142 131 217 0 399
131 105 144 184 0 1399
158 185 189 248 0 899
109 285 164 251 0 699
145 169 206 136 0 999
170 21 146 91 0 299
146 84 106 136 0 399
253 207 188 236 0 1599
33 179 110 165 0 1499
73 5 162 0 0 399
76 43 76 132 0 399
71 224 159 229 0 999
3 4 27 72 0 99
90 274 40 232 0 1599
203 116 247 166 0 699
85 46 73 128 0 499
168 222 244 235 0 499
296 165 328 103 0 1699
159 31 159 121 0 799
68 107 137 130 0 1699
46 314 63 238 0 899
101 118 42 85 0 899
28 101 16 24 0 599
113 85 194 97 0 1699
46 0 118 22 0 1399
89 166 53 223 0 799
162 137 95 115 0 399
160 139 157 230 0 1899
83 49 24 84 0 599
31 76 51 145 0 199
69 36 131 67 0 799
234 202 164 179 0 1899
114 97 191 85 0 799
6 2 90 9 0 99
227 124 148 114 0 1799
24 28 88 56 0 399
33 18 32 110 0 1399
27 108 93 82 0 1499
93 88 102 4 0 1599
101 0 39 32 0 1699
61 43 14 85 0 1299
222 351 286 381 0 1899
277 135 218 169 0 899
212 294 283 271 0 1599
142 220 217 203 0 1399
33 170 100 143 0 299
106 36 93 113 0 399
144 222 160 299 0 1299
68 334 157 329 0 999
212 231 250 287 0 1499
188 245 151 298 0 1699
416 161 453 107 0 1799
288 51 274 131 0 699
241 269 328 262 0 1999
33 10 90 42 0 1199
19 119 48 56 0 799
54 52 110 16 0 199
405 130 493 135 0 1799
254 205 198 240 0 1599
104 262 167 291 0 1599
240 61 218 133 0 1299
168 274 80 279 0 1899
103 103 124 176 0 1599
167 198 174 113 0 1499
272 88 218 127 0 499
81 26 23 62 0 299
22 67 47 135 0 399
200 200 158 150 0 1199
104 105 113 20 0 699
246 70 334 65 0 1099
149 105 135 29 0 399
90 121 116 189 0 899
60 280 58 190 0 1199
39 222 76 168 0 399
126 149 156 213 0 699
154 306 183 369 0 1399
34 57 100 34 0 399
132 101 95 155 0 1399
267 231 189 215 0 1599
203 221 225 292 0 699
196 316 279 306 0 1499
248 25 318 45 0 499
271 128 284 208 0 799
0 5 69 30 0 99
1 6 76 23 0 99
79 112 132 73 0 299
361 45 301 77 0 1199
87 103 13 86 0 499
3 2 10 89 0 99
52 134 107 172 0 499
87 28 79 114 0 899
103 124 16 130 0 1199
108 109 57 149 0 799
102 144 82 75 0 1099
302 410 374 390 0 1199
154 72 128 140 0 799
296 44 362 18 0 1599
16 67 18 159 0 899
405 406 389 481 0 1599
72 167 106 107 0 499
106 82 136 19 0 1099
106 193 157 236 0 1499
299 343 311 423 0 1799
224 11 315 8 0 1299
134 15 224 18 0 1199
270 184 249 252 0 699
13 97 16 184 0 399
250 110 306 74 0 1399
171 216 179 299 0 1399
164 39 160 129 0 699
62 31 73 111 0 199
4 2 82 17 0 99
165 84 127 29 0 1199
445 225 488 274 0 1599
172 223 118 263 0 1899
161 79 76 84 0 1199
63 68 16 115 0 699
246 215 218 276 0 999
226 203 260 261 0 1099
159 122 185 59 0 599
438 42 427 123 0 1799
421 121 436 45 0 1899
107 80 153 37 0 399
127 90 75 48 0 1099
108 208 58 252 0 1599
60 33 128 55 0 299
203 154 209 242 0 1499
103 92 115 12 0 299
232 87 178 127 0 1899
59 116 105 163 0 799
107 177 18 178 0 1199
281 196 348 171 0 899
0 9 16 83 0 99
435 173 395 122 0 1099
58 116 139 129 0 399
367 205 300 180 0 1199
38 223 87 266 0 1299
109 68 65 19 0 799
84 257 89 345 0 1599
483 267 447 212 0 1699
447 217 471 287 0 1799
63 131 63 38 0 499
30 97 11 170 0 299
461 345 409 383 0 1399
190 72 201 155 0 799
175 171 214 224 0 1799
24 181 3 253 0 599
14 221 40 288 0 1399
96 119 101 206 0 499
24 180 72 136 0 999
214 219 304 215 0 1899
316 56 245 75 0 999
85 11 107 83 0 199
147 6 129 81 0 1599
230 212 216 289 0 1099
350 372 312 318 0 999
251 196 220 255 0 1099
181 243 214 303 0 1499
149 87 208 117 0 1699
43 293 113 312 0 1699
114 317 99 395 0 1799
100 389 49 348 0 1899
57 349 101 303 0 1999
210 209 284 229 0 1099
161 11 134 75 0 699
84 8 134 52 0 799
203 444 153 400 0 1899
29 92 114 85 0 699
238 182 219 257 0 1999
64 349 41 418 0 1699
129 69 172 120 0 399
232 190 183 145 0 799
204 93 175 29 0 999
262 260 248 181 0 1899
104 195 108 284 0 1199
109 231 157 187 0 1799
226 72 178 26 0 1999
349 429 338 350 0 1799
268 207 352 214 0 1799
105 106 175 129 0 1399
181 71 160 0 0 399
61 167 41 94 0 699
68 282 113 331 0 1399
99 216 144 169 0 899
194 110 197 200 0 1499
96 5 61 64 0 1299
295 243 254 294 0 1599
36 57 14 128 0 199
124 113 198 93 0 699
145 291 158 214 0 1399
1 6 85 14 0 99
193 114 141 156 0 899
95 171 82 251 0 499
39 230 121 219 0 799
152 194 159 281 0 1999
238 406 202 352 0 1799
1 4 81 18 0 99
141 149 83 183 0 399
83 74 61 146 0 1299
77 240 36 188 0 1799
301 365 371 341 0 1399
61 84 124 55 0 499
436 454 408 391 0 1699
0 10 69 30 0 99
52 141 145 142 0 299
76 51 20 88 0 599
217 107 171 152 0 699
34 164 64 228 0 1399
197 184 275 196 0 1499
297 255 384 262 0 1999
62 168 120 132 0 799
94 44 152 80 0 1599
244 362 317 341 0 1599
107 115 168 84 0 1599
88 186 57 249 0 399
284 113 327 65 0 1199
55 99 119 129 0 1399
242 218 176 246 0 1999
159 112 93 89 0 799
14 188 45 249 0 1199
285 89 258 156 0 1199
222 417 214 498 0 1599
71 39 158 46 0 399
113 161 118 76 0 399
2 100 30 164 0 199
415 141 387 205 0 1999
143 372 168 440 0 1799
34 264 58 331 0 499
141 236 142 143 0 1099
333 197 339 284 0 1099
9 88 94 97 0 299
60 135 145 127 0 1199
33 122 84 81 0 699
25 48 54 108 0 399
329 146 248 158 0 1599
228 265 256 331 0 1099
142 224 53 229 0 1399
115 256 202 261 0 899
148 298 213 270 0 1899
393 179 414 111 0 1899
6 88 20 168 0 199
294 186 217 200 0 1699
118 153 65 112 0 699
131 146 60 168 0 399
236 156 249 79 0 599
3 4 31 68 0 99
52 105 45 19 0 599
85 191 26 159 0 1099
183 254 173 335 0 1599
176 203 126 247 0 1899
198 463 138 497 0 1899
6 74 37 13 0 1999
59 86 36 157 0 699
365 299 365 392 0 1099
360 391 290 414 0 1199
135 111 148 192 0 599
203 69 189 147 0 999
51 116 20 56 0 1999
30 258 70 312 0 799
166 257 105 224 0 1099
69 33 159 29 0 199
64 230 91 163 0 399
33 447 117 457 0 1999
41 65 31 147 0 199
23 81 28 170 0 199
121 128 64 91 0 1299
6 116 37 178 0 1499
118 232 46 210 0 1799
312 368 316 453 0 1099
189 116 245 80 0 699
152 171 62 172 0 599
25 64 83 95 0 199
165 394 209 441 0 999
139 41 208 61 0 1099
82 221 143 193 0 1199
99 102 44 137 0 299
108 67 96 147 0 299
230 264 205 332 0 1499
202 87 178 19 0 1699
47 130 21 62 0 299
115 91 189 76 0 899
66 177 153 174 0 1899
23 160 108 168 0 799
6 1 39 60 0 99
218 134 187 72 0 1099
70 335 140 357 0 1899
5 4 66 33 0 99
159 126 83 113 0 999
268 192 325 228 0 1699
2 3 6 93 0 99
7 99 32 166 0 199
17 77 30 154 0 199
348 65 295 29 0 999
108 90 78 153 0 1299
86 129 178 131 0 1099
149 93 194 142 0 1799
182 26 120 58 0 599
34 7 28 95 0 299
400 181 382 252 0 1599
213 260 128 268 0 1799
138 100 48 104 0 1399
126 81 104 153 0 1699
109 173 68 221 0 899
83 11 31 51 0 1399
153 7 85 31 0 1999
118 77 123 166 0 299
73 26 21 65 0 199
480 402 489 319 0 1799
247 331 315 356 0 1299
61 274 80 348 0 1599
118 220 135 147 0 799
98 77 81 154 0 299
134 181 155 112 0 1499
302 194 237 168 0 1899
95 119 116 188 0 599
165 264 77 269 0 1799
77 106 55 178 0 699
32 211 105 194 0 1699
115 163 56 196 0 1599
94 67 139 113 0 799
338 116 281 79 0 1799
364 212 365 305 0 999
228 159 164 129 0 1499
86 139 170 129 0 1099
28 67 45 143 0 199
66 131 102 73 0 299
149 10 218 34 0 399
72 113 3 91 0 399
362 41 312 85 0 1499
197 69 200 155 0 899
138 117 64 98 0 799
91 11 32 46 0 399
140 126 199 158 0 899
222 99 281 64 0 499
162 7 208 53 0 499
10 79 42 136 0 199
255 127 286 66 0 1799
58 40 82 110 0 199
43 109 6 53 0 499
126 290 127 197 0 1199
133 101 140 186 0 399
383 141 397 62 0 1699
31 364 60 299 0 1499
266 232 283 156 0 1299
64 41 13 83 0 199
328 216 277 173 0 1999
178 413 140 358 0 1399
65 130 154 132 0 599
342 281 400 316 0 1199
308 316 302 403 0 1099
106 132 170 162 0 1999
4 4 66 33 0 99
218 381 301 370 0 1299
186 296 143 346 0 1099
134 63 155 135 0 1199
20 134 45 202 0 699
110 52 138 117 0 299
3 2 52 47 0 99
127 331 203 315 0 1599
64 114 31 173 0 1799
0 5 35 64 0 99
3 7 44 55 0 99
74 188 107 247 0 1799
100 80 136 23 0 299
85 131 19 157 0 399
101 51 117 125 0 1599
125 68 182 32 0 399
16 76 48 136 0 199
149 135 167 211 0 1399
104 85 171 58 0 699
62 101 2 130 0 1399
192 95 259 120 0 1899
106 86 111 175 0 999
128 157 180 197 0 1499
147 136 166 65 0 1699
143 361 191 407 0 799
234 167 309 185 0 1799
228 147 157 168 0 1499
148 167 168 236 0 1599
195 155 258 128 0 1999
206 294 156 334 0 1799
87 217 35 257 0 599
311 74 307 160 0 1499
106 165 143 221 0 599
147 419 161 498 0 1499
30 27 32 117 0 299
74 229 22 188 0 999
109 162 149 110 0 899
235 52 198 108 0 1399
21 42 55 102 0 699
78 107 34 154 0 799
182 111 249 86 0 899
120 277 95 210 0 1699
337 81 336 173 0 1099
332 172 312 98 0 1199
77 165 118 112 0 1399
102 191 122 117 0 899
86 23 157 41 0 199
284 169 373 167 0 1599
373 172 370 81 0 1699
24 170 83 202 0 899
33 62 105 42 0 1899
278 135 218 168 0 1999
383 24 424 76 0 999
22 72 57 13 0 199
192 8 130 39 0 699
284 98 358 78 0 999
0 5 54 45 0 99
67 130 154 127 0 299
31 10 94 41 0 499
81 23 76 110 0 199
154 138 133 65 0 1599
182 94 268 86 0 399
34 218 49 295 0 999
6 1 23 76 0 99
196 410 189 496 0 1499
40 54 119 39 0 199
103 438 127 370 0 1499
213 283 166 236 0 1199
325 184 345 112 0 1899
268 160 210 194 0 999
95 233 157 202 0 1899
77 38 55 105 0 599
1 6 31 68 0 99
0 7 2 97 0 99
5 1 49 50 0 99
246 121 307 154 0 1699
92 13 95 101 0 199
136 274 149 194 0 699
42 158 124 166 0 1799
34 60 119 53 0 599
108 255 186 271 0 699
223 169 137 177 0 1199
72 42 46 109 0 1499
193 88 126 115 0 899
52 225 129 208 0 1499
132 84 134 173 0 699
312 115 342 179 0 899
137 374 194 339 0 1899
19 399 58 346 0 999
133 67 59 50 0 699
261 99 240 27 0 1899
113 175 131 250 0 499
0 6 14 85 0 99
294 409 269 474 0 1299
95 134 48 179 0 699
178 189 150 255 0 1699
463 138 447 214 0 1499
168 143 218 102 0 999
119 78 28 77 0 499
102 52 84 128 0 599
196 107 236 54 0 1599
62 130 120 95 0 299
26 112 111 121 0 999
72 305 24 346 0 1199
161 109 253 108 0 499
181 83 217 137 0 999
397 87 401 173 0 1399
27 78 89 109 0 199
249 81 337 87 0 999
268 140 195 119 0 1399
198 156 167 98 0 1699
107 178 161 139 0 1399
0 5 58 41 0 99
6 216 65 248 0 1899
81 429 161 418 0 1899
17 40 67 83 0 399
132 303 106 236 0 799
289 398 245 349 0 1999
142 22 181 77 0 1799
59 290 144 299 0 1099
13 93 43 33 0 199
219 288 208 205 0 899
84 265 64 336 0 1799
371 226 462 225 0 1099
53 40 112 75 0 1499
5 2 11 88 0 99
61 110 50 28 0 1399
245 156 286 209 0 1699
334 100 346 22 0 1399
152 161 80 181 0 1899
113 208 40 229 0 1899
18 236 80 204 0 999
252 263 180 241 0 699
160 285 239 298 0 699
93 137 171 123 0 1399
377 272 323 308 0 1299
385 236 318 261 0 1499
305 178 350 129 0 1699
101 236 119 312 0 699
44 164 10 109 0 899
105 297 30 280 0 1599
66 176 110 224 0 999
110 109 101 192 0 499
80 98 5 80 0 1899
366 154 450 159 0 899
61 126 93 64 0 499
1 7 12 87 0 99
14 96 101 101 0 1399
86 157 139 193 0 599
102 309 126 378 0 999
109 332 151 280 0 1899
5 2 57 42 0 99
304 133 360 171 0 1899
160 64 128 4 0 1799
149 47 113 104 0 299
6 188 57 230 0 1499
94 86 12 78 0 599
103 41 179 24 0 499
114 280 144 221 0 1699
32 93 28 183 0 499
128 120 87 172 0 1699
227 108 198 44 0 1199
76 302 114 356 0 1799
235 288 174 320 0 1799
6 143 35 205 0 1599
137 162 224 155 0 1899
54 158 62 72 0 999
458 123 388 142 0 1599
390 138 429 192 0 1699
424 188 424 278 0 1799
149 61 90 96 0 599
45 51 130 58 0 199
86 280 63 210 0 499
15 93 91 79 0 199
111 64 195 70 0 499
99 195 31 169 0 599
57 336 150 337 0 1899
49 272 81 214 0 1299
186 87 142 135 0 1899
211 199 168 149 0 1099
227 294 217 377 0 1199
305 104 385 116 0 699
129 178 123 264 0 1099
19 260 97 275 0 1999
104 81 42 108 0 399
376 186 306 208 0 1399
307 132 362 95 0 1099
220 218 246 155 0 1299
164 190 83 200 0 699
161 396 148 477 0 1899
54 236 13 288 0 899
82 108 120 53 0 1099
129 96 75 131 0 399
106 437 140 378 0 1799
183 153 221 100 0 699
110 197 86 265 0 1699
316 27 390 47 0 499
115 82 94 13 0 299
6 4 41 58 0 99
346 155 355 71 0 799
256 448 169 454 0 899
184 67 104 77 0 699
416 392 421 303 0 1599
1 4 33 66 0 99
169 122 136 183 0 499
424 270 448 338 0 1399
40 218 115 200 0 899
95 155 24 176 0 1999
66 70 66 163 0 1899
320 48 300 118 0 1399
254 188 266 110 0 1199
65 129 136 110 0 599
212 116 122 119 0 899
257 327 300 276 0 1199
13 33 96 23 0 299
158 450 217 415 0 1199
294 168 330 226 0 1799
217 36 283 9 0 799
92 178 25 152 0 1099
264 90 209 52 0 1299
152 129 102 87 0 899
91 319 127 263 0 999
397 12 328 36 0 1599
84 159 150 131 0 899
3 3 88 11 0 99
176 120 249 102 0 899
19 74 21 165 0 199
191 83 119 62 0 899
221 95 264 44 0 1199
76 39 24 81 0 499
332 323 359 257 0 1199
411 167 379 224 0 1099
128 35 97 97 0 599
134 55 48 62 0 599
126 144 180 183 0 899
175 15 99 33 0 1199
64 78 139 64 0 499
56 144 4 107 0 299
73 355 54 281 0 1299
161 135 160 42 0 1599
271 482 186 478 0 1399
392 327 312 341 0 1699
127 294 89 350 0 1099
5 1 43 56 0 99
239 284 190 327 0 1299
55 87 119 117 0 399
105 316 174 291 0 1499
234 104 194 52 0 599
22 170 82 203 0 299
90 234 89 325 0 799
104 110 11 109 0 399
109 231 146 288 0 1199
97 162 61 220 0 699
163 96 237 114 0 1499
72 24 4 50 0 199
8 131 47 80 0 299
105 84 70 27 0 699
191 195 280 194 0 999
174 103 156 178 0 399
491 234 432 269 0 1499
47 206 120 227 0 699
250 207 314 235 0 1899
245 151 199 104 0 1299
169 120 93 134 0 699
99 7 120 79 0 299
1 4 84 15 0 99
151 293 221 317 0 1399
52 153 25 220 0 1099
196 81 276 68 0 799
4 108 73 85 0 399
32 76 45 153 0 199
115 105 88 39 0 499
168 202 91 214 0 499
113 148 128 224 0 599
61 133 132 111 0 699
42 242 50 156 0 599
313 184 383 162 0 899
294 24 309 102 0 1099
26 142 101 156 0 1899
70 121 2 100 0 799
151 292 156 376 0 1199
156 111 169 190 0 1899
351 233 304 188 0 1799
268 178 338 158 0 1199
164 114 150 192 0 399
9 192 49 143 0 1399
101 95 19 106 0 1099
74 27 162 32 0 199
100 205 88 285 0 699
28 18 13 97 0 399
79 178 58 106 0 1199
264 172 252 252 0 1999
187 326 101 319 0 1999
63 43 25 97 0 199
240 29 217 96 0 1099
21 13 98 30 0 399
123 8 189 36 0 499
62 31 17 79 0 199
293 134 210 145 0 1299
273 209 220 248 0 1599
259 81 178 73 0 899
181 75 138 24 0 999
159 374 97 342 0 1299
11 168 84 148 0 399
264 74 251 150 0 1299
134 9 78 47 0 499
35 153 109 134 0 299
366 89 452 96 0 1599
279 130 202 147 0 1299
137 91 214 77 0 1899
383 207 415 148 0 1899
3 5 86 13 0 99
